season,season_type,player_id,player_name,team,position,games,dropbacks,attempts,completions,passing_yards,passing_tds,interceptions,epa_per_play,success_rate,epa_total,success_plays,total_air_yards,total_yac_yards,avg_air_yards,avg_yac_per_completion,air_epa_total,yac_epa_total,air_epa_per_play,yac_epa_per_play,first_down_passes,explosive_passes,third_down_attempts,third_down_conversions,third_down_conversion_rate,red_zone_targets,red_zone_pass_tds
2020,POST,00-0019596,T.Brady,TB,QB,,144,144,81,1024.0,10,3,0.2864219323405622,0.5069444444444444,41.24475825704096,73,1371.0,446.0,9.520833333333334,5.506172839506172,97.60951871148433,-45.978429341970035,0.6778438799408634,-0.31929464820812525,55.0,14,45,21,0.4666666666666667,24,7
2020,POST,00-0020531,D.Brees,NO,QB,,73,73,47,399.0,3,3,-0.15941425919680452,0.4383561643835616,-11.63724092136673,32,362.0,222.0,4.958904109589041,4.723404255319149,3.1655634064809695,-14.802804327847657,0.043363882280561226,-0.20277814147736517,20.0,2,20,11,0.55,8,3
2020,POST,00-0022924,B.Roethlisberger,PIT,QB,,71,71,47,503.0,4,4,0.09981933914134765,0.5352112676056338,7.087173079035683,38,565.0,183.0,7.957746478873239,3.893617021276596,35.44985190208534,-27.521678823049662,0.4992936887617654,-0.38762927919788254,29.0,5,12,6,0.5,16,3
2020,POST,00-0022942,P.Rivers,IND,QB,,47,47,27,311.0,2,0,0.3150283038694354,0.44680851063829785,14.806330281863465,21,352.0,115.0,7.48936170212766,4.2592592592592595,17.695902989886225,-3.942572708022759,0.3765085742528984,-0.08388452570261189,17.0,5,15,8,0.5333333333333333,12,1
2020,POST,00-0023459,A.Rodgers,GB,QB,,91,91,56,610.0,5,1,0.2070388128833946,0.5384615384615384,18.84053197238891,49,665.0,327.0,7.3076923076923075,5.839285714285714,49.82516666554153,-22.19875052483366,0.5475293040169399,-0.24394231345971054,34.0,10,20,11,0.55,18,3
2020,POST,00-0026197,C.Henne,KC,QB,,9,9,6,60.0,0,1,0.0004934436517510182,0.4444444444444444,0.0044409928657591635,4,79.0,30.0,8.777777777777779,5.0,6.211047104413211,-5.747434491349841,0.6901163449348012,-0.6386038323722045,4.0,2,3,2,0.6666666666666666,2,0
2020,POST,00-0029263,R.Wilson,SEA,QB,,32,32,11,142.0,2,1,-0.4852460851039095,0.25,-15.527874723325104,8,392.0,40.0,12.25,3.6363636363636362,18.93007473589388,-27.991708498812837,0.5915648354966837,-0.8747408905879012,5.0,3,9,1,0.1111111111111111,1,1
2020,POST,00-0029701,R.Tannehill,TEN,QB,,27,27,18,158.0,1,1,-0.016705005096312082,0.4444444444444444,-0.45103513760042624,12,188.0,70.0,6.962962962962963,3.888888888888889,11.085422403353746,-9.413942167090898,0.41057120012421283,-0.3486645247070703,9.0,2,10,4,0.4,4,1
2020,POST,00-0031503,J.Winston,NO,QB,,1,1,1,56.0,1,0,4.64410018059425,1.0,4.64410018059425,1,28.0,28.0,28.0,28.0,1.74332212086301,2.90077805973124,1.74332212086301,2.90077805973124,1.0,1,0,0,0.0,0,0
2020,POST,00-0031800,T.Heinicke,WAS,QB,,47,47,26,289.0,1,1,-0.013773388287440019,0.3829787234042553,-0.6473492495096809,18,385.0,91.0,8.191489361702128,3.5,22.654998898739013,-20.141798157750713,0.4820212531646598,-0.4285488969734194,15.0,4,12,5,0.4166666666666667,8,1
2020,POST,00-0033106,J.Goff,LA,QB,,53,53,30,290.0,2,0,0.017464633077419193,0.5094339622641509,0.9256255531032171,27,350.0,109.0,6.60377358490566,3.6333333333333333,14.428774798492647,-2.6705259481968917,0.27224103393382354,-0.050387282041450786,16.0,5,12,2,0.16666666666666666,6,2
2020,POST,00-0033357,T.Hill,NO,QB,,1,1,0,-3.0,0,0,-6.10818244109396,0.0,-6.10818244109396,0,0.0,0.0,0.0,0.0,0.0,0.0,0.0,0.0,0.0,0,0,0,0.0,0,0
2020,POST,00-0033869,M.Trubisky,CHI,QB,,30,30,19,191.0,1,0,-0.08299952849435345,0.4,-2.4899858548306035,12,278.0,58.0,9.266666666666667,3.0526315789473686,11.569629348348816,-11.794540841830901,0.38565431161162717,-0.3931513613943634,8.0,2,9,1,0.1111111111111111,2,1
2020,POST,00-0033873,P.Mahomes,KC,QB,,121,121,76,823.0,4,2,0.15163141160963542,0.5206611570247934,18.347400804765886,63,772.0,464.0,6.380165289256198,6.105263157894737,39.52857016989876,-15.887756499876925,0.3266823980983368,-0.13130377272625557,43.0,9,21,6,0.2857142857142857,21,4
2020,POST,00-0034162,J.Scott,GB,QB,,1,1,0,0.0,0,0,-0.947,0.0,-0.947,0,0.0,0.0,0.0,0.0,0.0,0.0,0.0,0.0,0.0,0,0,0,0.0,1,0
2020,POST,00-0034796,L.Jackson,BAL,QB,,56,56,31,303.0,0,2,-0.19237086379734344,0.42857142857142855,-10.772768372651234,24,386.0,130.0,6.892857142857143,4.193548387096774,28.438325861705202,-30.516349230530437,0.50782724753045,-0.5449348076880435,12.0,5,13,4,0.3076923076923077,5,0
2020,POST,00-0034855,B.Mayfield,CLE,QB,,72,72,44,459.0,4,1,0.12355132472709124,0.4027777777777778,8.895695380350569,29,419.0,261.0,5.819444444444445,5.931818181818182,25.203595267976045,-14.845686954980147,0.3500499342774451,-0.20619009659694648,23.0,8,19,7,0.3684210526315789,12,2
2020,POST,00-0034857,J.Allen,BUF,QB,,129,129,77,723.0,5,1,0.001715378686680732,0.4496124031007752,0.22128385058181443,58,1082.0,295.0,8.387596899224807,3.831168831168831,53.207356515234956,-36.657998772607414,0.4124601280250772,-0.2841705331209877,44.0,9,26,8,0.3076923076923077,24,4
2020,POST,00-0034899,J.Wolford,LA,QB,,7,7,3,29.0,0,0,-0.2071874642445313,0.2857142857142857,-1.4503122497117191,2,60.0,5.0,8.571428571428571,1.6666666666666667,5.016984578804109,-5.890225277282299,0.7167120826863014,-0.8414607538974713,2.0,0,1,0,0.0,0,0
2020,POST,00-0035993,T.Huntley,BAL,QB,,14,14,6,52.0,0,0,-0.46630888655948094,0.2857142857142857,-6.528324411832733,4,116.0,21.0,8.285714285714286,3.5,14.7992453397019,-19.837625855638187,1.05708895283585,-1.4169732754027276,3.0,1,3,1,0.3333333333333333,4,0
2020,REG,00-0019596,T.Brady,TB,QB,,633,633,401,4490.0,40,12,0.1890294040090637,0.4881516587677725,119.65561273773733,309,5532.0,1810.0,8.739336492890995,4.513715710723192,358.29090783122484,-203.55034024729792,0.5660203915185227,-0.32156451855813256,233.0,63,159,64,0.4025157232704403,101,28
2020,REG,00-0020531,D.Brees,NO,QB,,404,404,275,2853.0,24,6,0.1545432783944968,0.4975247524752475,62.43548447137671,201,2361.0,1478.0,5.844059405940594,5.374545454545455,103.26582914508344,-7.008993699952562,0.25560848798287983,-0.017348994306813272,149.0,31,104,37,0.3557692307692308,71,21
2020,REG,00-0022824,A.Lee,ARI,QB,,1,1,1,26.0,0,0,4.01401143427938,1.0,4.01401143427938,1,14.0,12.0,14.0,12.0,3.29460792941973,0.719403504859656,3.29460792941973,0.719403504859656,1.0,1,0,0,0.0,0,0
2020,REG,00-0022924,B.Roethlisberger,PIT,QB,,625,625,399,3689.0,33,10,0.07231567272990942,0.4656,45.19729545619339,291,4225.0,1942.0,6.76,4.867167919799499,175.7110552441933,-109.3250751495854,0.28113768839070924,-0.17492012023933665,193.0,43,170,71,0.4176470588235294,85,21
2020,REG,00-0022942,P.Rivers,IND,QB,,564,564,369,4053.0,24,11,0.16635644752208495,0.4946808510638298,93.82503640245591,279,3888.0,2226.0,6.8936170212765955,6.032520325203252,177.28744486926007,-51.69722892156612,0.3143394412575533,-0.09166175340703213,200.0,56,143,54,0.3776223776223776,87,17
2020,REG,00-0023436,A.Smith,WAS,QB,,274,274,168,1443.0,6,8,-0.13522201473040285,0.41605839416058393,-37.05083203613038,114,1286.0,949.0,4.693430656934306,5.648809523809524,-4.107621436237737,2.3882958280841233,-0.014991319110356702,0.00871640813169388,74.0,16,70,15,0.21428571428571427,36,5
2020,REG,00-0023459,A.Rodgers,GB,QB,,546,546,372,4117.0,48,5,0.3218827682600298,0.5366300366300366,175.74799146997628,293,4135.0,2248.0,7.573260073260073,6.043010752688172,240.64787939298546,-32.794029882468045,0.44074703185528474,-0.06006232579206602,216.0,57,142,66,0.4647887323943662,86,35
2020,REG,00-0023682,R.Fitzpatrick,MIA,QB,,283,283,183,2030.0,13,8,0.17206084175217348,0.5335689045936396,48.693218215865095,151,2080.0,854.0,7.34982332155477,4.666666666666667,137.98922957733157,-73.11517022539358,0.4875944508032918,-0.2583574919625215,106.0,24,65,25,0.38461538461538464,38,10
2020,REG,00-0024417,S.Koch,BAL,QB,,1,1,1,15.0,0,0,3.39332748652669,1.0,3.39332748652669,1,9.0,6.0,9.0,6.0,3.26854544231901,0.124782044207677,3.26854544231901,0.124782044207677,1.0,0,0,0,0.0,0,0
2020,REG,00-0025825,B.Kern,TEN,QB,,2,2,0,0.0,0,0,-1.411664357532515,0.0,-2.82332871506503,0,18.0,0.0,9.0,0.0,0.640208957920549,-2.51653767298558,0.3201044789602745,-1.25826883649279,0.0,0,0,0,0.0,1,0
2020,REG,00-0026143,M.Ryan,ATL,QB,,670,670,407,4326.0,26,11,0.08620576392958489,0.46567164179104475,57.757861832821874,312,5342.0,1642.0,7.973134328358209,4.034398034398034,345.7037888855275,-218.01086334182457,0.5159758043067575,-0.32538934827137994,242.0,58,170,69,0.40588235294117647,101,20
2020,REG,00-0026158,J.Flacco,NYJ,QB,,141,141,74,795.0,6,3,-0.06500065386020397,0.375886524822695,-9.165092194288759,53,1425.0,342.0,10.106382978723405,4.621621621621622,105.78926173664512,-102.84422717602457,0.7502784520329441,-0.729391682099465,36.0,11,43,12,0.27906976744186046,12,4
2020,REG,00-0026197,C.Henne,KC,QB,,40,40,28,244.0,2,0,0.3489071024385337,0.55,13.956284097541348,22,158.0,200.0,3.95,7.142857142857143,-0.2953146498184771,16.83297157255583,-0.007382866245461928,0.42082428931389576,15.0,2,9,5,0.5555555555555556,10,2
2020,REG,00-0026498,M.Stafford,DET,QB,,570,570,339,3834.0,26,10,0.09834894437513103,0.47543859649122805,56.05889829382469,271,4609.0,1738.0,8.085964912280701,5.126843657817109,278.38001126463865,-162.99374883079133,0.48838598467480465,-0.28595394531717777,205.0,54,150,59,0.3933333333333333,78,18
2020,REG,00-0026516,B.Colquitt,MIN,QB,,1,1,0,0.0,0,0,-0.947,0.0,-0.947,0,0.0,0.0,0.0,0.0,0.0,0.0,0.0,0.0,0.0,0,0,0,0.0,1,0
2020,REG,00-0026544,C.Daniel,DET,QB,,46,46,29,235.0,1,2,-0.3251513372080135,0.3695652173913043,-14.95696151156862,17,275.0,119.0,5.978260869565218,4.103448275862069,3.5291655378532605,-12.913611325311475,0.07672098995333175,-0.28073068098503207,14.0,3,11,3,0.2727272727272727,5,1
2020,REG,00-0026625,B.Hoyer,NE,QB,,26,26,15,112.0,0,1,-0.35567868272848546,0.38461538461538464,-9.247645750940622,10,196.0,56.0,7.538461538461538,3.7333333333333334,13.699739767267594,-15.62199416795238,0.5269130679718306,-0.60084592953663,8.0,1,9,3,0.3333333333333333,3,0
2020,REG,00-0027150,J.Edelman,NE,QB,,2,2,2,38.0,0,0,1.7221524011693,1.0,3.4443048023386,2,-2.0,40.0,-1.0,20.0,-1.153367715422069,4.59767251776066,-0.5766838577110345,2.29883625888033,2.0,1,0,0,0.0,0,0
2020,REG,00-0027688,C.McCoy,NYG,QB,,72,72,40,353.0,1,1,-0.1195979547406649,0.375,-8.611052741327873,27,590.0,127.0,8.194444444444445,3.175,45.29051560419613,-47.82084326075209,0.6290349389471684,-0.6641783786215568,19.0,5,26,8,0.3076923076923077,11,1
2020,REG,00-0027891,G.Tate,NYG,QB,,1,1,1,18.0,0,0,2.64876522775739,1.0,2.64876522775739,1,-5.0,23.0,-5.0,23.0,-1.53864581510425,4.18741104286164,-1.53864581510425,4.18741104286164,1.0,0,1,1,1.0,0,0
2020,REG,00-0027891,G.Tate III,NYG,QB,,1,1,0,0.0,0,0,-0.7833670116961,0.0,-0.7833670116961,0,-4.0,0.0,-4.0,0.0,-1.29291287343949,0.509545861743391,-1.29291287343949,0.509545861743391,0.0,0,0,0,0.0,0,0
2020,REG,00-0027939,C.Newton,NE,QB,,400,400,242,2464.0,8,10,-0.05527090376401086,0.46,-22.108361505604343,184,2496.0,1258.0,6.24,5.198347107438017,91.0922008926419,-65.21114270613474,0.22773050223160474,-0.16302785676533685,133.0,31,95,29,0.30526315789473685,39,5
2020,REG,00-0027948,B.Gabbert,TB,QB,,17,17,9,136.0,2,0,-0.034736798383619864,0.29411764705882354,-0.5905255725215377,5,108.0,80.0,6.352941176470588,8.88888888888889,3.41989382356405,-2.345305245819444,0.20117022491553235,-0.13795913210702612,5.0,4,6,2,0.3333333333333333,0,0
2020,REG,00-0027973,A.Dalton,DAL,QB,,357,357,216,1986.0,14,8,-0.04259713221427847,0.46218487394957986,-15.207176200497415,165,2289.0,1043.0,6.411764705882353,4.828703703703703,139.0809510242834,-115.63428221027094,0.38958249586634003,-0.3239055524097225,116.0,20,87,30,0.3448275862068966,59,11
2020,REG,00-0028002,R.Cobb,HOU,QB,,1,1,0,0.0,0,0,-0.517371096415445,0.0,-0.517371096415445,0,7.0,0.0,7.0,0.0,1.63745326583739,-2.15482436225284,1.63745326583739,-2.15482436225284,0.0,0,0,0,0.0,1,0
2020,REG,00-0028118,T.Taylor,LAC,QB,,32,32,16,207.0,0,0,-0.005976033087426794,0.40625,-0.1912330587976574,13,335.0,80.0,10.46875,5.0,33.07408340013354,-31.761926423804834,1.033565106254173,-0.992560200743901,10.0,3,12,4,0.3333333333333333,4,0
2020,REG,00-0028664,C.Jones,DAL,QB,,1,1,0,0.0,0,0,-3.32160479493905,0.0,-3.32160479493905,0,9.0,0.0,9.0,0.0,3.11555693019182,-6.43716172513086,3.11555693019182,-6.43716172513086,0.0,0,0,0,0.0,0,0
2020,REG,00-0028986,C.Keenum,CLE,QB,,10,10,5,46.0,0,0,-0.4156520829652447,0.4,-4.156520829652447,4,27.0,28.0,2.7,5.6,-0.2543254187330558,-3.9021954109193793,-0.02543254187330558,-0.3902195410919379,2.0,1,2,0,0.0,0,0
2020,REG,00-0029000,C.Beasley,BUF,QB,,1,1,1,20.0,1,0,2.91377102164552,1.0,2.91377102164552,1,20.0,0.0,20.0,0.0,2.91377102164552,0.0,2.91377102164552,0.0,1.0,1,0,0,0.0,1,1
2020,REG,00-0029263,R.Wilson,SEA,QB,,607,607,384,3913.0,40,13,0.1169011544373997,0.4942339373970346,70.95900074350162,300,4809.0,1827.0,7.922570016474465,4.7578125,329.4992297754886,-179.8571153851083,0.5428323390040998,-0.2963049676855162,213.0,45,139,55,0.39568345323741005,89,29
2020,REG,00-0029567,N.Foles,CHI,QB,,331,331,202,1707.0,10,8,-0.13732334427402115,0.3987915407854985,-45.454026954701,132,2502.0,704.0,7.5589123867069485,3.485148514851485,150.21541309031096,-161.69109988958164,0.4538230002728428,-0.48849274891112276,93.0,24,88,22,0.25,43,7
2020,REG,00-0029604,K.Cousins,MIN,QB,,562,562,349,4019.0,35,13,0.15031251874429816,0.5124555160142349,84.47563553429556,288,4103.0,1936.0,7.300711743772242,5.54727793696275,237.7365220727102,-81.86051845513947,0.4230187225493064,-0.1456592855073656,212.0,58,133,48,0.3609022556390977,80,27
2020,REG,00-0029665,R.Griffin,BAL,QB,,17,17,8,22.0,0,2,-1.1958596349098065,0.17647058823529413,-20.32961379346671,3,123.0,34.0,7.235294117647059,4.25,3.917479240393738,-20.04081843013411,0.2304399553172787,-1.17887167236083,1.0,0,6,1,0.16666666666666666,1,0
2020,REG,00-0029701,R.Tannehill,TEN,QB,,507,507,315,3648.0,33,7,0.23623041969594585,0.5187376725838264,119.76882278584455,263,4024.0,1529.0,7.936883629191321,4.853968253968254,297.76436451722924,-132.93887962141352,0.5873064388899985,-0.26220686315860653,202.0,44,138,58,0.42028985507246375,77,26
2020,REG,00-0030151,T.Bray,CHI,QB,,5,5,1,18.0,0,0,-0.22512221068609511,0.2,-1.1256110534304755,1,43.0,13.0,8.6,13.0,1.04072741192067,-2.101820098061582,0.208145482384134,-0.4203640196123164,1.0,0,1,0,0.0,0,0
2020,REG,00-0030279,K.Allen,LAC,QB,,1,1,0,0.0,0,0,-0.517419007606804,0.0,-0.517419007606804,0,15.0,0.0,15.0,0.0,0.982720227446407,-1.50013923505321,0.982720227446407,-1.50013923505321,0.0,0,0,0,0.0,0,0
2020,REG,00-0030506,T.Kelce,KC,QB,,2,2,1,4.0,0,0,0.226546565914759,0.5,0.453093131829518,1,-2.0,7.0,-1.0,7.0,-0.39727778651286094,0.8503709183423798,-0.19863889325643047,0.4251854591711899,1.0,0,0,0,0.0,2,0
2020,REG,00-0030520,M.Glennon,JAX,QB,,191,191,111,1021.0,7,5,-0.12130840178880413,0.44502617801047123,-23.16990474166159,85,1424.0,405.0,7.455497382198953,3.6486486486486487,72.81156283983724,-77.4838866043103,0.3812123708892002,-0.4056747989754466,57.0,13,55,18,0.32727272727272727,16,4
2020,REG,00-0030533,M.Barkley,BUF,QB,,22,22,11,190.0,1,1,0.006495473512172763,0.36363636363636365,0.14290041726780078,8,251.0,55.0,11.409090909090908,5.0,11.392139759555,-9.633254058018787,0.5178245345252273,-0.4378751844553994,9.0,3,6,3,0.5,2,0
2020,REG,00-0030565,G.Smith,SEA,QB,,6,6,4,30.0,0,0,0.10646564349493286,0.5,0.6387938609695971,3,25.0,14.0,4.166666666666667,3.5,-1.3031281887670059,2.92614242387936,-0.21718803146116764,0.4876904039798933,3.0,0,2,1,0.5,1,0
2020,REG,00-0031235,O.Beckham,CLE,QB,,1,1,1,18.0,0,0,0.58917069848394,1.0,0.58917069848394,1,17.0,1.0,17.0,1.0,0.499824577942491,0.0893461205414496,0.499824577942491,0.0893461205414496,1.0,0,0,0,0.0,0,0
2020,REG,00-0031237,T.Bridgewater,CAR,QB,,525,525,340,3530.0,15,11,0.056357975756452995,0.4723809523809524,29.58793727213782,248,3507.0,1881.0,6.68,5.5323529411764705,115.72434827092025,-35.31290704225094,0.22042733003984807,-0.06726268008047799,174.0,49,130,49,0.3769230769230769,59,9
2020,REG,00-0031260,L.Thomas,WAS,QB,,1,1,1,28.0,0,0,1.86337337992154,1.0,1.86337337992154,1,28.0,0.0,28.0,0.0,1.86337337992154,0.0,1.86337337992154,0.0,1.0,1,0,0,0.0,0,0
2020,REG,00-0031280,D.Carr,LV,QB,,544,544,348,3955.0,27,9,0.0768443896190846,0.48713235294117646,41.803347952782026,265,4184.0,1956.0,7.6911764705882355,5.620689655172414,242.66461053761643,-131.99959678717514,0.4460746517235596,-0.2426463176234837,193.0,54,145,62,0.42758620689655175,89,16
2020,REG,00-0031288,A.McCarron,HOU,QB,,2,2,1,8.0,0,0,-0.6245204780716451,0.5,-1.2490409561432902,1,18.0,2.0,9.0,2.0,3.65312399412505,0.0238463570130989,1.826561997062525,0.01192317850654945,1.0,1,0,0,0.0,1,0
2020,REG,00-0031325,S.Watkins,KC,QB,,1,1,0,0.0,0,1,-1.95865104382392,0.0,-1.95865104382392,0,24.0,0.0,24.0,0.0,3.1900701901759,-5.14872123399982,3.1900701901759,-5.14872123399982,0.0,0,0,0,0.0,0,0
2020,REG,00-0031345,J.Garoppolo,SF,QB,,151,151,94,1019.0,7,5,0.16473890066621927,0.48344370860927155,24.87557400059911,73,879.0,714.0,5.821192052980132,7.595744680851064,31.633561442338806,10.788971032586335,0.20949378438634972,0.07145013928865122,55.0,10,44,17,0.38636363636363635,22,5
2020,REG,00-0031382,J.Landry,CLE,QB,,4,4,4,74.0,1,0,1.7901059204596115,1.0,7.160423681838446,4,58.0,16.0,14.5,4.0,4.56865414313507,2.5917695387033737,1.1421635357837674,0.6479423846758434,4.0,1,1,1,1.0,0,0
2020,REG,00-0031395,G.Gilbert,DAL,QB,,40,40,21,220.0,1,1,-0.22540827573750083,0.425,-9.016331029500034,17,348.0,52.0,8.7,2.4761904761904763,26.052460789738692,-29.69295072367861,0.6513115197434673,-0.7423237680919652,10.0,4,11,4,0.36363636363636365,6,1
2020,REG,00-0031503,J.Winston,NO,QB,,13,13,7,64.0,0,0,0.06154316262029795,0.46153846153846156,0.8000611140638734,6,51.0,61.0,3.923076923076923,8.714285714285714,3.0887935591163007,0.45149097421801443,0.23759950454740775,0.03473007493984726,5.0,0,4,1,0.25,6,0
2020,REG,00-0031800,T.Heinicke,WAS,QB,,20,20,12,130.0,1,0,0.11873902986262685,0.45,2.374780597252537,9,255.0,49.0,12.75,4.083333333333333,21.872925447794838,-17.42731849622216,1.093646272389742,-0.871365924811108,6.0,2,2,0,0.0,3,0
2020,REG,00-0031941,J.Crowder,NYJ,QB,,1,1,1,43.0,1,0,3.84616744448431,1.0,3.84616744448431,1,27.0,16.0,27.0,16.0,1.82759635493858,2.01857108954573,1.82759635493858,2.01857108954573,1.0,1,0,0,0.0,0,0
2020,REG,00-0032009,A.Humphries,TEN,QB,,1,1,0,0.0,0,0,-0.474773292895407,0.0,-0.474773292895407,0,0.0,0.0,0.0,0.0,0.0,0.0,0.0,0.0,0.0,0,0,0,0.0,0,0
2020,REG,00-0032268,M.Mariota,LV,QB,,28,28,17,226.0,1,1,0.30094264680947985,0.5357142857142857,8.426394110665436,15,273.0,76.0,9.75,4.470588235294118,18.154455291398342,-9.772642301799488,0.6483734032642265,-0.3490229393499817,11.0,4,4,1,0.25,3,0
2020,REG,00-0032434,B.Allen,CIN,QB,,149,149,90,874.0,5,4,-0.0982157960107811,0.4697986577181208,-14.634153605606384,70,940.0,557.0,6.308724832214765,6.188888888888889,45.83545504690845,-46.86168619093254,0.3076205036705265,-0.31450796101297007,42.0,10,44,15,0.3409090909090909,19,4
2020,REG,00-0032436,J.Driskel,DEN,QB,,76,76,35,336.0,3,2,-0.1781550734939679,0.34210526315789475,-13.53978558554156,26,638.0,131.0,8.394736842105264,3.742857142857143,33.415170727443176,-30.997013754692464,0.43967329904530494,-0.4078554441406903,18.0,6,22,6,0.2727272727272727,10,3
2020,REG,00-0032543,A.Erickson,CIN,QB,,1,1,0,0.0,0,0,-0.489072750555351,0.0,-0.489072750555351,0,21.0,0.0,21.0,0.0,1.2760540060699,-1.76512675662525,1.2760540060699,-1.76512675662525,0.0,0,0,0,0.0,0,0
2020,REG,00-0032792,N.Sudfeld,PHI,QB,,14,14,5,16.0,0,1,-0.3374921779198177,0.14285714285714285,-4.724890490877448,2,118.0,18.0,8.428571428571429,3.6,5.602257062186257,-7.53267701933509,0.40016121872758975,-0.538048358523935,1.0,0,5,1,0.2,0,0
2020,REG,00-0032943,R.Dixon,NYG,QB,,1,1,0,0.0,0,0,-2.57392822386464,0.0,-2.57392822386464,0,8.0,0.0,8.0,0.0,4.02240486006485,-6.59633308392949,4.02240486006485,-6.59633308392949,0.0,0,0,0,0.0,1,0
2020,REG,00-0032950,C.Wentz,PHI,QB,,493,493,251,2304.0,16,15,-0.16770858796418203,0.385395537525355,-82.68033386634174,190,3871.0,996.0,7.851926977687627,3.9681274900398407,282.62609792809246,-285.5633028801176,0.5732780891036359,-0.5792359084789404,130.0,27,119,37,0.31092436974789917,63,12
2020,REG,00-0033009,T.Boyd,CIN,QB,,2,2,1,16.0,0,0,0.3679563910118305,0.5,0.735912782023661,1,2.0,22.0,1.0,22.0,-0.9793618984986071,1.71527468052227,-0.48968094924930355,0.857637340261135,1.0,0,0,0,0.0,1,0
2020,REG,00-0033077,D.Prescott,DAL,QB,,234,234,151,1792.0,9,4,0.11256099448249096,0.5384615384615384,26.339272708902886,126,1762.0,810.0,7.52991452991453,5.364238410596027,78.91183040285252,-22.882808419854626,0.3372300444566347,-0.09778977957202832,93.0,25,44,17,0.38636363636363635,24,4
2020,REG,00-0033106,J.Goff,LA,QB,,576,576,370,3793.0,20,13,0.025901204032765367,0.4826388888888889,14.919093522872851,278,3579.0,2148.0,6.213541666666667,5.805405405405406,169.10087013765008,-99.48978281378463,0.2935778995445314,-0.17272531738504276,194.0,47,156,72,0.46153846153846156,60,15
2020,REG,00-0033119,J.Brissett,IND,QB,,10,10,2,2.0,0,0,-0.843866098171565,0.1,-8.43866098171565,1,65.0,18.0,6.5,9.0,3.641983423265642,-6.486565807019365,0.3641983423265642,-0.6486565807019364,1.0,0,4,1,0.25,2,0
2020,REG,00-0033251,Z.Pascal,IND,QB,,1,1,0,0.0,0,0,-0.556113167200238,0.0,-0.556113167200238,0,13.0,0.0,13.0,0.0,0.905625198269263,-1.4617383654695,0.905625198269263,-1.4617383654695,0.0,0,0,0,0.0,0,0
2020,REG,00-0033275,P.Walker,CAR,QB,,60,60,32,337.0,1,5,-0.3741083137100402,0.36666666666666664,-22.446498822602415,22,583.0,138.0,9.716666666666667,4.3125,31.02696884571925,-49.13565682646701,0.5171161474286542,-0.8189276137744502,17.0,5,16,3,0.1875,9,1
2020,REG,00-0033319,N.Mullens,SF,QB,,347,347,211,2300.0,12,12,0.009003945282127994,0.47262247838616717,3.124369012898414,164,2053.0,1236.0,5.916426512968299,5.85781990521327,73.22077568469098,-21.7767828637571,0.21101088093570886,-0.06275729931918472,120.0,33,86,32,0.37209302325581395,48,11
2020,REG,00-0033357,T.Hill,NO,QB,,135,135,88,841.0,4,2,0.024458712128882065,0.45185185185185184,3.3019261373990787,61,843.0,372.0,6.2444444444444445,4.2272727272727275,37.42795330870162,-4.711808954362772,0.27724409858297494,-0.03490228855083535,45.0,13,40,17,0.425,18,3
2020,REG,00-0033466,I.McKenzie,BUF,QB,,1,1,1,12.0,1,0,2.29472383309621,1.0,2.29472383309621,1,-5.0,17.0,-5.0,17.0,-1.39973511360586,3.69445894670207,-1.39973511360586,3.69445894670207,1.0,0,0,0,0.0,1,1
2020,REG,00-0033537,D.Watson,HOU,QB,,597,597,382,4532.0,33,7,0.19341649550503762,0.5175879396984925,115.46964781650746,309,4842.0,1949.0,8.110552763819095,5.102094240837697,347.40149000391375,-152.24787444026472,0.5819120435576445,-0.2550215652265741,221.0,69,144,55,0.3819444444444444,101,18
2020,REG,00-0033572,J.Agnew,DET,QB,,1,1,0,0.0,0,0,-0.46816249890253,0.0,-0.46816249890253,0,15.0,0.0,15.0,0.0,0.961545305442996,-1.42970780434553,0.961545305442996,-1.42970780434553,0.0,0,0,0,0.0,1,0
2020,REG,00-0033733,G.Ward,PHI,QB,,1,1,1,15.0,0,0,0.868069074465893,1.0,0.868069074465893,1,15.0,0.0,15.0,0.0,0.868069074465893,0.0,0.868069074465893,0.0,1.0,0,0,0,0.0,0,0
2020,REG,00-0033869,M.Trubisky,CHI,QB,,316,316,199,1932.0,16,8,0.07680225826132574,0.5284810126582279,24.269513610578933,167,2325.0,1003.0,7.3575949367088604,5.040201005025126,149.46434921261968,-90.70582235292427,0.4729884468753787,-0.2870437416231781,124.0,18,81,29,0.35802469135802467,54,13
2020,REG,00-0033873,P.Mahomes,KC,QB,,613,613,390,4599.0,38,6,0.27396779077575084,0.5301794453507341,167.94225574553525,325,4917.0,2241.0,8.021207177814029,5.746153846153846,315.3882883768636,-110.79094183205441,0.5144996547746552,-0.1807356310473971,238.0,67,137,65,0.4744525547445255,87,26
2020,REG,00-0033891,Z.Jones,LV,QB,,1,1,1,29.0,0,0,2.22142086212989,1.0,2.22142086212989,1,26.0,3.0,26.0,3.0,2.14106044173241,0.0803604203974828,2.14106044173241,0.0803604203974828,1.0,1,0,0,0.0,0,0
2020,REG,00-0033936,C.Beathard,SF,QB,,114,114,66,716.0,6,0,0.080861389774363,0.4649122807017544,9.218198434277381,53,851.0,344.0,7.464912280701754,5.212121212121212,52.02065675697752,-20.140793829670116,0.45632155049980283,-0.1766736300848256,42.0,12,24,8,0.3333333333333333,20,4
2020,REG,00-0033949,J.Dobbs,PIT,QB,,5,5,4,2.0,0,0,-0.5246176037122494,0.0,-2.6230880185612473,0,0.0,13.0,0.0,3.25,-3.896923934109508,1.273835915548259,-0.7793847868219016,0.2547671831096518,0.0,0,0,0,0.0,2,0
2020,REG,00-0033958,N.Peterman,LV,QB,,7,7,3,9.0,0,0,-0.5036501302965917,0.2857142857142857,-3.5255509120761417,2,9.0,21.0,1.2857142857142858,7.0,-2.838253374327905,1.485948502551765,-0.4054647677611293,0.212278357507395,1.0,0,2,0,0.0,0,0
2020,REG,00-0034177,T.Boyle,GB,QB,,1,1,0,-11.0,0,0,-2.06141593540087,0.0,-2.06141593540087,0,0.0,0.0,0.0,0.0,0.0,0.0,0.0,0.0,0.0,0,1,0,0.0,0,0
2020,REG,00-0034411,R.Gage,ATL,QB,,2,2,1,39.0,1,0,1.0681501191575098,0.5,2.1363002383150196,1,75.0,2.0,37.5,2.0,6.5322687777225,-4.3959685394074794,3.26613438886125,-2.1979842697037397,1.0,1,2,1,0.5,0,0
2020,REG,00-0034418,C.Wilson,DAL,QB,,2,2,2,23.0,1,0,1.411470143473708,1.0,2.822940286947416,2,2.0,21.0,1.0,10.5,-0.22412293640081593,3.04706322334823,-0.11206146820040797,1.523531611674115,1.0,0,1,0,0.0,1,1
2020,REG,00-0034438,L.Woodside,TEN,QB,,3,3,1,7.0,0,0,0.5116015171709763,0.3333333333333333,1.5348045515129292,1,17.0,0.0,5.666666666666667,0.0,2.669446011423129,-1.134641459910199,0.889815337141043,-0.37821381997006637,1.0,0,1,0,0.0,0,0
2020,REG,00-0034577,K.Allen,WAS,QB,,96,96,60,566.0,4,1,0.02137662031529855,0.4479166666666667,2.052155550268661,43,523.0,324.0,5.447916666666667,5.4,18.744813741126574,2.589903779812832,0.19525847647006847,0.026978164373050336,30.0,7,28,14,0.5,11,2
2020,REG,00-0034771,M.Rudolph,PIT,QB,,45,45,25,316.0,2,1,0.2054483306951219,0.37777777777777777,9.245174881280485,17,432.0,102.0,9.6,4.08,32.41040754335702,-20.836849167486115,0.720231278741267,-0.46304109261080256,13.0,5,16,7,0.4375,4,1
2020,REG,00-0034796,L.Jackson,BAL,QB,,406,406,242,2599.0,26,9,0.1412523523084039,0.47044334975369456,57.348455037211984,191,3248.0,1159.0,8.0,4.789256198347108,226.7013855938322,-129.98479999094326,0.5583777970291434,-0.3201596058890228,138.0,37,103,39,0.3786407766990291,68,20
2020,REG,00-0034827,D.Moore,CAR,QB,,1,1,0,0.0,0,0,-0.408470925525762,0.0,-0.408470925525762,0,6.0,0.0,6.0,0.0,0.185799596714787,-0.594270522240549,0.185799596714787,-0.594270522240549,0.0,0,0,0,0.0,0,0
2020,REG,00-0034855,B.Mayfield,CLE,QB,,513,513,305,3403.0,26,8,0.1535075258819455,0.5029239766081871,78.74936077743804,258,4135.0,1361.0,8.060428849902534,4.462295081967213,305.53191788893054,-177.83365428339147,0.5955787873078568,-0.3466542968487163,188.0,43,130,52,0.4,76,21
2020,REG,00-0034857,J.Allen,BUF,QB,,599,599,396,4385.0,37,10,0.2659447536551581,0.5509181969949917,159.30090743943967,330,4857.0,1871.0,8.108514190317194,4.724747474747475,284.3591795213804,-80.92001335508367,0.47472317115422435,-0.13509184199513133,228.0,62,123,57,0.4634146341463415,93,25
2020,REG,00-0034869,S.Darnold,NYJ,QB,,401,401,217,1976.0,9,11,-0.21384783261613494,0.4014962593516209,-85.75298087907011,161,2794.0,1158.0,6.967581047381546,5.336405529953917,151.60588995783823,-178.04794830550372,0.3780695510170529,-0.44400984614838834,109.0,27,124,37,0.29838709677419356,42,5
2020,REG,00-0034899,J.Wolford,LA,QB,,40,40,22,223.0,0,1,-0.08365683284056072,0.325,-3.3462733136224285,13,358.0,93.0,8.95,4.2272727272727275,24.83968750026545,-26.426886640369386,0.6209921875066362,-0.6606721660092346,12.0,3,9,2,0.2222222222222222,6,0
2020,REG,00-0034941,M.Wishnowsky,SF,QB,,1,1,0,0.0,0,0,-0.947,0.0,-0.947,0,0.0,0.0,0.0,0.0,0.0,0.0,0.0,0.0,0.0,0,0,0,0.0,1,0
2020,REG,00-0034955,B.Rypien,DEN,QB,,41,41,27,295.0,2,4,-0.04111202100537598,0.4634146341463415,-1.6855928612204152,19,346.0,82.0,8.439024390243903,3.037037037037037,21.47420332877666,-22.43340174750491,0.5237610567994307,-0.5471561401830466,12.0,5,13,7,0.5384615384615384,8,1
2020,REG,00-0034960,J.Meyers,NE,QB,,2,2,2,43.0,2,0,2.815671174466845,1.0,5.63134234893369,2,37.0,6.0,18.5,3.0,4.331585171225015,1.29975717770867,2.1657925856125075,0.649878588854335,2.0,1,0,0,0.0,1,1
2020,REG,00-0035040,D.Blough,DET,QB,,11,11,6,39.0,0,1,-0.8843107592335648,0.36363636363636365,-9.727418351569213,4,82.0,27.0,7.454545454545454,4.5,3.76125312631483,-10.484566816710874,0.3419321023922573,-0.9531424378828067,1.0,1,2,0,0.0,0,0
2020,REG,00-0035146,T.McSorley,BAL,QB,,10,10,3,90.0,1,0,0.21845523178344628,0.2,2.184552317834463,2,89.0,53.0,8.9,17.666666666666668,5.359292260021909,-3.174739942187437,0.5359292260021908,-0.3174739942187437,2.0,1,4,1,0.25,0,0
2020,REG,00-0035228,K.Murray,ARI,QB,,587,587,375,3795.0,26,12,0.02812088398081169,0.4752981260647359,16.506958896736464,279,4355.0,1745.0,7.4190800681431,4.653333333333333,274.77479271115436,-197.61572203318704,0.46810015794063775,-0.33665370022689445,205.0,44,143,50,0.34965034965034963,73,19
2020,REG,00-0035232,D.Haskins,WAS,QB,,262,262,148,1298.0,5,7,-0.16930568053364184,0.37404580152671757,-44.35808829981416,98,1622.0,865.0,6.190839694656488,5.844594594594595,56.07465083428542,-50.551861579901335,0.2140253848636848,-0.1929460365645089,73.0,14,74,26,0.35135135135135137,27,4
2020,REG,00-0035264,J.Stidham,NE,QB,,48,48,22,235.0,2,3,-0.39728185123506915,0.3541666666666667,-19.06952885928332,17,268.0,174.0,5.583333333333333,7.909090909090909,11.075014427042346,-23.041201524116335,0.23072946723004886,-0.48002503175242367,12.0,4,11,3,0.2727272727272727,3,1
2020,REG,00-0035282,E.Stick,LAC,QB,,1,1,1,4.0,0,0,-0.238974097417668,0.0,-0.238974097417668,0,0.0,4.0,0.0,4.0,-0.572348475223407,0.33337437780574,-0.572348475223407,0.33337437780574,0.0,0,0,0,0.0,0,0
2020,REG,00-0035289,G.Minshew,JAX,QB,,117,117,79,711.0,6,3,0.08804639749842283,0.5555555555555556,10.301428507315471,65,795.0,355.0,6.794871794871795,4.493670886075949,50.30053126538405,-16.17685618962441,0.4299190706443081,-0.13826372811644794,45.0,6,29,15,0.5172413793103449,18,5
2020,REG,00-0035289,G.Minshew II,JAX,QB,,241,241,137,1403.0,10,2,0.026886944109406223,0.4024896265560166,6.479753530366899,97,1763.0,661.0,7.3153526970954355,4.824817518248175,125.3143342881522,-84.4458167468371,0.5199764908222083,-0.3503975798623946,72.0,21,55,20,0.36363636363636365,48,9
2020,REG,00-0035290,J.Johnson,BUF,QB,,1,1,1,13.0,0,0,3.11536745866761,1.0,3.11536745866761,1,10.0,3.0,10.0,3.0,3.17374853603542,-0.0583810773678124,3.17374853603542,-0.0583810773678124,1.0,0,0,0,0.0,0,0
2020,REG,00-0035510,J.Smith,NYJ,QB,,1,1,0,-16.0,0,0,-1.92287705012131,0.0,-1.92287705012131,0,0.0,0.0,0.0,0.0,0.0,0.0,0.0,0.0,0.0,0,0,0,0.0,0,0
2020,REG,00-0035652,R.Finley,CIN,QB,,41,41,17,101.0,1,2,-0.5886981504886546,0.2682926829268293,-24.13662417003484,11,335.0,71.0,8.170731707317072,4.176470588235294,26.573596004338466,-37.842198928236016,0.6481364879106943,-0.922980461664293,8.0,2,15,2,0.13333333333333333,6,1
2020,REG,00-0035704,D.Lock,DEN,QB,,466,466,254,2812.0,16,15,-0.1034449238741406,0.4012875536480687,-48.20533452534952,187,3908.0,1394.0,8.3862660944206,5.488188976377953,224.56716748380654,-224.9868064503061,0.48190379288370505,-0.4828043056873521,145.0,38,127,44,0.3464566929133858,59,12
2020,REG,00-0035710,D.Jones,NYG,QB,,496,496,280,2659.0,11,10,-0.07170792121895335,0.4213709677419355,-35.56712892460086,209,3402.0,1114.0,6.858870967741935,3.9785714285714286,172.60239559540912,-126.04861681562068,0.3479887007971958,-0.2541302758379449,158.0,31,134,50,0.373134328358209,68,7
2020,REG,00-0035752,C.Streveler,ARI,QB,,18,18,11,95.0,1,1,-0.7454502986689053,0.2777777777777778,-13.418105376040296,5,106.0,98.0,5.888888888888889,8.909090909090908,-2.3378732448618464,-8.852125872275819,-0.12988184693676924,-0.49178477068198995,5.0,0,4,0,0.0,2,1
2020,REG,00-0035831,J.Robinson,JAX,QB,,1,1,0,-4.0,0,0,-4.40899270621594,0.0,-4.40899270621594,0,0.0,0.0,0.0,0.0,0.0,0.0,0.0,0.0,0.0,0,0,0,0.0,1,0
2020,REG,00-0035864,K.Hinton,DEN,QB,,10,10,1,12.0,0,2,-1.1930539221095386,0.1,-11.930539221095387,1,134.0,16.0,13.4,16.0,11.290474680892652,-22.08416936430147,1.1290474680892653,-2.208416936430147,1.0,0,5,0,0.0,0,0
2020,REG,00-0035889,T.Townsend,KC,QB,,1,1,1,13.0,0,0,3.45301585749257,1.0,3.45301585749257,1,6.0,7.0,6.0,7.0,2.92880762834102,0.524208229151554,2.92880762834102,0.524208229151554,1.0,0,0,0,0.0,0,0
2020,REG,00-0035993,T.Huntley,BAL,QB,,5,5,3,15.0,0,0,-0.7066353224217883,0.2,-3.5331766121089414,1,62.0,10.0,12.4,3.3333333333333335,7.405745201976975,-10.938921814085916,1.481149040395395,-2.187784362817183,0.0,0,1,0,0.0,0,0
2020,REG,00-0036142,I.Wright,WAS,QB,,1,1,0,0.0,0,0,-0.559791103703901,0.0,-0.559791103703901,0,-3.0,0.0,-3.0,0.0,-1.0669027492404,0.507111645536497,-1.0669027492404,0.507111645536497,0.0,0,0,0,0.0,0,0
2020,REG,00-0036212,T.Tagovailoa,MIA,QB,,313,313,186,1680.0,11,5,-0.06074031544207839,0.45686900958466453,-19.011718733370536,143,2175.0,766.0,6.94888178913738,4.118279569892473,118.26539082343248,-101.01311378265413,0.37784469911639773,-0.3227256031394701,100.0,15,74,21,0.28378378378378377,43,9
2020,REG,00-0036312,J.Luton,JAX,QB,,118,118,60,572.0,2,6,-0.30617021818365564,0.3644067796610169,-36.12808574567136,43,876.0,275.0,7.423728813559322,4.583333333333333,31.911657201366623,-56.40927341771605,0.27043777289293747,-0.4780446899806445,31.0,5,35,10,0.2857142857142857,6,1
2020,REG,00-0036320,J.Charlton,CAR,QB,,2,2,1,23.0,0,0,0.7289610661100601,0.5,1.4579221322201201,1,18.0,10.0,9.0,10.0,4.01367932581343,0.718523744610138,2.006839662906715,0.359261872305069,1.0,1,0,0,0.0,0,0
2020,REG,00-0036355,J.Herbert,LAC,QB,,630,630,396,4122.0,31,10,0.1297760583851343,0.4746031746031746,81.75891678263461,299,4368.0,2220.0,6.933333333333334,5.606060606060606,230.21727371197707,-96.97157714964736,0.3654242439872652,-0.15392313833277357,216.0,51,170,73,0.4294117647058823,88,20
2020,REG,00-0036358,C.Lamb,DAL,QB,,1,1,0,-4.0,0,0,-1.23705988423899,0.0,-1.23705988423899,0,0.0,0.0,0.0,0.0,0.0,0.0,0.0,0.0,0.0,0,0,0,0.0,1,0
2020,REG,00-0036364,L.Bowden,MIA,QB,,2,2,1,32.0,0,0,0.9253366987686611,0.5,1.8506733975373222,1,17.0,34.0,8.5,34.0,0.38781356037361703,1.4628598371637,0.19390678018680851,0.73142991858185,1.0,1,0,0,0.0,0,0
2020,REG,00-0036384,B.DiNucci,DAL,QB,,50,50,23,146.0,0,0,-0.5515521509242091,0.36,-27.577607546210455,18,349.0,134.0,6.98,5.826086956521739,23.040418592339865,-26.415692135318352,0.4608083718467973,-0.528313842706367,11.0,1,16,3,0.1875,4,0
2020,REG,00-0036389,J.Hurts,PHI,QB,,162,162,77,1002.0,6,4,-0.03437144571693345,0.37037037037037035,-5.568174206143219,60,1353.0,468.0,8.351851851851851,6.077922077922078,93.847757089301,-82.56462360313253,0.5793071425265494,-0.509658170389707,45.0,16,42,13,0.30952380952380953,19,3
2020,REG,00-0036442,J.Burrow,CIN,QB,,436,436,264,2457.0,13,5,0.07761176489405065,0.4724770642201835,33.838729493806085,206,3429.0,1142.0,7.864678899082569,4.325757575757576,252.73558250043783,-161.3401250470332,0.5796687672028391,-0.3700461583647551,150.0,23,104,37,0.3557692307692308,61,12
2021,POST,00-0019596,T.Brady,TB,QB,,98,98,59,551.0,3,1,-0.0584603782126908,0.3979591836734694,-5.729117064843699,39,596.0,317.0,6.081632653061225,5.372881355932203,28.31193418541807,-20.702308836367994,0.28889728760630684,-0.21124804935069383,28.0,6,24,6,0.25,16,1
2021,POST,00-0022924,B.Roethlisberger,PIT,QB,,46,46,29,201.0,2,0,-0.17936218134001042,0.41304347826086957,-8.25066034164048,19,320.0,108.0,6.956521739130435,3.7241379310344827,10.998827341420123,-15.69581475341695,0.2391049422047853,-0.3412133642047163,15.0,1,14,5,0.35714285714285715,5,2
2021,POST,00-0023459,A.Rodgers,GB,QB,,34,34,20,196.0,0,0,-0.17344418866289574,0.35294117647058826,-5.897102414538455,12,220.0,128.0,6.470588235294118,6.4,7.8480508814682315,-6.981513589853444,0.23082502592553622,-0.20533863499568952,8.0,2,10,3,0.3,6,0
2021,POST,00-0026498,M.Stafford,LA,QB,,147,147,98,1146.0,9,3,0.2974948801148529,0.5510204081632653,43.731747376883376,81,1202.0,543.0,8.17687074829932,5.540816326530612,80.85230899977611,-26.891097244903136,0.5500157074814701,-0.18293263431906895,58.0,17,42,21,0.5,25,8
2021,POST,00-0028872,J.Hekker,LA,QB,,1,1,0,0.0,0,0,-0.947,0.0,-0.947,0,0.0,0.0,0.0,0.0,0.0,0.0,0.0,0.0,0.0,0,0,0,0.0,1,0
2021,POST,00-0029692,B.Anger,DAL,QB,,1,1,1,16.0,0,0,3.85617053206079,1.0,3.85617053206079,1,8.0,8.0,8.0,8.0,3.26816125307232,0.588009278988466,3.26816125307232,0.588009278988466,1.0,0,0,0,0.0,0,0
2021,POST,00-0029701,R.Tannehill,TEN,QB,,25,25,15,213.0,1,3,-0.1780527225526296,0.44,-4.45131806381574,11,261.0,47.0,10.44,3.1333333333333333,10.07866472558818,-12.420254255163638,0.4031465890235272,-0.4968101702065455,9.0,4,5,1,0.2,2,0
2021,POST,00-0030506,T.Kelce,KC,QB,,1,1,1,2.0,1,0,0.70204556841054,1.0,0.70204556841054,1,2.0,0.0,2.0,0.0,0.70204556841054,0.0,0.70204556841054,0.0,1.0,0,0,0,0.0,1,1
2021,POST,00-0031235,O.Beckham,LA,QB,,1,1,1,40.0,0,0,2.27834693016484,1.0,2.27834693016484,1,26.0,14.0,26.0,14.0,1.62029673450161,0.658050195663236,1.62029673450161,0.658050195663236,1.0,1,0,0,0.0,0,0
2021,POST,00-0031280,D.Carr,LV,QB,,57,57,29,282.0,1,1,-0.0008004154868606101,0.38596491228070173,-0.04562368275105477,22,411.0,123.0,7.2105263157894735,4.241379310344827,34.058726316376124,-24.841020333252114,0.5975215143223881,-0.4358073742675809,15.0,2,17,7,0.4117647058823529,17,1
2021,POST,00-0031345,J.Garoppolo,SF,QB,,78,78,43,510.0,2,3,-0.016040984767678967,0.4358974358974359,-1.2511968118789594,34,426.0,318.0,5.461538461538462,7.395348837209302,15.20459148759253,-9.360437317083042,0.19493066009734014,-0.12000560662926976,30.0,5,26,9,0.34615384615384615,3,1
2021,POST,00-0033077,D.Prescott,DAL,QB,,48,48,23,214.0,1,1,-0.29281997739758014,0.3541666666666667,-14.055358915083847,17,372.0,87.0,7.75,3.782608695652174,19.674300830094783,-24.550793855509248,0.4098812672936413,-0.511474871989776,11.0,4,10,2,0.2,3,1
2021,POST,00-0033873,P.Mahomes,KC,QB,,131,131,89,976.0,11,3,0.2595550797427212,0.549618320610687,34.00171544629647,72,694.0,625.0,5.297709923664122,7.022471910112359,18.03271587940979,30.59504539229389,0.13765431969015107,0.23354996482667092,56.0,17,30,17,0.5666666666666667,27,8
2021,POST,00-0033897,J.Mixon,CIN,QB,,1,1,1,6.0,1,0,1.85045470151817,1.0,1.85045470151817,1,6.0,0.0,6.0,0.0,1.85045470151817,0.0,1.85045470151817,0.0,1.0,0,0,0,0.0,1,1
2021,POST,00-0033908,C.Kupp,LA,QB,,1,1,0,0.0,0,0,-1.51570494625299,0.0,-1.51570494625299,0,5.0,0.0,5.0,0.0,1.150980085833,-2.66668503208599,1.150980085833,-2.66668503208599,0.0,0,1,0,0.0,0,0
2021,POST,00-0034857,J.Allen,BUF,QB,,65,65,48,623.0,9,0,0.6333589683360741,0.5538461538461539,41.16833294184482,36,528.0,225.0,8.123076923076923,4.6875,27.633486571139663,15.899992827995451,0.4251305626329179,0.2446152742768531,27.0,9,8,4,0.5,9,6
2021,POST,00-0035228,K.Murray,ARI,QB,,37,37,19,124.0,0,2,-0.5816120770413777,0.35135135135135137,-21.519646850530975,13,279.0,89.0,7.54054054054054,4.684210526315789,12.016669900214756,-30.66687911719782,0.32477486216796636,-0.8288345707350762,7.0,1,8,0,0.0,2,0
2021,POST,00-0036389,J.Hurts,PHI,QB,,46,46,23,246.0,1,2,-0.11957421731842556,0.32608695652173914,-5.500413996647576,15,465.0,172.0,10.108695652173912,7.478260869565218,33.53255355087457,-37.85645919435774,0.7289685554537949,-0.8229665042251683,10.0,4,13,5,0.38461538461538464,3,1
2021,POST,00-0036442,J.Burrow,CIN,QB,,162,162,97,970.0,5,2,0.007285910148289765,0.4382716049382716,1.1803174440229418,71,879.0,626.0,5.425925925925926,6.453608247422681,48.87848856649361,-17.829293983283442,0.3017190652252692,-0.11005737026718174,48.0,13,45,16,0.35555555555555557,25,3
2021,POST,00-0036972,M.Jones,NE,QB,,41,41,24,216.0,2,2,0.08507464382281535,0.4146341463414634,3.4880603967354293,17,243.0,101.0,5.926829268292683,4.208333333333333,23.996207470714573,-16.711115947429786,0.5852733529442579,-0.40758819383975087,13.0,2,10,4,0.4,9,2
2021,REG,00-0019596,T.Brady,TB,QB,,742,742,485,5172.0,43,12,0.18409085430465996,0.5067385444743935,136.59541389405769,376,5804.0,2534.0,7.822102425876011,5.224742268041237,329.46001220875775,-150.85824114065184,0.44401618896059,-0.20331299345101325,269.0,75,173,73,0.42196531791907516,133,32
2021,REG,00-0022824,A.Lee,ARI,QB,,1,1,0,0.0,0,0,-0.947,0.0,-0.947,0,0.0,0.0,0.0,0.0,0.0,0.0,0.0,0.0,0.0,0,0,0,0.0,1,0
2021,REG,00-0022924,B.Roethlisberger,PIT,QB,,648,648,390,3505.0,22,10,-0.07746162345404319,0.39197530864197533,-50.195131998219985,254,4069.0,1920.0,6.279320987654321,4.923076923076923,142.23249116152874,-117.46880263772414,0.21949458512581596,-0.18127901641624095,188.0,39,192,70,0.3645833333333333,97,17
2021,REG,00-0023459,A.Rodgers,GB,QB,,287,287,193,2156.0,20,1,0.3060639788072759,0.519163763066202,87.8403619176882,149,1977.0,1196.0,6.888501742160279,6.196891191709844,116.42324476265448,-9.345344179201835,0.4056559050963571,-0.032562174840424514,113.0,30,73,31,0.4246575342465753,63,15
2021,REG,00-0023459,Aa.Rodgers,GB,QB,,275,275,173,1771.0,17,3,0.14901345469131835,0.48727272727272725,40.97870004011255,134,2107.0,981.0,7.661818181818182,5.670520231213873,119.72980550877305,-51.05856504814854,0.4353811109409929,-0.18566750926599468,100.0,25,74,28,0.3783783783783784,55,15
2021,REG,00-0023682,R.Fitzpatrick,WAS,QB,,7,7,3,11.0,0,0,-0.6106604489404497,0.14285714285714285,-4.274623142583148,1,9.0,6.0,1.2857142857142858,2.0,-1.3675823148805666,-1.6760951647302171,-0.19536890212579522,-0.23944216639003102,0.0,0,2,0,0.0,1,0
2021,REG,00-0024417,S.Koch,BAL,QB,,1,1,0,0.0,0,0,-2.7787173029501,0.0,-2.7787173029501,0,10.0,0.0,10.0,0.0,3.05587720929179,-5.83459451224189,3.05587720929179,-5.83459451224189,0.0,0,0,0,0.0,0,0
2021,REG,00-0026035,D.Amendola,HOU,QB,,1,1,0,0.0,0,0,-0.361697550688405,0.0,-0.361697550688405,0,14.0,0.0,14.0,0.0,0.716097925032955,-1.07779547572136,0.716097925032955,-1.07779547572136,0.0,0,0,0,0.0,0,0
2021,REG,00-0026143,M.Ryan,ATL,QB,,602,602,375,3694.0,20,12,-0.02841300851256604,0.4568106312292359,-17.104631124564758,275,4002.0,1722.0,6.647840531561462,4.592,219.27106377124298,-161.78074938784184,0.3642376474605365,-0.26873878635854126,195.0,44,172,67,0.38953488372093026,94,18
2021,REG,00-0026158,J.Flacco,NYJ,QB,,44,44,27,325.0,3,0,0.14304816082851898,0.5454545454545454,6.294119076454835,24,336.0,175.0,7.636363636363637,6.481481481481482,33.79388205014402,-19.46981329494084,0.7680427738669096,-0.44249575670320085,14.0,6,13,6,0.46153846153846156,8,2
2021,REG,00-0026197,C.Henne,KC,QB,,16,16,11,82.0,0,0,0.01645458628627261,0.5625,0.26327338058036176,9,125.0,24.0,7.8125,2.1818181818181817,5.415214588283561,-5.1519412077032065,0.3384509117677226,-0.3219963254814504,6.0,0,3,2,0.6666666666666666,1,0
2021,REG,00-0026300,J.Johnson,BAL,QB,,41,41,28,295.0,2,1,0.34881031265192697,0.5365853658536586,14.301222818729006,22,281.0,121.0,6.853658536585366,4.321428571428571,16.00497457355958,-0.5910991112468809,0.39036523350145313,-0.014417051493826362,19.0,2,8,6,0.75,4,2
2021,REG,00-0026300,J.Johnson,NYJ,QB,,47,47,29,320.0,3,1,0.2784309386100981,0.5106382978723404,13.086254114674611,24,339.0,144.0,7.212765957446808,4.9655172413793105,13.724228603678096,2.389564408931844,0.2920048639080446,0.05084179593472008,20.0,3,11,5,0.45454545454545453,10,2
2021,REG,00-0026498,M.Stafford,LA,QB,,634,634,404,4647.0,41,17,0.18548173990686673,0.5,117.5954231009535,317,5094.0,2124.0,8.034700315457414,5.257425742574258,339.79607917880645,-163.52603823000484,0.5359559608498524,-0.25792750509464485,233.0,65,155,74,0.4774193548387097,124,32
2021,REG,00-0026625,B.Hoyer,NE,QB,,11,11,9,227.0,1,0,1.897921312804101,0.8181818181818182,20.87713444084511,9,97.0,143.0,8.818181818181818,15.88888888888889,5.615597078256548,15.261537362588577,0.5105088252960498,1.3874124875080525,8.0,6,2,2,1.0,2,1
2021,REG,00-0027688,C.McCoy,ARI,QB,,105,105,74,700.0,3,1,0.1363189691462399,0.4857142857142857,14.313491760355188,51,512.0,443.0,4.876190476190477,5.986486486486487,5.987788752856444,20.747665220211747,0.05702655955101375,0.19759681162106427,39.0,11,25,11,0.44,11,2
2021,REG,00-0027939,C.Newton,CAR,QB,,137,137,69,603.0,4,5,-0.28998847149426477,0.3722627737226277,-39.72842059471427,51,878.0,309.0,6.408759124087592,4.478260869565218,38.976496080441045,-59.59310020014764,0.2844999713900806,-0.434986132847793,32.0,5,37,10,0.2702702702702703,8,2
2021,REG,00-0027948,B.Gabbert,TB,QB,,12,12,7,57.0,0,0,0.015986260264988922,0.3333333333333333,0.19183512317986706,4,90.0,39.0,7.5,5.571428571428571,8.747520351724239,-7.169049325973813,0.7289600293103532,-0.5974207771644844,4.0,1,8,2,0.25,1,0
2021,REG,00-0027973,A.Dalton,CHI,QB,,257,257,149,1376.0,8,9,-0.11694184348062313,0.4280155642023346,-30.054053774520145,110,1643.0,752.0,6.392996108949417,5.046979865771812,72.41219677566549,-65.38357738531944,0.2817595205278813,-0.25441080694676826,83.0,11,67,25,0.373134328358209,31,5
2021,REG,00-0028118,T.Taylor,HOU,QB,,118,118,60,433.0,2,5,-0.3912694254890401,0.3389830508474576,-46.16979220770673,40,735.0,311.0,6.228813559322034,5.183333333333334,41.02036350170967,-69.10345217861257,0.3476301991670311,-0.585622476089937,26.0,5,44,16,0.36363636363636365,17,1
2021,REG,00-0028118,Ty.Taylor,HOU,QB,,45,45,31,414.0,3,0,0.5101543957659098,0.5555555555555556,22.95694780946594,25,372.0,180.0,8.266666666666667,5.806451612903226,26.207915602833953,-2.3324098381831306,0.5823981245074212,-0.051831329737402905,18.0,8,18,11,0.6111111111111112,8,2
2021,REG,00-0028872,J.Hekker,LA,QB,,1,1,1,2.0,0,0,-2.58209159300895,0.0,-2.58209159300895,0,-4.0,6.0,-4.0,6.0,-2.61535221769009,0.0332606246811338,-2.61535221769009,0.0332606246811338,0.0,0,0,0,0.0,1,0
2021,REG,00-0028986,C.Keenum,CLE,QB,,77,77,47,433.0,3,1,-0.10748380745412126,0.4935064935064935,-8.276253173967337,38,420.0,306.0,5.454545454545454,6.51063829787234,17.790172189386798,-10.278962714534911,0.2310411972647636,-0.13349302226668716,25.0,4,21,7,0.3333333333333333,13,2
2021,REG,00-0029000,C.Beasley,BUF,QB,,1,1,0,0.0,0,0,-0.477590819995385,0.0,-0.477590819995385,0,19.0,0.0,19.0,0.0,2.25616618496133,-2.73375700495672,2.25616618496133,-2.73375700495672,0.0,0,0,0,0.0,1,0
2021,REG,00-0029263,R.Wilson,SEA,QB,,435,435,259,2849.0,25,6,0.014227346112403609,0.43448275862068964,6.18889555889557,189,3955.0,1383.0,9.091954022988507,5.33976833976834,254.12339642571953,-187.47750521328985,0.5841917159211943,-0.430982770605264,135.0,45,119,41,0.3445378151260504,54,15
2021,REG,00-0029567,N.Foles,CHI,QB,,40,40,24,231.0,1,0,0.13847955955458482,0.5,5.539182382183393,20,198.0,165.0,4.95,6.875,5.692165073356597,4.032224955646999,0.14230412683391494,0.10080562389117498,14.0,1,11,5,0.45454545454545453,11,1
2021,REG,00-0029604,K.Cousins,MIN,QB,,592,592,372,4024.0,33,7,0.1065976703903074,0.4527027027027027,63.10582087106199,268,4573.0,1813.0,7.724662162162162,4.873655913978495,230.47517418227653,-106.67467240426427,0.38931617260519685,-0.18019370338558155,192.0,60,178,66,0.3707865168539326,85,24
2021,REG,00-0029701,R.Tannehill,TEN,QB,,579,579,357,3409.0,21,14,0.02096756308052339,0.4835924006908463,12.140219023623043,280,3954.0,1778.0,6.829015544041451,4.980392156862745,205.76579729202783,-110.29391489357334,0.35538134247327774,-0.19049035387491078,192.0,35,180,66,0.36666666666666664,92,19
2021,REG,00-0029747,C.Banjo,ARI,QB,,1,1,1,23.0,0,0,3.73152830463368,1.0,3.73152830463368,1,19.0,4.0,19.0,4.0,3.46201402239967,0.269514282234013,3.46201402239967,0.269514282234013,1.0,1,0,0,0.0,0,0
2021,REG,00-0030279,K.Allen,LAC,QB,,2,2,0,2.0,0,0,0.27977221915358697,0.5,0.5595444383071739,1,14.0,0.0,7.0,0.0,0.922318874159828,-1.41577443585265,0.461159437079914,-0.707887217926325,0.0,0,0,0,0.0,2,0
2021,REG,00-0030288,R.Burkhead,HOU,QB,,1,1,0,0.0,0,0,-0.493120650062338,0.0,-0.493120650062338,0,7.0,0.0,7.0,0.0,0.414568349951878,-0.907689000014216,0.414568349951878,-0.907689000014216,0.0,0,0,0,0.0,0,0
2021,REG,00-0030520,M.Glennon,NYG,QB,,177,177,90,722.0,4,10,-0.4620788894304751,0.3446327683615819,-81.7879634291941,61,1210.0,415.0,6.836158192090395,4.611111111111111,68.45329942562971,-123.34123889294916,0.38674180466457464,-0.6968431575872834,43.0,5,49,14,0.2857142857142857,16,4
2021,REG,00-0030565,G.Smith,SEA,QB,,108,108,65,585.0,5,1,-0.01145129890339325,0.4166666666666667,-1.236740281566471,45,664.0,360.0,6.148148148148148,5.538461538461538,25.303003293287496,-3.26788995233879,0.2342870675304398,-0.03025824029943324,31.0,11,28,8,0.2857142857142857,12,3
2021,REG,00-0030578,C.Patterson,ATL,QB,,1,1,0,0.0,0,0,-0.599639943917282,0.0,-0.599639943917282,0,18.0,0.0,18.0,0.0,0.957821369287558,-1.55746131320484,0.957821369287558,-1.55746131320484,0.0,0,0,0,0.0,0,0
2021,REG,00-0030669,A.Wilson,MIA,QB,,2,2,0,-1.0,0,0,-1.0267664647544754,0.0,-2.053532929508951,0,5.0,0.0,2.5,0.0,1.76599164278014,-2.76394610089483,0.88299582139007,-1.381973050447415,0.0,0,0,0,0.0,1,0
2021,REG,00-0031136,C.Boswell,PIT,QB,,1,1,0,0.0,0,0,-3.00748456368456,0.0,-3.00748456368456,0,10.0,0.0,10.0,0.0,4.3540709958761,-7.36155555956066,4.3540709958761,-7.36155555956066,0.0,0,0,0,0.0,1,0
2021,REG,00-0031237,T.Bridgewater,DEN,QB,,460,460,285,2843.0,18,7,0.11309841519251082,0.4717391304347826,52.02527098855498,217,3424.0,1387.0,7.443478260869565,4.866666666666666,169.16982546805846,-70.50305884606003,0.3677604901479532,-0.15326751923056528,146.0,33,130,42,0.3230769230769231,71,15
2021,REG,00-0031280,D.Carr,LV,QB,,669,669,428,4563.0,23,14,0.034084897847342505,0.4678624813153961,22.802796659872136,313,5084.0,2283.0,7.599402092675636,5.33411214953271,213.6948072213854,-114.45149262004979,0.3194242260409348,-0.17107846430500717,217.0,67,161,57,0.35403726708074534,96,17
2021,REG,00-0031345,J.Garoppolo,SF,QB,,472,472,301,3611.0,20,12,0.16518744228607185,0.4915254237288136,77.96847275902591,232,3306.0,1958.0,7.004237288135593,6.504983388704319,201.75967747739978,-73.77346660814183,0.4274569438080504,-0.156299717390131,172.0,54,120,49,0.4083333333333333,61,15
2021,REG,00-0031382,J.Landry,CLE,QB,,1,1,0,-1.0,0,0,-4.68811111891409,0.0,-4.68811111891409,0,0.0,0.0,0.0,0.0,0.0,0.0,0.0,0.0,0.0,0,0,0,0.0,0,0
2021,REG,00-0031395,G.Gilbert,WAS,QB,,33,33,20,174.0,0,0,-0.08334524565155907,0.36363636363636365,-2.7503931065014493,12,197.0,97.0,5.96969696969697,4.85,9.548552464053511,-8.737481476929409,0.2893500746682882,-0.2647721659675578,8.0,2,10,4,0.4,3,0
2021,REG,00-0031503,J.Winston,NO,QB,,172,172,95,1101.0,14,3,0.09249935168765833,0.4418604651162791,15.909888490277233,76,1340.0,578.0,7.790697674418604,6.08421052631579,80.02667175514804,-41.758323091767316,0.4652713474136514,-0.24278094820794952,56.0,11,47,16,0.3404255319148936,24,11
2021,REG,00-0031543,T.Long,LAC,QB,,1,1,0,0.0,0,0,-2.76716072531417,0.0,-2.76716072531417,0,10.0,0.0,10.0,0.0,-2.90919787599705,0.142037150682881,-2.90919787599705,0.142037150682881,0.0,0,0,0,0.0,0,0
2021,REG,00-0031588,S.Diggs,BUF,QB,,1,1,0,-2.0,0,0,-0.836327348719351,0.0,-0.836327348719351,0,0.0,0.0,0.0,0.0,0.0,0.0,0.0,0.0,0.0,0,0,0,0.0,1,0
2021,REG,00-0031800,T.Heinicke,WAS,QB,,535,535,321,3141.0,20,15,-0.07886323303644657,0.4355140186915888,-42.19182967449892,233,3779.0,1747.0,7.063551401869159,5.442367601246106,217.57270678843187,-189.9066733217673,0.40667795661389133,-0.35496574452666785,167.0,40,140,44,0.3142857142857143,62,14
2021,REG,00-0031941,J.Crowder,NYJ,QB,,2,2,0,-1.0,0,0,-0.14890786019526503,0.5,-0.29781572039053006,1,0.0,0.0,0.0,0.0,0.0,0.0,0.0,0.0,0.0,0,0,0,0.0,1,0
2021,REG,00-0032156,T.Siemian,NO,QB,,201,201,108,1090.0,11,3,-0.052200525812111875,0.4129353233830846,-10.492305688234486,83,1329.0,507.0,6.611940298507463,4.694444444444445,80.18923995512496,-64.76498560885953,0.39895144256281073,-0.3222138587505449,61.0,15,58,20,0.3448275862068966,39,10
2021,REG,00-0032245,S.Mannion,MIN,QB,,38,38,22,174.0,1,0,-0.28714724889718213,0.3157894736842105,-10.91159545809292,12,233.0,94.0,6.131578947368421,4.2727272727272725,9.63936992629896,-17.718282101021895,0.2536676296394463,-0.46627058160583934,8.0,2,10,2,0.2,1,1
2021,REG,00-0032268,M.Mariota,LV,QB,,2,2,1,4.0,0,0,-0.360214212734718,0.0,-0.720428425469436,0,31.0,8.0,15.5,8.0,1.1262292639585199,-1.8466576894279598,0.5631146319792599,-0.9233288447139799,0.0,0,0,0,0.0,1,0
2021,REG,00-0032434,B.Allen,CIN,QB,,39,39,17,116.0,2,0,-0.2972329607590904,0.23076923076923078,-11.592085469604525,9,174.0,120.0,4.461538461538462,7.0588235294117645,8.3990913077723,-11.015666197058096,0.21536131558390514,-0.282452979411746,5.0,2,12,2,0.16666666666666666,8,2
2021,REG,00-0032496,M.Farley,TEN,QB,,1,1,1,6.0,0,0,3.06227189977653,1.0,3.06227189977653,1,4.0,2.0,4.0,2.0,2.90677345497534,0.155498444801196,2.90677345497534,0.155498444801196,1.0,0,0,0,0.0,0,0
2021,REG,00-0032764,D.Henry,TEN,QB,,1,1,1,5.0,1,0,1.03209029574646,1.0,1.03209029574646,1,5.0,0.0,5.0,0.0,1.03209029574646,0.0,1.03209029574646,0.0,1.0,0,0,0,0.0,1,1
2021,REG,00-0032943,R.Dixon,NYG,QB,,1,1,0,0.0,0,0,-2.85103766736574,0.0,-2.85103766736574,0,13.0,0.0,13.0,0.0,3.78875334793702,-6.63979101530276,3.78875334793702,-6.63979101530276,0.0,0,0,0,0.0,0,0
2021,REG,00-0032950,C.Wentz,IND,QB,,552,552,322,3340.0,27,7,0.012782226384538476,0.4420289855072464,7.055788964265239,244,3937.0,1650.0,7.132246376811594,5.124223602484472,207.10747081333318,-123.35150925694778,0.3751946935024152,-0.22346287908867352,165.0,42,151,52,0.3443708609271523,86,19
2021,REG,00-0033009,T.Boyd,CIN,QB,,1,1,1,46.0,0,0,3.19244362713653,1.0,3.19244362713653,1,-4.0,50.0,-4.0,50.0,-0.849116938363295,4.04156056549982,-0.849116938363295,4.04156056549982,1.0,1,0,0,0.0,0,0
2021,REG,00-0033045,E.Elliott,DAL,QB,,1,1,1,4.0,0,0,-0.79311397834681,0.0,-0.79311397834681,0,-4.0,8.0,-4.0,8.0,-1.1897579729557,0.396643994608894,-1.1897579729557,0.396643994608894,0.0,0,0,0,0.0,1,0
2021,REG,00-0033077,D.Prescott,DAL,QB,,631,631,410,4309.0,37,10,0.1716853568538297,0.5023771790808241,108.33346017476654,317,4629.0,2014.0,7.335974643423138,4.912195121951219,286.35435789950833,-124.23800961433012,0.45381039286768354,-0.1968906649989384,227.0,55,157,63,0.4012738853503185,112,26
2021,REG,00-0033106,J.Goff,DET,QB,,534,534,332,2973.0,19,8,-0.0649177956384568,0.45131086142322097,-34.66610287093593,241,3148.0,1744.0,5.895131086142322,5.253012048192771,78.14863891608549,-38.53722825649458,0.1463457657604597,-0.07216709411328573,162.0,39,129,38,0.29457364341085274,65,11
2021,REG,00-0033119,J.Brissett,MIA,QB,,245,245,141,1153.0,5,4,-0.10603670988801424,0.42448979591836733,-25.97899392256349,104,1703.0,508.0,6.951020408163266,3.602836879432624,90.56839346434568,-78.38676343275424,0.3696669120993701,-0.31994597319491525,69.0,15,67,25,0.373134328358209,24,4
2021,REG,00-0033275,P.Walker,CAR,QB,,74,74,36,317.0,1,3,-0.19525845816327644,0.3783783783783784,-14.449125904082457,28,594.0,137.0,8.027027027027026,3.8055555555555554,38.43500054077594,-43.58062584886748,0.5193918991996749,-0.588927376336047,19.0,1,17,5,0.29411764705882354,11,1
2021,REG,00-0033307,K.Bourne,NE,QB,,1,1,1,25.0,1,0,2.34783104597591,1.0,2.34783104597591,1,22.0,3.0,22.0,3.0,1.35743291361723,0.990398132358678,1.35743291361723,0.990398132358678,1.0,1,0,0,0.0,0,0
2021,REG,00-0033319,N.Mullens,CLE,QB,,30,30,20,147.0,1,0,0.0721554037114041,0.43333333333333335,2.164662111342123,13,213.0,71.0,7.1,3.55,8.980451102979703,-6.677470046798769,0.29934837009932347,-0.2225823348932923,9.0,1,11,5,0.45454545454545453,3,1
2021,REG,00-0033357,T.Hill,NO,QB,,143,143,78,914.0,4,5,-0.0799625481776851,0.43356643356643354,-11.43464438940897,62,991.0,521.0,6.93006993006993,6.67948717948718,44.48103143358575,-41.791251359856716,0.31105616387122903,-0.292246513005991,43.0,14,43,14,0.32558139534883723,17,2
2021,REG,00-0033662,C.Rush,DAL,QB,,50,50,30,403.0,3,1,0.16051388958259205,0.46,8.025694479129603,23,424.0,207.0,8.48,6.9,21.773044494271748,-4.7332766028958035,0.43546088988543497,-0.09466553205791607,18.0,5,13,5,0.38461538461538464,8,2
2021,REG,00-0033681,K.Cole,NYJ,QB,,1,1,0,0.0,0,0,-0.740858779405244,0.0,-0.740858779405244,0,8.0,0.0,8.0,0.0,1.24728184530977,-1.98814062471502,1.24728184530977,-1.98814062471502,0.0,0,0,0,0.0,1,0
2021,REG,00-0033733,G.Ward,PHI,QB,,2,2,1,2.0,0,0,-1.6769146206206655,0.0,-3.353829241241331,0,2.0,3.0,1.0,3.0,2.8675102289998904,-6.221339470241219,1.4337551144999452,-3.1106697351206094,0.0,0,0,0,0.0,2,0
2021,REG,00-0033856,L.Fournette,TB,QB,,1,1,0,0.0,0,0,-0.663301464170218,0.0,-0.663301464170218,0,0.0,0.0,0.0,0.0,-0.660027460660785,-0.003274003509432,-0.660027460660785,-0.003274003509432,0.0,0,0,0,0.0,0,0
2021,REG,00-0033869,M.Trubisky,BUF,QB,,8,8,6,43.0,0,1,-0.207641733897616,0.5,-1.661133871180928,4,41.0,17.0,5.125,2.8333333333333335,2.21329500240972,-3.8744288735906633,0.276661875301215,-0.4843036091988329,2.0,0,1,1,1.0,0,0
2021,REG,00-0033873,P.Mahomes,KC,QB,,688,688,436,4695.0,37,13,0.1864508805901691,0.5174418604651163,128.27820584603634,356,4829.0,2690.0,7.0188953488372094,6.169724770642202,201.57595269782658,-27.137597487792565,0.2929883033398642,-0.03944418239504733,260.0,58,159,75,0.4716981132075472,117,26
2021,REG,00-0033908,C.Kupp,LA,QB,,1,1,0,0.0,0,0,-0.402064944501035,0.0,-0.402064944501035,0,25.0,0.0,25.0,0.0,2.96362725074869,-3.36569219524972,2.96362725074869,-3.36569219524972,0.0,0,0,0,0.0,0,0
2021,REG,00-0033936,C.Beathard,JAX,QB,,2,2,2,33.0,0,0,0.9145271843299285,0.5,1.829054368659857,1,27.0,6.0,13.5,3.0,1.416110313381072,0.412944055278786,0.708055156690536,0.206472027639393,1.0,1,1,1,1.0,0,0
2021,REG,00-0034052,B.Zylstra,CAR,QB,,1,1,0,0.0,0,0,-1.31671274715336,0.0,-1.31671274715336,0,13.0,0.0,13.0,0.0,1.30571889638668,-2.62243164354004,1.30571889638668,-2.62243164354004,0.0,0,1,0,0.0,0,0
2021,REG,00-0034177,T.Boyle,DET,QB,,95,95,61,528.0,3,6,-0.04047905967743463,0.4105263157894737,-3.8455106693562895,39,593.0,265.0,6.242105263157895,4.344262295081967,27.888825136129228,-32.7873358054855,0.29356658038030764,-0.3451298505840579,28.0,8,22,9,0.4090909090909091,15,3
2021,REG,00-0034343,J.Rosen,ATL,QB,,11,11,2,19.0,0,2,-1.7004433600232007,0.18181818181818182,-18.70487696025521,2,121.0,11.0,11.0,5.5,11.880651908286378,-30.58552886854158,1.0800592643896707,-2.780502624412871,1.0,0,5,1,0.2,0,0
2021,REG,00-0034348,C.Sutton,DEN,QB,,1,1,1,16.0,0,0,1.0016340004513,1.0,1.0016340004513,1,15.0,1.0,15.0,1.0,0.780808408453595,0.220825591997709,0.780808408453595,0.220825591997709,1.0,0,0,0,0.0,0,0
2021,REG,00-0034401,M.White,NYJ,QB,,137,137,88,935.0,5,8,-0.05336602578894523,0.49635036496350365,-7.311145533085497,68,781.0,566.0,5.700729927007299,6.431818181818182,29.193473992258074,-30.573074091055247,0.2130910510383801,-0.22316112475222807,49.0,11,27,10,0.37037037037037035,13,5
2021,REG,00-0034418,C.Wilson,DAL,QB,,3,3,3,88.0,0,0,1.9163465165959999,1.0,5.749039549788,3,67.0,21.0,22.333333333333332,7.0,4.532048485358241,1.2169910644297486,1.5106828284527472,0.40566368814324955,3.0,3,0,0,0.0,0,0
2021,REG,00-0034577,K.Allen,WAS,QB,,22,22,12,115.0,1,0,0.017845554070271795,0.4090909090909091,0.3926021895459795,9,135.0,46.0,6.136363636363637,3.8333333333333335,5.162981615925667,1.0522726265480886,0.23468098254207578,0.04783057393400403,6.0,0,6,2,0.3333333333333333,3,1
2021,REG,00-0034771,M.Rudolph,PIT,QB,,58,58,35,277.0,1,1,-0.2594773023661822,0.39655172413793105,-15.049683537238568,23,360.0,122.0,6.206896551724138,3.4857142857142858,17.656819727533737,-32.58788570301006,0.30442792633678856,-0.5618600983277596,16.0,2,16,6,0.375,11,1
2021,REG,00-0034775,C.Kirk,ARI,QB,,1,1,1,33.0,0,0,3.03057740646182,1.0,3.03057740646182,1,33.0,0.0,33.0,0.0,3.03057740646182,0.0,3.03057740646182,0.0,1.0,1,0,0,0.0,0,0
2021,REG,00-0034796,L.Jackson,BAL,QB,,425,425,246,2696.0,16,13,0.026496896696755506,0.4752941176470588,11.26118109612109,202,3534.0,1150.0,8.315294117647058,4.67479674796748,208.53879893506215,-145.55466337236467,0.49067952690602856,-0.34248156087615217,135.0,41,100,31,0.31,59,12
2021,REG,00-0034829,M.Gesicki,MIA,QB,,1,1,0,0.0,0,0,-0.586453419644386,0.0,-0.586453419644386,0,28.0,0.0,28.0,0.0,1.79226207011379,-2.37871548975818,1.79226207011379,-2.37871548975818,0.0,0,0,0,0.0,0,0
2021,REG,00-0034855,B.Mayfield,CLE,QB,,464,464,253,2745.0,17,13,-0.03355197366130837,0.4267241379310345,-15.568115778847082,198,3659.0,1370.0,7.885775862068965,5.41501976284585,228.69299170054728,-164.24724510599285,0.4928728269408347,-0.3539811316939501,143.0,42,117,34,0.2905982905982906,57,13
2021,REG,00-0034857,J.Allen,BUF,QB,,631,631,377,3887.0,32,15,0.09204452071348085,0.4865293185419968,58.08009257020642,307,4889.0,1609.0,7.748019017432647,4.267904509283819,344.1801004690697,-251.14160114442754,0.5454518232473371,-0.39800570704346677,214.0,47,156,63,0.40384615384615385,124,26
2021,REG,00-0034857,Jos.Allen,BUF,QB,,44,44,32,358.0,4,0,0.3939108750747194,0.5681818181818182,17.332078503287654,25,406.0,126.0,9.227272727272727,3.9375,25.306119314336687,-7.02704081104904,0.5751390753258337,-0.15970547297838728,20.0,4,10,6,0.6,11,3
2021,REG,00-0034860,D.Pettis,NYG,QB,,1,1,1,16.0,0,0,0.98088472627569,1.0,0.98088472627569,1,13.0,3.0,13.0,3.0,0.80067231610883,0.18021241016686,0.80067231610883,0.18021241016686,1.0,0,0,0,0.0,0,0
2021,REG,00-0034869,S.Darnold,CAR,QB,,442,442,243,2325.0,9,13,-0.18621596925722153,0.40271493212669685,-82.30745841169191,178,2932.0,1385.0,6.633484162895928,5.699588477366255,121.05563332010843,-145.90819567559097,0.2738815233486616,-0.33010903999002483,123.0,30,123,36,0.2926829268292683,48,8
2021,REG,00-0034899,J.Wolford,LA,QB,,5,5,1,-3.0,0,1,-1.272095798654481,0.0,-6.360478993272405,0,19.0,7.0,3.8,7.0,0.6537302335491422,-5.185634149005636,0.13074604670982842,-1.0371268298011271,0.0,0,2,0,0.0,0,0
2021,REG,00-0034955,B.Rypien,DEN,QB,,2,2,0,0.0,0,0,-1.029558893758802,0.0,-2.059117787517604,0,11.0,0.0,5.5,0.0,1.00370645476505,-3.062824242282659,0.501853227382525,-1.5314121211413294,0.0,0,1,0,0.0,0,0
2021,REG,00-0034960,J.Meyers,NE,QB,,2,2,2,45.0,0,0,0.893458651989931,1.0,1.786917303979862,2,11.0,34.0,5.5,17.0,-0.047685033234299956,1.8346023372141649,-0.023842516617149978,0.9173011686070824,1.0,1,1,0,0.0,0,0
2021,REG,00-0035040,D.Blough,DET,QB,,1,1,0,-6.0,0,0,-0.930512365535833,0.0,-0.930512365535833,0,0.0,0.0,0.0,0.0,0.0,0.0,0.0,0.0,0.0,0,0,0,0.0,0,0
2021,REG,00-0035156,J.Fox,DET,QB,,3,3,2,38.0,0,0,1.7307864382358595,0.6666666666666666,5.192359314707579,2,30.0,21.0,10.0,10.5,10.72415771347005,-5.53179839876247,3.57471923782335,-1.8439327995874901,2.0,1,0,0,0.0,0,0
2021,REG,00-0035228,K.Murray,ARI,QB,,514,514,333,3501.0,24,10,0.11670093117007421,0.4961089494163424,59.98427862141815,255,3823.0,1782.0,7.437743190661479,5.351351351351352,254.18343692982728,-141.9291486409819,0.49452030531094804,-0.27612674832875855,172.0,49,123,48,0.3902439024390244,81,16
2021,REG,00-0035289,G.Minshew,PHI,QB,,66,66,41,408.0,4,1,0.2406302653393525,0.4696969696969697,15.881597512397265,31,346.0,263.0,5.242424242424242,6.414634146341464,0.2936354322300676,21.952587467917702,0.0044490217004555695,0.3326149616351167,24.0,7,24,10,0.4166666666666667,8,1
2021,REG,00-0035544,T.Kennedy,DET,QB,,1,1,1,75.0,1,0,5.06959803728387,1.0,5.06959803728387,1,24.0,51.0,24.0,51.0,1.31413694168441,3.75546109559946,1.31413694168441,3.75546109559946,1.0,1,0,0,0.0,0,0
2021,REG,00-0035676,A.Brown,TEN,QB,,2,2,0,0.0,0,0,-0.6257291739457285,0.0,-1.251458347891457,0,42.0,0.0,21.0,0.0,3.07186423422535,-4.32332258211681,1.535932117112675,-2.161661291058405,0.0,0,0,0,0.0,0,0
2021,REG,00-0035685,D.Montgomery,CHI,QB,,1,1,0,0.0,0,1,-3.17675002466422,0.0,-3.17675002466422,0,9.0,0.0,9.0,0.0,4.26410341809969,-7.44085344276391,4.26410341809969,-7.44085344276391,0.0,0,0,0,0.0,1,0
2021,REG,00-0035689,D.Knox,BUF,QB,,1,1,0,2.0,0,0,1.053,1.0,1.053,1,0.0,0.0,0.0,0.0,0.0,0.0,0.0,0.0,0.0,0,0,0,0.0,1,0
2021,REG,00-0035704,D.Lock,DEN,QB,,120,120,67,735.0,2,2,-0.07682369602107045,0.38333333333333336,-9.218843522528454,46,1107.0,350.0,9.225,5.223880597014926,58.02082951119788,-56.961602746995155,0.4835069125933157,-0.4746800228916263,32.0,13,33,8,0.24242424242424243,10,1
2021,REG,00-0035710,D.Jones,NYG,QB,,384,384,232,2270.0,10,7,-0.03760663448893162,0.4166666666666667,-14.440947643749741,160,2640.0,1098.0,6.875,4.732758620689655,142.22222882330263,-111.84877717667372,0.3703703875606839,-0.29127285723092117,116.0,24,106,35,0.330188679245283,46,5
2021,REG,00-0035719,D.Samuel,SF,QB,,2,2,1,24.0,1,0,1.0088668178941584,0.5,2.017733635788317,1,39.0,0.0,19.5,0.0,4.66469082975527,-2.64695719396696,2.332345414877635,-1.32347859698348,1.0,1,0,0,0.0,1,0
2021,REG,00-0035752,C.Streveler,ARI,QB,,11,11,6,19.0,0,0,-0.38695962896401176,0.36363636363636365,-4.256555918604129,4,38.0,22.0,3.4545454545454546,3.6666666666666665,-1.244154261425145,0.6765278994571307,-0.11310493285683137,0.0615025363142846,1.0,0,2,1,0.5,1,0
2021,REG,00-0035859,B.Gillikin,NO,QB,,1,1,0,0.0,0,0,-2.3642861736007,0.0,-2.3642861736007,0,9.0,0.0,9.0,0.0,2.8391471291543,-5.203433302755,2.8391471291543,-5.203433302755,0.0,0,0,0,0.0,0,0
2021,REG,00-0035864,K.Hinton,DEN,QB,,1,1,1,1.0,0,0,-3.13066442887066,0.0,-3.13066442887066,0,-5.0,6.0,-5.0,6.0,-3.38069115130929,0.250026722438633,-3.38069115130929,0.250026722438633,0.0,0,0,0,0.0,1,0
2021,REG,00-0035889,T.Townsend,KC,QB,,1,1,1,16.0,0,0,4.03069802792743,1.0,4.03069802792743,1,11.0,5.0,11.0,5.0,3.62705634837039,0.40364167955704,3.62705634837039,0.40364167955704,1.0,0,0,0,0.0,0,0
2021,REG,00-0035993,T.Huntley,BAL,QB,,208,208,122,974.0,3,4,-0.14745542068373393,0.3942307692307692,-30.670727502216657,82,1407.0,446.0,6.764423076923077,3.6557377049180326,69.36748957069362,-62.384968906622504,0.3334975460129501,-0.2999277351279928,55.0,11,48,14,0.2916666666666667,34,3
2021,REG,00-0036197,J.Fromm,NYG,QB,,66,66,27,177.0,1,3,-0.5326754659384302,0.2878787878787879,-35.15658075193639,19,434.0,99.0,6.575757575757576,3.6666666666666665,22.082361889537452,-43.339595819532406,0.33458124075056744,-0.6566605427201879,10.0,2,19,6,0.3157894736842105,5,0
2021,REG,00-0036212,T.Tagovailoa,MIA,QB,,410,410,263,2503.0,16,10,0.05112675152908939,0.48292682926829267,20.96196812692665,198,2735.0,1231.0,6.670731707317073,4.680608365019012,154.401532845588,-95.69786926312922,0.3765891045014342,-0.23340943722714444,137.0,30,111,45,0.40540540540540543,59,15
2021,REG,00-0036226,J.Eason,IND,QB,,5,5,2,25.0,0,1,-0.6205086154979653,0.2,-3.1025430774898264,1,63.0,-3.0,12.6,-1.5,1.4036409908730993,-4.506184068362924,0.28072819817461986,-0.9012368136725849,2.0,0,0,0,0.0,0,0
2021,REG,00-0036264,J.Love,GB,QB,,66,66,36,388.0,2,3,-0.149121394159635,0.3787878787878788,-9.842012014535909,25,494.0,233.0,7.484848484848484,6.472222222222222,27.1131700298574,-26.48560373635468,0.4108056065129909,-0.40129702630840425,22.0,6,19,4,0.21052631578947367,11,1
2021,REG,00-0036275,D.Swift,DET,QB,,1,1,0,0.0,0,0,-0.912519452162087,0.0,-0.912519452162087,0,-12.0,0.0,-12.0,0.0,-2.18859169445932,1.27607224229723,-2.18859169445932,1.27607224229723,0.0,0,0,0,0.0,0,0
2021,REG,00-0036322,J.Jefferson,MIN,QB,,4,4,2,35.0,0,0,0.31333396994159646,0.5,1.2533358797663858,2,36.0,28.0,9.0,14.0,1.0010730302892659,0.25226284947712063,0.25026825757231647,0.06306571236928016,2.0,1,0,0,0.0,0,0
2021,REG,00-0036355,J.Herbert,LAC,QB,,710,710,443,4810.0,38,15,0.14985489848149675,0.49577464788732395,106.39697792186269,352,5058.0,2403.0,7.123943661971831,5.424379232505643,298.7421725161658,-142.98250692619973,0.42076362326220534,-0.2013838125721123,256.0,53,179,79,0.441340782122905,126,29
2021,REG,00-0036389,J.Hurts,PHI,QB,,461,461,265,3000.0,16,9,0.02664319614986367,0.4316702819956616,12.282513425087153,199,3882.0,1463.0,8.420824295010846,5.520754716981132,261.4461355499589,-203.5568251307156,0.5671282766810388,-0.441554935207626,143.0,44,120,41,0.3416666666666667,65,13
2021,REG,00-0036442,J.Burrow,CIN,QB,,573,573,366,4243.0,34,14,0.15445026061521416,0.4869109947643979,88.49999933251772,279,4227.0,2251.0,7.37696335078534,6.1502732240437155,229.36671978025083,-49.78870494315062,0.40029095947687754,-0.08689128262329951,202.0,60,152,61,0.40131578947368424,69,16
2021,REG,00-0036825,F.Franks,ATL,QB,,1,1,0,0.0,0,1,-3.84049341495847,0.0,-3.84049341495847,0,2.0,0.0,2.0,0.0,-0.139077436760999,-3.70141597819747,-0.139077436760999,-3.70141597819747,0.0,0,0,0,0.0,0,0
2021,REG,00-0036898,D.Mills,HOU,QB,,426,426,263,2460.0,16,10,-0.11779286962750432,0.431924882629108,-50.17976246131684,184,2869.0,1232.0,6.734741784037559,4.684410646387833,118.83179712124291,-114.48033925682437,0.27894788056629793,-0.26873319074371915,118.0,31,125,40,0.32,32,8
2021,REG,00-0036913,K.Toney,NYG,QB,,4,4,1,13.0,0,0,-0.20709456416079647,0.25,-0.8283782566431859,1,53.0,6.0,13.25,6.0,2.295028249151076,-2.258611339726489,0.573757062287769,-0.5646528349316222,1.0,0,1,0,0.0,0,0
2021,REG,00-0036929,I.Book,NO,QB,,28,28,12,81.0,0,2,-1.0617789263882773,0.21428571428571427,-29.729809938871767,6,76.0,81.0,2.7142857142857144,6.75,-7.14303999586263,-5.853771734633485,-0.2551085712808082,-0.20906327623691018,5.0,1,9,0,0.0,0,0
2021,REG,00-0036945,J.Fields,CHI,QB,,306,306,159,1606.0,7,10,-0.21218552978707642,0.39869281045751637,-64.92877211484539,122,2645.0,683.0,8.643790849673202,4.29559748427673,202.19585846927785,-191.12763358484142,0.6607707793113655,-0.6246001097543837,83.0,28,86,21,0.2441860465116279,35,5
2021,REG,00-0036946,K.Mond,MIN,QB,,3,3,2,5.0,0,0,-0.5858508474969607,0.3333333333333333,-1.757552542490882,1,0.0,9.0,0.0,4.5,-2.552412854973229,0.7948603124823401,-0.8508042849910763,0.2649534374941134,0.0,0,1,0,0.0,0,0
2021,REG,00-0036971,T.Lawrence,JAX,QB,,639,639,359,3407.0,12,17,-0.11248108483074494,0.433489827856025,-71.87541320684602,277,4738.0,1634.0,7.41471048513302,4.5515320334261835,288.1448875329953,-292.5472832255224,0.4509309664053135,-0.45782047453133395,177.0,43,165,55,0.3333333333333333,65,7
2021,REG,00-0036972,M.Jones,NE,QB,,551,551,352,3564.0,22,13,0.057567411357321865,0.4827586206896552,31.719643657884347,266,4158.0,1760.0,7.5462794918330305,5.0,231.6376487880649,-144.34248356129615,0.4203950068748909,-0.2619645799660547,177.0,52,146,59,0.4041095890410959,79,18
2021,REG,00-0037012,T.Lance,SF,QB,,75,75,41,588.0,5,2,0.14246569927334873,0.41333333333333333,10.684927445501154,31,658.0,288.0,8.773333333333333,7.024390243902439,44.868413116119726,-25.52427767201828,0.5982455082149297,-0.34032370229357706,27.0,8,20,6,0.3,8,3
2021,REG,00-0037013,Z.Wilson,NYJ,QB,,430,430,213,1966.0,9,11,-0.2225191069328897,0.3627906976744186,-95.68321598114257,156,2885.0,1077.0,6.709302325581396,5.056338028169014,142.66224518916493,-157.80396268873776,0.3317726632306161,-0.3669859597412506,112.0,32,123,34,0.2764227642276423,51,6
2022,POST,00-0019596,T.Brady,TB,QB,,70,70,35,336.0,2,1,-0.05112553037677708,0.4142857142857143,-3.5787871263743956,29,360.0,192.0,5.142857142857143,5.485714285714286,2.4248523258429673,-2.455033969978098,0.03464074751204239,-0.03507191385682997,20.0,2,16,8,0.5,15,1
2022,POST,00-0026197,C.Henne,KC,QB,,7,7,5,23.0,1,0,0.38670743880460984,0.5714285714285714,2.706952071632269,4,32.0,12.0,4.571428571428571,2.4,-0.2520182946755051,2.958970366307773,-0.036002613525072155,0.42271005232968184,3.0,0,2,2,1.0,1,1
2022,POST,00-0026300,J.Johnson,SF,QB,,15,15,7,60.0,0,0,-0.13503780013415909,0.3333333333333333,-2.0255670020123864,5,67.0,52.0,4.466666666666667,7.428571428571429,1.6006603661808119,-0.7856993082095829,0.10671069107872079,-0.05237995388063886,3.0,1,2,1,0.5,0,0
2022,POST,00-0029604,K.Cousins,MIN,QB,,39,39,31,273.0,2,0,0.31405291376927974,0.5897435897435898,12.248063637001911,23,268.0,127.0,6.871794871794871,4.096774193548387,9.648643095133584,2.5994205418683176,0.24740110500342524,0.0666518087658543,16.0,3,9,4,0.4444444444444444,6,2
2022,POST,00-0030565,G.Smith,SEA,QB,,39,39,25,228.0,2,1,0.07213670809310282,0.46153846153846156,2.8133316156310104,18,326.0,77.0,8.35897435897436,3.08,24.098163157701492,-11.33441874437269,0.6179016194282434,-0.29062612165058177,14.0,3,10,5,0.5,8,1
2022,POST,00-0033077,D.Prescott,DAL,QB,,72,72,48,503.0,5,2,0.24407197821205243,0.5,17.573182431267774,36,571.0,206.0,7.930555555555555,4.291666666666667,22.9274616340117,-2.3657273637219354,0.3184369671390514,-0.03285732449613799,25.0,7,23,8,0.34782608695652173,9,4
2022,POST,00-0033280,C.McCaffrey,SF,QB,,1,1,0,0.0,0,0,-0.537330036517233,0.0,-0.537330036517233,0,39.0,0.0,39.0,0.0,2.4258847431629,-2.96321477968013,2.4258847431629,-2.96321477968013,0.0,0,0,0,0.0,0,0
2022,POST,00-0033873,P.Mahomes,KC,QB,,103,103,72,692.0,7,0,0.28618413052175684,0.5728155339805825,29.476965443740955,59,618.0,352.0,6.0,4.888888888888889,24.013769935438145,13.385147020410475,0.2331433974314383,0.12995288369330557,40.0,6,20,8,0.4,19,7
2022,POST,00-0034857,J.Allen,BUF,QB,,89,89,48,577.0,3,3,-0.1524124797883631,0.42696629213483145,-13.564710701164316,38,990.0,181.0,11.123595505617978,3.7708333333333335,66.01767872230269,-62.32097218000826,0.7417716710371088,-0.700235642472003,30.0,9,19,7,0.3684210526315789,13,2
2022,POST,00-0035710,D.Jones,NYG,QB,,70,70,39,398.0,2,1,-0.012740805744972222,0.4142857142857143,-0.8918564021480555,29,415.0,233.0,5.928571428571429,5.9743589743589745,22.293441294284996,-9.527802878572668,0.31847773277549996,-0.13611146969389526,23.0,4,18,6,0.3333333333333333,9,2
2022,POST,00-0035993,T.Huntley,BAL,QB,,31,31,17,209.0,2,1,0.11048402519317387,0.45161290322580644,3.42500478098839,14,191.0,126.0,6.161290322580645,7.411764705882353,12.63261068434803,-5.788769696929068,0.4075035704628397,-0.18673450635255057,11.0,4,7,2,0.2857142857142857,7,1
2022,POST,00-0036322,J.Jefferson,MIN,QB,,1,1,1,-2.0,0,0,-2.38019869942218,0.0,-2.38019869942218,0,-6.0,4.0,-6.0,4.0,-2.91216729022563,0.531968590803444,-2.91216729022563,0.531968590803444,0.0,0,1,0,0.0,0,0
2022,POST,00-0036355,J.Herbert,LAC,QB,,46,46,25,253.0,1,0,0.16621020402370776,0.45652173913043476,7.6456693850905575,21,239.0,150.0,5.195652173913044,6.0,11.148436884745019,-2.002344142530983,0.24235732358141346,-0.043529220489803976,13.0,5,15,7,0.4666666666666667,11,1
2022,POST,00-0036389,J.Hurts,PHI,QB,,91,91,58,571.0,3,0,0.19919384791077455,0.4175824175824176,18.126640159880484,38,791.0,249.0,8.692307692307692,4.293103448275862,43.05752558208418,-20.661733493834696,0.47315962178114485,-0.2270520164157659,25.0,7,24,12,0.5,12,2
2022,POST,00-0036442,J.Burrow,CIN,QB,,120,120,72,663.0,4,2,0.1142914197287829,0.49166666666666664,13.714970367453947,59,747.0,341.0,6.225,4.736111111111111,48.175430098839584,-20.79902895426245,0.4014619174903299,-0.17332524128552043,36.0,7,27,12,0.4444444444444444,16,2
2022,POST,00-0036971,T.Lawrence,JAX,QB,,91,91,52,478.0,5,5,-0.12559439579112613,0.46153846153846156,-11.429090016992479,42,656.0,227.0,7.208791208791209,4.365384615384615,36.07994953261219,-40.24925105578981,0.39648296189683724,-0.4422994621515364,29.0,5,19,5,0.2631578947368421,10,4
2022,POST,00-0037327,S.Thompson,MIA,QB,,50,50,18,191.0,1,2,-0.19251713796609823,0.34,-9.625856898304912,17,497.0,106.0,9.94,5.888888888888889,30.69434618382366,-35.2543469358954,0.6138869236764732,-0.705086938717908,12.0,3,15,4,0.26666666666666666,5,1
2022,POST,00-0037834,B.Purdy,SF,QB,,68,68,41,548.0,3,0,0.313827650667332,0.5294117647058824,21.340280245378576,36,635.0,282.0,9.338235294117647,6.878048780487805,40.55842102543105,-10.617080897660276,0.5964473680210449,-0.1561335426126511,27.0,9,20,9,0.45,12,2
2022,REG,00-0019596,T.Brady,TB,QB,,761,761,490,4538.0,25,9,0.05428936434201335,0.4730617608409987,41.31420626427216,360,5027.0,2278.0,6.6057818659658345,4.648979591836735,222.4752169008151,-137.18289597697566,0.2923458829182853,-0.1802666175781546,237.0,50,193,66,0.34196891191709844,114,20
2022,REG,00-0022824,A.Lee,ARI,QB,,1,1,1,4.0,0,0,2.86447695572861,1.0,2.86447695572861,1,0.0,4.0,0.0,4.0,-3.46060508396477,6.32508203969337,-3.46060508396477,6.32508203969337,1.0,0,0,0,0.0,0,0
2022,REG,00-0023459,A.Rodgers,GB,QB,,577,577,350,3441.0,26,12,-0.031277317604713244,0.4436741767764298,-18.04701225791954,256,4327.0,1899.0,7.499133448873484,5.425714285714286,232.60583602187134,-186.3192268617253,0.40312969847811325,-0.3229102718574095,177.0,53,149,51,0.3422818791946309,89,19
2022,REG,00-0026143,M.Ryan,IND,QB,,503,503,309,2770.0,14,13,-0.09160994193507285,0.43339960238568587,-46.07980079334165,218,2772.0,1408.0,5.510934393638171,4.55663430420712,98.64526006704834,-69.60227422681437,0.1961138371114281,-0.13837430263780193,156.0,33,133,47,0.3533834586466165,61,12
2022,REG,00-0026158,J.Flacco,NYJ,QB,,201,201,110,985.0,5,3,-0.15000427153617832,0.39303482587064675,-30.150858578771842,79,1537.0,439.0,7.646766169154229,3.9909090909090907,95.10130409069824,-98.99800974832527,0.473140816371633,-0.4925274116832103,55.0,7,56,20,0.35714285714285715,26,4
2022,REG,00-0026197,C.Henne,KC,QB,,2,2,0,0.0,0,0,-0.9457569336809695,0.0,-1.891513867361939,0,-4.0,0.0,-2.0,0.0,-2.4685785765177597,0.5770647091558208,-1.2342892882588798,0.2885323545779104,0.0,0,1,0,0.0,0,0
2022,REG,00-0026300,J.Johnson,SF,QB,,2,2,1,10.0,0,0,-0.41792455929680483,0.5,-0.8358491185936097,1,2.0,4.0,1.0,4.0,-5.5013975357869604,4.665548417193348,-2.7506987678934802,2.332774208596674,1.0,0,0,0,0.0,0,0
2022,REG,00-0026498,M.Stafford,LA,QB,,332,332,206,1879.0,10,8,-0.08779621300025939,0.46686746987951805,-29.148342716086116,155,2027.0,1119.0,6.105421686746988,5.432038834951456,88.51198451267555,-61.98564879589013,0.26660236298998663,-0.186703761433404,105.0,21,87,34,0.39080459770114945,46,7
2022,REG,00-0026544,C.Daniel,LAC,QB,,14,14,8,53.0,1,0,0.17350292139356158,0.42857142857142855,2.4290408995098622,6,17.0,63.0,1.2142857142857142,7.875,-5.148821478884186,7.135602640919394,-0.36777296277744187,0.5096859029228138,4.0,0,4,1,0.25,7,1
2022,REG,00-0026625,B.Hoyer,NE,QB,,7,7,5,29.0,0,0,-0.3037891247863171,0.42857142857142855,-2.12652387350422,3,28.0,22.0,4.0,4.4,-0.7259596431394981,1.119699942328988,-0.10370852044849974,0.15995713461842684,2.0,1,2,0,0.0,2,0
2022,REG,00-0027688,C.McCoy,ARI,QB,,145,145,90,683.0,1,3,-0.2617552864116169,0.38620689655172413,-37.95451652968445,56,801.0,368.0,5.524137931034483,4.088888888888889,24.00148541192175,-41.78021426379244,0.16552748559946034,-0.2881394087158099,34.0,6,40,12,0.3,12,1
2022,REG,00-0027948,B.Gabbert,TB,QB,,8,8,6,29.0,1,0,0.026905524740867756,0.375,0.21524419792694205,3,20.0,37.0,2.5,6.166666666666667,-0.5448894553701402,0.760133653297105,-0.06811118192126753,0.09501670666213813,2.0,0,3,1,0.3333333333333333,2,1
2022,REG,00-0027973,A.Dalton,NO,QB,,404,404,252,2684.0,18,9,0.01802270005011773,0.4900990099009901,7.281170820247563,198,2981.0,1318.0,7.378712871287129,5.23015873015873,165.1778175607656,-110.52237827257358,0.40885598406130097,-0.2735702432489445,135.0,28,131,46,0.3511450381679389,54,11
2022,REG,00-0028118,T.Taylor,NYG,QB,,12,12,6,42.0,1,1,-0.2776947425409066,0.5,-3.3323369104908793,6,99.0,26.0,8.25,4.333333333333333,4.790274117782241,-1.9346481023821938,0.39918950981518675,-0.16122067519851616,3.0,0,1,0,0.0,2,1
2022,REG,00-0028986,C.Keenum,BUF,QB,,7,7,2,8.0,0,0,-0.8266105596308723,0.0,-5.786273917416106,0,57.0,5.0,8.142857142857142,2.5,3.523515775683334,-9.30978969309944,0.5033593965261906,-1.3299699561570628,0.0,0,3,0,0.0,0,0
2022,REG,00-0029263,R.Wilson,DEN,QB,,539,539,292,3156.0,16,11,-0.10564751340983362,0.3654916512059369,-56.94400972790032,197,4264.0,1720.0,7.910946196660483,5.890410958904109,238.62870131952602,-199.54805920216373,0.4427248633015325,-0.3702190337702481,142.0,54,154,38,0.24675324675324675,52,9
2022,REG,00-0029567,N.Foles,IND,QB,,50,50,25,177.0,0,4,-0.6834245387002608,0.32,-34.17122693501304,16,343.0,90.0,6.86,3.6,18.81131087866379,-41.567904120154054,0.3762262175732758,-0.8313580824030811,9.0,1,16,1,0.0625,3,0
2022,REG,00-0029604,K.Cousins,MIN,QB,,693,693,424,4224.0,29,14,0.029506248511813375,0.47619047619047616,20.44783021868667,330,4821.0,1954.0,6.956709956709957,4.6084905660377355,269.26093534452514,-165.8889651368657,0.38854391824606804,-0.23937801607051326,230.0,47,189,72,0.38095238095238093,119,23
2022,REG,00-0029701,R.Tannehill,TEN,QB,,359,359,212,2300.0,13,6,0.044824340352691734,0.4568245125348189,16.091938186616332,164,2532.0,1179.0,7.052924791086351,5.561320754716981,139.46956998057428,-67.93819568754958,0.3884946239013211,-0.18924288492353644,116.0,35,112,39,0.3482142857142857,54,10
2022,REG,00-0030288,R.Burkhead,HOU,QB,,1,1,0,0.0,0,0,-0.451972615905106,0.0,-0.451972615905106,0,7.0,0.0,7.0,0.0,0.477878330450039,-0.929850946355145,0.477878330450039,-0.929850946355145,0.0,0,0,0,0.0,1,0
2022,REG,00-0030565,G.Smith,SEA,QB,,620,620,399,3934.0,30,11,0.0041991280955441255,0.4806451612903226,2.6034594192373577,298,4311.0,1780.0,6.953225806451613,4.461152882205514,257.68904709889614,-174.20364212250823,0.41562749532080023,-0.28097361632662615,206.0,50,153,49,0.3202614379084967,86,18
2022,REG,00-0031237,T.Bridgewater,MIA,QB,,87,87,49,638.0,4,4,-0.06750626297356123,0.47126436781609193,-5.873044878699827,41,704.0,307.0,8.091954022988507,6.26530612244898,44.60236114628982,-39.46567360245094,0.5126708177734463,-0.45362843221207977,32.0,7,22,5,0.22727272727272727,11,4
2022,REG,00-0031280,D.Carr,LV,QB,,532,532,305,3331.0,24,14,0.024018197285444035,0.41353383458646614,12.777680955856226,220,4602.0,1509.0,8.650375939849624,4.947540983606557,294.03176992814224,-235.91876165395513,0.5526912968574103,-0.4434563188984119,161.0,47,146,54,0.3698630136986301,62,11
2022,REG,00-0031345,J.Garoppolo,SF,QB,,326,326,207,2337.0,16,4,0.18925079121739713,0.5,61.695757936871466,163,2124.0,1443.0,6.515337423312883,6.971014492753623,96.2320635899062,-1.9962620680280925,0.29519037911014173,-0.006123503276159793,114.0,31,92,41,0.44565217391304346,47,12
2022,REG,00-0031381,D.Adams,LV,QB,,1,1,0,-10.0,0,0,-1.80456407845486,0.0,-1.80456407845486,0,0.0,0.0,0.0,0.0,0.0,0.0,0.0,0.0,0.0,0,0,0,0.0,0,0
2022,REG,00-0031503,J.Winston,NO,QB,,127,127,73,786.0,4,5,-0.11063767195201892,0.4566929133858268,-14.050984337906403,58,1315.0,202.0,10.354330708661417,2.767123287671233,82.3018408831558,-82.48435045343693,0.6480459912059512,-0.6494830744365113,35.0,13,33,10,0.30303030303030304,16,4
2022,REG,00-0031544,A.Cooper,CLE,QB,,1,1,0,0.0,0,1,-4.98050244455226,0.0,-4.98050244455226,0,18.0,0.0,18.0,0.0,1.0833881481085,-6.06389059266076,1.0833881481085,-6.06389059266076,0.0,0,0,0,0.0,0,0
2022,REG,00-0031800,T.Heinicke,WAS,QB,,278,278,161,1718.0,12,6,-0.045722999106896395,0.4352517985611511,-12.710993751717197,121,2146.0,772.0,7.719424460431655,4.795031055900621,137.7212294775236,-104.06671273500655,0.49540010603425755,-0.37434069329139047,93.0,20,86,22,0.2558139534883721,37,9
2022,REG,00-0032156,T.Siemian,CHI,QB,,28,28,15,170.0,1,1,-0.25551397616012334,0.35714285714285715,-7.154391332483453,10,171.0,116.0,6.107142857142857,7.733333333333333,10.459602770104548,-14.180467428768104,0.3735572417894481,-0.5064452653131466,7.0,4,10,2,0.2,4,1
2022,REG,00-0032208,P.Dorsett,HOU,QB,,1,1,0,0.0,0,0,-0.536111096618697,0.0,-0.536111096618697,0,12.0,0.0,12.0,0.0,0.656294597312808,-1.19240569393151,0.656294597312808,-1.19240569393151,0.0,0,0,0,0.0,0,0
2022,REG,00-0032268,M.Mariota,ATL,QB,,330,330,184,2028.0,15,9,-0.019017541776749598,0.46060606060606063,-6.275788786327367,152,3093.0,912.0,9.372727272727273,4.956521739130435,193.423386671063,-154.46025316028295,0.586131474760797,-0.46806137321297864,111.0,30,96,28,0.2916666666666667,39,11
2022,REG,00-0032434,B.Allen,CIN,QB,,4,4,3,22.0,0,0,-0.1720634812875225,0.25,-0.68825392515009,1,10.0,12.0,2.5,4.0,-0.549573027237783,1.4209816821121464,-0.13739325680944575,0.3552454205280366,1.0,0,3,1,0.3333333333333333,0,0
2022,REG,00-0032436,J.Driskel,HOU,QB,,22,22,14,95.0,1,0,-0.09142459227322543,0.36363636363636365,-2.0113410300109593,8,45.0,79.0,2.0454545454545454,5.642857142857143,-9.016467370529405,10.125103889877204,-0.40983942593315476,0.46023199499441836,5.0,1,2,0,0.0,5,0
2022,REG,00-0032764,D.Henry,TEN,QB,,2,2,2,4.0,1,0,0.233228300377958,0.5,0.466456600755916,1,-1.0,5.0,-0.5,2.5,0.43562853732146,0.0308280634344555,0.21781426866073,0.01541403171722775,1.0,0,0,0,0.0,1,1
2022,REG,00-0032792,N.Sudfeld,DET,QB,,1,1,0,-7.0,0,0,-0.898727806800917,0.0,-0.898727806800917,0,0.0,0.0,0.0,0.0,0.0,0.0,0.0,0.0,0.0,0,1,0,0.0,1,0
2022,REG,00-0032943,R.Dixon,LA,QB,,2,2,2,18.0,0,0,2.69337699189782,1.0,5.38675398379564,2,10.0,8.0,5.0,4.0,-0.08501991967205003,5.471773903467689,-0.04250995983602501,2.7358869517338444,2.0,0,0,0,0.0,0,0
2022,REG,00-0032950,C.Wentz,WAS,QB,,309,309,172,1600.0,11,9,-0.12919628524190288,0.3883495145631068,-39.92165213974799,120,2147.0,826.0,6.948220064724919,4.8023255813953485,93.29318684096236,-83.98785299397375,0.3019196985144413,-0.2718053494950607,85.0,22,83,31,0.37349397590361444,42,7
2022,REG,00-0033009,T.Boyd,CIN,QB,,2,2,1,11.0,0,0,0.3036442220327451,0.5,0.6072884440654902,1,21.0,2.0,10.5,2.0,3.08709142403677,0.13085429277271,1.543545712018385,0.065427146386355,1.0,1,1,1,1.0,1,0
2022,REG,00-0033077,D.Prescott,DAL,QB,,414,414,261,2734.0,23,15,0.08899009642486516,0.5048309178743962,36.841899919894175,209,3223.0,1212.0,7.785024154589372,4.64367816091954,199.9325861954646,-131.68799381438777,0.482928952162958,-0.31808694158064676,142.0,37,107,48,0.4485981308411215,61,18
2022,REG,00-0033106,J.Goff,DET,QB,,611,611,382,4284.0,29,7,0.15787801663931564,0.4844517184942717,96.46346816662185,296,4129.0,2271.0,6.757774140752864,5.945026178010472,181.7208591089275,-35.165897454822776,0.2974154813566735,-0.05755466031885888,227.0,57,154,63,0.4090909090909091,95,22
2022,REG,00-0033119,J.Brissett,CLE,QB,,395,395,236,2448.0,12,6,0.032307032154653775,0.4430379746835443,12.761277701088241,175,3221.0,1063.0,8.154430379746836,4.504237288135593,222.98535634698516,-160.301208687322,0.5645198894860384,-0.4058258447780304,129.0,32,112,35,0.3125,51,11
2022,REG,00-0033275,P.Walker,CAR,QB,,113,113,63,685.0,3,3,-0.1763886020881107,0.35398230088495575,-19.931912035956508,40,837.0,408.0,7.407079646017699,6.476190476190476,36.07555902987947,-46.103031121993396,0.31925273477769445,-0.40799142585834863,30.0,14,34,7,0.20588235294117646,3,1
2022,REG,00-0033280,C.McCaffrey,SF,QB,,1,1,1,34.0,1,0,3.77113624417689,1.0,3.77113624417689,1,31.0,3.0,31.0,3.0,2.69567766564433,1.07545857853256,2.69567766564433,1.07545857853256,1.0,1,0,0,0.0,0,0
2022,REG,00-0033319,N.Mullens,MIN,QB,,25,25,21,224.0,1,1,0.4974998056324985,0.64,12.437495140812462,16,170.0,117.0,6.8,5.571428571428571,7.608488115935675,4.829007024876768,0.304339524637427,0.1931602809950707,11.0,2,3,1,0.3333333333333333,3,1
2022,REG,00-0033357,T.Hill,NO,QB,,21,21,13,226.0,2,0,0.5993419792646497,0.5714285714285714,12.586181564557643,12,254.0,102.0,12.095238095238095,7.846153846153846,14.832513765257296,0.544633785204494,0.7063101792979665,0.025934942152594953,11.0,4,1,0,0.0,2,0
2022,REG,00-0033537,D.Watson,CLE,QB,,190,190,99,996.0,7,5,-0.15879524439968185,0.4105263157894737,-30.17109643593955,78,1214.0,530.0,6.389473684210526,5.353535353535354,85.92452882982964,-89.95660332101599,0.45223436226226127,-0.4734558069527157,53.0,12,55,16,0.2909090909090909,34,5
2022,REG,00-0033550,D.Webb,NYG,QB,,41,41,23,168.0,1,0,-0.06008111063027762,0.34146341463414637,-2.4633255358413826,14,204.0,76.0,4.975609756097561,3.3043478260869565,-0.8521509580896329,-0.6641745777517654,-0.020784169709503243,-0.01619937994516501,11.0,1,11,2,0.18181818181818182,4,0
2022,REG,00-0033555,M.Hollins,LV,QB,,1,1,1,4.0,0,0,0.0511495949467644,1.0,0.0511495949467644,1,-6.0,10.0,-6.0,10.0,-1.94654388155323,1.99769347649999,-1.94654388155323,1.99769347649999,0.0,0,0,0,0.0,0,0
2022,REG,00-0033662,C.Rush,DAL,QB,,169,169,94,1002.0,5,3,-0.08794996549643992,0.39644970414201186,-14.863544168898347,67,1247.0,455.0,7.378698224852071,4.840425531914893,61.333495586444116,-63.494442874341985,0.36292009222747995,-0.3757067625700709,52.0,13,52,11,0.21153846153846154,19,4
2022,REG,00-0033856,L.Fournette,TB,QB,,1,1,0,0.0,0,1,-4.7260164351901,0.0,-4.7260164351901,0,16.0,0.0,16.0,0.0,1.0227527586394,-5.7487691938295,1.0227527586394,-5.7487691938295,0.0,0,0,0,0.0,0,0
2022,REG,00-0033869,M.Trubisky,PIT,QB,,192,192,117,1186.0,4,5,0.009969538480335228,0.4375,1.914151388224364,84,1754.0,388.0,9.135416666666666,3.3162393162393164,106.95411327217883,-90.94460641185303,0.5570526732925981,-0.47366982506173455,65.0,16,60,25,0.4166666666666667,14,4
2022,REG,00-0033873,P.Mahomes,KC,QB,,677,677,435,5066.0,41,12,0.25845402285097996,0.5258493353028065,174.97337347011342,356,4715.0,2827.0,6.964549483013294,6.498850574712644,258.8608891052621,-44.08604896112166,0.38236468110083033,-0.0651197178155416,272.0,73,152,73,0.48026315789473684,131,35
2022,REG,00-0033893,D.Cook,MIN,QB,,1,1,0,-5.0,0,0,-6.88789240695769,0.0,-6.88789240695769,0,0.0,0.0,0.0,0.0,0.0,0.0,0.0,0.0,0.0,0,0,0,0.0,1,0
2022,REG,00-0033908,C.Kupp,LA,QB,,1,1,0,0.0,0,0,-0.467520276433788,0.0,-0.467520276433788,0,25.0,0.0,25.0,0.0,1.70188711863011,-2.1694073950639,1.70188711863011,-2.1694073950639,0.0,0,0,0,0.0,0,0
2022,REG,00-0033936,C.Beathard,JAX,QB,,12,12,7,30.0,0,1,-0.9667617271200664,0.25,-11.601140725440796,3,57.0,20.0,4.75,2.857142857142857,-5.154158657183866,-5.176994572990091,-0.42951322143198883,-0.4314162144158409,2.0,0,5,1,0.2,0,0
2022,REG,00-0033949,J.Dobbs,TEN,QB,,74,74,40,385.0,2,2,-0.12127887214639319,0.3918918918918919,-8.974636538833096,29,538.0,213.0,7.27027027027027,5.325,26.02180501143448,-17.6354180535134,0.3516460136680335,-0.23831646018261354,25.0,5,29,11,0.3793103448275862,6,1
2022,REG,00-0033958,N.Peterman,CHI,QB,,26,26,14,133.0,1,1,-0.1959027133080572,0.3076923076923077,-5.093470546009487,8,265.0,44.0,10.192307692307692,3.142857142857143,15.012646176386617,-17.541911114356473,0.5774094683225622,-0.6746888890137105,9.0,2,7,2,0.2857142857142857,1,1
2022,REG,00-0034177,T.Boyle,CHI,QB,,9,9,2,33.0,0,2,-0.6062754418704034,0.2222222222222222,-5.456478976833631,2,101.0,32.0,11.222222222222221,16.0,5.51711746450747,-10.026596441341097,0.6130130516119411,-1.114066271260122,2.0,0,2,0,0.0,1,0
2022,REG,00-0034401,M.White,NYJ,QB,,184,184,103,1116.0,3,4,-0.04145579877099764,0.42391304347826086,-7.627866973863566,78,1303.0,568.0,7.081521739130435,5.514563106796117,74.58592594855915,-70.42644765543268,0.40535829319869104,-0.38275243290996025,56.0,13,49,17,0.3469387755102041,25,1
2022,REG,00-0034418,C.Wilson,MIA,QB,,1,1,0,-6.0,0,0,-1.25262371788267,0.0,-1.25262371788267,0,0.0,0.0,0.0,0.0,0.0,0.0,0.0,0.0,0.0,0,0,0,0.0,0,0
2022,REG,00-0034419,B.Berrios,NYJ,QB,,1,1,1,2.0,1,0,1.18445269513177,1.0,1.18445269513177,1,2.0,0.0,2.0,0.0,1.18445269513177,0.0,1.18445269513177,0.0,1.0,0,0,0,0.0,1,1
2022,REG,00-0034577,K.Allen,HOU,QB,,85,85,46,375.0,2,4,-0.484974130411527,0.32941176470588235,-41.22280108497979,28,560.0,239.0,6.588235294117647,5.195652173913044,14.09109760943103,-45.96535969668244,0.1657776189344827,-0.5407689376080287,19.0,4,19,1,0.05263157894736842,11,1
2022,REG,00-0034775,C.Kirk,JAX,QB,,1,1,0,0.0,0,0,-0.326806403230876,0.0,-0.326806403230876,0,1.0,0.0,1.0,0.0,-0.286224151263014,-0.0405822519678623,-0.286224151263014,-0.0405822519678623,0.0,0,1,0,0.0,0,0
2022,REG,00-0034796,L.Jackson,BAL,QB,,353,353,203,2130.0,17,7,0.013329139046541486,0.4447592067988669,4.705186083429145,157,2754.0,974.0,7.801699716713881,4.798029556650246,174.61621653367004,-135.43185149601817,0.49466350292824374,-0.3836596359660571,105.0,24,86,28,0.32558139534883723,60,13
2022,REG,00-0034855,B.Mayfield,CAR,QB,,226,226,119,1187.0,6,6,-0.20891922670796895,0.336283185840708,-47.215745236000984,76,1326.0,727.0,5.867256637168142,6.109243697478991,40.695046111904894,-53.80566062904249,0.18006657571639334,-0.2380781443762942,49.0,17,56,10,0.17857142857142858,21,3
2022,REG,00-0034855,B.Mayfield,LA,QB,,146,146,82,759.0,4,2,-0.07267467627040625,0.3835616438356164,-10.610502735479312,56,950.0,404.0,6.506849315068493,4.926829268292683,47.92506743763808,-29.495804452993944,0.32825388655916493,-0.2020260578972188,45.0,12,46,14,0.30434782608695654,17,3
2022,REG,00-0034857,J.Allen,BUF,QB,,601,601,359,4123.0,35,14,0.1484388988924459,0.4925124792013311,89.21177823435998,296,5229.0,1588.0,8.700499168053245,4.423398328690808,336.05625548232706,-192.8935486074192,0.5591618227659352,-0.32095432380602196,212.0,51,133,60,0.45112781954887216,98,24
2022,REG,00-0034869,S.Darnold,CAR,QB,,150,150,82,1065.0,7,3,0.14048456933242653,0.46,21.072685399863982,69,1138.0,529.0,7.586666666666667,6.451219512195122,61.58646026346831,-26.131100658120697,0.41057640175645543,-0.17420733772080466,57.0,17,41,15,0.36585365853658536,24,6
2022,REG,00-0034899,J.Wolford,LA,QB,,69,69,38,341.0,1,3,-0.28621360963615433,0.43478260869565216,-19.74873906489465,30,504.0,198.0,7.304347826086956,5.2105263157894735,23.334276883047988,-29.15580932167638,0.3381779258412752,-0.4225479611837156,19.0,4,13,3,0.23076923076923078,8,1
2022,REG,00-0034955,B.Rypien,DEN,QB,,96,96,53,436.0,2,4,-0.30446716733104157,0.3854166666666667,-29.228848063779992,37,734.0,267.0,7.645833333333333,5.037735849056604,35.531358085892876,-49.96435931830586,0.37011831339471746,-0.5204620762323527,24.0,1,25,6,0.24,5,2
2022,REG,00-0035040,D.Blough,ARI,QB,,63,63,38,378.0,2,2,-0.07661951056312793,0.38095238095238093,-4.82702916547706,24,481.0,225.0,7.634920634920635,5.921052631578948,17.68454643536827,-10.911582677988816,0.2807070862756868,-0.17319972504744152,18.0,3,14,3,0.21428571428571427,6,1
2022,REG,00-0035042,J.Gillan,NYG,QB,,1,1,0,-11.0,0,0,-3.91646933788434,0.0,-3.91646933788434,0,0.0,0.0,0.0,0.0,0.0,0.0,0.0,0.0,0.0,0,0,0,0.0,0,0
2022,REG,00-0035146,T.McSorley,ARI,QB,,87,87,45,385.0,0,5,-0.4291399943423713,0.28735632183908044,-37.33517950778631,25,644.0,207.0,7.402298850574713,4.6,23.382542214647405,-51.550224329908275,0.2687648530419242,-0.5925313141368768,17.0,4,22,3,0.13636363636363635,5,0
2022,REG,00-0035156,J.Fox,DET,QB,,1,1,1,6.0,0,0,2.95259860344231,1.0,2.95259860344231,1,6.0,0.0,6.0,0.0,2.95259860344231,0.0,2.95259860344231,0.0,1.0,0,0,0,0.0,0,0
2022,REG,00-0035228,K.Murray,ARI,QB,,421,421,259,2182.0,14,7,-0.04258632609430278,0.41330166270783847,-17.928843285701472,174,2678.0,1254.0,6.3610451306413305,4.841698841698841,126.24167144045349,-102.39233301049711,0.2998614523526211,-0.24321219242398365,119.0,27,98,28,0.2857142857142857,54,9
2022,REG,00-0035264,J.Stidham,LV,QB,,90,90,53,609.0,4,3,-0.05700137879898418,0.45555555555555555,-5.130124091908576,41,763.0,261.0,8.477777777777778,4.9245283018867925,47.401648261236666,-39.81457606089863,0.5266849806804074,-0.44238417845442923,32.0,11,23,8,0.34782608695652173,17,2
2022,REG,00-0035289,G.Minshew,PHI,QB,,82,82,44,635.0,3,3,0.09055526269498022,0.4268292682926829,7.425531540988379,35,717.0,251.0,8.74390243902439,5.704545454545454,50.182169766165316,-35.00231674081609,0.6119776800751868,-0.4268575212294645,30.0,11,24,12,0.5,6,2
2022,REG,00-0035710,D.Jones,NYG,QB,,519,519,317,2966.0,15,5,0.008886521871011502,0.4605009633911368,4.61210485105497,239,3031.0,1596.0,5.840077071290944,5.034700315457413,117.6508490958233,-54.87210755556461,0.22668757051218363,-0.10572660415330368,156.0,27,146,48,0.3287671232876712,48,12
2022,REG,00-0035752,C.Streveler,NYJ,QB,,15,15,10,90.0,0,0,-0.26431241146832,0.4666666666666667,-3.9646861720248006,7,131.0,17.0,8.733333333333333,1.7,15.129150490567564,-19.09383666259236,1.0086100327045042,-1.272922444172824,5.0,1,2,0,0.0,1,0
2022,REG,00-0035889,T.Townsend,KC,QB,,1,1,0,0.0,0,0,-3.51758591609541,0.0,-3.51758591609541,0,1.0,0.0,1.0,0.0,-3.14853864756878,-0.369047268526629,-3.14853864756878,-0.369047268526629,0.0,0,0,0,0.0,0,0
2022,REG,00-0035939,B.Perkins,LA,QB,,40,40,19,111.0,1,2,-0.4662732830261027,0.3,-18.65093132104411,12,196.0,65.0,4.9,3.4210526315789473,10.823495774471676,-21.562079207489923,0.2705873943617919,-0.5390519801872481,10.0,1,10,2,0.2,5,1
2022,REG,00-0035993,T.Huntley,BAL,QB,,119,119,75,624.0,2,3,-0.1049134603169798,0.42016806722689076,-12.484701777720597,50,830.0,254.0,6.974789915966387,3.3866666666666667,41.80006356103286,-45.86715346195974,0.3512610383280072,-0.3854382643862163,31.0,5,29,11,0.3793103448275862,17,2
2022,REG,00-0036133,J.Proche,BAL,QB,,1,1,0,0.0,0,1,-4.04289167502429,0.0,-4.04289167502429,0,29.0,0.0,29.0,0.0,3.30860766547266,-7.35149934049696,3.30860766547266,-7.35149934049696,0.0,0,0,0,0.0,0,0
2022,REG,00-0036145,L.Cager,NYG,QB,,1,1,0,-2.0,0,0,-0.840212194831111,0.0,-0.840212194831111,0,0.0,0.0,0.0,0.0,0.0,0.0,0.0,0.0,0.0,0,0,0,0.0,1,0
2022,REG,00-0036212,T.Tagovailoa,MIA,QB,,422,422,259,3385.0,25,8,0.2143280106262424,0.4928909952606635,90.4464204842743,208,3833.0,1274.0,9.082938388625593,4.918918918918919,263.79161299774546,-132.061744201723,0.6250986089993968,-0.3129425218050308,162.0,50,114,47,0.41228070175438597,55,16
2022,REG,00-0036226,J.Eason,CAR,QB,,5,5,3,59.0,0,1,-0.4522563599282874,0.6,-2.261281799641437,3,20.0,50.0,4.0,16.666666666666668,0.012239062023576386,-2.2735208616650198,0.002447812404715277,-0.454704172333004,2.0,1,1,1,1.0,4,0
2022,REG,00-0036264,J.Love,GB,QB,,21,21,14,195.0,1,0,0.1681361903298769,0.47619047619047616,3.530859996927415,10,151.0,117.0,7.190476190476191,8.357142857142858,14.837105452897944,-11.317077214496006,0.7065288310903783,-0.5389084387855241,9.0,2,5,2,0.4,1,0
2022,REG,00-0036313,B.Mann,NYJ,QB,,2,2,1,17.0,0,0,0.4460220436158151,0.5,0.8920440872316302,1,2.0,9.0,1.0,9.0,-0.30856249917997003,1.200606586411596,-0.15428124958998501,0.600303293205798,1.0,0,0,0,0.0,1,0
2022,REG,00-0036322,J.Jefferson,MIN,QB,,2,2,2,34.0,0,0,1.5265431848820286,1.0,3.053086369764057,2,3.0,31.0,1.5,15.5,-1.930492650484667,4.983579020248723,-0.9652463252423334,2.4917895101243617,2.0,1,1,1,1.0,0,0
2022,REG,00-0036326,C.Claypool,PIT,QB,,1,1,1,1.0,1,0,2.55321136768907,1.0,2.55321136768907,1,1.0,0.0,1.0,0.0,2.55321136768907,0.0,2.55321136768907,0.0,1.0,0,0,0,0.0,1,1
2022,REG,00-0036355,J.Herbert,LAC,QB,,738,738,477,4535.0,25,10,0.011475932286195228,0.453929539295393,8.469238027212079,335,4504.0,2475.0,6.102981029810298,5.188679245283019,187.20384098480622,-108.57118875109231,0.25366374117182416,-0.1471154319120492,228.0,50,196,74,0.37755102040816324,110,20
2022,REG,00-0036358,C.Lamb,DAL,QB,,1,1,0,0.0,0,0,-0.947,0.0,-0.947,0,0.0,0.0,0.0,0.0,0.0,0.0,0.0,0.0,0.0,0,0,0,0.0,1,0
2022,REG,00-0036389,J.Hurts,PHI,QB,,499,499,306,3470.0,22,6,0.07334777480383327,0.44889779559118237,36.6005396271128,224,3725.0,1802.0,7.4649298597194385,5.888888888888889,185.37964122489214,-85.65059572022201,0.3715022870238319,-0.17164448040124652,165.0,52,105,39,0.37142857142857144,60,9
2022,REG,00-0036425,D.Dallas,SEA,QB,,1,1,0,0.0,0,1,-4.86711246607592,0.0,-4.86711246607592,0,8.0,0.0,8.0,0.0,2.03371938510099,-6.90083185117692,2.03371938510099,-6.90083185117692,0.0,0,0,0,0.0,1,0
2022,REG,00-0036442,J.Burrow,CIN,QB,,652,652,414,4222.0,35,12,0.12627719124280934,0.495398773006135,82.33272869031168,323,4142.0,2133.0,6.352760736196319,5.1521739130434785,202.2560030078809,-46.857839251178646,0.3102085935703695,-0.07186785161223719,219.0,53,159,71,0.44654088050314467,104,23
2022,REG,00-0036879,S.Ehlinger,IND,QB,,115,115,64,486.0,3,3,-0.35290202233056917,0.3391304347826087,-40.583732568015456,39,722.0,293.0,6.278260869565218,4.578125,42.31667198796638,-58.23893608488476,0.36797106076492503,-0.506425531172911,28.0,7,34,8,0.23529411764705882,17,3
2022,REG,00-0036893,N.Harris,PIT,QB,,1,1,1,4.0,0,0,-0.0647925575613044,0.0,-0.0647925575613044,0,-4.0,8.0,-4.0,8.0,-1.25349982362241,1.1887072660611,-1.25349982362241,1.1887072660611,0.0,0,0,0,0.0,1,0
2022,REG,00-0036898,D.Mills,HOU,QB,,512,512,292,2876.0,17,15,-0.14497926159852836,0.373046875,-74.22938193844652,191,3734.0,1524.0,7.29296875,5.219178082191781,171.15998593349755,-183.24689381700867,0.3342968475263624,-0.35790408948634506,135.0,50,149,40,0.2684563758389262,63,14
2022,REG,00-0036900,J.Chase,CIN,QB,,1,1,0,-9.0,0,0,-1.60401390434708,0.0,-1.60401390434708,0,0.0,0.0,0.0,0.0,0.0,0.0,0.0,0.0,0.0,0,0,0,0.0,0,0
2022,REG,00-0036928,K.Trask,TB,QB,,9,9,3,23.0,0,0,-0.5925066262587079,0.2222222222222222,-5.332559636328371,2,99.0,20.0,11.0,6.666666666666667,7.998393730784308,-13.330953367112679,0.8887104145315897,-1.4812170407902976,1.0,0,3,1,0.3333333333333333,0,0
2022,REG,00-0036945,J.Fields,CHI,QB,,377,377,192,1885.0,17,11,-0.2230273790833354,0.3660477453580902,-84.08132191441744,138,2889.0,949.0,7.663129973474801,4.942708333333333,154.9334588204567,-149.91372390804,0.41096408175187454,-0.3976491350345889,91.0,32,109,34,0.3119266055045872,45,12
2022,REG,00-0036971,T.Lawrence,JAX,QB,,617,617,387,3935.0,25,8,0.13540717240638672,0.4991896272285251,83.54622537474062,308,4294.0,2020.0,6.959481361426256,5.219638242894057,234.4619952313078,-96.32714516239216,0.38000323376224926,-0.15612179118702132,206.0,55,156,63,0.40384615384615385,93,20
2022,REG,00-0036972,M.Jones,NE,QB,,480,480,288,2768.0,14,11,-0.08893584748926425,0.38958333333333334,-42.68920679484684,187,3459.0,1431.0,7.20625,4.96875,149.4913945545048,-129.35174943206536,0.311440405321885,-0.26948281131680285,127.0,42,127,41,0.3228346456692913,51,8
2022,REG,00-0037012,T.Lance,SF,QB,,33,33,15,185.0,0,1,-0.2947185542625981,0.3333333333333333,-9.725712290665737,11,210.0,80.0,6.363636363636363,5.333333333333333,8.82639866191313,-14.98825014554371,0.2674666261185797,-0.45418939834980937,6.0,4,11,3,0.2727272727272727,2,0
2022,REG,00-0037013,Z.Wilson,NYJ,QB,,265,265,132,1513.0,6,7,-0.13664549038437787,0.37358490566037733,-36.211054951860135,99,2189.0,810.0,8.260377358490565,6.136363636363637,139.24825516412963,-137.4121999202871,0.5254651138269043,-0.5185366034727815,73.0,26,85,24,0.2823529411764706,21,5
2022,REG,00-0037077,S.Howell,WAS,QB,,22,22,11,158.0,1,1,-0.33917202445009464,0.3181818181818182,-7.461784537902082,7,160.0,75.0,7.2727272727272725,6.818181818181818,8.504114820937051,-12.075365216650326,0.38655067367895685,-0.5488802371204694,6.0,4,9,1,0.1111111111111111,6,1
2022,REG,00-0037175,A.Brown,BAL,QB,,54,54,22,288.0,0,2,-0.38942120734336466,0.25925925925925924,-21.028745196541692,14,401.0,142.0,7.425925925925926,6.454545454545454,23.37349390168676,-32.63728399545656,0.4328424796608659,-0.6043941480640105,13.0,4,16,5,0.3125,6,0
2022,REG,00-0037327,S.Thompson,MIA,QB,,111,111,60,494.0,1,3,-0.2948856188604228,0.34234234234234234,-32.73230369350693,38,783.0,208.0,7.054054054054054,3.466666666666667,28.29030991627952,-46.573637315707145,0.25486765690341906,-0.41958231815952385,26.0,5,32,8,0.25,9,1
2022,REG,00-0037500,R.Wright,MIN,QB,,2,2,1,13.0,0,0,-0.20460668962914497,0.5,-0.40921337925828993,1,21.0,0.0,10.5,0.0,5.90136187232565,-6.31057525158394,2.950680936162825,-3.15528762579197,1.0,0,0,0,0.0,0,0
2022,REG,00-0037740,G.Wilson,NYJ,QB,,1,1,0,0.0,0,0,-0.492538507562131,0.0,-0.492538507562131,0,9.0,0.0,9.0,0.0,0.716660767793655,-1.20919927535579,0.716660767793655,-1.20919927535579,0.0,0,0,0,0.0,0,0
2022,REG,00-0037834,B.Purdy,SF,QB,,181,181,114,1290.0,13,4,0.20195089494801027,0.4861878453038674,36.55311198558986,88,1117.0,706.0,6.171270718232044,6.192982456140351,45.18648330475228,11.222532446842635,0.24964907903178055,0.06200294169526318,66.0,20,52,23,0.4423076923076923,24,6
2022,REG,00-0038102,K.Pickett,PIT,QB,,418,418,245,2226.0,7,9,-0.021434705183711527,0.430622009569378,-8.959706766791419,180,2957.0,1042.0,7.074162679425838,4.253061224489796,178.70179616840832,-145.807368692511,0.42751625877609645,-0.3488214562021794,123.0,28,123,45,0.36585365853658536,61,5
2022,REG,00-0038108,B.Zappe,NE,QB,,98,98,65,741.0,5,3,0.07841855008807735,0.47959183673469385,7.685017908631581,47,624.0,384.0,6.36734693877551,5.907692307692308,16.464242173824445,5.204722493129518,0.16800247116147393,0.053109413195199164,37.0,14,26,10,0.38461538461538464,11,1
2022,REG,00-0038122,D.Ridder,ATL,QB,,124,124,73,675.0,2,0,-0.049653532828623885,0.4112903225806452,-6.157038070749362,51,940.0,328.0,7.580645161290323,4.493150684931507,60.274173574098846,-51.39905580367667,0.48608204495241003,-0.4145085145457796,37.0,7,33,13,0.3939393939393939,19,2
2022,REG,00-0038128,M.Willis,TEN,QB,,71,71,31,227.0,0,3,-0.5470097049467598,0.2676056338028169,-38.83768905121995,19,498.0,144.0,7.014084507042254,4.645161290322581,15.344186674308727,-42.01105382173134,0.2161153052719539,-0.5917049834046667,11.0,1,23,2,0.08695652173913043,5,0
2023,POST,00-0026158,J.Flacco,CLE,QB,,50,50,34,268.0,1,2,-0.35518584210309156,0.4,-17.75929210515458,20,314.0,130.0,6.28,3.823529411764706,14.816556138277518,-25.288160927768317,0.29633112276555035,-0.5057632185553663,14.0,2,10,4,0.4,3,1
2023,POST,00-0026498,M.Stafford,LA,QB,,38,38,25,357.0,2,0,0.48884354406522956,0.5,18.576054674478723,19,335.0,207.0,8.81578947368421,8.28,27.406679810669,-5.626955262658355,0.7212284160702369,-0.1480777700699567,15.0,7,9,3,0.3333333333333333,7,0
2023,POST,00-0033077,D.Prescott,DAL,QB,,64,64,41,387.0,3,2,-0.0526500483385486,0.515625,-3.36960309366711,33,522.0,151.0,8.15625,3.682926829268293,35.28149592454429,-32.86642042784378,0.5512733738210045,-0.513537819185059,25.0,3,13,7,0.5384615384615384,14,3
2023,POST,00-0033106,J.Goff,DET,QB,,118,118,77,792.0,4,0,0.22311543083149957,0.5169491525423728,26.32762083811695,61,756.0,440.0,6.406779661016949,5.714285714285714,48.21486857070704,-10.885146246332368,0.40860058110768677,-0.09224700208756244,50.0,10,27,13,0.48148148148148145,22,4
2023,POST,00-0033873,P.Mahomes,KC,QB,,154,154,104,1032.0,6,1,0.18969326804566544,0.4935064935064935,29.21276327903248,76,973.0,536.0,6.318181818181818,5.153846153846154,42.998524624457666,-7.58342665342567,0.2792111988601147,-0.04924303021704981,53.0,16,41,19,0.4634146341463415,28,5
2023,POST,00-0034771,M.Rudolph,PIT,QB,,40,40,22,218.0,2,1,-0.1584530747625486,0.425,-6.338122990501945,17,282.0,99.0,7.05,4.5,19.739572030899573,-23.876285627130798,0.4934893007724893,-0.59690714067827,14.0,1,10,4,0.4,6,2
2023,POST,00-0034796,L.Jackson,BAL,QB,,66,66,36,378.0,3,1,-0.12284481703471237,0.4393939393939394,-8.107757924291016,29,510.0,171.0,7.7272727272727275,4.75,23.65803196709383,-18.548707472941665,0.358455029804452,-0.28104102231729794,21.0,4,13,3,0.23076923076923078,5,2
2023,POST,00-0034855,B.Mayfield,TB,QB,,86,86,48,626.0,6,2,0.17892353012179868,0.46511627906976744,15.387423590474686,40,649.0,345.0,7.546511627906977,7.1875,35.94640021605299,-2.619332115870268,0.4179813978610813,-0.030457350184538,31.0,12,20,7,0.35,11,3
2023,POST,00-0034857,J.Allen,BUF,QB,,71,71,47,375.0,4,0,0.1333373284233609,0.4788732394366197,9.466950318058624,34,437.0,282.0,6.154929577464789,6.0,12.21545463317307,-0.19311046881634164,0.17204865680525452,-0.002719865757976643,23.0,3,17,7,0.4117647058823529,8,3
2023,POST,00-0036212,T.Tagovailoa,MIA,QB,,41,41,20,188.0,1,1,-0.3401177051667373,0.2682926829268293,-13.94482591183623,11,289.0,90.0,7.048780487804878,4.5,4.766506265732454,-16.31383319251473,0.1162562503837184,-0.39789837054913973,8.0,1,10,1,0.1,0,0
2023,POST,00-0036259,J.Jennings,SF,QB,,1,1,1,21.0,1,0,2.94651336665265,1.0,2.94651336665265,1,-5.0,26.0,-5.0,26.0,-1.37325849599438,4.31977186264703,-1.37325849599438,4.31977186264703,1.0,1,0,0,0.0,0,0
2023,POST,00-0036264,J.Love,GB,QB,,56,56,37,468.0,5,2,0.4250938325511982,0.5178571428571429,23.8052546228671,29,424.0,202.0,7.571428571428571,5.45945945945946,28.311421653255838,-5.559167030388741,0.5055611009509972,-0.09927083982837037,21.0,9,15,8,0.5333333333333333,15,4
2023,POST,00-0036389,J.Hurts,PHI,QB,,38,38,25,234.0,1,0,-0.08146291235469923,0.3684210526315789,-3.0955906694785704,14,275.0,102.0,7.2368421052631575,4.08,13.06167756312062,-12.574925658575532,0.3437283569242268,-0.33091909627830346,9.0,2,9,0,0.0,2,1
2023,POST,00-0036898,D.Mills,HOU,QB,,1,1,1,6.0,0,0,-1.182842053473,0.0,-1.182842053473,0,0.0,6.0,0.0,6.0,-1.71423373557627,0.531391682103276,-1.71423373557627,0.531391682103276,0.0,0,1,0,0.0,0,0
2023,POST,00-0037834,B.Purdy,SF,QB,,112,112,66,754.0,3,1,0.17843291792893345,0.42857142857142855,19.984486808040547,48,918.0,377.0,8.196428571428571,5.712121212121212,57.11901292070553,-31.35023787544435,0.5099911867920136,-0.2799128381736103,38.0,11,29,12,0.41379310344827586,8,2
2023,POST,00-0039163,C.Stroud,HOU,QB,,54,54,35,449.0,3,0,0.18789758502552426,0.42592592592592593,10.14646959137831,23,427.0,250.0,7.907407407407407,7.142857142857143,20.224910378368786,-10.078440786990509,0.3745353773771998,-0.1866377923516761,18.0,8,16,6,0.375,3,1
2023,REG,00-0023459,A.Rodgers,NYJ,QB,,2,2,0,-10.0,0,0,-1.015979942167176,0.0,-2.031959884334352,0,17.0,0.0,8.5,0.0,1.05052089248784,-1.56069295015186,0.52526044624392,-0.78034647507593,0.0,0,0,0,0.0,0,0
2023,REG,00-0026158,J.Flacco,CLE,QB,,213,213,123,1561.0,13,8,-0.05023653934718252,0.4272300469483568,-10.700382880949878,91,1910.0,678.0,8.967136150234742,5.512195121951219,119.70712852402355,-115.00677080470975,0.5620052982348523,-0.5399378911019237,60.0,27,54,16,0.2962962962962963,28,5
2023,REG,00-0026498,M.Stafford,LA,QB,,554,554,326,3762.0,24,11,0.08231505432824282,0.4584837545126354,45.60254009784652,254,4033.0,1895.0,7.2797833935018055,5.8128834355828225,218.27233545421305,-123.91906667952537,0.3939933852964134,-0.22368062577531655,187.0,62,148,56,0.3783783783783784,89,18
2023,REG,00-0026625,B.Hoyer,LV,QB,,43,43,23,223.0,0,2,-0.20420401752010264,0.4418604651162791,-8.780772753364413,19,344.0,80.0,8.0,3.4782608695652173,33.41788900113895,-40.76885750041297,0.7771602093288128,-0.9481129651258831,14.0,2,12,4,0.3333333333333333,8,0
2023,REG,00-0027114,T.Morstead,NYJ,QB,,1,1,1,18.0,0,0,2.67090002633631,1.0,2.67090002633631,1,10.0,8.0,10.0,8.0,2.25073216680903,0.420167859527282,2.25073216680903,0.420167859527282,1.0,0,0,0,0.0,0,0
2023,REG,00-0027948,B.Gabbert,KC,QB,,36,36,18,176.0,0,3,-0.44842464181010466,0.3055555555555556,-16.14328710516377,11,198.0,118.0,5.5,6.555555555555555,-2.883188328531111,-11.07898408020078,-0.08008856468141974,-0.307749557783355,8.0,2,16,5,0.3125,1,0
2023,REG,00-0027973,A.Dalton,CAR,QB,,61,61,34,334.0,2,0,0.07456278018405235,0.4098360655737705,4.548329591227193,25,477.0,128.0,7.819672131147541,3.764705882352941,23.638431983941693,-12.157723856449595,0.38751527842527367,-0.1993069484663868,17.0,5,19,9,0.47368421052631576,2,1
2023,REG,00-0028118,T.Taylor,NYG,QB,,198,198,116,1247.0,5,3,0.005904119680070372,0.43434343434343436,1.1690156966539336,86,1541.0,578.0,7.782828282828283,4.982758620689655,86.08897550372059,-59.42398311870062,0.4347928055743464,-0.30012112686212433,52.0,19,61,20,0.32786885245901637,19,2
2023,REG,00-0028872,J.Hekker,CAR,QB,,1,1,1,7.0,0,0,-1.94108840171248,0.0,-1.94108840171248,0,-4.0,11.0,-4.0,11.0,-2.51763815968297,0.576549757970497,-2.51763815968297,0.576549757970497,0.0,0,0,0,0.0,0,0
2023,REG,00-0028986,C.Keenum,HOU,QB,,59,59,34,231.0,1,3,-0.35002253189155547,0.3728813559322034,-20.651329381601773,22,377.0,146.0,6.389830508474576,4.294117647058823,18.654786154074824,-29.80288896000209,0.3161828161707597,-0.5051337111864761,14.0,3,18,5,0.2777777777777778,5,1
2023,REG,00-0029263,R.Wilson,DEN,QB,,495,495,297,2816.0,26,8,-0.0754388994586037,0.4202020202020202,-37.34225523200883,208,3189.0,1733.0,6.442424242424242,5.835016835016835,135.7521126105581,-86.08578209268099,0.2742466921425416,-0.17391067089430504,135.0,36,129,41,0.3178294573643411,87,20
2023,REG,00-0029604,K.Cousins,MIN,QB,,328,328,216,2221.0,18,5,0.058078511299989144,0.45121951219512196,19.04975170639644,148,2252.0,996.0,6.865853658536586,4.611111111111111,118.17012645871128,-62.1906786175584,0.3602747757887539,-0.18960572749255608,112.0,34,90,36,0.4,51,12
2023,REG,00-0029692,B.Anger,DAL,QB,,1,1,0,2.0,0,0,1.053,1.0,1.053,1,0.0,0.0,0.0,0.0,0.0,0.0,0.0,0.0,0.0,0,0,0,0.0,1,0
2023,REG,00-0029701,R.Tannehill,TEN,QB,,262,262,149,1386.0,4,7,-0.08727621245341183,0.3931297709923664,-22.8663676627939,103,1816.0,795.0,6.931297709923665,5.3355704697986575,99.32623126854091,-73.74648564479776,0.37910775293336224,-0.2814751360488464,74.0,21,82,24,0.2926829268292683,31,3
2023,REG,00-0030279,K.Allen,LAC,QB,,2,2,1,49.0,1,0,1.7574384572508275,0.5,3.514876914501655,1,39.0,27.0,19.5,27.0,2.4183503995882303,1.0965265149134198,1.2091751997941151,0.5482632574567099,1.0,1,0,0,0.0,0,0
2023,REG,00-0030564,D.Hopkins,TEN,QB,,1,1,0,0.0,0,0,-0.418015068164095,0.0,-0.418015068164095,0,-1.0,0.0,-1.0,0.0,-0.800695977755822,0.382680909591727,-0.800695977755822,0.382680909591727,0.0,0,0,0,0.0,0,0
2023,REG,00-0030565,G.Smith,SEA,QB,,532,532,323,3397.0,20,9,0.06493709871085364,0.4793233082706767,34.546536514174136,255,3500.0,1714.0,6.578947368421052,5.306501547987616,187.6736902063285,-101.35947699366211,0.35277009437279794,-0.19052533269485358,169.0,46,151,50,0.33112582781456956,75,16
2023,REG,00-0031280,D.Carr,NO,QB,,581,581,375,3664.0,25,8,0.04823589899074275,0.45438898450946646,28.025057313621538,264,4280.0,1696.0,7.366609294320138,4.522666666666667,222.81635670011897,-136.80339179463655,0.38350491686767463,-0.23546194801142264,185.0,47,175,63,0.36,75,17
2023,REG,00-0031288,A.McCarron,CIN,QB,,6,6,4,10.0,0,0,-0.8751786741001211,0.3333333333333333,-5.251072044600726,2,-8.0,20.0,-1.3333333333333333,5.0,-5.859220729209477,2.683245847001669,-0.9765367882015795,0.44720764116694484,0.0,0,4,0,0.0,0,0
2023,REG,00-0031345,J.Garoppolo,LV,QB,,184,184,110,1106.0,7,9,-0.09841649681446815,0.47282608695652173,-18.10863541386214,87,1364.0,468.0,7.413043478260869,4.254545454545455,72.2841132776114,-63.60662637636144,0.3928484417261489,-0.3456881868280513,60.0,9,50,18,0.36,23,6
2023,REG,00-0031376,J.McKinnon,KC,QB,,1,1,1,4.0,1,0,1.10534745483892,1.0,1.10534745483892,1,-3.0,7.0,-3.0,7.0,-0.998997358372435,2.10434481321136,-0.998997358372435,2.10434481321136,1.0,0,0,0,0.0,1,1
2023,REG,00-0031503,J.Winston,NO,QB,,49,49,25,251.0,2,3,-0.19977590969043252,0.30612244897959184,-9.789019574831194,15,610.0,85.0,12.448979591836734,3.4,43.67084562922736,-51.07785990508272,0.8912417475352522,-1.0424053041853616,10.0,4,14,3,0.21428571428571427,4,2
2023,REG,00-0031800,T.Heinicke,ATL,QB,,144,144,74,843.0,5,4,-0.01141166047506862,0.4097222222222222,-1.6432791084098812,59,1136.0,508.0,7.888888888888889,6.864864864864865,71.01258247779334,-60.80904721601051,0.4931429338735649,-0.4222850501111841,41.0,11,44,15,0.3409090909090909,8,2
2023,REG,00-0032156,T.Siemian,NYJ,QB,,161,161,86,684.0,2,4,-0.3390975480541843,0.33540372670807456,-54.59470523672367,54,814.0,471.0,5.055900621118012,5.476744186046512,6.763477448286694,-46.88728373769673,0.042009176697432885,-0.29122536483041445,35.0,8,46,9,0.1956521739130435,18,1
2023,REG,00-0032268,M.Mariota,PHI,QB,,26,26,15,153.0,1,1,-0.19654214862939673,0.5384615384615384,-5.110095864364315,14,178.0,72.0,6.846153846153846,4.8,10.658390463329855,-9.474908559116193,0.409938094743456,-0.3644195599660074,10.0,1,3,1,0.3333333333333333,3,1
2023,REG,00-0032436,J.Driskel,CLE,QB,,29,29,13,140.0,2,2,-0.3778347601865194,0.3103448275862069,-10.957208045409063,9,232.0,74.0,8.0,5.6923076923076925,14.34955522298698,-19.6033471437113,0.49481224906851656,-0.6759774877141828,8.0,2,10,1,0.1,0,0
2023,REG,00-0032764,D.Henry,TEN,QB,,3,3,2,14.0,2,0,1.507470241447055,0.6666666666666666,4.5224107243411655,2,27.0,0.0,9.0,0.0,6.83385735671618,-2.31144663237501,2.277952452238727,-0.7704822107916699,2.0,0,1,1,1.0,3,2
2023,REG,00-0032950,C.Wentz,LA,QB,,27,27,17,151.0,2,1,0.3006612245264047,0.5925925925925926,8.117853062212927,16,159.0,65.0,5.888888888888889,3.823529411764706,18.799315325391937,-6.416527316789146,0.6962709379774792,-0.23764915988107949,11.0,1,7,5,0.7142857142857143,4,2
2023,REG,00-0033009,T.Boyd,CIN,QB,,1,1,0,0.0,0,1,-6.52706873958232,0.0,-6.52706873958232,0,-8.0,0.0,-8.0,0.0,-1.610146923922,-4.91692181566032,-1.610146923922,-4.91692181566032,0.0,0,0,0,0.0,0,0
2023,REG,00-0033077,D.Prescott,DAL,QB,,631,631,410,4265.0,36,9,0.17593407277224268,0.49445324881141045,111.01439991928513,312,4579.0,1963.0,7.256735340729001,4.787804878048781,276.7274379543752,-96.30605921436596,0.43855378439679116,-0.15262449954733115,222.0,62,161,70,0.43478260869565216,119,28
2023,REG,00-0033106,J.Goff,DET,QB,,640,640,407,4382.0,30,12,0.10893099703273987,0.490625,69.71583810095352,314,4064.0,2147.0,6.35,5.275184275184275,137.16951969357484,-8.167474239856135,0.2143273745212107,-0.012761678499775211,227.0,69,161,65,0.40372670807453415,90,19
2023,REG,00-0033119,J.Brissett,WAS,QB,,23,23,18,224.0,3,0,0.7119884693972337,0.5217391304347826,16.375734796136374,12,178.0,70.0,7.739130434782608,3.888888888888889,18.196523997845365,-1.8207892017089817,0.7911532172976246,-0.0791647479003905,10.0,4,5,2,0.4,8,2
2023,REG,00-0033275,P.Walker,CLE,QB,,122,122,54,584.0,1,5,-0.2865961751220321,0.319672131147541,-34.96473336488792,39,902.0,398.0,7.39344262295082,7.37037037037037,37.525131682299374,-50.57746681786744,0.3075830465762244,-0.41456940014645444,27.0,11,34,7,0.20588235294117646,12,1
2023,REG,00-0033319,N.Mullens,MIN,QB,,160,160,100,1201.0,7,8,0.07685542980577406,0.4375,12.29686876892385,70,1380.0,477.0,8.625,4.77,82.33856080860286,-50.62113723823566,0.5146160050537679,-0.3163821077389729,57.0,25,39,14,0.358974358974359,18,3
2023,REG,00-0033357,T.Hill,NO,QB,,13,13,6,79.0,1,0,0.11218514497159093,0.46153846153846156,1.4584068846306821,6,126.0,18.0,9.692307692307692,3.0,7.104705381148968,-3.8188412500312623,0.5465157985499206,-0.29375701923317404,4.0,1,0,0,0.0,3,1
2023,REG,00-0033537,D.Watson,CLE,QB,,188,188,105,1030.0,7,4,-0.13808598681874,0.39893617021276595,-25.960165521923116,75,1593.0,499.0,8.47340425531915,4.752380952380952,90.49980476278851,-87.798597121924,0.4813819402275985,-0.4670138144783192,52.0,12,58,20,0.3448275862068966,22,6
2023,REG,00-0033557,J.Reeves-Maybin,DET,QB,,1,1,1,31.0,0,0,4.14300359913614,1.0,4.14300359913614,1,22.0,9.0,22.0,9.0,3.59982808982022,0.543175509315915,3.59982808982022,0.543175509315915,1.0,1,0,0,0.0,0,0
2023,REG,00-0033662,C.Rush,DAL,QB,,25,25,18,136.0,0,1,-0.20959790990276833,0.48,-5.239947747569208,12,215.0,80.0,8.6,4.444444444444445,12.579314802569574,-16.243828819059672,0.503172592102783,-0.6497531527623869,7.0,2,10,5,0.5,1,0
2023,REG,00-0033858,J.Smith,ATL,QB,,1,1,0,0.0,0,0,-0.861830357287545,0.0,-0.861830357287545,0,7.0,0.0,7.0,0.0,1.86418442061404,-2.72601477790158,1.86418442061404,-2.72601477790158,0.0,0,0,0,0.0,1,0
2023,REG,00-0033869,M.Trubisky,PIT,QB,,115,115,67,592.0,4,5,-0.1617089733899351,0.43478260869565216,-18.596531939842535,50,983.0,274.0,8.547826086956523,4.08955223880597,47.5426497188164,-53.60854373539902,0.4134143453810122,-0.4661612498730349,36.0,7,35,12,0.34285714285714286,6,2
2023,REG,00-0033873,P.Mahomes,KC,QB,,624,624,401,3997.0,27,14,0.03981974766694276,0.46153846153846156,24.847522544172282,288,3873.0,2548.0,6.206730769230769,6.3541147132169575,160.78882295306727,-86.90013855408158,0.2576743957581206,-0.1392630425546179,206.0,50,160,63,0.39375,102,24
2023,REG,00-0033921,C.Godwin,TB,QB,,1,1,0,0.0,0,0,-0.711173077928834,0.0,-0.711173077928834,0,18.0,0.0,18.0,0.0,1.46873893449083,-2.17991201241966,1.46873893449083,-2.17991201241966,0.0,0,0,0,0.0,0,0
2023,REG,00-0033936,C.Beathard,JAX,QB,,60,60,40,322.0,1,0,-0.007611673693055868,0.45,-0.4567004215833521,27,339.0,150.0,5.65,3.75,25.8663964800362,-19.472371201679685,0.43110660800060335,-0.32453952002799474,19.0,2,17,7,0.4117647058823529,15,1
2023,REG,00-0033949,J.Dobbs,ARI,QB,,285,285,167,1443.0,8,5,-0.1735452886630678,0.4,-49.46040726897432,114,2198.0,649.0,7.712280701754386,3.8862275449101795,116.21445033638807,-122.13181256977022,0.40777000118030904,-0.42853267568340425,82.0,16,83,29,0.3493975903614458,34,7
2023,REG,00-0033949,J.Dobbs,MIN,QB,,165,165,95,806.0,5,5,-0.19472878728347665,0.38181818181818183,-32.130249901773645,63,1122.0,354.0,6.8,3.7263157894736842,61.29449432130963,-64.4122083147203,0.3714817837655129,-0.39037702008921393,44.0,13,51,18,0.35294117647058826,21,4
2023,REG,00-0033958,N.Peterman,CHI,QB,,1,1,0,-5.0,0,0,-0.094426492229104,0.0,-0.094426492229104,0,0.0,0.0,0.0,0.0,0.0,0.0,0.0,0.0,0.0,0,0,0,0.0,0,0
2023,REG,00-0034177,T.Boyle,NYJ,QB,,86,86,48,296.0,1,4,-0.41891823893892033,0.26744186046511625,-36.02696854874715,23,477.0,190.0,5.546511627906977,3.9583333333333335,2.3666377066983904,-23.41126795168725,0.027519043101144072,-0.2722240459498517,16.0,2,28,6,0.21428571428571427,7,1
2023,REG,00-0034401,M.White,MIA,QB,,6,6,5,74.0,1,1,-1.206816952927815,0.16666666666666666,-7.2409017175668895,1,23.0,51.0,3.8333333333333335,10.2,-4.220516788540403,-3.0203849290264717,-0.7034194647567338,-0.5033974881710787,1.0,1,5,1,0.2,1,0
2023,REG,00-0034418,C.Wilson,MIA,QB,,1,1,0,-7.0,0,0,-1.35745236754883,0.0,-1.35745236754883,0,0.0,0.0,0.0,0.0,0.0,0.0,0.0,0.0,0.0,0,0,0,0.0,0,0
2023,REG,00-0034437,L.Cooke,JAX,QB,,1,1,1,13.0,0,0,2.56437600724166,1.0,2.56437600724166,1,4.0,9.0,4.0,9.0,2.19354296062375,0.370833046617918,2.19354296062375,0.370833046617918,1.0,0,0,0,0.0,0,0
2023,REG,00-0034438,L.Woodside,ATL,QB,,5,5,3,20.0,0,1,-2.01591502035153,0.6,-10.07957510175765,3,6.0,29.0,1.2,9.666666666666666,-1.2704346278915188,-7.213008756079988,-0.25408692557830376,-1.4426017512159977,3.0,0,0,0,0.0,0,0
2023,REG,00-0034613,T.Hudson,CIN,QB,,1,1,0,-4.0,0,0,-2.26438159962378,0.0,-2.26438159962378,0,0.0,0.0,0.0,0.0,0.0,0.0,0.0,0.0,0.0,0,1,0,0.0,1,0
2023,REG,00-0034771,M.Rudolph,PIT,QB,,80,80,55,676.0,3,0,0.1418253314691921,0.475,11.346026517535368,38,518.0,426.0,6.475,7.745454545454545,11.18895168197385,11.080727902141568,0.1398618960246731,0.1385090987767696,26.0,9,31,12,0.3870967741935484,10,0
2023,REG,00-0034775,C.Kirk,JAX,QB,,2,2,1,-1.0,0,0,-0.878298583091238,0.0,-1.756597166182476,0,25.0,0.0,12.5,0.0,0.47601470618973996,-2.23261187237222,0.23800735309486998,-1.11630593618611,0.0,0,0,0,0.0,0,0
2023,REG,00-0034796,L.Jackson,BAL,QB,,495,495,307,3462.0,24,7,0.0926226627292365,0.48282828282828283,45.848218050972065,239,3840.0,1749.0,7.757575757575758,5.697068403908795,207.61590775661375,-91.8519536625631,0.4194260762759874,-0.18555950234861232,167.0,51,124,45,0.3629032258064516,69,17
2023,REG,00-0034855,B.Mayfield,TB,QB,,610,610,364,3816.0,28,10,0.06345108809801069,0.44426229508196724,38.70516373978652,271,4844.0,1927.0,7.940983606557377,5.293956043956044,310.4837736705664,-205.63819177800715,0.5089897929025679,-0.3371117898000117,188.0,60,187,74,0.39572192513368987,76,14
2023,REG,00-0034857,J.Allen,BUF,QB,,607,607,385,4160.0,29,18,0.12279099298040534,0.4942339373970346,74.53413273910604,300,5022.0,1973.0,8.273476112026358,5.124675324675325,310.81749953125535,-199.94777826995187,0.5120551886841109,-0.3294032590938252,199.0,49,142,55,0.3873239436619718,83,20
2023,REG,00-0034869,S.Darnold,SF,QB,,52,52,28,257.0,2,1,-0.005041475412761885,0.4807692307692308,-0.262156721463618,25,371.0,155.0,7.134615384615385,5.535714285714286,27.2889292475302,-16.864470419412903,0.5247871009140422,-0.3243167388348635,15.0,3,13,5,0.38461538461538464,13,2
2023,REG,00-0034955,B.Rypien,LA,QB,,40,40,18,154.0,0,1,-0.49313228768533596,0.225,-19.725291507413438,9,315.0,84.0,7.875,4.666666666666667,17.51045290080945,-29.517336254132054,0.43776132252023625,-0.7379334063533014,8.0,1,14,4,0.2857142857142857,0,0
2023,REG,00-0034960,J.Meyers,LV,QB,,3,3,2,12.0,1,0,0.28927727967190237,0.6666666666666666,0.867831839015707,2,12.0,0.0,4.0,0.0,0.867831839015707,0.0,0.28927727967190237,0.0,1.0,0,0,0,0.0,1,1
2023,REG,00-0035100,J.Browning,CIN,QB,,268,268,171,1769.0,12,7,0.08713461618093668,0.4701492537313433,23.35207713649103,126,1554.0,1109.0,5.798507462686567,6.485380116959064,54.896111061587554,2.017096606224711,0.20483623530443118,0.007526479873972802,93.0,25,70,27,0.38571428571428573,37,8
2023,REG,00-0035228,K.Murray,ARI,QB,,291,291,176,1682.0,10,5,-0.0536545329054167,0.4020618556701031,-15.613469075476258,117,1935.0,977.0,6.649484536082475,5.551136363636363,82.8213489741902,-71.05501061815839,0.28460944664670174,-0.24417529422047557,88.0,22,75,27,0.36,37,8
2023,REG,00-0035250,D.Singletary,HOU,QB,,1,1,1,6.0,1,0,1.84229658805998,1.0,1.84229658805998,1,6.0,0.0,6.0,0.0,1.84229658805998,0.0,1.84229658805998,0.0,1.0,0,0,0,0.0,1,1
2023,REG,00-0035264,J.Stidham,DEN,QB,,73,73,40,450.0,2,1,0.06922494789048857,0.4520547945205479,5.053421196005665,33,565.0,334.0,7.739726027397261,8.35,36.49387792454218,-20.511900952520655,0.4999161359526326,-0.28098494455507744,19.0,8,20,7,0.35,7,0
2023,REG,00-0035282,E.Stick,LAC,QB,,188,188,111,1004.0,3,1,-0.18091481976485263,0.39361702127659576,-34.0119861157923,74,1204.0,578.0,6.404255319148936,5.207207207207207,55.32309589236337,-40.2317493989023,0.2942717866615073,-0.21399866701543777,53.0,12,50,14,0.28,15,2
2023,REG,00-0035289,G.Minshew,IND,QB,,527,527,305,3122.0,15,9,-0.012509879608450411,0.42314990512333966,-6.592706553653366,223,3579.0,1566.0,6.791271347248577,5.134426229508197,158.7245912389617,-96.69220952894193,0.3011851826166256,-0.18347667842303972,147.0,36,134,42,0.31343283582089554,71,10
2023,REG,00-0035639,P.Campbell,NYG,QB,,1,1,0,-8.0,0,0,-1.52678748080507,0.0,-1.52678748080507,0,0.0,0.0,0.0,0.0,0.0,0.0,0.0,0.0,0.0,0,0,0,0.0,0,0
2023,REG,00-0035700,J.Jacobs,LV,QB,,1,1,0,-4.0,0,0,-1.07640659611207,0.0,-1.07640659611207,0,0.0,0.0,0.0,0.0,0.0,0.0,0.0,0.0,0.0,0,0,0,0.0,0,0
2023,REG,00-0035704,D.Lock,SEA,QB,,83,83,48,517.0,3,3,-0.01928581676021526,0.3253012048192771,-1.6007227910978665,27,621.0,305.0,7.481927710843373,6.354166666666667,19.241551536280888,-8.714113315465626,0.2318259221238661,-0.10498931705380272,20.0,10,24,7,0.2916666666666667,6,0
2023,REG,00-0035710,D.Jones,NYG,QB,,191,191,108,742.0,2,6,-0.3448203446029143,0.36649214659685864,-65.86068581915663,70,1096.0,440.0,5.738219895287958,4.074074074074074,31.482298717351274,-51.89069029208695,0.16482878909607995,-0.2716790067648531,43.0,9,48,16,0.3333333333333333,15,2
2023,REG,00-0035719,D.Samuel,SF,QB,,1,1,0,0.0,0,0,-0.443187787313946,0.0,-0.443187787313946,0,11.0,0.0,11.0,0.0,0.832870783982799,-1.27605857129674,0.832870783982799,-1.27605857129674,0.0,0,0,0,0.0,0,0
2023,REG,00-0035889,T.Townsend,KC,QB,,1,1,1,11.0,0,0,2.43964067677734,1.0,2.43964067677734,1,11.0,0.0,11.0,0.0,2.43964067677734,0.0,2.43964067677734,0.0,1.0,0,0,0,0.0,0,0
2023,REG,00-0035993,T.Huntley,BAL,QB,,41,41,21,175.0,3,0,0.09269401841757646,0.4146341463414634,3.8004547551206347,17,249.0,78.0,6.073170731707317,3.7142857142857144,22.509639764408373,-13.601301630318652,0.5490156040099603,-0.33173906415411347,13.0,1,17,8,0.47058823529411764,8,2
2023,REG,00-0036212,T.Tagovailoa,MIA,QB,,591,591,388,4453.0,29,14,0.184345377383021,0.49915397631133673,108.94811803336542,295,4283.0,2176.0,7.247038917089679,5.608247422680412,256.34788945577816,-96.02533203932633,0.4337527740368497,-0.1624794112340547,222.0,58,167,72,0.4311377245508982,83,17
2023,REG,00-0036264,J.Love,GB,QB,,611,611,372,3921.0,32,11,0.13526965403764427,0.46481178396072015,82.64975861700064,284,4897.0,1917.0,8.014729950900163,5.153225806451613,301.50431515670766,-174.45452302495474,0.4934604176050862,-0.2855229509410061,209.0,55,171,76,0.4444444444444444,110,25
2023,REG,00-0036313,B.Mann,PHI,QB,,1,1,1,28.0,0,0,4.2093265458243,1.0,4.2093265458243,1,11.0,17.0,11.0,17.0,3.05765355261974,1.15167299320456,3.05765355261974,1.15167299320456,1.0,1,0,0,0.0,0,0
2023,REG,00-0036322,J.Jefferson,MIN,QB,,1,1,0,0.0,0,0,-0.393325770564843,0.0,-0.393325770564843,0,20.0,0.0,20.0,0.0,1.20021078322316,-1.593536553788,1.20021078322316,-1.593536553788,0.0,0,0,0,0.0,0,0
2023,REG,00-0036355,J.Herbert,LAC,QB,,486,486,297,2903.0,20,7,0.02272864047862131,0.448559670781893,11.046119272609957,218,3490.0,1555.0,7.181069958847736,5.235690235690235,190.40930224312544,-127.61257923311702,0.3917886877430565,-0.2625773235249321,150.0,42,133,52,0.39097744360902253,72,15
2023,REG,00-0036389,J.Hurts,PHI,QB,,575,575,352,3636.0,23,15,0.07146362218732577,0.45217391304347826,41.09158275771232,260,4638.0,1697.0,8.066086956521739,4.8210227272727275,271.4476677770145,-180.31884146210027,0.4720829004817643,-0.31359798515147874,185.0,48,136,58,0.4264705882352941,61,13
2023,REG,00-0036414,C.Akers,MIN,QB,,1,1,0,-7.0,0,0,-1.51879248971818,0.0,-1.51879248971818,0,0.0,0.0,0.0,0.0,0.0,0.0,0.0,0.0,0.0,0,0,0,0.0,1,0
2023,REG,00-0036425,D.Dallas,SEA,QB,,1,1,0,0.0,0,0,-0.517851746990345,0.0,-0.517851746990345,0,0.0,0.0,0.0,0.0,0.0,0.0,0.0,0.0,0.0,0,0,0,0.0,0,0
2023,REG,00-0036442,J.Burrow,CIN,QB,,389,389,244,2129.0,15,6,0.0030059654929803672,0.4704370179948586,1.1693205767693629,183,2347.0,1239.0,6.033419023136247,5.077868852459017,80.29573922581042,-31.61850580991402,0.20641578207149208,-0.08128150593808231,115.0,21,101,37,0.36633663366336633,53,11
2023,REG,00-0036626,D.Brown,WAS,QB,,1,1,1,4.0,0,0,-0.305893969547469,0.0,-0.305893969547469,0,1.0,3.0,1.0,3.0,-0.66627031628741,0.36037634673994,-0.66627031628741,0.36037634673994,0.0,0,0,0,0.0,1,0
2023,REG,00-0036849,T.Atwell,LA,QB,,1,1,0,2.0,0,0,1.053,1.0,1.053,1,0.0,0.0,0.0,0.0,0.0,0.0,0.0,0.0,0.0,0,0,0,0.0,1,0
2023,REG,00-0036898,D.Mills,HOU,QB,,42,42,18,162.0,2,0,-0.09468041662745981,0.3333333333333333,-3.9765774983533118,14,313.0,74.0,7.4523809523809526,4.111111111111111,25.156892328639515,-28.75094825972337,0.5989736268723694,-0.6845463871362707,12.0,0,8,4,0.5,7,2
2023,REG,00-0036900,J.Chase,CIN,QB,,1,1,1,-7.0,0,0,-2.10285701858811,0.0,-2.10285701858811,0,-7.0,0.0,-7.0,0.0,-2.10285701858811,0.0,-2.10285701858811,0.0,0.0,0,0,0,0.0,0,0
2023,REG,00-0036913,K.Toney,KC,QB,,1,1,0,0.0,0,0,-0.446093429578468,0.0,-0.446093429578468,0,16.0,0.0,16.0,0.0,1.04810165410163,-1.4941950836801,1.04810165410163,-1.4941950836801,0.0,0,0,0,0.0,0,0
2023,REG,00-0036919,K.Gainwell,PHI,QB,,1,1,1,17.0,0,0,1.23450584860984,1.0,1.23450584860984,1,17.0,0.0,17.0,0.0,1.23450584860984,0.0,1.23450584860984,0.0,1.0,0,1,1,1.0,0,0
2023,REG,00-0036928,K.Trask,TB,QB,,1,1,0,0.0,0,0,-1.88030287302347,0.0,-1.88030287302347,0,3.0,0.0,3.0,0.0,2.16315921931528,-4.04346209233875,2.16315921931528,-4.04346209233875,0.0,0,1,0,0.0,1,0
2023,REG,00-0036945,J.Fields,CHI,QB,,416,416,227,2277.0,16,9,-0.1103507540500856,0.37740384615384615,-45.90591368483561,157,2961.0,1224.0,7.117788461538462,5.392070484581498,165.1207201856292,-129.07026611934717,0.39692480813853176,-0.31026506278689225,121.0,45,123,39,0.3170731707317073,57,11
2023,REG,00-0036963,A.St. Brown,DET,QB,,1,1,0,-8.0,0,0,-1.97457417356782,0.0,-1.97457417356782,0,0.0,0.0,0.0,0.0,0.0,0.0,0.0,0.0,0.0,0,0,0,0.0,1,0
2023,REG,00-0036971,T.Lawrence,JAX,QB,,602,602,370,3794.0,21,14,-0.036320604345671074,0.4584717607973422,-21.865003816093985,276,4613.0,1786.0,7.662790697674419,4.827027027027027,278.05929420271093,-220.15070704805632,0.46189251528689523,-0.3656988489170371,179.0,49,154,60,0.38961038961038963,67,13
2023,REG,00-0036972,M.Jones,NE,QB,,368,368,224,1993.0,10,12,-0.18646903763321826,0.421195652173913,-68.62060584902432,155,2410.0,1208.0,6.548913043478261,5.392857142857143,89.14450265729104,-122.17250838271812,0.24224049635133435,-0.33199051190956014,100.0,17,105,31,0.29523809523809524,33,8
2023,REG,00-0037013,Z.Wilson,NYJ,QB,,416,416,221,1933.0,8,7,-0.25481578697639373,0.3701923076923077,-106.00336738217979,154,2672.0,1113.0,6.423076923076923,5.036199095022624,95.12651075116183,-108.88847545578854,0.22866949699798517,-0.2617511429225686,104.0,27,117,32,0.27350427350427353,47,6
2023,REG,00-0037077,S.Howell,WAS,QB,,679,679,388,3499.0,21,21,-0.1759499139782251,0.40795287187039764,-119.46999159121484,277,4588.0,2019.0,6.75699558173785,5.203608247422681,226.85295299238467,-239.574001870289,0.33409860529069907,-0.3528335815468174,180.0,44,167,51,0.30538922155688625,68,13
2023,REG,00-0037238,D.London,ATL,QB,,1,1,1,22.0,0,0,1.84401460189838,1.0,1.84401460189838,1,12.0,10.0,12.0,10.0,1.19319119863212,0.650823403266259,1.19319119863212,0.650823403266259,1.0,1,0,0,0.0,0,0
2023,REG,00-0037304,Co.Heyward,PIT,QB,,1,1,0,0.0,0,0,-0.25261004906497,0.0,-0.25261004906497,0,-4.0,0.0,-4.0,0.0,-1.10022897177259,0.847618922707625,-1.10022897177259,0.847618922707625,0.0,0,0,0,0.0,1,0
2023,REG,00-0037740,G.Wilson,NYJ,QB,,1,1,0,0.0,0,0,-0.433482601540163,0.0,-0.433482601540163,0,10.0,0.0,10.0,0.0,0.646169707528316,-1.07965230906848,0.646169707528316,-1.07965230906848,0.0,0,0,0,0.0,0,0
2023,REG,00-0037816,R.Doubs,GB,QB,,1,1,0,0.0,0,0,-0.947,0.0,-0.947,0,0.0,0.0,0.0,0.0,0.0,0.0,0.0,0.0,0.0,0,0,0,0.0,1,0
2023,REG,00-0037834,B.Purdy,SF,QB,,472,472,308,4127.0,31,11,0.29417861586546884,0.5402542372881356,138.8523066885013,255,3636.0,2034.0,7.703389830508475,6.603896103896104,219.3512338579458,-31.435963595040725,0.46472719037700383,-0.06660161778610323,192.0,72,114,50,0.43859649122807015,73,19
2023,REG,00-0038102,K.Pickett,PIT,QB,,348,348,201,1897.0,6,4,-0.13468106509062713,0.39655172413793105,-46.86901065153824,138,2288.0,1038.0,6.574712643678161,5.164179104477612,112.84245980263228,-116.60759803953599,0.32425994196158703,-0.3350793047113103,91.0,25,119,38,0.31932773109243695,34,3
2023,REG,00-0038108,B.Zappe,NE,QB,,237,237,127,1081.0,6,9,-0.3629600818898432,0.3291139240506329,-86.02153940789283,78,1686.0,637.0,7.113924050632911,5.015748031496063,76.06451255141266,-114.64769425935826,0.3209473103435133,-0.48374554539813613,53.0,17,70,13,0.18571428571428572,11,5
2023,REG,00-0038115,D.Bellinger,NYG,QB,,1,1,0,0.0,0,0,-0.947,0.0,-0.947,0,0.0,0.0,0.0,0.0,0.0,0.0,0.0,0.0,0.0,0,0,0,0.0,1,0
2023,REG,00-0038122,D.Ridder,ATL,QB,,422,422,249,2643.0,12,12,-0.09221464706481747,0.45734597156398105,-38.91458106135297,193,3184.0,1222.0,7.545023696682464,4.907630522088353,179.34296348979618,-163.05343801981903,0.4249833258052042,-0.3863825545493342,136.0,34,117,43,0.36752136752136755,56,9
2023,REG,00-0038128,M.Willis,TEN,QB,,9,9,4,44.0,0,0,-0.0075863262237284386,0.4444444444444444,-0.06827693601355594,4,39.0,55.0,4.333333333333333,13.75,3.4567104649613523,1.35143644083308,0.38407894055126135,0.15015960453700888,1.0,1,1,1,1.0,3,0
2023,REG,00-0038391,S.Clifford,GB,QB,,1,1,1,37.0,0,0,2.14362682815408,1.0,2.14362682815408,1,34.0,3.0,34.0,3.0,2.15295312542003,-0.0093262972659431,2.15295312542003,-0.0093262972659431,1.0,1,1,1,1.0,0,0
2023,REG,00-0038393,D.Wicks,GB,QB,,1,1,1,14.0,0,0,0.889282290299889,1.0,0.889282290299889,1,9.0,5.0,9.0,5.0,0.659954489325173,0.229327800974716,0.659954489325173,0.229327800974716,1.0,0,0,0,0.0,0,0
2023,REG,00-0038416,T.Bagent,CHI,QB,,149,149,94,824.0,3,6,-0.21659362908330687,0.4697986577181208,-32.272450733412725,70,814.0,498.0,5.4630872483221475,5.297872340425532,12.159915261639947,-25.150579502885723,0.0816101695412077,-0.16879583558983707,48.0,3,45,19,0.4222222222222222,20,3
2023,REG,00-0038476,T.DeVito,NYG,QB,,215,215,114,905.0,8,3,-0.22940573118579402,0.32558139534883723,-49.32223220494571,70,1149.0,583.0,5.344186046511628,5.114035087719298,33.67101941703004,-31.739266060254227,0.15660939263734902,-0.14762449330350802,46.0,16,70,15,0.21428571428571427,15,6
2023,REG,00-0038579,A.O'Connell,LV,QB,,368,368,213,2045.0,12,7,-0.060761698748214125,0.4157608695652174,-22.3603051393428,153,2561.0,1058.0,6.959239130434782,4.967136150234742,81.01779546980636,-55.66919607991144,0.22015705290708248,-0.15127498934758543,107.0,24,107,34,0.3177570093457944,53,8
2023,REG,00-0038582,C.Tune,ARI,QB,,28,28,12,21.0,0,2,-1.2410551133091627,0.14285714285714285,-34.74954317265656,4,53.0,43.0,1.8928571428571428,3.5833333333333335,-10.304839529679164,-10.328526312252498,-0.36802998320282726,-0.3688759397233035,3.0,0,9,0,0.0,0,0
2023,REG,00-0038583,D.Thompson-Robinson,CLE,QB,,119,119,60,380.0,1,4,-0.33216075711577925,0.35294117647058826,-39.52713009677773,42,662.0,204.0,5.563025210084033,3.4,30.67759235732956,-56.78855664771475,0.25779489375907194,-0.4772147617455021,26.0,1,34,6,0.17647058823529413,16,1
2023,REG,00-0038598,J.Hall,MIN,QB,,24,24,13,140.0,0,1,-0.5281684498932232,0.375,-12.676042797437356,9,156.0,99.0,6.5,7.615384615384615,9.286941496538939,-10.757618644260756,0.3869558956891224,-0.4482341101775315,7.0,2,7,1,0.14285714285714285,3,0
2023,REG,00-0038911,M.Cunningham,NE,QB,,1,1,0,-5.0,0,0,-1.28537227399647,0.0,-1.28537227399647,0,0.0,0.0,0.0,0.0,0.0,0.0,0.0,0.0,0.0,0,0,0,0.0,0,0
2023,REG,00-0038977,N.Dell,HOU,QB,,1,1,0,-1.0,0,0,-0.777416687400546,0.0,-0.777416687400546,0,0.0,0.0,0.0,0.0,0.0,0.0,0.0,0.0,0.0,0,0,0,0.0,0,0
2023,REG,00-0039040,D.Achane,MIA,QB,,1,1,0,-6.0,0,0,-1.43372882343829,0.0,-1.43372882343829,0,0.0,0.0,0.0,0.0,0.0,0.0,0.0,0.0,0.0,0,0,0,0.0,0,0
2023,REG,00-0039150,B.Young,CAR,QB,,590,590,315,2402.0,11,10,-0.2823036672108843,0.3525423728813559,-166.55916365442172,208,4009.0,1300.0,6.794915254237288,4.126984126984127,223.1670074481231,-260.49417952747166,0.3782491651663103,-0.4415155585211384,133.0,26,174,44,0.25287356321839083,53,11
2023,REG,00-0039152,W.Levis,TEN,QB,,284,284,149,1625.0,8,4,-0.04518834802679896,0.4014084507042254,-12.833490839610905,114,2688.0,746.0,9.464788732394366,5.006711409395973,167.74736649330586,-138.43301765097675,0.5906597411736122,-0.487440202996397,81.0,32,85,22,0.25882352941176473,24,4
2023,REG,00-0039163,C.Stroud,HOU,QB,,541,541,319,3777.0,23,5,0.0968511714187286,0.4584103512014787,52.39648373753217,248,4481.0,1762.0,8.282809611829945,5.523510971786834,310.39060442261757,-182.124588481697,0.5737349434798846,-0.33664434100128837,188.0,66,165,63,0.38181818181818183,71,16
2023,REG,00-0039164,A.Richardson,IND,QB,,93,93,50,552.0,3,1,0.017557941322020976,0.40860215053763443,1.632888542947951,38,676.0,297.0,7.268817204301075,5.94,30.341538569249686,-21.523814617982485,0.3262531028951579,-0.2314388668600267,31.0,9,26,8,0.3076923076923077,9,1
2024,POST,00-0026498,M.Stafford,LA,QB,,78,78,45,493.0,4,0,0.11625549702396225,0.44871794871794873,9.067928767869056,35,642.0,179.0,8.23076923076923,3.977777777777778,35.411994662863435,-13.360622436512621,0.45399993157517227,-0.1712900312373413,25.0,9,21,8,0.38095238095238093,18,4
2024,POST,00-0029263,R.Wilson,PIT,QB,,33,33,20,251.0,2,0,0.24589163579300657,0.45454545454545453,8.114423981169217,15,244.0,126.0,7.393939393939394,6.3,12.647779929451652,0.4435061109252203,0.38326605846823186,0.01343957911894607,9.0,6,9,4,0.4444444444444444,0,0
2024,POST,00-0030140,T.Way,WAS,QB,,1,1,1,23.0,0,0,3.98421560344286,1.0,3.98421560344286,1,16.0,7.0,16.0,7.0,3.56923934957013,0.414976253872737,3.56923934957013,0.414976253872737,1.0,1,0,0,0.0,0,0
2024,POST,00-0031237,T.Bridgewater,DET,QB,,1,1,1,3.0,0,0,-0.131951791699976,0.0,-0.131951791699976,0,3.0,0.0,3.0,0.0,-0.131951791699976,0.0,-0.131951791699976,0.0,1.0,0,0,0,0.0,0,0
2024,POST,00-0032943,R.Dixon,DEN,QB,,1,1,1,15.0,0,0,3.49068356608041,1.0,3.49068356608041,1,15.0,0.0,15.0,0.0,3.49068356608041,0.0,3.49068356608041,0.0,1.0,0,0,0,0.0,0,0
2024,POST,00-0033106,J.Goff,DET,QB,,42,42,23,297.0,1,3,-0.1057116108644377,0.5238095238095238,-4.439887656306383,22,331.0,153.0,7.880952380952381,6.6521739130434785,17.089185515302233,-13.62537679390517,0.40688536941195796,-0.3244137331882183,17.0,4,7,2,0.2857142857142857,8,1
2024,POST,00-0033873,P.Mahomes,KC,QB,,98,98,55,627.0,5,2,0.024844319806357228,0.4489795918367347,2.434743341023008,44,588.0,329.0,6.0,5.9818181818181815,30.881462139019582,-10.994628900989305,0.31511696060224065,-0.11219009082642148,32.0,10,24,8,0.3333333333333333,22,3
2024,POST,00-0034796,L.Jackson,BAL,QB,,51,51,34,405.0,4,1,0.17170489340586478,0.45098039215686275,8.756949563699104,23,378.0,171.0,7.411764705882353,5.029411764705882,18.893204565276385,3.89428948332979,0.3704549914760075,0.07635861732019196,20.0,8,14,8,0.5714285714285714,9,3
2024,POST,00-0034855,B.Mayfield,TB,QB,,19,19,15,183.0,2,0,0.7104797586641246,0.7368421052631579,13.499115414618368,14,138.0,81.0,7.2631578947368425,5.4,11.803857729712037,2.4003368052573575,0.621255669984844,0.1263335160661767,12.0,4,6,4,0.6666666666666666,3,2
2024,POST,00-0034857,J.Allen,BUF,QB,,89,89,58,616.0,4,0,0.24176093521524247,0.47191011235955055,21.51672323415658,42,674.0,322.0,7.573033707865169,5.551724137931035,37.76187048335722,-10.70114983095377,0.42429067958828337,-0.12023763855004237,26.0,9,24,10,0.4166666666666667,10,1
2024,POST,00-0034869,S.Darnold,MIN,QB,,50,50,25,163.0,1,1,-0.5979747406703639,0.36,-29.898737033518195,18,420.0,99.0,8.4,3.96,26.681052047933903,-30.389826442721013,0.533621040958678,-0.6077965288544203,11.0,3,15,5,0.3333333333333333,1,0
2024,POST,00-0035685,D.Montgomery,DET,QB,,1,1,1,20.0,0,0,1.18591011303943,1.0,1.18591011303943,1,-3.0,23.0,-3.0,23.0,-1.1442661783658,2.33017629140522,-1.1442661783658,2.33017629140522,1.0,1,0,0,0.0,0,0
2024,POST,00-0036264,J.Love,GB,QB,,35,35,20,195.0,0,3,-0.15740215511435493,0.45714285714285713,-5.509075429002422,16,277.0,127.0,7.914285714285715,6.35,25.521992535213943,-27.55354602268489,0.7291997867203984,-0.7872441720767112,12.0,3,10,6,0.6,4,0
2024,POST,00-0036355,J.Herbert,LAC,QB,,36,36,14,211.0,1,4,-0.6404616925856779,0.3333333333333333,-23.056620933084403,12,405.0,112.0,11.25,8.0,16.080170748406097,-32.55100840024336,0.44667140967794716,-0.9041946777845378,9.0,1,8,2,0.25,0,0
2024,POST,00-0036389,J.Hurts,PHI,QB,,104,104,65,626.0,5,1,0.248603238652402,0.5288461538461539,25.85473681984981,55,617.0,385.0,5.9326923076923075,5.923076923076923,34.36425094402511,12.10386197013653,0.3304254898463953,0.11638328817438971,35.0,11,24,9,0.375,9,3
2024,POST,00-0036945,J.Fields,PIT,QB,,1,1,0,0.0,0,0,-0.47034461365547,0.0,-0.47034461365547,0,5.0,0.0,5.0,0.0,0.104253958095796,-0.574598571751267,0.104253958095796,-0.574598571751267,0.0,0,0,0,0.0,0,0
2024,POST,00-0037240,Ja.Williams,DET,QB,,1,1,0,0.0,0,1,-4.44142709951848,0.0,-4.44142709951848,0,20.0,0.0,20.0,0.0,1.0242829307681,-5.46571003028657,1.0242829307681,-5.46571003028657,0.0,0,0,0,0.0,0,0
2024,POST,00-0038102,K.Pickett,PHI,QB,,1,1,0,0.0,0,0,-2.72017508355202,0.0,-2.72017508355202,0,6.0,0.0,6.0,0.0,1.93291793350363,-4.65309301705565,1.93291793350363,-4.65309301705565,0.0,0,0,0,0.0,0,0
2024,POST,00-0039163,C.Stroud,HOU,QB,,72,72,41,448.0,1,1,-0.05366554367074805,0.4305555555555556,-3.8639191442938596,31,587.0,180.0,8.152777777777779,4.390243902439025,34.93413919920568,-20.087199533905764,0.48519637776674557,-0.27898888241535785,24.0,6,23,11,0.4782608695652174,9,1
2024,POST,00-0039732,B.Nix,DEN,QB,,24,24,13,130.0,1,0,-0.309895623238342,0.3333333333333333,-7.437494957720208,8,260.0,30.0,10.833333333333334,2.3076923076923075,18.47364781965735,-23.176686260109584,0.7697353258190563,-0.9656952608378994,6.0,2,8,1,0.125,1,0
2024,POST,00-0039910,J.Daniels,WAS,QB,,120,120,75,797.0,5,1,0.16998187494913652,0.475,20.397824993896382,57,727.0,432.0,6.058333333333334,5.76,55.125248714641174,-27.289340936418068,0.4593770726220098,-0.22741117447015055,43.0,12,36,14,0.3888888888888889,25,3
2024,REG,00-0023459,A.Rodgers,NYJ,QB,,627,627,368,3599.0,28,11,-0.002016908907897555,0.43381180223285487,-1.2646018852517669,272,4014.0,2122.0,6.401913875598086,5.766304347826087,230.9858573253733,-165.53099834062374,0.3683984965316959,-0.2640047820424621,192.0,51,173,57,0.32947976878612717,94,19
2024,REG,00-0026158,J.Flacco,IND,QB,,267,267,162,1638.0,12,7,0.007686838472534939,0.4606741573033708,2.0523858721668287,123,2215.0,651.0,8.295880149812733,4.018518518518518,143.35836699065558,-104.34579782353865,0.5369227228114442,-0.3908082315488339,87.0,22,68,29,0.4264705882352941,47,9
2024,REG,00-0026300,J.Johnson,BAL,QB,,4,4,2,12.0,0,0,-0.4524338777409875,0.25,-1.80973551096395,1,53.0,2.0,13.25,1.0,4.64183124026749,-5.272234761738218,1.1604578100668725,-1.3180586904345546,1.0,0,3,1,0.3333333333333333,0,0
2024,REG,00-0026498,M.Stafford,LA,QB,,547,547,340,3549.0,20,8,0.06005926387324732,0.4844606946983547,32.852417338666285,265,3869.0,1726.0,7.073126142595978,5.076470588235294,217.8375243929622,-130.49619382962297,0.3982404467878651,-0.23856708195543505,176.0,45,133,39,0.2932330827067669,79,16
2024,REG,00-0027973,A.Dalton,CAR,QB,,168,168,106,952.0,7,6,-0.15145560226477578,0.4107142857142857,-25.44454118048233,69,1062.0,459.0,6.321428571428571,4.330188679245283,56.722638035804266,-70.37907415388845,0.3376347502131206,-0.4189230604398122,50.0,13,45,15,0.3333333333333333,24,5
2024,REG,00-0028118,T.Taylor,NYJ,QB,,25,25,17,121.0,3,0,0.44252344510228353,0.56,11.063086127557089,14,88.0,68.0,3.52,4.0,7.267409313120871,4.636676814436216,0.2906963725248348,0.18546707257744863,9.0,1,4,4,1.0,10,3
2024,REG,00-0028872,J.Hekker,CAR,QB,,2,2,0,0.0,0,0,-2.8560173651203504,0.0,-5.712034730240701,0,28.0,0.0,14.0,0.0,6.673892850056291,-12.38592758029699,3.3369464250281453,-6.192963790148495,0.0,0,0,0,0.0,0,0
2024,REG,00-0029263,R.Wilson,PIT,QB,,370,370,214,2263.0,16,5,-0.012573266391256019,0.41081081081081083,-4.652108564764727,152,2668.0,1122.0,7.210810810810811,5.242990654205608,165.98816996726836,-114.56084452546686,0.4486166755872118,-0.30962390412288343,112.0,40,114,40,0.3508771929824561,53,11
2024,REG,00-0029604,K.Cousins,ATL,QB,,482,482,303,3307.0,18,16,0.032748457983550465,0.47717842323651455,15.784756748071326,230,3374.0,1687.0,7.0,5.567656765676568,195.14614051815607,-123.22606071293326,0.40486751144845656,-0.2556557276201935,163.0,42,128,44,0.34375,51,10
2024,REG,00-0029692,B.Anger,DAL,QB,,2,2,1,4.0,0,0,-2.84351140446961,0.0,-5.68702280893922,0,11.0,0.0,5.5,0.0,0.4355475666234301,-6.12257037556265,0.21777378331171504,-3.061285187781325,0.0,0,0,0,0.0,0,0
2024,REG,00-0030279,K.Allen,CHI,QB,,1,1,0,0.0,0,1,-5.9111632690765,0.0,-5.9111632690765,0,14.0,0.0,14.0,0.0,0.968281501205638,-6.87944477028213,0.968281501205638,-6.87944477028213,0.0,0,0,0,0.0,0,0
2024,REG,00-0030565,G.Smith,SEA,QB,,631,631,407,3982.0,21,15,0.004816138033471686,0.4643423137876387,3.0389830991206335,293,3996.0,2133.0,6.332805071315373,5.240786240786241,189.70868462857015,-99.6214695021065,0.3006476776997942,-0.15787871553424168,209.0,50,161,61,0.37888198757763975,66,14
2024,REG,00-0031280,D.Carr,NO,QB,,290,290,189,2099.0,15,5,0.14586565405975313,0.4413793103448276,42.30103967732841,128,2178.0,1087.0,7.510344827586207,5.751322751322752,83.0222920984896,-29.456572881692935,0.2862837658568607,-0.10157438924721701,93.0,27,80,31,0.3875,36,8
2024,REG,00-0031345,J.Garoppolo,LA,QB,,45,45,27,319.0,2,1,0.046169604091512044,0.4888888888888889,2.077632184118042,22,221.0,232.0,4.911111111111111,8.592592592592593,6.979042717022832,1.9402216537737953,0.15508983815606292,0.04311603675052878,16.0,6,13,5,0.38461538461538464,11,2
2024,REG,00-0031503,J.Winston,CLE,QB,,327,327,181,1999.0,13,12,-0.09334875463572653,0.41590214067278286,-30.525042765882574,136,2640.0,765.0,8.073394495412844,4.226519337016574,179.44588143654983,-171.19566617716472,0.5487641634145255,-0.523534147330779,103.0,24,90,33,0.36666666666666664,40,6
2024,REG,00-0031588,S.Diggs,HOU,QB,,1,1,1,13.0,0,0,2.76291913574096,1.0,2.76291913574096,1,-4.0,17.0,-4.0,17.0,-1.73279672698118,4.49571586272214,-1.73279672698118,4.49571586272214,1.0,0,1,1,1.0,0,0
2024,REG,00-0031800,T.Heinicke,LAC,QB,,8,8,3,0.0,0,0,-1.1841849717311559,0.125,-9.473479773849247,1,32.0,9.0,4.0,3.0,1.9196103991707778,-6.292192004038956,0.23995129989634723,-0.7865240005048695,1.0,0,4,1,0.25,0,0
2024,REG,00-0032065,B.Pinion,ATL,QB,,1,1,0,0.0,0,0,-0.947,0.0,-0.947,0,0.0,0.0,0.0,0.0,0.0,0.0,0.0,0.0,0.0,0,0,0,0.0,1,0
2024,REG,00-0032268,M.Mariota,WAS,QB,,48,48,34,335.0,4,0,0.3930489922144411,0.5208333333333334,18.866351626293174,25,408.0,107.0,8.5,3.1470588235294117,29.5075597286923,-4.697312255954034,0.6147408276810896,-0.09786067199904237,22.0,4,13,7,0.5384615384615384,10,4
2024,REG,00-0032399,M.Killebrew,PIT,QB,,1,1,0,0.0,0,0,-2.67772018973483,0.0,-2.67772018973483,0,14.0,0.0,14.0,0.0,-1.39171060360968,-1.28600958612515,-1.39171060360968,-1.28600958612515,0.0,0,0,0,0.0,0,0
2024,REG,00-0032434,B.Allen,SF,QB,,32,32,17,197.0,1,2,-0.5460205277187687,0.34375,-17.4726568870006,11,241.0,116.0,7.53125,6.823529411764706,11.410617376153823,-21.84506089488202,0.35658179300480697,-0.6826581529650632,8.0,5,10,3,0.3,4,1
2024,REG,00-0032943,R.Dixon,DEN,QB,,1,1,1,3.0,0,0,-1.89868554240093,0.0,-1.89868554240093,0,-5.0,8.0,-5.0,8.0,-2.61759730661288,0.718911764211953,-2.61759730661288,0.718911764211953,0.0,0,0,0,0.0,0,0
2024,REG,00-0032950,C.Wentz,KC,QB,,23,23,12,96.0,0,0,-0.2937281832038827,0.2608695652173913,-6.755748213689302,6,125.0,68.0,5.434782608695652,5.666666666666667,1.763875935343099,-1.9488375258515584,0.0766902580583956,-0.0847320663413721,5.0,2,9,2,0.2222222222222222,0,0
2024,REG,00-0033009,T.Boyd,TEN,QB,,1,1,0,0.0,0,0,-0.434416036820039,0.0,-0.434416036820039,0,24.0,0.0,24.0,0.0,1.49370748939691,-1.92812352621695,1.49370748939691,-1.92812352621695,0.0,0,0,0,0.0,0,0
2024,REG,00-0033077,D.Prescott,DAL,QB,,309,309,185,1866.0,11,8,-0.061606921871812596,0.41423948220064727,-19.03653885839009,128,2270.0,939.0,7.3462783171521036,5.075675675675676,123.70206510352229,-107.53732079358424,0.4003303077783893,-0.34801721939671276,87.0,23,77,24,0.3116883116883117,39,7
2024,REG,00-0033106,J.Goff,DET,QB,,571,571,390,4397.0,37,12,0.274009924113436,0.5376532399299475,156.45966666877194,307,3406.0,2544.0,5.964973730297723,6.523076923076923,118.10553803009682,91.71451432104345,0.2068398214187335,0.16062086571110937,236.0,61,143,63,0.4405594405594406,105,24
2024,REG,00-0033119,J.Brissett,NE,QB,,180,180,95,706.0,2,1,-0.20619265753026964,0.3888888888888889,-37.11467835544853,70,1093.0,433.0,6.072222222222222,4.557894736842106,50.30537907574872,-58.12324022449498,0.27947432819860396,-0.3229068901360832,41.0,7,65,19,0.2923076923076923,31,2
2024,REG,00-0033307,K.Bourne,NE,QB,,1,1,0,0.0,0,0,-1.31996548431925,0.0,-1.31996548431925,0,0.0,0.0,0.0,0.0,-1.31996548431925,0.0,-1.31996548431925,0.0,0.0,0,1,0,0.0,0,0
2024,REG,00-0033319,N.Mullens,MIN,QB,,2,2,2,38.0,0,0,2.434362811327445,1.0,4.86872562265489,2,24.0,14.0,12.0,7.0,1.992465276271101,2.876260346383789,0.9962326381355505,1.4381301731918945,2.0,1,2,2,1.0,0,0
2024,REG,00-0033357,T.Hill,NO,QB,,4,4,2,21.0,0,1,-0.8044233288567882,0.25,-3.217693315427153,1,53.0,9.0,13.25,4.5,0.8431187554960999,-4.060812070923264,0.21077968887402498,-1.015203017730816,1.0,0,1,0,0.0,0,0
2024,REG,00-0033537,D.Watson,CLE,QB,,250,250,137,959.0,5,3,-0.24616510402844677,0.336,-61.54127600711169,84,1569.0,594.0,6.276,4.335766423357664,45.895500550133875,-49.188887469166346,0.1835820022005355,-0.19675554987666538,49.0,11,60,11,0.18333333333333332,22,4
2024,REG,00-0033662,C.Rush,DAL,QB,,322,322,187,1751.0,12,5,-0.10042562740971778,0.41304347826086957,-32.337052025929125,133,2137.0,942.0,6.636645962732919,5.037433155080214,97.22168103196503,-96.08130804861582,0.301930686434674,-0.29838915543048394,92.0,20,85,28,0.32941176470588235,34,10
2024,REG,00-0033869,M.Trubisky,BUF,QB,,26,26,19,179.0,2,0,0.37371193239669775,0.38461538461538464,9.716510242314142,10,142.0,149.0,5.461538461538462,7.842105263157895,-1.6698519673955081,11.386362209709656,-0.06422507566905801,0.437937008065756,7.0,2,9,3,0.3333333333333333,2,1
2024,REG,00-0033873,P.Mahomes,KC,QB,,619,619,392,3689.0,26,11,0.1089794853598424,0.4911147011308562,67.45830143774245,304,3681.0,2275.0,5.946688206785137,5.803571428571429,169.22434448861165,-47.3293512798593,0.2733834321302288,-0.0764609875280441,214.0,40,161,76,0.4720496894409938,112,22
2024,REG,00-0033897,J.Mixon,HOU,QB,,1,1,0,0.0,0,0,-0.726145962660667,0.0,-0.726145962660667,0,10.0,0.0,10.0,0.0,2.42842827172717,-3.15457423438784,2.42842827172717,-3.15457423438784,0.0,0,0,0,0.0,1,0
2024,REG,00-0033949,J.Dobbs,SF,QB,,49,49,32,333.0,2,2,0.1134179558249354,0.5102040816326531,5.557479835421835,25,373.0,101.0,7.612244897959184,3.15625,26.26994722255041,-15.706943987707767,0.5361213718887838,-0.3205498773001585,18.0,5,11,5,0.45454545454545453,8,1
2024,REG,00-0034162,J.Scott,LAC,QB,,1,1,1,3.0,0,0,-2.70660636294633,0.0,-2.70660636294633,0,-4.0,7.0,-4.0,7.0,-3.05357136344537,0.34696500049904,-3.05357136344537,0.34696500049904,0.0,0,0,0,0.0,0,0
2024,REG,00-0034177,T.Boyle,MIA,QB,,27,27,15,144.0,0,0,-0.262896548309881,0.4074074074074074,-7.098206804366787,11,174.0,88.0,6.444444444444445,5.866666666666666,19.3924740201619,-24.668457717722056,0.7182397785245148,-0.9136465821378539,7.0,1,5,1,0.2,4,0
2024,REG,00-0034177,T.Boyle,NYG,QB,,25,25,12,121.0,1,1,-0.2955881846463307,0.28,-7.389704616158267,7,139.0,63.0,5.56,5.25,11.648745574406364,-18.33534351340495,0.4659498229762546,-0.733413740536198,4.0,2,7,1,0.14285714285714285,3,0
2024,REG,00-0034348,C.Sutton,DEN,QB,,2,2,2,30.0,1,0,3.74536908819573,1.0,7.49073817639146,2,19.0,11.0,9.5,5.5,6.69023982522776,0.800498351163697,3.34511991261388,0.4002491755818485,2.0,1,0,0,0.0,1,1
2024,REG,00-0034401,M.White,BUF,QB,,11,11,3,28.0,0,0,-0.650260572623334,0.18181818181818182,-7.152866298856675,2,98.0,32.0,8.909090909090908,10.666666666666666,2.397100450820285,-9.549966749676962,0.2179182228018441,-0.8681787954251784,1.0,0,5,1,0.2,0,0
2024,REG,00-0034418,C.Wilson,NO,QB,,2,2,1,18.0,1,0,0.575608345185175,0.5,1.15121669037035,1,20.0,1.0,10.0,1.0,1.25172276829835,0.783190819551237,0.625861384149175,0.3915954097756185,1.0,1,0,0,0.0,0,0
2024,REG,00-0034521,A.Lazard,NYJ,QB,,1,1,0,0.0,0,0,-1.01079559273785,0.0,-1.01079559273785,0,17.0,0.0,17.0,0.0,2.23520675982581,-3.24600235256366,2.23520675982581,-3.24600235256366,0.0,0,1,0,0.0,1,0
2024,REG,00-0034577,K.Allen,PIT,QB,,1,1,1,19.0,0,0,1.43255293625407,1.0,1.43255293625407,1,13.0,6.0,13.0,6.0,1.04266162565909,0.389891310594976,1.04266162565909,0.389891310594976,1.0,0,0,0,0.0,0,0
2024,REG,00-0034771,M.Rudolph,TEN,QB,,240,240,146,1461.0,9,9,-0.02306064953438416,0.475,-5.534555888252199,114,1630.0,664.0,6.791666666666667,4.5479452054794525,77.33790645039964,-67.30147733074531,0.3222412768766652,-0.2804228222114388,78.0,18,60,21,0.35,34,8
2024,REG,00-0034796,L.Jackson,BAL,QB,,499,499,316,4023.0,41,4,0.33720927483796515,0.5150300601202404,168.26742814414462,257,4109.0,2084.0,8.234468937875752,6.594936708860759,274.61503248456575,-65.2740567401217,0.5503307264219754,-0.13080973294613565,198.0,56,125,51,0.408,74,33
2024,REG,00-0034827,D.Moore,CHI,QB,,1,1,0,0.0,0,0,-0.44727218337357,0.0,-0.44727218337357,0,33.0,0.0,33.0,0.0,3.06129010894801,-3.50856229232159,3.06129010894801,-3.50856229232159,0.0,0,0,0,0.0,0,0
2024,REG,00-0034844,S.Barkley,PHI,QB,,1,1,0,-2.0,0,0,-1.65995322052973,0.0,-1.65995322052973,0,0.0,0.0,0.0,0.0,0.0,0.0,0.0,0.0,0.0,0,1,0,0.0,1,0
2024,REG,00-0034855,B.Mayfield,TB,QB,,613,613,407,4254.0,41,16,0.17450192707157153,0.5122349102773246,106.96968129487334,314,3971.0,2430.0,6.4779771615008155,5.9705159705159705,226.89319485144568,-51.24835339991638,0.3701357175390631,-0.08360253409448024,224.0,58,157,72,0.4585987261146497,91,29
2024,REG,00-0034857,J.Allen,BUF,QB,,498,498,307,3670.0,28,6,0.2612611903531435,0.4879518072289157,130.10807279586547,243,4022.0,1998.0,8.076305220883533,6.50814332247557,242.0754186333506,-88.19376612489151,0.48609521813925827,-0.17709591591343676,173.0,54,131,52,0.3969465648854962,80,20
2024,REG,00-0034869,S.Darnold,MIN,QB,,594,594,361,3984.0,35,12,0.060427527457686314,0.48484848484848486,35.89395130986567,288,4606.0,1752.0,7.754208754208754,4.853185595567867,322.2709703499569,-198.84536988951146,0.5425437211278735,-0.3347565149655075,207.0,62,165,61,0.3696969696969697,103,26
2024,REG,00-0034960,J.Meyers,LV,QB,,1,1,0,-10.0,0,0,-1.56762638897635,0.0,-1.56762638897635,0,0.0,0.0,0.0,0.0,0.0,0.0,0.0,0.0,0.0,0,0,0,0.0,0,0
2024,REG,00-0035156,J.Fox,DET,QB,,1,1,1,17.0,0,0,3.63742909347639,1.0,3.63742909347639,1,15.0,2.0,15.0,2.0,3.40190987009555,0.235519223380834,3.40190987009555,0.235519223380834,1.0,0,0,0,0.0,0,0
2024,REG,00-0035190,A.Cole,LV,QB,,1,1,1,34.0,0,0,4.33391802990809,1.0,4.33391802990809,1,4.0,30.0,4.0,30.0,2.63219476863742,1.70172326127067,2.63219476863742,1.70172326127067,1.0,1,0,0,0.0,0,0
2024,REG,00-0035228,K.Murray,ARI,QB,,571,571,372,3631.0,21,11,0.07822939009034616,0.4991243432574431,44.66898174158766,285,3693.0,1968.0,6.467600700525394,5.290322580645161,188.55256688025366,-93.67791746090053,0.3302146530302166,-0.16405940010665593,191.0,43,125,47,0.376,76,16
2024,REG,00-0035289,G.Minshew,LV,QB,,336,336,203,1851.0,9,10,-0.1369368237584357,0.44642857142857145,-46.010772782834394,150,1847.0,1099.0,5.497023809523809,5.413793103448276,60.56802204172704,-48.47015396302811,0.18026197036228286,-0.14425641060425032,106.0,22,86,30,0.3488372093023256,48,6
2024,REG,00-0035685,D.Montgomery,DET,QB,,1,1,1,3.0,1,0,1.51914853777271,1.0,1.51914853777271,1,3.0,0.0,3.0,0.0,1.51914853777271,0.0,1.51914853777271,0.0,1.0,0,0,0,0.0,1,1
2024,REG,00-0035704,D.Lock,NYG,QB,,194,194,107,985.0,6,5,-0.214790962943818,0.41237113402061853,-41.66944681110069,80,1107.0,611.0,5.706185567010309,5.710280373831775,48.05753137686141,-62.5743012391276,0.24771923390134748,-0.3225479445315856,45.0,11,53,14,0.2641509433962264,18,2
2024,REG,00-0035710,D.Jones,NYG,QB,,375,375,216,1898.0,8,7,-0.1016448329168318,0.42133333333333334,-38.11681234381192,158,2509.0,944.0,6.690666666666667,4.37037037037037,114.24467885617479,-91.6690488828804,0.3046524769497994,-0.2444507970210144,106.0,19,105,34,0.3238095238095238,42,6
2024,REG,00-0035719,D.Samuel,SF,QB,,1,1,0,-4.0,0,0,-2.08983199129667,0.0,-2.08983199129667,0,0.0,0.0,0.0,0.0,0.0,0.0,0.0,0.0,0.0,0,1,0,0.0,0,0
2024,REG,00-0035993,T.Huntley,MIA,QB,,150,150,86,737.0,3,3,-0.1563147817747994,0.38,-23.447217266219912,57,1036.0,354.0,6.906666666666666,4.116279069767442,52.30844390622644,-49.211615809886126,0.34872295937484293,-0.32807743873257417,45.0,6,38,8,0.21052631578947367,23,3
2024,REG,00-0036212,T.Tagovailoa,MIA,QB,,423,423,291,2717.0,19,7,0.20291525979504246,0.5319148936170213,85.83315489330296,225,2271.0,1708.0,5.368794326241135,5.869415807560137,95.39565175668206,30.209780575221806,0.2255216353585864,0.07141792098161183,161.0,29,109,46,0.42201834862385323,65,16
2024,REG,00-0036264,J.Love,GB,QB,,442,442,268,3300.0,25,11,0.12028905453734356,0.47058823529411764,53.16776210550586,208,3757.0,1654.0,8.5,6.1716417910447765,235.98306883266596,-165.61255148039794,0.5338983457752624,-0.3746890304986379,151.0,48,116,36,0.3103448275862069,81,20
2024,REG,00-0036309,D.Mooney,ATL,QB,,1,1,0,0.0,0,0,-0.423818196868524,0.0,-0.423818196868524,0,19.0,0.0,19.0,0.0,1.05882857041433,-1.48264676728286,1.05882857041433,-1.48264676728286,0.0,0,0,0,0.0,0,0
2024,REG,00-0036322,J.Jefferson,MIN,QB,,1,1,1,22.0,0,0,3.05090669821948,1.0,3.05090669821948,1,-5.0,27.0,-5.0,27.0,-1.41495977155864,4.46586646977812,-1.41495977155864,4.46586646977812,1.0,1,1,1,1.0,0,0
2024,REG,00-0036355,J.Herbert,LAC,QB,,548,548,332,3632.0,23,3,0.11830429340505383,0.4470802919708029,64.8307527859695,245,4335.0,1675.0,7.910583941605839,5.045180722891566,250.87691903020232,-126.47356692852482,0.45780459677044216,-0.23079118052650513,175.0,54,142,49,0.34507042253521125,72,12
2024,REG,00-0036389,J.Hurts,PHI,QB,,400,400,248,2632.0,18,5,0.10103916742317841,0.4575,40.41566696927136,183,2814.0,1375.0,7.035,5.544354838709677,174.4601522995509,-60.43994499409155,0.4361503807488773,-0.15109986248522886,139.0,43,111,41,0.36936936936936937,57,12
2024,REG,00-0036442,J.Burrow,CIN,QB,,702,702,460,4640.0,43,9,0.14207921706708737,0.5113960113960114,99.73961038109533,359,4614.0,2192.0,6.572649572649572,4.765217391304348,282.85192307651414,-84.13336734473174,0.40292296734546174,-0.11984810163067199,253.0,49,174,75,0.43103448275862066,138,30
2024,REG,00-0036626,D.Brown,WAS,QB,,1,1,0,0.0,0,0,-0.429860370699316,0.0,-0.429860370699316,0,36.0,0.0,36.0,0.0,3.26337801665068,-3.69323838734999,3.26337801665068,-3.69323838734999,0.0,0,0,0,0.0,0,0
2024,REG,00-0036849,T.Atwell,LA,QB,,1,1,0,0.0,0,0,-0.511101376265287,0.0,-0.511101376265287,0,34.0,0.0,34.0,0.0,2.23138865246438,-2.74249002872966,2.23138865246438,-2.74249002872966,0.0,0,0,0,0.0,0,0
2024,REG,00-0036880,P.Sewell,DET,QB,,1,1,0,-1.0,0,0,-0.975853093783371,0.0,-0.975853093783371,0,0.0,0.0,0.0,0.0,0.0,0.0,0.0,0.0,0.0,0,0,0,0.0,0,0
2024,REG,00-0036898,D.Mills,HOU,QB,,38,38,20,194.0,0,0,-0.2733875337289638,0.34210526315789475,-10.388726281700624,13,223.0,72.0,5.868421052631579,3.6,25.03310542932014,-32.59746511559934,0.65876593235053,-0.8578280293578774,9.0,3,12,5,0.4166666666666667,12,0
2024,REG,00-0036928,K.Trask,TB,QB,,1,1,1,5.0,0,0,0.297810939140618,1.0,0.297810939140618,1,-3.0,8.0,-3.0,8.0,-1.2027993677184,1.50061030685902,-1.2027993677184,1.50061030685902,0.0,0,0,0,0.0,0,0
2024,REG,00-0036945,J.Fields,PIT,QB,,178,178,106,982.0,5,1,0.010157286295476818,0.4157303370786517,1.8079969605948736,74,1251.0,524.0,7.02808988764045,4.943396226415095,52.100767294206904,-20.698324767252092,0.292700939855095,-0.11628272341152861,45.0,15,56,19,0.3392857142857143,23,4
2024,REG,00-0036963,A.St. Brown,DET,QB,,1,1,1,7.0,1,0,1.72411598067265,1.0,1.72411598067265,1,5.0,2.0,5.0,2.0,0.0710420286050066,1.65307395206764,0.0710420286050066,1.65307395206764,1.0,0,0,0,0.0,1,1
2024,REG,00-0036971,T.Lawrence,JAX,QB,,306,306,172,1911.0,11,7,-0.010995434626184913,0.42810457516339867,-3.364602995612583,131,2658.0,846.0,8.686274509803921,4.9186046511627906,203.35821292761833,-174.08302090825842,0.6645693232928703,-0.5688987611380995,97.0,32,80,23,0.2875,42,9
2024,REG,00-0036972,M.Jones,JAX,QB,,279,279,171,1574.0,8,8,-0.019029344570934244,0.4121863799283154,-5.309187135290654,115,1928.0,908.0,6.910394265232975,5.309941520467836,87.78431570526237,-66.34177544158831,0.3146391243916214,-0.23778414136770004,77.0,22,71,24,0.3380281690140845,35,6
2024,REG,00-0037012,T.Lance,DAL,QB,,45,45,25,243.0,0,1,-0.32059344658166145,0.35555555555555557,-14.426705096174766,16,268.0,149.0,5.955555555555556,5.96,23.370096222497498,-31.480029124957397,0.5193354716110555,-0.6995562027768311,13.0,4,12,3,0.25,10,0
2024,REG,00-0037077,S.Howell,SEA,QB,,18,18,5,3.0,0,1,-0.8651621284150931,0.1111111111111111,-15.572918311471676,2,83.0,7.0,4.611111111111111,1.4,0.6581589315319595,-11.4924897408463,0.03656438508510886,-0.638471652269239,1.0,0,6,1,0.16666666666666666,0,0
2024,REG,00-0037276,T.Chandler,MIN,QB,,1,1,0,-1.0,0,0,-0.598491671553347,0.0,-0.598491671553347,0,0.0,0.0,0.0,0.0,0.0,0.0,0.0,0.0,0.0,0,0,0,0.0,1,0
2024,REG,00-0037324,C.Oladokun,KC,QB,,1,1,0,-5.0,0,0,-1.38983265939169,0.0,-1.38983265939169,0,0.0,0.0,0.0,0.0,0.0,0.0,0.0,0.0,0.0,0,0,0,0.0,0,0
2024,REG,00-0037327,S.Thompson,MIA,QB,,39,39,21,143.0,0,0,-0.3977185933849513,0.3076923076923077,-15.511025142013102,12,230.0,85.0,5.897435897435898,4.0476190476190474,17.49621648550964,-21.092144959170856,0.44862093552588816,-0.5408242297223297,8.0,1,10,1,0.1,9,0
2024,REG,00-0037834,B.Purdy,SF,QB,,487,487,300,3708.0,20,12,0.15971801582748615,0.4928131416837782,77.78267370798575,240,3904.0,1622.0,8.016427104722792,5.406666666666666,270.1524171761135,-143.0674805020032,0.5547277560084466,-0.29377306057906205,178.0,56,129,53,0.4108527131782946,86,17
2024,REG,00-0038102,K.Pickett,PHI,QB,,46,46,25,258.0,2,1,0.07472198114240076,0.3695652173913043,3.437211132550435,17,347.0,57.0,7.543478260869565,2.28,23.939055772847478,-15.762617632898806,0.520414255931467,-0.3426656007151914,12.0,4,17,6,0.35294117647058826,8,1
2024,REG,00-0038108,B.Zappe,CLE,QB,,32,32,16,165.0,1,2,-0.5265251690125182,0.3125,-16.848805408400583,10,220.0,101.0,6.875,6.3125,18.216741346346694,-33.45724229887092,0.5692731670733342,-1.0455388218397164,8.0,3,8,3,0.375,6,1
2024,REG,00-0038122,D.Ridder,LV,QB,,95,95,52,394.0,2,2,-0.23243698302527532,0.37894736842105264,-22.081513387401156,36,683.0,201.0,7.189473684210526,3.8653846153846154,34.49194118778012,-31.476291399715677,0.3630730651345276,-0.33132938315490185,24.0,7,22,7,0.3181818181818182,9,1
2024,REG,00-0038128,M.Willis,GB,QB,,63,63,40,513.0,3,0,0.24285141659329146,0.3968253968253968,15.299639245377362,25,430.0,274.0,6.825396825396825,6.85,20.39448591290205,9.764824858160924,0.32372199861749285,0.15499721997080831,20.0,11,27,11,0.4074074074074074,7,2
2024,REG,00-0038400,T.McKee,PHI,QB,,47,47,30,306.0,4,0,0.3122917718361648,0.5319148936170213,14.677713276299745,25,322.0,138.0,6.851063829787234,4.6,18.551239089120102,0.2726254080712551,0.3947072146621298,0.005800540597260748,17.0,2,10,2,0.2,6,3
2024,REG,00-0038416,T.Bagent,CHI,QB,,2,2,2,11.0,0,0,0.159433750464814,0.5,0.318867500929628,1,1.0,10.0,0.5,5.0,-0.2531206422427203,0.571988143172348,-0.12656032112136015,0.285994071586174,1.0,0,0,0,0.0,0,0
2024,REG,00-0038476,T.DeVito,NYG,QB,,50,50,31,226.0,0,0,-0.16017864980618463,0.38,-8.008932490309231,19,263.0,119.0,5.26,3.838709677419355,17.487301338900576,-17.178232138365253,0.34974602677801153,-0.3435646427673051,15.0,2,12,4,0.3333333333333333,4,0
2024,REG,00-0038543,J.Smith-Njigba,SEA,QB,,1,1,1,35.0,0,0,2.24360939417966,1.0,2.24360939417966,1,35.0,0.0,35.0,0.0,2.24360939417966,0.0,2.24360939417966,0.0,1.0,1,0,0,0.0,0,0
2024,REG,00-0038550,H.Hooker,DET,QB,,10,10,6,53.0,0,0,-0.20768875653944932,0.4,-2.076887565394493,4,58.0,30.0,5.8,5.0,3.3840628670877786,-1.6433622907703842,0.33840628670877787,-0.16433622907703843,3.0,1,3,1,0.3333333333333333,0,0
2024,REG,00-0038579,A.O'Connell,LV,QB,,255,255,154,1530.0,8,4,0.009445739929336295,0.4392156862745098,2.408663681980755,112,1921.0,731.0,7.533333333333333,4.746753246753247,88.00886507952237,-65.88955732907533,0.345132804233421,-0.25839042089833464,78.0,20,64,21,0.328125,32,5
2024,REG,00-0038582,C.Tune,ARI,QB,,2,2,2,8.0,0,0,-0.564009339082984,0.5,-1.128018678165968,1,4.0,4.0,2.0,2.0,-1.641818182077258,0.513799503911287,-0.820909091038629,0.2568997519556435,0.0,0,1,0,0.0,0,0
2024,REG,00-0038583,D.Thompson-Robinson,CLE,QB,,126,126,61,393.0,0,6,-0.5646122775663297,0.2777777777777778,-71.14114697335754,35,710.0,251.0,5.634920634920635,4.114754098360656,29.623642765363936,-86.67125581981965,0.2351082759155868,-0.6878671096811083,20.0,1,31,7,0.22580645161290322,11,0
2024,REG,00-0038998,J.Haener,NO,QB,,45,45,18,171.0,1,1,-0.3321884256391367,0.28888888888888886,-14.948479153761152,13,345.0,97.0,7.666666666666667,5.388888888888889,26.985400790144908,-32.148312104450724,0.5996755731143313,-0.7144069356544606,10.0,3,13,4,0.3076923076923077,5,1
2024,REG,00-0039150,B.Young,CAR,QB,,414,414,234,2217.0,15,9,-0.0732497342069134,0.391304347826087,-30.32538996166215,162,3358.0,969.0,8.11111111111111,4.141025641025641,235.3020555284239,-208.50919071827764,0.5683624529672074,-0.5036453882084001,117.0,30,122,36,0.29508196721311475,64,11
2024,REG,00-0039152,W.Levis,TEN,QB,,344,344,190,1860.0,13,12,-0.19046201203564467,0.35755813953488375,-65.51893214026177,123,2621.0,933.0,7.619186046511628,4.910526315789474,135.17468700368784,-135.13953258773773,0.3929496715223484,-0.392847478452726,86.0,25,95,30,0.3157894736842105,30,6
2024,REG,00-0039163,C.Stroud,HOU,QB,,584,584,336,3319.0,20,12,-0.022445466135455467,0.4143835616438356,-13.108152223105993,242,4424.0,1664.0,7.575342465753424,4.9523809523809526,255.92092224804048,-173.9419151290054,0.4382207572740419,-0.29784574508391337,187.0,42,181,65,0.35911602209944754,72,16
2024,REG,00-0039164,A.Richardson,IND,QB,,279,279,126,1699.0,8,12,-0.15828008921050607,0.34408602150537637,-44.16014488973119,96,3224.0,776.0,11.555555555555555,6.158730158730159,212.91174209453325,-229.24757961173128,0.7631245236363199,-0.8216759125868505,73.0,28,73,18,0.2465753424657534,24,4
2024,REG,00-0039337,M.Nabers,NYG,QB,,1,1,0,0.0,0,0,-0.963732368283672,0.0,-0.963732368283672,0,1.0,0.0,1.0,0.0,-0.665527898789151,-0.298204469494522,-0.665527898789151,-0.298204469494522,0.0,0,0,0,0.0,1,0
2024,REG,00-0039376,S.Rattler,NO,QB,,251,251,130,1181.0,4,5,-0.33785090586309624,0.3545816733067729,-84.80057737163716,89,1834.0,642.0,7.306772908366534,4.938461538461539,72.83253793590119,-108.19021972946742,0.2901694738482119,-0.43103673198991,62.0,16,61,11,0.18032786885245902,15,3
2024,REG,00-0039398,J.Milton,NE,QB,,29,29,22,241.0,1,0,0.40657641833655356,0.5172413793103449,11.790716131760053,15,280.0,72.0,9.655172413793103,3.272727272727273,18.339976824296155,-6.549260692536121,0.6324129939412467,-0.22583657560469383,14.0,2,8,3,0.375,3,0
2024,REG,00-0039491,J.Coker,CAR,QB,,1,1,1,19.0,0,0,1.31070934201125,1.0,1.31070934201125,1,16.0,3.0,16.0,3.0,1.21730051015038,0.0934088318608701,1.21730051015038,0.0934088318608701,1.0,0,0,0,0.0,0,0
2024,REG,00-0039732,B.Nix,DEN,QB,,592,592,376,3577.0,29,12,0.029742493634941778,0.42567567567567566,17.607556231885532,252,4116.0,2070.0,6.952702702702703,5.50531914893617,189.6969786564126,-130.48529964243338,0.3204340855682645,-0.22041435750411043,170.0,51,175,61,0.3485714285714286,81,23
2024,REG,00-0039851,D.Maye,NE,QB,,375,375,225,2051.0,15,10,-0.08454655386530452,0.456,-31.704957699489196,171,2473.0,1191.0,6.594666666666667,5.293333333333333,133.29787766295334,-92.47800740459392,0.3554610071012089,-0.2466080197455838,112.0,25,98,32,0.32653061224489793,50,9
2024,REG,00-0039890,A.Mitchell,IND,QB,,1,1,1,24.0,0,0,2.44565882708412,1.0,2.44565882708412,1,-6.0,30.0,-6.0,30.0,-1.09050712006865,3.53616594715277,-1.09050712006865,3.53616594715277,1.0,1,0,0,0.0,0,0
2024,REG,00-0039910,J.Daniels,WAS,QB,,530,530,331,3334.0,25,9,0.09998696530281309,0.45660377358490567,52.993091610490936,242,3548.0,1780.0,6.694339622641509,5.377643504531722,191.82250242692515,-74.16488516619133,0.36192924986212294,-0.13993374559658742,170.0,41,139,47,0.3381294964028777,77,19
2024,REG,00-0039916,R.Pearsall,SF,QB,,1,1,0,0.0,0,0,-0.530975111527368,0.0,-0.530975111527368,0,10.0,0.0,10.0,0.0,0.634156348649412,-1.16513146017678,0.634156348649412,-1.16513146017678,0.0,0,0,0,0.0,0,0
2024,REG,00-0039917,M.Penix,ATL,QB,,109,109,61,761.0,3,3,0.133514834423463,0.48623853211009177,14.553116952157469,53,1073.0,271.0,9.844036697247706,4.442622950819672,88.88431053800743,-68.69146138566559,0.8154523902569488,-0.6301968934464733,35.0,12,29,11,0.3793103448275862,16,2
2024,REG,00-0039918,C.Williams,CHI,QB,,640,640,351,3081.0,20,6,-0.08742262638773837,0.3890625,-55.950480888152555,249,4486.0,1866.0,7.009375,5.316239316239316,264.0501236899582,-199.68486697663994,0.4125783182655597,-0.3120076046509999,171.0,40,177,53,0.2994350282485876,84,13
2025,REG,00-0022942,P.Rivers,IND,QB,,28,28,18,118.0,1,1,-0.0904752534100246,0.35714285714285715,-2.533307095480689,10,142.0,95.0,5.071428571428571,5.277777777777778,-0.13047109148466424,-1.111387322147919,-0.0046596818387380085,-0.03969240436242567,8.0,0,12,5,0.4166666666666667,1,1
2025,REG,00-0023459,A.Rodgers,PIT,QB,,396,396,248,2443.0,22,7,0.03275067225645659,0.43434343434343436,12.969266213556809,172,2120.0,1716.0,5.353535353535354,6.919354838709677,66.67534390388755,-13.016609461341162,0.16837208056537262,-0.03287022591247768,106.0,31,112,30,0.26785714285714285,65,14
2025,REG,00-0026158,J.Flacco,CIN,QB,,261,261,154,1576.0,13,4,0.037393777212754976,0.4559386973180077,9.75977585252905,119,1861.0,731.0,7.130268199233717,4.746753246753247,79.38547087902192,-51.875300354830244,0.304158892256789,-0.19875594005682087,79.0,17,62,21,0.3387096774193548,36,8
2025,REG,00-0026158,J.Flacco,CLE,QB,,169,169,93,761.0,2,6,-0.3386855840579103,0.33727810650887574,-57.23786370578684,57,1167.0,402.0,6.905325443786983,4.32258064516129,46.318454285967185,-80.78137996375328,0.27407369399980586,-0.4779963311464691,35.0,8,47,14,0.2978723404255319,15,2
2025,REG,00-0026498,M.Stafford,LA,QB,,538,538,341,4057.0,40,5,0.23770757214173666,0.5297397769516728,127.88667381225432,285,4556.0,1641.0,8.468401486988848,4.812316715542522,308.1735410207184,-138.58092648143605,0.5728132732727108,-0.2575853652071302,210.0,64,124,48,0.3870967741935484,100,30
2025,REG,00-0027973,A.Dalton,CAR,QB,,45,45,25,239.0,1,1,-0.1258148972857152,0.4444444444444444,-5.661670377857185,20,348.0,90.0,7.733333333333333,3.6,32.8521483008808,-20.46805886400705,0.7300477400195733,-0.45484575253349,17.0,4,17,7,0.4117647058823529,7,1
2025,REG,00-0028118,T.Taylor,NYJ,QB,,148,148,80,697.0,5,5,-0.08996561334785756,0.42567567567567566,-13.31491077548292,63,1145.0,331.0,7.736486486486487,4.1375,78.25669561570975,-72.93282150732864,0.5287614568629037,-0.4927893345089773,41.0,6,42,12,0.2857142857142857,15,4
2025,REG,00-0029263,R.Wilson,NYG,QB,,129,129,69,765.0,3,3,-0.12152288363754012,0.3643410852713178,-15.676451989242675,47,1058.0,376.0,8.2015503875969,5.449275362318841,78.6912042953773,-80.22544882903145,0.6100093356230799,-0.621902704101019,32.0,13,38,10,0.2631578947368421,20,0
2025,REG,00-0029604,K.Cousins,ATL,QB,,192,192,114,1167.0,6,3,-0.067492273472112,0.4427083333333333,-12.958516506645502,85,1285.0,718.0,6.692708333333333,6.298245614035087,66.99958502899972,-64.46543112785488,0.3489561720260402,-0.3357574537909109,55.0,17,52,11,0.21153846153846154,22,5
2025,REG,00-0030565,G.Smith,LV,QB,,448,448,266,2300.0,16,14,-0.15574659275413133,0.42410714285714285,-69.77447355385084,190,2421.0,1515.0,5.404017857142857,5.695488721804511,83.75922805613726,-62.694297289302604,0.1869625626253064,-0.1399426278779076,132.0,30,118,40,0.3389830508474576,60,13
2025,REG,00-0031237,T.Bridgewater,TB,QB,,17,17,8,41.0,0,0,-0.7352074676275475,0.11764705882352941,-12.498526949668308,2,98.0,52.0,5.764705882352941,6.5,-0.8484643722185838,-2.901623090787323,-0.04990966895403434,-0.1706837112227837,2.0,1,4,0,0.0,7,0
2025,REG,00-0031503,J.Winston,NYG,QB,,69,69,37,556.0,2,2,0.22306813026424083,0.43478260869565216,15.391700988232618,30,619.0,210.0,8.971014492753623,5.675675675675675,59.44334862785766,-38.54223366939813,0.8614978062008356,-0.5585830966579439,25.0,13,23,12,0.5217391304347826,10,1
2025,REG,00-0032268,M.Mariota,WAS,QB,,231,231,132,1497.0,10,7,-0.0019754235601294533,0.47619047619047616,-0.4563228423899037,110,2147.0,603.0,9.294372294372295,4.568181818181818,182.53847393972683,-151.38752207454309,0.7902098438949213,-0.6553572384179355,74.0,20,56,15,0.26785714285714285,31,7
2025,REG,00-0032764,D.Henry,BAL,QB,,1,1,0,0.0,0,0,-0.459118590631988,0.0,-0.459118590631988,0,10.0,0.0,10.0,0.0,1.71055344858905,-2.16967203922104,1.71055344858905,-2.16967203922104,0.0,0,0,0,0.0,1,0
2025,REG,00-0032950,C.Wentz,MIN,QB,,189,189,110,1093.0,6,5,0.033336523625147135,0.48677248677248675,6.300602965152809,92,1288.0,573.0,6.814814814814815,5.209090909090909,63.09757905683368,-30.164636147932868,0.33384962463933165,-0.15960124945996226,58.0,15,44,14,0.3181818181818182,39,6
2025,REG,00-0033077,D.Prescott,DAL,QB,,549,549,357,3773.0,26,10,0.15156343333528474,0.4790528233151184,83.20832490107132,263,4082.0,1755.0,7.435336976320583,4.915966386554622,251.18007727652147,-129.36447564322404,0.45752290942900087,-0.2356365676561458,190.0,45,143,56,0.3916083916083916,97,19
2025,REG,00-0033106,J.Goff,DET,QB,,481,481,314,3480.0,29,5,0.18971609499003478,0.48440748440748443,91.25344169020673,233,2951.0,1982.0,6.135135135135135,6.312101910828026,141.19200348779665,5.640880161901542,0.29353846878959805,0.01172740158399489,175.0,53,131,47,0.35877862595419846,71,21
2025,REG,00-0033119,J.Brissett,ARI,QB,,420,420,256,2491.0,18,6,0.0005680935610074987,0.4642857142857143,0.23859929562314947,195,2952.0,1249.0,7.0285714285714285,4.87890625,169.56929451969336,-104.40826724879892,0.40373641552307943,-0.24859111249714028,135.0,31,91,33,0.3626373626373626,82,17
2025,REG,00-0033280,C.McCaffrey,SF,QB,,1,1,0,0.0,0,0,-0.770897071401123,0.0,-0.770897071401123,0,14.0,0.0,14.0,0.0,2.57528046675725,-3.34617753815837,2.57528046675725,-3.34617753815837,0.0,0,0,0,0.0,1,0
2025,REG,00-0033319,N.Mullens,JAX,QB,,1,1,1,3.0,0,0,-0.544267653191086,0.0,-0.544267653191086,0,-2.0,5.0,-2.0,5.0,-1.28871294663986,0.744445293448776,-1.28871294663986,0.744445293448776,0.0,0,1,0,0.0,0,0
2025,REG,00-0033357,T.Hill,NO,QB,,5,5,1,19.0,0,0,-1.4144453497643994,0.2,-7.072226748821997,1,10.0,0.0,2.0,0.0,-4.4773002702277145,-2.5949264785942834,-0.8954600540455429,-0.5189852957188567,1.0,0,2,1,0.5,2,0
2025,REG,00-0033662,C.Rush,BAL,QB,,53,53,34,287.0,0,4,-0.4726751135400789,0.41509433962264153,-25.051781017624183,22,335.0,149.0,6.320754716981132,4.382352941176471,5.789071822254302,-28.464644772472493,0.10922777023121324,-0.5370687692919338,13.0,2,16,6,0.375,1,0
2025,REG,00-0033869,M.Trubisky,BUF,QB,,6,6,3,54.0,0,0,0.5415826739626947,0.5,3.2494960437761677,3,56.0,16.0,9.333333333333334,5.333333333333333,8.03766855166759,-4.788172507891434,1.3396114252779316,-0.798028751315239,3.0,1,5,2,0.4,0,0
2025,REG,00-0033873,P.Mahomes,KC,QB,,539,539,315,3398.0,22,11,0.1266177008834355,0.47680890538033394,68.24694077617173,257,4050.0,1895.0,7.513914656771799,6.015873015873016,238.16403210369356,-131.98617601483153,0.44186276828143517,-0.24487231171582843,173.0,49,124,40,0.3225806451612903,93,18
2025,REG,00-0033908,C.Kupp,SEA,QB,,1,1,0,0.0,0,1,-5.37016646715347,0.0,-5.37016646715347,0,9.0,0.0,9.0,0.0,0.763719214650337,-6.1338856818038,0.763719214650337,-6.1338856818038,0.0,0,0,0,0.0,0,0
2025,REG,00-0033949,J.Dobbs,NE,QB,,2,2,1,12.0,0,0,0.4601526391052185,0.5,0.920305278210437,1,30.0,0.0,15.0,0.0,3.38581309973961,-2.46550782152917,1.692906549869805,-1.232753910764585,1.0,0,1,1,1.0,0,0
2025,REG,00-0034348,C.Sutton,DEN,QB,,1,1,0,-5.0,0,0,-4.03171936139203,0.0,-4.03171936139203,0,0.0,0.0,0.0,0.0,0.0,0.0,0.0,0.0,0.0,0,1,0,0.0,0,0
2025,REG,00-0034577,K.Allen,DET,QB,,2,2,0,0.0,0,0,-0.677632683872193,0.0,-1.355265367744386,0,10.0,0.0,5.0,0.0,1.3270966413547332,-2.6823620090991134,0.6635483206773666,-1.3411810045495567,0.0,0,1,0,0.0,0,0
2025,REG,00-0034771,M.Rudolph,PIT,QB,,54,54,38,298.0,2,2,0.046358586797181384,0.5,2.503363687047795,27,272.0,254.0,5.037037037037037,6.684210526315789,-1.7659584593493527,10.734084524182627,-0.03270293443239542,0.19877934304041903,17.0,3,15,8,0.5333333333333333,5,2
2025,REG,00-0034796,L.Jackson,BAL,QB,,309,309,174,1989.0,18,6,-0.027363228134235768,0.44660194174757284,-8.455237493478853,138,2354.0,942.0,7.618122977346278,5.413793103448276,158.9719223955471,-106.16862669015359,0.5144722407622884,-0.34358778864127376,97.0,34,84,22,0.2619047619047619,53,11
2025,REG,00-0034827,D.Moore,CHI,QB,,1,1,1,2.0,1,0,3.86819368979195,1.0,3.86819368979195,1,2.0,0.0,2.0,0.0,3.86819368979195,0.0,3.86819368979195,0.0,1.0,0,0,0,0.0,1,1
2025,REG,00-0034855,B.Mayfield,TB,QB,,486,486,276,2811.0,22,7,-0.030652159345974404,0.41358024691358025,-14.89694944214356,201,3753.0,1552.0,7.722222222222222,5.6231884057971016,221.79242926205185,-187.08987803346426,0.4563630231729462,-0.38495859677667543,137.0,47,123,34,0.2764227642276423,63,12
2025,REG,00-0034857,J.Allen,BUF,QB,,445,445,284,3066.0,25,10,0.1773863366519839,0.48089887640449436,78.93691981013284,214,2987.0,1720.0,6.712359550561798,6.056338028169014,129.48142519184617,-4.162756569227039,0.29096949481313744,-0.009354509144330425,160.0,51,110,44,0.4,71,16
2025,REG,00-0034869,S.Darnold,SEA,QB,,448,448,285,3560.0,24,13,0.1465987984402477,0.5178571428571429,65.67626170123097,232,3477.0,1577.0,7.761160714285714,5.533333333333333,203.23320208955965,-92.39555083053753,0.45364554037848137,-0.20624006881816412,159.0,55,119,41,0.3445378151260504,64,14
2025,REG,00-0034955,B.Rypien,CIN,QB,,1,1,0,-2.0,0,0,-1.23787799407728,0.0,-1.23787799407728,0,0.0,0.0,0.0,0.0,0.0,0.0,0.0,0.0,0.0,0,1,0,0.0,0,0
2025,REG,00-0035100,J.Browning,CIN,QB,,134,134,81,711.0,6,8,-0.3947049521749237,0.3805970149253731,-52.890463591439776,51,959.0,367.0,7.156716417910448,4.530864197530864,38.93335485763964,-77.2510281222959,0.2905474243107436,-0.5765002098678799,33.0,8,34,7,0.20588235294117646,12,4
2025,REG,00-0035228,K.Murray,ARI,QB,,177,177,110,851.0,6,3,0.032319723874228115,0.4350282485875706,5.720591125738377,77,941.0,545.0,5.31638418079096,4.954545454545454,29.645337528041647,-1.7003219425354847,0.16748778264430308,-0.009606338658392569,50.0,7,48,19,0.3958333333333333,21,6
2025,REG,00-0035289,G.Minshew,KC,QB,,5,5,3,22.0,0,1,-0.21484247025800837,0.4,-1.074212351290042,2,36.0,11.0,7.2,3.6666666666666665,1.3895626089070006,-2.4637749601970453,0.27791252178140013,-0.4927549920394091,1.0,0,1,1,1.0,0,0
2025,REG,00-0035645,G.Olszewski,NYG,QB,,1,1,1,33.0,1,0,3.22335465252399,1.0,3.22335465252399,1,13.0,20.0,13.0,20.0,0.889594490407035,2.33376016211696,0.889594490407035,2.33376016211696,1.0,1,0,0,0.0,0,0
2025,REG,00-0035685,D.Montgomery,DET,QB,,2,2,1,3.0,1,0,0.47974345256807205,0.5,0.9594869051361441,1,7.0,0.0,3.5,0.0,2.4547827692003903,-1.49529586406425,1.2273913846001951,-0.747647932032125,1.0,0,0,0,0.0,2,1
2025,REG,00-0035704,D.Lock,SEA,QB,,3,3,2,15.0,0,0,-0.29757426958531136,0.3333333333333333,-0.892722808755934,1,5.0,16.0,1.6666666666666667,8.0,-1.497892515268176,0.605169706512242,-0.49929750508939197,0.20172323550408067,1.0,0,1,0,0.0,0,0
2025,REG,00-0035710,D.Jones,IND,QB,,411,411,261,2945.0,19,8,0.13989894668170125,0.49878345498783455,57.49846708617921,205,3073.0,1344.0,7.476885644768856,5.149425287356322,146.77443705646988,-43.798401961366224,0.35711541862888047,-0.1065654548938351,149.0,36,88,37,0.42045454545454547,66,16
2025,REG,00-0035993,T.Huntley,BAL,QB,,43,43,27,223.0,1,0,-0.04512141798522494,0.4418604651162791,-1.9402209733646725,19,295.0,77.0,6.8604651162790695,2.8518518518518516,17.041721126821358,-12.33175366528952,0.39631909597258974,-0.2867849689602214,11.0,3,14,4,0.2857142857142857,9,1
2025,REG,00-0036212,T.Tagovailoa,MIA,QB,,417,417,260,2467.0,20,15,0.01982457042441906,0.45083932853717024,8.266845866982747,188,2613.0,1410.0,6.266187050359712,5.423076923076923,140.3201458278636,-84.24175758983881,0.33649915066633956,-0.2020186033329468,142.0,33,111,38,0.34234234234234234,62,16
2025,REG,00-0036264,J.Love,GB,QB,,449,449,283,3139.0,23,6,0.24614010463290922,0.49443207126948774,110.51690698017624,222,3795.0,1481.0,8.452115812917596,5.23321554770318,251.5983095109114,-107.27165934919503,0.5603525824296468,-0.23891238162404238,155.0,48,123,56,0.45528455284552843,64,17
2025,REG,00-0036290,C.Kmet,CHI,QB,,1,1,0,0.0,0,0,-0.492736021056771,0.0,-0.492736021056771,0,13.0,0.0,13.0,0.0,0.929756569908932,-1.4224925909657,0.929756569908932,-1.4224925909657,0.0,0,0,0,0.0,0,0
2025,REG,00-0036355,J.Herbert,LAC,QB,,500,500,296,2925.0,23,12,-0.02068640035344258,0.448,-10.343200176721291,224,3462.0,1455.0,6.924,4.91554054054054,194.80537040610218,-129.91494977838255,0.38961074081220437,-0.2598298995567651,149.0,35,140,53,0.37857142857142856,75,19
2025,REG,00-0036389,J.Hurts,PHI,QB,,428,428,259,2757.0,22,6,0.0534714694696937,0.4322429906542056,22.885788933028905,185,3613.0,1155.0,8.44158878504673,4.45945945945946,205.8096761587148,-133.05924581165277,0.4808637293427916,-0.3108860883449831,133.0,38,117,40,0.3418803418803419,46,13
2025,REG,00-0036414,C.Akers,MIN,QB,,1,1,1,32.0,1,0,3.26001056085806,1.0,3.26001056085806,1,15.0,17.0,15.0,17.0,1.03633828210877,2.22367227874929,1.03633828210877,2.22367227874929,1.0,1,0,0,0.0,0,0
2025,REG,00-0036442,J.Burrow,CIN,QB,,168,168,95,891.0,8,4,0.0025640228938061107,0.44047619047619047,0.43075584615942664,74,1240.0,366.0,7.380952380952381,3.8526315789473684,111.5370914468658,-95.93645914332535,0.6639112586122964,-0.5710503520436033,52.0,9,47,23,0.48936170212765956,28,5
2025,REG,00-0036613,J.Waddle,MIA,QB,,1,1,1,8.0,0,0,-0.592364791144432,0.0,-0.592364791144432,0,-5.0,13.0,-5.0,13.0,-1.3277877534274,0.73542296228297,-1.3277877534274,0.73542296228297,0.0,0,1,0,0.0,0,0
2025,REG,00-0036898,D.Mills,HOU,QB,,160,160,88,821.0,5,1,-0.06690957780159336,0.40625,-10.705532448254937,65,1306.0,254.0,8.1625,2.8863636363636362,89.12058951260406,-84.68072196035368,0.5570036844537753,-0.5292545122522105,46.0,9,44,12,0.2727272727272727,30,5
2025,REG,00-0036945,J.Fields,NYJ,QB,,235,235,128,1056.0,7,1,-0.09553882138301124,0.4085106382978723,-22.451623025007642,96,1379.0,575.0,5.868085106382979,4.4921875,61.99418668979067,-44.47538289452195,0.2638050497437901,-0.18925694848732744,58.0,14,63,18,0.2857142857142857,30,3
2025,REG,00-0036971,T.Lawrence,JAX,QB,,491,491,273,3007.0,23,11,0.02576110406286454,0.4623217922606925,12.64870209486649,227,3944.0,1313.0,8.032586558044807,4.809523809523809,263.003856385324,-198.6171943265252,0.5356494020067699,-0.4045156707261206,155.0,43,120,40,0.3333333333333333,77,18
2025,REG,00-0036972,M.Jones,SF,QB,,307,307,201,2045.0,13,6,0.12456036569732268,0.5179153094462541,38.240032269078064,159,2124.0,957.0,6.9185667752443,4.7611940298507465,108.50672876884344,-40.0088639835394,0.35344211325356173,-0.1303220325196723,107.0,18,74,28,0.3783783783783784,43,12
2025,REG,00-0037012,T.Lance,LAC,QB,,15,15,7,78.0,0,0,-0.5313208305470951,0.3333333333333333,-7.969812458206427,5,140.0,36.0,9.333333333333334,5.142857142857143,7.134992355073341,-10.869906501204246,0.4756661570048894,-0.7246604334136164,3.0,2,2,0,0.0,0,0
2025,REG,00-0037013,Z.Wilson,MIA,QB,,9,9,6,32.0,0,0,-0.5732159388652578,0.3333333333333333,-5.15894344978732,3,65.0,23.0,7.222222222222222,3.8333333333333335,-0.5050369256059568,-4.653906524181369,-0.05611521395621742,-0.5171007249090409,3.0,0,2,2,1.0,0,0
2025,REG,00-0037239,C.Olave,NO,QB,,1,1,0,0.0,0,1,-3.5951321736211,0.0,-3.5951321736211,0,4.0,0.0,4.0,0.0,0.483856947859749,-4.07898912148085,0.483856947859749,-4.07898912148085,0.0,0,1,0,0.0,1,0
2025,REG,00-0037834,B.Purdy,SF,QB,,199,199,129,1405.0,12,7,0.19226183674963632,0.5326633165829145,38.26010551317763,106,1452.0,606.0,7.296482412060302,4.6976744186046515,109.1137035513094,-53.57631803949984,0.5483100680970322,-0.26922772884170776,85.0,22,58,33,0.5689655172413793,45,10
2025,REG,00-0038102,K.Pickett,LV,QB,,44,44,25,129.0,1,1,-0.37755489368391987,0.2727272727272727,-16.612415322092474,12,204.0,54.0,4.636363636363637,2.16,4.9078840723377555,-16.526845048229795,0.11154281982585808,-0.37561011473249534,8.0,2,13,2,0.15384615384615385,2,0
2025,REG,00-0038120,B.Hall,NYJ,QB,,1,1,1,4.0,1,0,1.19456161110429,1.0,1.19456161110429,1,4.0,0.0,4.0,0.0,1.19456161110429,0.0,1.19456161110429,0.0,1.0,0,0,0,0.0,1,1
2025,REG,00-0038128,M.Willis,GB,QB,,3,3,3,13.0,1,0,0.8139723756855041,1.0,2.441917127056512,3,4.0,9.0,1.3333333333333333,3.0,0.750704814796336,1.691212312260177,0.25023493826544535,0.563737437420059,2.0,0,1,1,1.0,2,1
2025,REG,00-0038400,T.McKee,PHI,QB,,3,3,3,33.0,0,0,1.2315972191863676,1.0,3.6947916575591027,3,28.0,5.0,9.333333333333334,1.6666666666666667,3.279662676970474,0.415128980588634,1.0932208923234914,0.138376326862878,3.0,0,1,1,1.0,0,0
2025,REG,00-0038416,T.Bagent,CHI,QB,,4,4,3,47.0,0,0,0.5762706533860176,0.5,2.3050826135440703,2,30.0,39.0,7.5,13.0,0.43706109258345993,1.8680215209606148,0.10926527314586498,0.4670053802401537,2.0,2,2,1,0.5,0,0
2025,REG,00-0039150,B.Young,CAR,QB,,413,413,245,2331.0,19,9,-0.02710956100721535,0.43099273607748184,-11.19624869597994,178,2550.0,1312.0,6.174334140435835,5.355102040816327,143.99948838923586,-102.9534466945755,0.3486670421046873,-0.24928195325563077,128.0,34,106,32,0.3018867924528302,65,11
2025,REG,00-0039163,C.Stroud,HOU,QB,,363,363,220,2252.0,15,6,0.10017866904249698,0.4573002754820937,36.3648568624264,166,2705.0,1119.0,7.451790633608815,5.086363636363636,153.142325694136,-75.36062619593832,0.42187968510781265,-0.2076050308428053,111.0,31,97,36,0.3711340206185567,56,10
2025,REG,00-0039164,A.Richardson,IND,QB,,2,2,1,9.0,0,0,-0.6058099765796204,0.5,-1.2116199531592409,1,31.0,7.0,15.5,7.0,3.207265351840756,-4.418885305000007,1.603632675920378,-2.2094426525000035,1.0,0,1,0,0.0,0,0
2025,REG,00-0039376,S.Rattler,NO,QB,,275,275,174,1482.0,8,5,-0.13177145101798324,0.43636363636363634,-36.23714902994539,120,2030.0,642.0,7.381818181818182,3.689655172413793,126.4214664045327,-132.81419842325067,0.4597144232892098,-0.48296072153909336,74.0,13,67,18,0.26865671641791045,32,6
2025,REG,00-0039398,J.Milton,DAL,QB,,9,9,6,99.0,1,1,0.5564010778131578,0.6666666666666666,5.007609700318421,6,115.0,21.0,12.777777777777779,3.5,13.32364606991176,-8.316036369593354,1.4804051188790845,-0.9240040410659282,5.0,2,2,1,0.5,2,0
2025,REG,00-0039451,I.Williams,NYJ,QB,,1,1,0,0.0,0,0,-0.818771343037952,0.0,-0.818771343037952,0,6.0,0.0,6.0,0.0,0.588354301813524,-1.40712564485148,0.588354301813524,-1.40712564485148,0.0,0,0,0,0.0,1,0
2025,REG,00-0039577,K.Slovis,ARI,QB,,2,2,1,-2.0,0,0,-1.073315712972543,0.0,-2.146631425945086,0,3.0,0.0,1.5,0.0,-0.9745496904943111,-1.17208173545077,-0.48727484524715553,-0.586040867725385,0.0,0,1,0,0.0,0,0
2025,REG,00-0039732,B.Nix,DEN,QB,,525,525,320,3177.0,23,9,0.11623535736942701,0.44571428571428573,61.023562618949185,234,3805.0,1710.0,7.247619047619048,5.34375,180.47614622110262,-99.90767689506686,0.3437640880401955,-0.19030033694298448,164.0,40,147,54,0.3673469387755102,76,15
2025,REG,00-0039750,J.Karty,LA,QB,,1,1,0,0.0,0,0,-2.98464076973981,0.0,-2.98464076973981,0,0.0,0.0,0.0,0.0,0.0,0.0,0.0,0.0,0.0,0,0,0,0.0,1,0
2025,REG,00-0039851,D.Maye,NE,QB,,452,452,290,3373.0,23,7,0.2370560325884557,0.5199115044247787,107.14932672998198,235,3631.0,1435.0,8.033185840707965,4.948275862068965,295.8859630065145,-123.12586105598328,0.6546149624037931,-0.27240234746898956,164.0,50,121,49,0.4049586776859504,70,14
2025,REG,00-0039910,J.Daniels,WAS,QB,,207,207,114,1185.0,8,3,-0.02307727546775092,0.4444444444444444,-4.7769960218244405,92,1390.0,577.0,6.714975845410628,5.06140350877193,83.28509036783359,-61.89814276301336,0.40234343172866466,-0.29902484426576503,59.0,14,56,19,0.3392857142857143,26,6
2025,REG,00-0039917,M.Penix,ATL,QB,,290,290,166,1883.0,9,3,-0.0038424588507882072,0.4517241379310345,-1.11431306672858,131,2300.0,888.0,7.931034482758621,5.349397590361446,153.0835631936676,-126.80762240840491,0.5278743558402331,-0.4372676634772583,99.0,26,76,26,0.34210526315789475,33,8
2025,REG,00-0039918,C.Williams,CHI,QB,,485,485,266,2992.0,21,6,0.04129924032487321,0.42061855670103093,20.030131557563507,204,4005.0,1503.0,8.257731958762887,5.650375939849624,234.9794009936268,-173.02843001036152,0.48449361029613774,-0.35675964950590006,151.0,45,129,48,0.37209302325581395,67,12
2025,REG,00-0039923,J.McCarthy,MIN,QB,,233,233,117,1220.0,11,11,-0.22892614759595797,0.38197424892703863,-53.33979238985821,89,1896.0,530.0,8.13733905579399,4.52991452991453,123.2760079583386,-136.78656351442748,0.5290815792203373,-0.5870667961992596,66.0,17,64,15,0.234375,38,10
2025,REG,00-0040128,T.Warren,IND,QB,,1,1,0,0.0,0,0,-0.465327389014419,0.0,-0.465327389014419,0,11.0,0.0,11.0,0.0,1.78653802024201,-2.25186540925643,1.78653802024201,-2.25186540925643,0.0,0,0,0,0.0,1,0
2025,REG,00-0040206,R.Leonard,IND,QB,,33,33,18,136.0,0,1,-0.19227599421913355,0.30303030303030304,-6.345107809231407,10,180.0,69.0,5.454545454545454,3.8333333333333335,9.518764213899606,-12.951220357433218,0.2884474004212002,-0.3924612229525218,8.0,2,11,5,0.45454545454545453,9,0
2025,REG,00-0040234,Q.Ewers,MIA,QB,,10,10,5,33.0,0,0,-0.3039908782113345,0.3,-3.0399087821133453,3,72.0,15.0,7.2,3.0,-0.8137114950222943,2.2949548322940236,-0.08137114950222943,0.22949548322940236,2.0,1,2,0,0.0,0,0
2025,REG,00-0040398,B.Cook,NYJ,QB,,72,72,36,290.0,1,5,-0.3551108444899118,0.375,-25.56798080327365,27,484.0,133.0,6.722222222222222,3.6944444444444446,34.23463571423779,-45.264502693125344,0.47548105158663595,-0.6286736485156298,19.0,3,19,6,0.3157894736842105,8,1
2025,REG,00-0040494,M.Brosmer,MIN,QB,,42,42,24,138.0,0,4,-0.8331960123600562,0.21428571428571427,-34.99423251912236,9,168.0,156.0,4.0,6.5,-5.916401493886955,-22.144187102967397,-0.14086670223540368,-0.5272425500706523,8.0,2,13,3,0.23076923076923078,3,0
2025,REG,00-0040668,S.Sanders,CLE,QB,,151,151,72,834.0,5,6,-0.2871850944165424,0.32450331125827814,-43.3649492568979,49,1086.0,559.0,7.19205298013245,7.763888888888889,39.29766999877753,-57.62961461635446,0.26024947019057965,-0.38165307692949973,33.0,12,47,13,0.2765957446808511,11,2
2025,REG,00-0040676,C.Ward,TEN,QB,,518,518,278,2267.0,11,7,-0.22368334263009637,0.36293436293436293,-115.86797148238992,188,3351.0,1296.0,6.469111969111969,4.661870503597123,144.21445438933236,-158.523748668326,0.2784062826048887,-0.30603040283460614,128.0,31,143,35,0.24475524475524477,47,9
2025,REG,00-0040691,J.Dart,NYG,QB,,290,290,165,1702.0,13,4,-0.007461384405931968,0.4103448275862069,-2.1638014777202708,119,2358.0,853.0,8.13103448275862,5.16969696969697,142.1693508511526,-109.07180050613468,0.4902391408660434,-0.3761096569177058,78.0,20,74,25,0.33783783783783783,38,8
2025,REG,00-0040704,D.Gabriel,CLE,QB,,204,204,110,812.0,7,2,-0.21318479776380692,0.31862745098039214,-43.48969874381661,65,1078.0,500.0,5.284313725490196,4.545454545454546,40.56673132206985,-55.083077924351635,0.19885652608857768,-0.2700150878644688,45.0,10,62,15,0.24193548387096775,34,6
2025,REG,00-0040730,R.Harvey,DEN,QB,,1,1,0,0.0,0,0,-0.45860766939586,0.0,-0.45860766939586,0,2.0,0.0,2.0,0.0,-0.443820393062197,-0.0147872763336636,-0.443820393062197,-0.0147872763336636,0.0,0,0,0,0.0,1,0
2025,REG,00-0040743,T.Shough,NO,QB,,239,239,144,1347.0,6,5,-0.0678416163556388,0.4476987447698745,-16.214146308997673,107,1758.0,581.0,7.355648535564853,4.034722222222222,80.38877301142199,-49.72303312470813,0.33635469879256064,-0.20804616370170767,70.0,7,61,22,0.36065573770491804,17,4
2025,REG,00-0040784,Q.Judkins,CLE,QB,,1,1,0,0.0,0,0,-0.947,0.0,-0.947,0,0.0,0.0,0.0,0.0,0.0,0.0,0.0,0.0,0.0,0,0,0,0.0,1,0
