season,season_type,team,qb_id,qb_name,wr_id,wr_name,targets,receptions,receiving_yards,receiving_tds,epa_total,epa_per_target,success_plays,success_rate,total_air_yards,total_yac_yards,avg_air_yards,avg_yac_per_reception,first_downs,explosive_plays,red_zone_targets,red_zone_tds
2020,POST,TB,00-0019596,T.Brady,00-0027656,R.Gronkowski,14,8,110.0,2,5.518204052163764,0.3941574322974117,8,0.5714285714285714,125.0,76.0,8.928571428571429,9.5,6.0,2,6,2
2020,POST,TB,00-0019596,T.Brady,00-0027793,A.Brown,12,8,81.0,2,3.000748856712286,0.25006240472602387,6,0.5,125.0,22.0,10.416666666666666,2.75,5.0,1,3,1
2020,POST,TB,00-0019596,T.Brady,00-0031273,C.Brate,19,14,175.0,1,10.622913139424494,0.5591006915486576,13,0.6842105263157895,173.0,60.0,9.105263157894736,4.285714285714286,9.0,2,2,1
2020,POST,TB,00-0019596,T.Brady,00-0031408,M.Evans,22,11,204.0,2,5.909129962790743,0.26859681649048833,11,0.5,423.0,33.0,19.227272727272727,3.0,10.0,4,3,2
2020,POST,TB,00-0019596,T.Brady,00-0032419,J.Haeg,1,0,0.0,0,-0.870834263565484,-0.870834263565484,0,0.0,2.0,0.0,2.0,0.0,0.0,0,1,0
2020,POST,TB,00-0019596,T.Brady,00-0033856,L.Fournette,21,18,148.0,1,10.676299993239807,0.5083952377733242,16,0.7619047619047619,3.0,143.0,0.14285714285714285,7.944444444444445,10.0,1,2,1
2020,POST,TB,00-0019596,T.Brady,00-0033921,C.Godwin,32,16,232.0,1,10.629411930143021,0.3321691228169694,14,0.4375,340.0,104.0,10.625,6.5,10.0,2,2,0
2020,POST,TB,00-0019596,T.Brady,00-0034613,T.Hudson,1,0,0.0,0,-0.495957957347855,-0.495957957347855,0,0.0,19.0,0.0,19.0,0.0,0.0,0,1,0
2020,POST,TB,00-0019596,T.Brady,00-0034816,R.Jones,2,0,0.0,0,-1.155860597267747,-0.5779302986338735,0,0.0,0.0,0.0,0.0,0.0,0.0,0,0,0
2020,POST,TB,00-0019596,T.Brady,00-0035298,S.Miller,6,4,80.0,1,8.367740957038237,1.394623492839706,3,0.5,75.0,7.0,12.5,1.75,3.0,2,1,0
2020,POST,TB,00-0019596,T.Brady,00-0036427,T.Johnson,4,2,31.0,0,2.867400566639837,0.7168501416599592,2,0.5,57.0,1.0,14.25,0.5,2.0,0,0,0
2020,POST,TB,00-0019596,T.Brady,00-0036450,K.Vaughn,1,0,0.0,0,-0.502494870917872,-0.502494870917872,0,0.0,0.0,0.0,0.0,0.0,0.0,0,0,0
2020,POST,NO,00-0020531,D.Brees,00-0027061,J.Cook,14,9,68.0,0,-11.535036011133348,-0.8239311436523821,5,0.35714285714285715,117.0,23.0,8.357142857142858,2.5555555555555554,2.0,0,1,0
2020,POST,NO,00-0020531,D.Brees,00-0027685,E.Sanders,12,8,51.0,0,2.063832162937612,0.17198601357813434,6,0.5,84.0,21.0,7.0,2.625,4.0,0,1,0
2020,POST,NO,00-0020531,D.Brees,00-0030216,J.Hill,1,1,-3.0,0,-0.985904334462248,-0.985904334462248,0,0.0,-7.0,4.0,-7.0,4.0,0.0,0,0,0
2020,POST,NO,00-0020531,D.Brees,00-0030513,L.Murray,2,2,11.0,1,1.490189486416061,0.7450947432080305,1,0.5,-11.0,22.0,-5.5,11.0,1.0,0,1,1
2020,POST,NO,00-0020531,D.Brees,00-0031595,M.Burton,3,2,15.0,0,-0.8131935681305362,-0.2710645227101787,2,0.6666666666666666,4.0,11.0,1.3333333333333333,5.5,0.0,0,0,0
2020,POST,NO,00-0020531,D.Brees,00-0032200,T.Montgomery,1,1,13.0,0,0.925521961413324,0.925521961413324,1,1.0,6.0,7.0,6.0,7.0,1.0,0,0,0
2020,POST,NO,00-0020531,D.Brees,00-0032765,M.Thomas,11,5,73.0,1,-5.309174717870714,-0.48265224707915577,4,0.36363636363636365,87.0,25.0,7.909090909090909,5.0,3.0,1,3,1
2020,POST,NO,00-0020531,D.Brees,00-0033357,T.Hill,2,2,5.0,0,-0.9312040391378104,-0.4656020195689052,0,0.0,1.0,4.0,0.5,2.0,0.0,0,0,0
2020,POST,NO,00-0020531,D.Brees,00-0033906,A.Kamara,8,5,37.0,0,-5.6266785279149225,-0.7033348159893653,4,0.5,23.0,29.0,2.875,5.8,1.0,0,0,0
2020,POST,NO,00-0020531,D.Brees,00-0034765,T.Smith,2,2,29.0,1,4.53005827427841,2.265029137139205,2,1.0,29.0,0.0,14.5,0.0,2.0,0,1,1
2020,POST,NO,00-0020531,D.Brees,00-0035215,D.Harris,8,8,82.0,0,8.260923402209299,1.0326154252761623,6,0.75,20.0,62.0,2.5,7.75,5.0,1,0,0
2020,POST,NO,00-0020531,D.Brees,00-0035406,L.Humphrey,1,1,14.0,0,2.78476190753281,2.78476190753281,1,1.0,3.0,11.0,3.0,11.0,1.0,0,0,0
2020,POST,NO,00-0020531,D.Brees,00-0036219,M.Callaway,2,0,0.0,0,-1.112438061623834,-0.556219030811917,0,0.0,0.0,0.0,0.0,0.0,0.0,0,1,0
2020,POST,NO,00-0020531,D.Brees,00-0036422,A.Trautman,3,1,4.0,0,-1.591460781753994,-0.5304869272513314,0,0.0,6.0,3.0,2.0,3.0,0.0,0,0,0
2020,POST,PIT,00-0022924,B.Roethlisberger,00-0030470,V.McDonald,2,0,0.0,0,-5.122314848995301,-2.5611574244976505,0,0.0,4.0,0.0,2.0,0.0,0.0,0,1,0
2020,POST,PIT,00-0022924,B.Roethlisberger,00-0031387,E.Ebron,11,7,62.0,1,-0.3903320249228335,-0.035484729538439404,7,0.6363636363636364,49.0,36.0,4.454545454545454,5.142857142857143,5.0,0,3,1
2020,POST,PIT,00-0022924,B.Roethlisberger,00-0033553,J.Conner,7,5,30.0,0,2.855366223404645,0.4079094604863779,5,0.7142857142857143,-9.0,39.0,-1.2857142857142858,7.8,2.0,0,2,0
2020,POST,PIT,00-0022924,B.Roethlisberger,00-0033857,J.Smith-Schuster,20,13,157.0,1,8.51402240899926,0.425701120449963,9,0.45,193.0,41.0,9.65,3.1538461538461537,7.0,3,4,1
2020,POST,PIT,00-0022924,B.Roethlisberger,00-0034676,J.Washington,6,5,72.0,0,2.7447486408927917,0.4574581068154653,4,0.6666666666666666,73.0,22.0,12.166666666666666,4.4,4.0,1,1,0
2020,POST,PIT,00-0022924,B.Roethlisberger,00-0035216,Di.Johnson,16,11,117.0,0,-0.2412823962804368,-0.0150801497675273,9,0.5625,183.0,28.0,11.4375,2.5454545454545454,8.0,0,2,0
2020,POST,PIT,00-0022924,B.Roethlisberger,00-0035217,B.Snell,2,1,4.0,0,-6.046141547383744,-3.023070773691872,0,0.0,1.0,4.0,0.5,4.0,0.0,0,0,0
2020,POST,PIT,00-0022924,B.Roethlisberger,00-0036326,C.Claypool,7,5,59.0,2,4.773106623321303,0.6818723747601861,4,0.5714285714285714,71.0,13.0,10.142857142857142,2.6,3.0,1,3,1
2020,POST,IND,00-0022942,P.Rivers,00-0029608,T.Hilton,5,2,32.0,0,-0.18306634214241474,-0.03661326842848295,2,0.4,81.0,9.0,16.2,4.5,1.0,1,0,0
2020,POST,IND,00-0022942,P.Rivers,00-0030181,J.Doyle,10,7,70.0,1,5.5949051170465465,0.5594905117046547,6,0.6,71.0,10.0,7.1,1.4285714285714286,4.0,1,2,0
2020,POST,IND,00-0022942,P.Rivers,00-0030710,T.Burton,3,3,34.0,0,4.288265421491815,1.4294218071639382,2,0.6666666666666666,29.0,5.0,9.666666666666666,1.6666666666666667,2.0,0,1,0
2020,POST,IND,00-0022942,P.Rivers,00-0033217,M.Alie-Cox,4,4,32.0,0,3.152781474520454,0.7881953686301135,2,0.5,24.0,8.0,6.0,2.0,2.0,0,2,0
2020,POST,IND,00-0022942,P.Rivers,00-0033251,Z.Pascal,5,3,37.0,1,3.7268039165064755,0.7453607833012951,3,0.6,38.0,11.0,7.6,3.6666666666666665,3.0,0,1,1
2020,POST,IND,00-0022942,P.Rivers,00-0034367,N.Hines,3,1,8.0,0,0.8168511367985011,0.27228371226616704,1,0.3333333333333333,3.0,4.0,1.0,4.0,1.0,0,1,0
2020,POST,IND,00-0022942,P.Rivers,00-0036223,J.Taylor,4,2,6.0,0,-1.4158343663038717,-0.35395859157596793,1,0.25,-10.0,14.0,-2.5,7.0,1.0,0,2,0
2020,POST,IND,00-0022942,P.Rivers,00-0036252,M.Pittman,10,5,90.0,0,-0.13767516638778934,-0.013767516638778935,4,0.4,66.0,54.0,6.6,10.8,3.0,3,3,0
2020,POST,GB,00-0023459,A.Rodgers,00-0024243,M.Lewis,3,3,28.0,0,2.301126225269397,0.7670420750897989,3,1.0,12.0,16.0,4.0,5.333333333333333,1.0,0,0,0
2020,POST,GB,00-0023459,A.Rodgers,00-0031381,D.Adams,25,18,133.0,2,8.6763023218988,0.347052092875952,15,0.6,115.0,72.0,4.6,4.0,9.0,1,9,2
2020,POST,GB,00-0023459,A.Rodgers,00-0033293,A.Jones,9,5,21.0,0,-8.670838864942084,-0.9634265405491205,3,0.3333333333333333,-8.0,29.0,-0.8888888888888888,5.8,2.0,0,1,0
2020,POST,GB,00-0023459,A.Rodgers,00-0033757,R.Tonyan,8,8,82.0,1,5.331237313395832,0.666404664174479,7,0.875,37.0,45.0,4.625,5.625,4.0,1,1,1
2020,POST,GB,00-0023459,A.Rodgers,00-0033948,J.Williams,4,4,22.0,0,0.5113606134546,0.12784015336365,2,0.5,-4.0,26.0,-1.0,6.5,1.0,0,0,0
2020,POST,GB,00-0023459,A.Rodgers,00-0034272,M.Valdes-Scantling,14,8,148.0,1,8.374415318389246,0.598172522742089,9,0.6428571428571429,246.0,57.0,17.571428571428573,7.125,7.0,3,1,0
2020,POST,GB,00-0023459,A.Rodgers,00-0034279,E.St. Brown,4,2,37.0,0,2.458229129362851,0.6145572823407127,2,0.5,31.0,13.0,7.75,6.5,2.0,1,1,0
2020,POST,GB,00-0023459,A.Rodgers,00-0034521,A.Lazard,14,7,158.0,1,9.6752944154803,0.6910924582485929,7,0.5,196.0,58.0,14.0,8.285714285714286,7.0,4,4,0
2020,POST,GB,00-0023459,A.Rodgers,00-0036265,A.Dillon,1,1,13.0,0,0.717395588057116,0.717395588057116,1,1.0,2.0,11.0,2.0,11.0,1.0,0,0,0
2020,POST,KC,00-0026197,C.Henne,00-0030506,T.Kelce,2,2,29.0,0,1.4842788184457902,0.7421394092228951,1,0.5,14.0,15.0,7.0,7.5,1.0,1,1,0
2020,POST,KC,00-0026197,C.Henne,00-0032775,D.Robinson,2,0,0.0,0,-4.221942491945814,-2.110971245972907,0,0.0,43.0,0.0,21.5,0.0,0.0,0,1,0
2020,POST,KC,00-0026197,C.Henne,00-0033040,T.Hill,3,3,32.0,0,2.726360710046726,0.9087869033489087,2,0.6666666666666666,26.0,6.0,8.666666666666666,2.0,2.0,1,0,0
2020,POST,KC,00-0026197,C.Henne,00-0034301,Darr.Williams,1,1,5.0,0,0.474915576516651,0.474915576516651,1,1.0,-4.0,9.0,-4.0,9.0,1.0,0,0,0
2020,POST,SEA,00-0029263,R.Wilson,00-0032211,T.Lockett,4,2,43.0,0,1.493776188930499,0.37344404723262475,2,0.5,84.0,5.0,21.0,2.5,2.0,1,0,0
2020,POST,SEA,00-0029263,R.Wilson,00-0033387,J.Hollister,5,0,0.0,0,-3.7901300119701746,-0.758026002394035,0,0.0,61.0,0.0,12.2,0.0,0.0,0,0,0
2020,POST,SEA,00-0029263,R.Wilson,00-0033589,D.Moore,1,1,1.0,0,-0.608087200671434,-0.608087200671434,0,0.0,-4.0,5.0,-4.0,5.0,0.0,0,0,0
2020,POST,SEA,00-0029263,R.Wilson,00-0033594,C.Carson,2,1,5.0,0,-2.2444441522975254,-1.1222220761487627,1,0.5,25.0,9.0,12.5,9.0,0.0,0,0,0
2020,POST,SEA,00-0029263,R.Wilson,00-0034159,W.Dissly,2,1,1.0,0,-1.178845605812967,-0.5894228029064835,0,0.0,5.0,1.0,2.5,1.0,0.0,0,0,0
2020,POST,SEA,00-0029263,R.Wilson,00-0035640,D.Metcalf,11,5,96.0,2,-5.029191884619659,-0.4571992622381508,4,0.36363636363636365,196.0,20.0,17.818181818181817,4.0,2.0,1,1,1
2020,POST,SEA,00-0029263,R.Wilson,00-0036247,F.Swain,1,1,28.0,0,2.85528818180319,2.85528818180319,1,1.0,28.0,0.0,28.0,0.0,1.0,1,0,0
2020,POST,TEN,00-0029701,R.Tannehill,00-0029701,R.Tannehill,1,1,-10.0,0,-1.11917399044614,-1.11917399044614,0,0.0,-10.0,0.0,-10.0,0.0,0.0,0,0,0
2020,POST,TEN,00-0029701,R.Tannehill,00-0032141,G.Swaim,1,1,5.0,0,0.0059380107559263,0.0059380107559263,1,1.0,5.0,0.0,5.0,0.0,0.0,0,0,0
2020,POST,TEN,00-0029701,R.Tannehill,00-0032464,K.Raymond,1,0,0.0,0,-2.70376658870373,-2.70376658870373,0,0.0,23.0,0.0,23.0,0.0,0.0,0,0,0
2020,POST,TEN,00-0029701,R.Tannehill,00-0032764,D.Henry,3,3,11.0,0,-0.975723894184992,-0.32524129806166396,2,0.6666666666666666,3.0,8.0,1.0,2.6666666666666665,0.0,0,1,0
2020,POST,TEN,00-0029701,R.Tannehill,00-0033455,A.Firkser,2,2,44.0,0,3.8602584861219,1.93012924306095,2,1.0,9.0,35.0,4.5,17.5,2.0,1,1,0
2020,POST,TEN,00-0029701,R.Tannehill,00-0033858,J.Smith,3,2,9.0,0,-1.91588749107905,-0.6386291636930167,0,0.0,8.0,2.0,2.6666666666666665,1.0,0.0,0,0,0
2020,POST,TEN,00-0029701,R.Tannehill,00-0033871,C.Davis,2,0,0.0,0,-3.24862996457155,-1.624314982285775,0,0.0,12.0,0.0,6.0,0.0,0.0,0,0,0
2020,POST,TEN,00-0029701,R.Tannehill,00-0034652,C.Batson,1,1,6.0,0,1.40626233327203,1.40626233327203,1,1.0,4.0,2.0,4.0,2.0,1.0,0,0,0
2020,POST,TEN,00-0029701,R.Tannehill,00-0035676,A.Brown,10,6,83.0,1,5.707264378026597,0.5707264378026597,5,0.5,119.0,21.0,11.9,3.5,5.0,1,2,1
2020,POST,TEN,00-0029701,R.Tannehill,00-0036182,N.Westbrook-Ikhine,2,2,17.0,0,0.654938957071863,0.3274694785359315,1,0.5,15.0,2.0,7.5,1.0,1.0,0,0,0
2020,POST,NO,00-0031503,J.Winston,00-0034765,T.Smith,1,1,56.0,1,4.64410018059425,4.64410018059425,1,1.0,28.0,28.0,28.0,28.0,1.0,1,0,0
2020,POST,WAS,00-0031800,T.Heinicke,00-0031260,L.Thomas,10,5,74.0,0,-1.976479950590126,-0.1976479950590126,3,0.3,107.0,29.0,10.7,5.8,3.0,2,3,0
2020,POST,WAS,00-0031800,T.Heinicke,00-0032602,J.McKissic,3,2,8.0,0,-0.8618224312085654,-0.2872741437361885,1,0.3333333333333333,-5.0,14.0,-1.6666666666666667,7.0,0.0,0,0,0
2020,POST,WAS,00-0031800,T.Heinicke,00-0033528,J.Sprinkle,1,1,8.0,0,0.423322477377951,0.423322477377951,1,1.0,2.0,6.0,2.0,6.0,0.0,0,0,0
2020,POST,WAS,00-0031800,T.Heinicke,00-0034104,C.Sims,13,7,104.0,0,2.6851192047470245,0.2065476311343865,6,0.46153846153846156,160.0,23.0,12.307692307692308,3.2857142857142856,5.0,2,2,0
2020,POST,WAS,00-0031800,T.Heinicke,00-0034928,S.Sims,4,3,33.0,1,4.44317284127465,1.1107932103186624,2,0.5,37.0,1.0,9.25,0.3333333333333333,2.0,0,2,1
2020,POST,WAS,00-0031800,T.Heinicke,00-0035659,T.McLaurin,7,6,75.0,0,0.464090924593634,0.06629870351337629,5,0.7142857142857143,71.0,9.0,10.142857142857142,1.5,5.0,0,0,0
2020,POST,WAS,00-0031800,T.Heinicke,00-0036142,I.Wright,1,0,0.0,0,-0.448241154430434,-0.448241154430434,0,0.0,15.0,0.0,15.0,0.0,0.0,0,0,0
2020,POST,WAS,00-0031800,T.Heinicke,00-0036328,A.Gibson,3,2,4.0,0,-1.359568887972273,-0.45318962932409096,0,0.0,0.0,9.0,0.0,4.5,0.0,0,0,0
2020,POST,LA,00-0033106,J.Goff,00-0030431,R.Woods,17,12,96.0,1,2.0726420087157704,0.1219201181597512,11,0.6470588235294118,71.0,23.0,4.176470588235294,1.9166666666666667,8.0,1,2,1
2020,POST,LA,00-0033106,J.Goff,00-0031806,M.Brown,2,2,13.0,0,0.228407566261012,0.114203783130506,1,0.5,5.0,8.0,2.5,4.0,0.0,0,0,0
2020,POST,LA,00-0033106,J.Goff,00-0033110,T.Higbee,5,3,9.0,0,-1.8415159315336505,-0.3683031863067301,1,0.2,35.0,0.0,7.0,0.0,0.0,0,0,0
2020,POST,LA,00-0033106,J.Goff,00-0033895,G.Everett,1,0,0.0,0,-0.652858742978424,-0.652858742978424,0,0.0,5.0,0.0,5.0,0.0,0.0,0,0,0
2020,POST,LA,00-0033106,J.Goff,00-0033908,C.Kupp,6,2,50.0,0,0.7792986861895741,0.12988311436492903,2,0.3333333333333333,124.0,4.0,20.666666666666668,2.0,1.0,1,0,0
2020,POST,LA,00-0033106,J.Goff,00-0033943,J.Reynolds,4,3,65.0,0,4.0835968980099935,1.0208992245024984,3,0.75,47.0,23.0,11.75,7.666666666666667,3.0,2,0,0
2020,POST,LA,00-0033106,J.Goff,00-0036414,C.Akers,3,2,50.0,0,5.08155147141963,1.69385049047321,3,1.0,9.0,41.0,3.0,20.5,1.0,1,2,0
2020,POST,LA,00-0033106,J.Goff,00-0036415,V.Jefferson,7,6,46.0,1,3.70134227426024,0.5287631820371772,5,0.7142857142857143,36.0,10.0,5.142857142857143,1.6666666666666667,3.0,0,1,1
2020,POST,CHI,00-0033869,M.Trubisky,00-0027696,J.Graham,2,2,25.0,1,4.0147492753458245,2.0073746376729122,1,0.5,21.0,4.0,10.5,2.0,1.0,0,1,1
2020,POST,CHI,00-0033869,M.Trubisky,00-0031428,A.Robinson,7,6,55.0,0,2.5652075358666524,0.3664582194095218,4,0.5714285714285714,53.0,13.0,7.571428571428571,2.1666666666666665,2.0,1,0,0
2020,POST,CHI,00-0033869,M.Trubisky,00-0031763,D.Carter,4,3,17.0,0,-2.2247434955788847,-0.5561858738947212,2,0.5,24.0,5.0,6.0,1.6666666666666667,1.0,0,0,0
2020,POST,CHI,00-0033869,M.Trubisky,00-0034353,A.Miller,3,2,22.0,0,-1.015258593717593,-0.3384195312391977,1,0.3333333333333333,29.0,1.0,9.666666666666666,0.5,1.0,0,0,0
2020,POST,CHI,00-0033869,M.Trubisky,00-0034426,J.Wims,4,1,28.0,0,-1.071921626571568,-0.267980406642892,1,0.25,114.0,2.0,28.5,2.0,1.0,1,0,0
2020,POST,CHI,00-0033869,M.Trubisky,00-0035590,R.Ridley,2,2,36.0,0,2.39655049348948,1.19827524674474,2,1.0,18.0,18.0,9.0,9.0,2.0,0,0,0
2020,POST,CHI,00-0033869,M.Trubisky,00-0035685,D.Montgomery,1,0,0.0,0,-1.32977557415143,-1.32977557415143,0,0.0,4.0,0.0,4.0,0.0,0.0,0,0,0
2020,POST,CHI,00-0033869,M.Trubisky,00-0036290,C.Kmet,4,3,16.0,0,-2.4041743400739533,-0.6010435850184883,1,0.25,1.0,15.0,0.25,5.0,0.0,0,1,0
2020,POST,KC,00-0033873,P.Mahomes,00-0030496,L.Bell,3,0,0.0,0,-2.674560021206868,-0.891520007068956,0,0.0,22.0,0.0,7.333333333333333,0.0,0.0,0,2,0
2020,POST,KC,00-0033873,P.Mahomes,00-0030506,T.Kelce,38,29,331.0,3,17.960844301096135,0.4726537973972667,27,0.7105263157894737,287.0,116.0,7.552631578947368,4.0,18.0,3,8,3
2020,POST,KC,00-0033873,P.Mahomes,00-0031325,S.Watkins,1,1,13.0,0,0.956382189644501,0.956382189644501,1,1.0,12.0,1.0,12.0,1.0,1.0,0,0,0
2020,POST,KC,00-0033873,P.Mahomes,00-0032775,D.Robinson,3,2,25.0,0,3.505128989781949,1.1683763299273162,2,0.6666666666666666,32.0,4.0,10.666666666666666,2.0,2.0,0,1,0
2020,POST,KC,00-0033873,P.Mahomes,00-0033040,T.Hill,28,21,323.0,0,14.57796619738321,0.5206416499065433,19,0.6785714285714286,282.0,180.0,10.071428571428571,8.571428571428571,13.0,5,4,0
2020,POST,KC,00-0033873,P.Mahomes,00-0034192,N.Keizer,1,0,0.0,0,-0.461384366964921,-0.461384366964921,0,0.0,4.0,0.0,4.0,0.0,0.0,0,0,0
2020,POST,KC,00-0033873,P.Mahomes,00-0034297,B.Pringle,10,6,39.0,0,-0.9923920392757279,-0.0992392039275728,4,0.4,55.0,13.0,5.5,2.1666666666666665,2.0,0,1,0
2020,POST,KC,00-0033873,P.Mahomes,00-0034301,Darr.Williams,11,6,30.0,0,-5.0357296756454,-0.45779360687685455,4,0.36363636363636365,-4.0,44.0,-0.36363636363636365,7.333333333333333,2.0,0,2,0
2020,POST,KC,00-0033873,P.Mahomes,00-0035140,M.Hardman,13,8,66.0,1,-0.44421736622462255,-0.034170566632663275,4,0.3076923076923077,43.0,82.0,3.3076923076923075,10.25,4.0,1,2,1
2020,POST,KC,00-0033873,P.Mahomes,00-0036360,C.Edwards-Helaire,5,3,23.0,0,-1.749313269646561,-0.3498626539293122,2,0.4,16.0,24.0,3.2,8.0,1.0,0,0,0
2020,POST,GB,00-0034162,J.Scott,00-0025580,M.Crosby,1,0,0.0,0,-0.947,-0.947,0,0.0,0.0,0.0,0.0,0.0,0.0,0,1,0
2020,POST,BAL,00-0034796,L.Jackson,00-0027902,D.Bryant,1,0,0.0,0,-0.229776511201635,-0.229776511201635,0,0.0,7.0,0.0,7.0,0.0,0.0,0,0,0
2020,POST,BAL,00-0034796,L.Jackson,00-0030663,W.Snead,5,5,27.0,0,0.5072422698722221,0.10144845397444442,3,0.6,15.0,12.0,3.0,2.4,0.0,0,0,0
2020,POST,BAL,00-0034796,L.Jackson,00-0033376,P.Ricard,5,4,37.0,0,2.201428479515017,0.44028569590300337,4,0.8,4.0,33.0,0.8,8.25,2.0,0,1,0
2020,POST,BAL,00-0034796,L.Jackson,00-0034753,M.Andrews,14,8,69.0,0,-10.666272079669962,-0.761876577119283,4,0.2857142857142857,90.0,25.0,6.428571428571429,3.125,3.0,0,2,0
2020,POST,BAL,00-0034796,L.Jackson,00-0035662,M.Brown,14,10,167.0,0,10.161978847402793,0.7258556319573424,10,0.7142857142857143,209.0,43.0,14.928571428571429,4.3,6.0,4,1,0
2020,POST,BAL,00-0034796,L.Jackson,00-0035703,M.Boykin,4,2,16.0,0,-2.125332507711478,-0.5313331269278695,2,0.5,50.0,5.0,12.5,2.5,0.0,0,0,0
2020,POST,BAL,00-0034796,L.Jackson,00-0036158,J.Dobbins,3,2,25.0,0,0.6237106994376509,0.20790356647921696,1,0.3333333333333333,22.0,12.0,7.333333333333333,6.0,1.0,1,0,0
2020,POST,CLE,00-0034855,B.Mayfield,00-0031382,J.Landry,18,12,112.0,2,0.3225669787096559,0.017920387706091993,6,0.3333333333333333,76.0,70.0,4.222222222222222,5.833333333333333,6.0,1,5,1
2020,POST,CLE,00-0034855,B.Mayfield,00-0032392,A.Hooper,14,9,62.0,1,5.757325471485151,0.4112375336775108,8,0.5714285714285714,118.0,11.0,8.428571428571429,1.2222222222222223,5.0,0,5,1
2020,POST,CLE,00-0034855,B.Mayfield,00-0032977,R.Higgins,14,7,116.0,0,-1.8553876585792906,-0.13252768989852076,5,0.35714285714285715,162.0,28.0,11.571428571428571,4.0,5.0,2,1,0
2020,POST,CLE,00-0034855,B.Mayfield,00-0033885,D.Njoku,6,5,66.0,0,3.8643636214546855,0.6440606035757809,4,0.6666666666666666,28.0,40.0,4.666666666666667,8.0,3.0,2,0,0
2020,POST,CLE,00-0034855,B.Mayfield,00-0033923,K.Hunt,2,2,15.0,0,0.65972359268926,0.32986179634463,1,0.5,-9.0,24.0,-4.5,12.0,1.0,0,0,0
2020,POST,CLE,00-0034855,B.Mayfield,00-0034791,N.Chubb,9,6,73.0,1,3.2113358859205587,0.35681509843561765,3,0.3333333333333333,-9.0,85.0,-1.0,14.166666666666666,2.0,2,1,0
2020,POST,CLE,00-0034855,B.Mayfield,00-0034855,B.Mayfield,1,1,-8.0,0,-1.11156375519931,-1.11156375519931,0,0.0,-9.0,1.0,-9.0,1.0,0.0,0,0,0
2020,POST,CLE,00-0034855,B.Mayfield,00-0036232,H.Bryant,1,0,0.0,0,-0.404557959642261,-0.404557959642261,0,0.0,12.0,0.0,12.0,0.0,0.0,0,0,0
2020,POST,CLE,00-0034855,B.Mayfield,00-0036233,D.Peoples-Jones,3,2,31.0,0,1.517168421065442,0.5057228070218139,2,0.6666666666666666,38.0,2.0,12.666666666666666,1.0,1.0,1,0,0
2020,POST,BUF,00-0034857,J.Allen,00-0029000,C.Beasley,18,14,145.0,0,4.291773087821258,0.2384318382122921,11,0.6111111111111112,112.0,62.0,6.222222222222222,4.428571428571429,6.0,1,0,0
2020,POST,BUF,00-0034857,J.Allen,00-0031051,J.Brown,19,10,86.0,0,-10.491448554924435,-0.5521815028907597,6,0.3157894736842105,209.0,15.0,11.0,1.5,4.0,1,3,0
2020,POST,BUF,00-0034857,J.Allen,00-0031588,S.Diggs,32,20,311.0,2,18.249847226560117,0.5703077258300037,19,0.59375,471.0,75.0,14.71875,3.75,18.0,5,4,1
2020,POST,BUF,00-0034857,J.Allen,00-0032209,T.Yeldon,5,4,41.0,0,0.43760299438145095,0.08752059887629018,3,0.6,15.0,32.0,3.0,8.0,1.0,1,1,0
2020,POST,BUF,00-0034857,J.Allen,00-0033466,I.McKenzie,3,3,14.0,1,1.776990520651454,0.5923301735504847,2,0.6666666666666666,2.0,12.0,0.6666666666666666,4.0,2.0,0,1,1
2020,POST,BUF,00-0034857,J.Allen,00-0035250,D.Singletary,9,8,44.0,0,-1.395308695442511,-0.15503429949361233,3,0.3333333333333333,7.0,36.0,0.7777777777777778,4.5,1.0,0,2,0
2020,POST,BUF,00-0034857,J.Allen,00-0035689,D.Knox,13,10,65.0,2,5.514950614142367,0.4242269703186436,7,0.5384615384615384,41.0,45.0,3.1538461538461537,4.5,6.0,0,6,2
2020,POST,BUF,00-0034857,J.Allen,00-0036196,G.Davis,11,4,85.0,0,0.6137500445429762,0.05579545859481602,4,0.36363636363636365,172.0,0.0,15.636363636363637,0.0,4.0,1,4,0
2020,POST,BUF,00-0034857,J.Allen,00-0036251,Z.Moss,4,4,26.0,0,2.056518980010882,0.5141297450027205,3,0.75,8.0,18.0,2.0,4.5,2.0,0,1,0
2020,POST,LA,00-0034899,J.Wolford,00-0030431,R.Woods,1,0,0.0,0,-0.51477984036319,-0.51477984036319,0,0.0,13.0,0.0,13.0,0.0,0.0,0,0,0
2020,POST,LA,00-0034899,J.Wolford,00-0033895,G.Everett,1,0,0.0,0,-1.4325284967199,-1.4325284967199,0,0.0,11.0,0.0,11.0,0.0,0.0,0,0,0
2020,POST,LA,00-0034899,J.Wolford,00-0033908,C.Kupp,3,2,28.0,0,1.8977088843239458,0.6325696281079819,2,0.6666666666666666,37.0,3.0,12.333333333333334,1.5,2.0,0,0,0
2020,POST,LA,00-0034899,J.Wolford,00-0036414,C.Akers,1,1,1.0,0,-0.823641245719045,-0.823641245719045,0,0.0,-1.0,2.0,-1.0,2.0,0.0,0,0,0
2020,POST,BAL,00-0035993,T.Huntley,00-0027902,D.Bryant,1,0,0.0,0,-1.28009226592258,-1.28009226592258,0,0.0,12.0,0.0,12.0,0.0,0.0,0,0,0
2020,POST,BAL,00-0035993,T.Huntley,00-0030663,W.Snead,2,2,7.0,0,-0.33347021881491,-0.166735109407455,1,0.5,6.0,1.0,3.0,0.5,0.0,0,0,0
2020,POST,BAL,00-0035993,T.Huntley,00-0034753,M.Andrews,3,0,0.0,0,-4.13927934906678,-1.37975978302226,0,0.0,28.0,0.0,9.333333333333334,0.0,0.0,0,2,0
2020,POST,BAL,00-0035993,T.Huntley,00-0034975,J.Hill,1,0,0.0,0,-0.490570352703799,-0.490570352703799,0,0.0,-1.0,0.0,-1.0,0.0,0.0,0,1,0
2020,POST,BAL,00-0035993,T.Huntley,00-0035662,M.Brown,2,1,29.0,0,0.6342455229605499,0.31712276148027496,1,0.5,54.0,11.0,27.0,11.0,1.0,1,0,0
2020,POST,BAL,00-0035993,T.Huntley,00-0035703,M.Boykin,1,1,4.0,0,-0.0868285305332393,-0.0868285305332393,0,0.0,4.0,0.0,4.0,0.0,0.0,0,0,0
2020,POST,BAL,00-0035993,T.Huntley,00-0036158,J.Dobbins,3,2,20.0,0,0.657614678144456,0.21920489271481866,2,0.6666666666666666,13.0,9.0,4.333333333333333,4.5,2.0,0,1,0
2020,REG,TB,00-0019596,T.Brady,00-0027029,L.McCoy,18,14,96.0,0,0.379789279412952,0.021099404411830665,6,0.3333333333333333,17.0,99.0,0.9444444444444444,7.071428571428571,3.0,0,4,0
2020,REG,TB,00-0019596,T.Brady,00-0027656,R.Gronkowski,76,44,598.0,6,20.48584790043473,0.26955063026887804,37,0.4868421052631579,825.0,241.0,10.855263157894736,5.4772727272727275,28.0,9,17,5
2020,REG,TB,00-0019596,T.Brady,00-0027793,A.Brown,60,44,473.0,4,24.464576406289417,0.40774294010482365,35,0.5833333333333334,545.0,240.0,9.083333333333334,5.454545454545454,26.0,6,6,1
2020,REG,TB,00-0019596,T.Brady,00-0030465,K.Barner,1,0,0.0,0,1.09104115411174,1.09104115411174,1,1.0,3.0,0.0,3.0,0.0,0.0,0,0,0
2020,REG,TB,00-0019596,T.Brady,00-0031273,C.Brate,34,28,282.0,2,23.42131520512345,0.6888622119153955,23,0.6764705882352942,291.0,71.0,8.558823529411764,2.5357142857142856,17.0,2,4,2
2020,REG,TB,00-0019596,T.Brady,00-0031408,M.Evans,106,66,945.0,12,47.49731256715272,0.44808785440710114,59,0.5566037735849056,1280.0,241.0,12.075471698113208,3.6515151515151514,53.0,18,21,9
2020,REG,TB,00-0019596,T.Brady,00-0033006,J.Mickens,10,7,58.0,0,4.593217787790045,0.4593217787790045,6,0.6,73.0,31.0,7.3,4.428571428571429,6.0,0,1,0
2020,REG,TB,00-0019596,T.Brady,00-0033215,C.Grayson,2,0,0.0,0,-2.60511212074198,-1.30255606037099,0,0.0,71.0,0.0,35.5,0.0,0.0,0,0,0
2020,REG,TB,00-0019596,T.Brady,00-0033421,A.Auclair,1,0,0.0,0,-0.681436180137098,-0.681436180137098,0,0.0,12.0,0.0,12.0,0.0,0.0,0,0,0
2020,REG,TB,00-0019596,T.Brady,00-0033856,L.Fournette,47,36,233.0,0,-1.8479957873565458,-0.03931905930545842,20,0.425531914893617,7.0,235.0,0.14893617021276595,6.527777777777778,9.0,1,9,0
2020,REG,TB,00-0019596,T.Brady,00-0033879,O.Howard,19,11,146.0,2,3.927629019250154,0.2067173168026397,10,0.5263157894736842,226.0,17.0,11.894736842105264,1.5454545454545454,8.0,2,3,1
2020,REG,TB,00-0019596,T.Brady,00-0033921,C.Godwin,82,65,840.0,7,59.01389290071079,0.7196816207403756,56,0.6829268292682927,832.0,280.0,10.146341463414634,4.3076923076923075,43.0,13,9,6
2020,REG,TB,00-0019596,T.Brady,00-0034386,J.Watson,11,7,94.0,0,-12.898699100071086,-1.1726090090973715,6,0.5454545454545454,106.0,19.0,9.636363636363637,2.7142857142857144,5.0,1,0,0
2020,REG,TB,00-0019596,T.Brady,00-0034613,T.Hudson,7,3,41.0,0,0.011744582145287286,0.001677797449326755,3,0.42857142857142855,108.0,12.0,15.428571428571429,4.0,3.0,1,1,0
2020,REG,TB,00-0019596,T.Brady,00-0034816,R.Jones,42,28,165.0,1,-21.51022335488232,-0.5121481751162458,11,0.2619047619047619,37.0,157.0,0.8809523809523809,5.607142857142857,2.0,1,4,0
2020,REG,TB,00-0019596,T.Brady,00-0035298,S.Miller,51,32,494.0,3,15.161623195091584,0.29728672931552125,25,0.49019607843137253,824.0,108.0,16.15686274509804,3.375,20.0,7,4,1
2020,REG,TB,00-0019596,T.Brady,00-0036427,T.Johnson,16,11,134.0,2,8.260807788064598,0.5163004867540374,8,0.5,170.0,36.0,10.625,3.272727272727273,8.0,2,4,2
2020,REG,TB,00-0019596,T.Brady,00-0036450,K.Vaughn,9,5,34.0,1,-2.4089376242180687,-0.2676597360242299,3,0.3333333333333333,23.0,23.0,2.5555555555555554,4.6,2.0,0,2,1
2020,REG,NO,00-0020531,D.Brees,00-0027061,J.Cook,47,29,414.0,5,18.69754471781324,0.3978201003790051,25,0.5319148936170213,538.0,107.0,11.446808510638299,3.689655172413793,20.0,5,12,4
2020,REG,NO,00-0020531,D.Brees,00-0027685,E.Sanders,65,48,569.0,4,25.69846292191226,0.3953609680294194,42,0.6461538461538462,571.0,138.0,8.784615384615385,2.875,29.0,5,11,4
2020,REG,NO,00-0020531,D.Brees,00-0030216,J.Hill,8,6,45.0,1,3.665405745035965,0.45817571812949565,5,0.625,46.0,35.0,5.75,5.833333333333333,4.0,0,1,1
2020,REG,NO,00-0020531,D.Brees,00-0030513,L.Murray,20,17,144.0,1,6.364967377201038,0.31824836886005187,11,0.55,2.0,139.0,0.1,8.176470588235293,7.0,1,5,0
2020,REG,NO,00-0020531,D.Brees,00-0030670,B.Fowler,6,2,11.0,0,-8.024719271488726,-1.3374532119147877,1,0.16666666666666666,47.0,1.0,7.833333333333333,0.5,1.0,0,0,0
2020,REG,NO,00-0020531,D.Brees,00-0031595,M.Burton,3,3,16.0,0,1.043271134782118,0.34775704492737264,2,0.6666666666666666,6.0,10.0,2.0,3.3333333333333335,0.0,0,1,0
2020,REG,NO,00-0020531,D.Brees,00-0032200,T.Montgomery,6,3,27.0,0,-2.394389351422437,-0.39906489190373945,1,0.16666666666666666,10.0,33.0,1.6666666666666667,11.0,1.0,0,1,0
2020,REG,NO,00-0020531,D.Brees,00-0032765,M.Thomas,13,9,83.0,0,1.2669938195031136,0.09746106303870104,7,0.5384615384615384,110.0,22.0,8.461538461538462,2.4444444444444446,5.0,1,3,0
2020,REG,NO,00-0020531,D.Brees,00-0032881,T.Lewis,2,1,5.0,0,-1.183623332995921,-0.5918116664979605,0,0.0,2.0,0.0,1.0,0.0,0.0,0,0,0
2020,REG,NO,00-0020531,D.Brees,00-0033357,T.Hill,13,8,98.0,1,0.3553991703362211,0.027338397718170853,4,0.3076923076923077,91.0,35.0,7.0,4.375,4.0,2,3,1
2020,REG,NO,00-0020531,D.Brees,00-0033382,A.Carr,4,3,27.0,1,2.624678299413061,0.6561695748532652,3,0.75,32.0,11.0,8.0,3.6666666666666665,3.0,0,2,1
2020,REG,NO,00-0020531,D.Brees,00-0033906,A.Kamara,85,67,622.0,5,13.48881426047444,0.1586919324761699,35,0.4117647058823529,19.0,632.0,0.2235294117647059,9.432835820895523,29.0,8,14,4
2020,REG,NO,00-0020531,D.Brees,00-0034765,T.Smith,37,27,330.0,3,19.60061297365738,0.5297462965853346,21,0.5675675675675675,350.0,86.0,9.45945945945946,3.185185185185185,17.0,6,6,3
2020,REG,NO,00-0020531,D.Brees,00-0035215,D.Harris,22,17,170.0,1,9.807143654965323,0.44577925704387833,14,0.6363636363636364,110.0,102.0,5.0,6.0,9.0,1,2,1
2020,REG,NO,00-0020531,D.Brees,00-0035406,L.Humphrey,5,3,46.0,1,-1.9649074470508028,-0.39298148941016053,3,0.6,53.0,10.0,10.6,3.3333333333333335,3.0,0,1,1
2020,REG,NO,00-0020531,D.Brees,00-0036040,J.Johnson,9,3,28.0,0,-5.270002972160863,-0.5855558857956514,2,0.2222222222222222,67.0,15.0,7.444444444444445,5.0,2.0,0,1,0
2020,REG,NO,00-0020531,D.Brees,00-0036219,M.Callaway,26,21,213.0,0,11.136498355946436,0.4283268598440937,18,0.6923076923076923,217.0,58.0,8.346153846153847,2.761904761904762,10.0,1,3,0
2020,REG,NO,00-0020531,D.Brees,00-0036422,A.Trautman,9,8,94.0,1,7.936132799950421,0.8817925333278246,7,0.7777777777777778,60.0,44.0,6.666666666666667,5.5,5.0,1,2,1
2020,REG,ARI,00-0022824,A.Lee,00-0034490,E.Turner,1,1,26.0,0,4.01401143427938,4.01401143427938,1,1.0,14.0,12.0,14.0,12.0,1.0,1,0,0
2020,REG,PIT,00-0022924,B.Roethlisberger,00-0030470,V.McDonald,14,10,66.0,0,-2.6308784698485477,-0.18791989070346768,4,0.2857142857142857,29.0,51.0,2.0714285714285716,5.1,3.0,0,1,0
2020,REG,PIT,00-0022924,B.Roethlisberger,00-0031387,E.Ebron,91,56,558.0,5,3.010805878309652,0.03308577888252365,42,0.46153846153846156,646.0,192.0,7.0989010989010985,3.4285714285714284,30.0,6,20,5
2020,REG,PIT,00-0022924,B.Roethlisberger,00-0033085,J.Hawkins,1,0,0.0,0,-1.08256936987164,-1.08256936987164,0,0.0,0.0,0.0,0.0,0.0,0.0,0,1,0
2020,REG,PIT,00-0022924,B.Roethlisberger,00-0033553,J.Conner,34,29,188.0,0,1.0698274916460455,0.03146551446017781,15,0.4411764705882353,-9.0,207.0,-0.2647058823529412,7.137931034482759,10.0,0,5,0
2020,REG,PIT,00-0022924,B.Roethlisberger,00-0033857,J.Smith-Schuster,121,91,766.0,8,25.033403949669164,0.20688763594767903,71,0.5867768595041323,654.0,382.0,5.404958677685951,4.197802197802198,44.0,12,19,5
2020,REG,PIT,00-0022924,B.Roethlisberger,00-0034331,J.Samuels,14,9,46.0,0,-3.0637966215144834,-0.2188426158224631,5,0.35714285714285715,-3.0,56.0,-0.21428571428571427,6.222222222222222,2.0,0,0,0
2020,REG,PIT,00-0022924,B.Roethlisberger,00-0034407,R.McCloud,20,18,80.0,0,1.452118618995883,0.07260593094979415,9,0.45,-26.0,101.0,-1.3,5.611111111111111,4.0,0,0,0
2020,REG,PIT,00-0022924,B.Roethlisberger,00-0034676,J.Washington,54,30,392.0,5,8.112519381975284,0.1502318404069497,25,0.46296296296296297,662.0,139.0,12.25925925925926,4.633333333333334,19.0,5,7,3
2020,REG,PIT,00-0022924,B.Roethlisberger,00-0035216,D.Johnson,106,65,654.0,5,11.387189557392505,0.10742631657917458,49,0.46226415094339623,790.0,328.0,7.452830188679245,5.046153846153846,36.0,6,9,4
2020,REG,PIT,00-0022924,B.Roethlisberger,00-0035216,Di.Johnson,34,20,173.0,2,-2.412465188233846,-0.07095485847746606,14,0.4117647058823529,247.0,56.0,7.264705882352941,2.8,6.0,2,2,0
2020,REG,PIT,00-0022924,B.Roethlisberger,00-0035217,B.Snell,14,10,61.0,0,-5.010769340122811,-0.3579120957230579,6,0.42857142857142855,-27.0,88.0,-1.9285714285714286,8.8,3.0,0,3,0
2020,REG,PIT,00-0022924,B.Roethlisberger,00-0036326,C.Claypool,99,56,757.0,8,34.85972102327835,0.3521183941745288,46,0.46464646464646464,1224.0,302.0,12.363636363636363,5.392857142857143,35.0,12,15,4
2020,REG,PIT,00-0022924,B.Roethlisberger,00-0036336,A.McFarland,8,5,48.0,0,-1.2701867968426068,-0.15877334960532585,5,0.625,24.0,40.0,3.0,8.0,1.0,0,0,0
2020,REG,IND,00-0022942,P.Rivers,00-0029608,T.Hilton,93,56,762.0,5,29.980862096734352,0.3223748612552081,50,0.5376344086021505,1149.0,194.0,12.35483870967742,3.4642857142857144,42.0,11,10,3
2020,REG,IND,00-0022942,P.Rivers,00-0030181,J.Doyle,33,23,251.0,3,12.010161358676372,0.3639442835962537,21,0.6363636363636364,229.0,91.0,6.9393939393939394,3.9565217391304346,13.0,2,8,3
2020,REG,IND,00-0022942,P.Rivers,00-0030710,T.Burton,47,28,250.0,3,-3.9201984147483535,-0.08340847690953944,24,0.5106382978723404,341.0,87.0,7.25531914893617,3.107142857142857,14.0,1,9,3
2020,REG,IND,00-0022942,P.Rivers,00-0032980,M.Johnson,28,14,255.0,0,8.794779760514759,0.31409927716124136,12,0.42857142857142855,487.0,49.0,17.392857142857142,3.5,11.0,6,1,0
2020,REG,IND,00-0022942,P.Rivers,00-0033217,M.Alie-Cox,39,31,394.0,2,12.752992411871695,0.32699980543260754,24,0.6153846153846154,264.0,182.0,6.769230769230769,5.870967741935484,19.0,6,5,2
2020,REG,IND,00-0022942,P.Rivers,00-0033251,Z.Pascal,72,44,629.0,5,21.678771989918147,0.3010940554155298,36,0.5,772.0,233.0,10.722222222222221,5.295454545454546,29.0,13,15,4
2020,REG,IND,00-0022942,P.Rivers,00-0033951,M.Mack,3,3,30.0,0,1.584533732733686,0.5281779109112287,2,0.6666666666666666,-1.0,31.0,-0.3333333333333333,10.333333333333334,1.0,0,0,0
2020,REG,IND,00-0022942,P.Rivers,00-0034367,N.Hines,75,63,482.0,4,9.385090681806016,0.1251345424240802,35,0.4666666666666667,39.0,470.0,0.52,7.4603174603174605,24.0,2,12,2
2020,REG,IND,00-0022942,P.Rivers,00-0034395,D.Fountain,3,2,23.0,0,0.5846643310505921,0.19488811035019737,2,0.6666666666666666,28.0,0.0,9.333333333333334,0.0,2.0,0,0,0
2020,REG,IND,00-0022942,P.Rivers,00-0034400,J.Wilkins,16,12,105.0,0,-0.8807275724827897,-0.055045473280174353,7,0.4375,-13.0,143.0,-0.8125,11.916666666666666,3.0,2,2,0
2020,REG,IND,00-0022942,P.Rivers,00-0035021,A.Dulin,6,3,53.0,0,1.8435714414226818,0.3072619069037803,3,0.5,31.0,28.0,5.166666666666667,9.333333333333334,2.0,1,0,0
2020,REG,IND,00-0022942,P.Rivers,00-0035639,P.Campbell,9,6,71.0,0,-0.5445356343989352,-0.06050395937765946,4,0.4444444444444444,107.0,18.0,11.88888888888889,3.0,4.0,1,0,0
2020,REG,IND,00-0022942,P.Rivers,00-0035848,D.Harris,10,10,79.0,0,4.228856289701065,0.4228856289701065,6,0.6,16.0,63.0,1.6,6.3,3.0,1,1,0
2020,REG,IND,00-0022942,P.Rivers,00-0036223,J.Taylor,39,36,299.0,1,13.237643447689075,0.33942675506895065,19,0.48717948717948717,-44.0,362.0,-1.1282051282051282,10.055555555555555,12.0,5,5,0
2020,REG,IND,00-0022942,P.Rivers,00-0036252,M.Pittman,56,38,486.0,1,22.925335394097853,0.4093809891803188,31,0.5535714285714286,464.0,275.0,8.285714285714286,7.2368421052631575,21.0,5,9,0
2020,REG,WAS,00-0023436,A.Smith,00-0028411,D.Inman,2,2,13.0,0,0.637935543199999,0.3189677715999995,1,0.5,2.0,11.0,1.0,5.5,0.0,0,0,0
2020,REG,WAS,00-0023436,A.Smith,00-0031260,L.Thomas,42,30,281.0,3,3.2746907197816952,0.07796882666146894,20,0.47619047619047616,277.0,115.0,6.595238095238095,3.8333333333333335,13.0,2,7,3
2020,REG,WAS,00-0023436,A.Smith,00-0032602,J.McKissic,59,38,275.0,0,-12.106766990860722,-0.20519944052306308,27,0.4576271186440678,32.0,275.0,0.5423728813559322,7.2368421052631575,16.0,0,7,0
2020,REG,WAS,00-0023436,A.Smith,00-0032741,P.Barber,2,2,9.0,0,-0.07255560602061495,-0.036277803010307474,1,0.5,0.0,9.0,0.0,4.5,1.0,0,0,0
2020,REG,WAS,00-0023436,A.Smith,00-0034104,C.Sims,26,19,319.0,0,19.990507421795403,0.7688656700690539,15,0.5769230769230769,227.0,188.0,8.73076923076923,9.894736842105264,13.0,6,2,0
2020,REG,WAS,00-0023436,A.Smith,00-0034207,J.Badet,1,0,0.0,0,-0.228880364215001,-0.228880364215001,0,0.0,25.0,0.0,25.0,0.0,0.0,0,0,0
2020,REG,WAS,00-0023436,A.Smith,00-0034510,R.Foster,2,0,0.0,0,-2.064880650432317,-1.0324403252161585,0,0.0,49.0,0.0,24.5,0.0,0.0,0,1,0
2020,REG,WAS,00-0023436,A.Smith,00-0034928,S.Sims,19,15,94.0,1,2.4526079311711717,0.12908462795637746,8,0.42105263157894735,82.0,35.0,4.315789473684211,2.3333333333333335,4.0,1,1,1
2020,REG,WAS,00-0023436,A.Smith,00-0035659,T.McLaurin,52,35,418.0,2,-1.9676729987753971,-0.03783986536106533,26,0.5,500.0,165.0,9.615384615384615,4.714285714285714,18.0,6,4,1
2020,REG,WAS,00-0023436,A.Smith,00-0036142,I.Wright,16,13,113.0,0,4.720757076522479,0.29504731728265493,9,0.5625,47.0,74.0,2.9375,5.6923076923076925,7.0,1,2,0
2020,REG,WAS,00-0023436,A.Smith,00-0036328,A.Gibson,17,14,60.0,0,-4.854062874277587,-0.28553311025162276,7,0.4117647058823529,-9.0,77.0,-0.5294117647058824,5.5,2.0,0,2,0
2020,REG,GB,00-0023459,A.Rodgers,00-0023459,A.Rodgers,1,1,-6.0,0,-1.35517050104681,-1.35517050104681,0,0.0,-4.0,-2.0,-4.0,-2.0,0.0,0,0,0
2020,REG,GB,00-0023459,A.Rodgers,00-0024243,M.Lewis,17,10,107.0,3,3.9134463765658456,0.23020272803328504,8,0.47058823529411764,111.0,57.0,6.529411764705882,5.7,6.0,1,4,3
2020,REG,GB,00-0023459,A.Rodgers,00-0030525,T.Austin,5,5,20.0,0,-0.307193114946131,-0.0614386229892262,3,0.6,-22.0,42.0,-4.4,8.4,1.0,0,1,0
2020,REG,GB,00-0023459,A.Rodgers,00-0031381,D.Adams,149,115,1374.0,18,77.43359819182902,0.5196885784686511,96,0.6442953020134228,1330.0,597.0,8.926174496644295,5.191304347826087,73.0,18,28,14
2020,REG,GB,00-0023459,A.Rodgers,00-0032404,T.Ervin,15,11,84.0,0,2.858416678674982,0.19056111191166547,9,0.6,-15.0,84.0,-1.0,7.636363636363637,6.0,1,1,0
2020,REG,GB,00-0023459,A.Rodgers,00-0033293,A.Jones,63,47,355.0,2,5.729756250330697,0.09094851191001106,30,0.47619047619047616,77.0,365.0,1.2222222222222223,7.76595744680851,15.0,4,10,2
2020,REG,GB,00-0023459,A.Rodgers,00-0033757,R.Tonyan,59,52,586.0,11,43.79369479993514,0.7422660135582227,39,0.6610169491525424,457.0,223.0,7.745762711864407,4.288461538461538,33.0,9,11,7
2020,REG,GB,00-0023459,A.Rodgers,00-0033948,J.Williams,35,31,236.0,1,3.7145939942674873,0.10613125697907107,20,0.5714285714285714,19.0,219.0,0.5428571428571428,7.064516129032258,11.0,1,3,1
2020,REG,GB,00-0023459,A.Rodgers,00-0034272,M.Valdes-Scantling,63,33,690.0,6,29.16033765865725,0.4628625025183691,31,0.49206349206349204,1153.0,241.0,18.3015873015873,7.303030303030303,27.0,10,6,2
2020,REG,GB,00-0023459,A.Rodgers,00-0034279,E.St. Brown,13,7,117.0,1,5.776400765753338,0.44433852044256444,7,0.5384615384615384,157.0,59.0,12.076923076923077,8.428571428571429,6.0,3,0,0
2020,REG,GB,00-0023459,A.Rodgers,00-0034521,A.Lazard,46,33,451.0,3,38.1918016698619,0.8302565580404762,30,0.6521739130434783,458.0,195.0,9.956521739130435,5.909090909090909,23.0,6,6,3
2020,REG,GB,00-0023459,A.Rodgers,00-0035181,D.Shepherd,8,5,46.0,0,0.5665892803226591,0.07082366004033239,3,0.375,120.0,18.0,15.0,3.6,1.0,0,1,0
2020,REG,GB,00-0023459,A.Rodgers,00-0035480,M.Taylor,6,5,66.0,1,7.3359543932954665,1.2226590655492444,5,0.8333333333333334,40.0,47.0,6.666666666666667,9.4,4.0,2,1,1
2020,REG,GB,00-0023459,A.Rodgers,00-0035671,J.Sternberger,15,12,114.0,1,3.342020992023295,0.22280139946821967,7,0.4666666666666667,103.0,66.0,6.866666666666666,5.5,6.0,2,3,1
2020,REG,GB,00-0023459,A.Rodgers,00-0036265,A.Dillon,2,2,21.0,0,1.817737496749035,0.9088687483745175,2,1.0,5.0,16.0,2.5,8.0,1.0,0,1,0
2020,REG,GB,00-0023459,A.Rodgers,00-0036332,J.Deguara,2,1,12.0,0,0.43967515195254203,0.21983757597627102,1,0.5,24.0,11.0,12.0,11.0,1.0,0,0,0
2020,REG,GB,00-0023459,A.Rodgers,00-0036456,D.Dafney,2,2,26.0,1,3.958989807637407,1.9794949038187035,2,1.0,16.0,10.0,8.0,5.0,2.0,0,1,1
2020,REG,MIA,00-0023682,R.Fitzpatrick,00-0023682,R.Fitzpatrick,1,1,0.0,0,-1.53161310218275,-1.53161310218275,0,0.0,-4.0,4.0,-4.0,4.0,0.0,0,0,0
2020,REG,MIA,00-0023682,R.Fitzpatrick,00-0031547,D.Parker,59,40,526.0,2,22.65254890702304,0.3839415068986956,37,0.6271186440677966,586.0,132.0,9.932203389830509,3.3,29.0,7,2,1
2020,REG,MIA,00-0023682,R.Fitzpatrick,00-0032780,J.Howard,1,1,-3.0,0,-1.0240601899568,-1.0240601899568,0,0.0,-4.0,0.0,-4.0,0.0,0.0,0,0,0
2020,REG,MIA,00-0023682,R.Fitzpatrick,00-0032791,J.Grant,19,15,146.0,0,3.5256242922861514,0.1855591732782185,12,0.631578947368421,154.0,51.0,8.105263157894736,3.4,9.0,1,1,0
2020,REG,MIA,00-0023682,R.Fitzpatrick,00-0032940,D.Washington,5,2,11.0,0,-0.7055556327104571,-0.1411111265420914,2,0.4,1.0,14.0,0.2,7.0,1.0,0,0,0
2020,REG,MIA,00-0023682,R.Fitzpatrick,00-0033308,M.Breida,10,9,96.0,0,3.3880325646605356,0.3388032564660536,5,0.5,-1.0,96.0,-0.1,10.666666666666666,5.0,2,0,0
2020,REG,MIA,00-0023682,R.Fitzpatrick,00-0033471,I.Ford,31,20,203.0,0,3.740894078085156,0.120674002518876,19,0.6129032258064516,256.0,44.0,8.258064516129032,2.2,14.0,0,2,0
2020,REG,MIA,00-0023682,R.Fitzpatrick,00-0033555,M.Hollins,8,5,70.0,0,1.9491344816924558,0.24364181021155698,5,0.625,68.0,16.0,8.5,3.2,2.0,1,1,0
2020,REG,MIA,00-0023682,R.Fitzpatrick,00-0033896,A.Shaheen,9,6,65.0,3,6.383582409762316,0.7092869344180351,4,0.4444444444444444,40.0,43.0,4.444444444444445,7.166666666666667,4.0,1,4,3
2020,REG,MIA,00-0023682,R.Fitzpatrick,00-0034772,A.Callaway,1,1,7.0,0,0.258213558234274,0.258213558234274,1,1.0,7.0,0.0,7.0,0.0,0.0,0,0,0
2020,REG,MIA,00-0023682,R.Fitzpatrick,00-0034798,D.Smythe,8,7,60.0,1,2.1618414717582364,0.27023018396977955,6,0.75,39.0,28.0,4.875,4.0,3.0,0,2,1
2020,REG,MIA,00-0023682,R.Fitzpatrick,00-0034829,M.Gesicki,42,24,395.0,3,13.153380310411077,0.3131757216764542,22,0.5238095238095238,494.0,111.0,11.761904761904763,4.625,20.0,6,11,3
2020,REG,MIA,00-0023682,R.Fitzpatrick,00-0035310,C.Cox,2,2,9.0,0,0.543198565021157,0.2715992825105785,2,1.0,2.0,7.0,1.0,3.5,1.0,0,0,0
2020,REG,MIA,00-0023682,R.Fitzpatrick,00-0035311,M.Gaskin,31,29,245.0,1,10.746950363983409,0.3466758181930132,17,0.5483870967741935,3.0,246.0,0.0967741935483871,8.482758620689655,6.0,1,5,0
2020,REG,MIA,00-0023682,R.Fitzpatrick,00-0035342,P.Laird,2,2,9.0,0,-0.019235217012465,-0.0096176085062325,1,0.5,-1.0,10.0,-0.5,5.0,0.0,0,0,0
2020,REG,MIA,00-0023682,R.Fitzpatrick,00-0035350,P.Williams,27,12,213.0,3,2.7799104934057666,0.10295964790391728,12,0.4444444444444444,376.0,26.0,13.925925925925926,2.1666666666666665,10.0,5,7,2
2020,REG,MIA,00-0023682,R.Fitzpatrick,00-0036020,S.Ahmed,3,3,12.0,0,-0.48256203008349996,-0.1608540100278333,1,0.3333333333333333,0.0,12.0,0.0,4.0,1.0,0,0,0
2020,REG,MIA,00-0023682,R.Fitzpatrick,00-0036245,M.Perry,5,3,28.0,0,1.257929387618785,0.251585877523757,3,0.6,27.0,14.0,5.4,4.666666666666667,1.0,0,0,0
2020,REG,MIA,00-0023682,R.Fitzpatrick,00-0036364,L.Bowden,2,1,-1.0,0,-1.450985541450791,-0.7254927707253955,0,0.0,10.0,0.0,5.0,0.0,0.0,0,0,0
2020,REG,BAL,00-0024417,S.Koch,00-0035703,M.Boykin,1,1,15.0,0,3.39332748652669,3.39332748652669,1,1.0,9.0,6.0,9.0,6.0,1.0,0,0,0
2020,REG,TEN,00-0025825,B.Kern,00-0029627,J.Crawford,1,0,0.0,0,-0.947,-0.947,0,0.0,0.0,0.0,0.0,0.0,0.0,0,1,0
2020,REG,TEN,00-0025825,B.Kern,00-0032141,G.Swaim,1,0,0.0,0,-1.87632871506503,-1.87632871506503,0,0.0,18.0,0.0,18.0,0.0,0.0,0,0,0
2020,REG,ATL,00-0026143,M.Ryan,00-0027944,J.Jones,67,51,771.0,3,55.441094423548435,0.8274790212469916,45,0.6716417910447762,726.0,231.0,10.835820895522389,4.529411764705882,36.0,16,10,1
2020,REG,ATL,00-0026143,M.Ryan,00-0028042,L.Stocker,11,7,63.0,0,1.054195458302277,0.09583595075475246,5,0.45454545454545453,21.0,52.0,1.9090909090909092,7.428571428571429,4.0,1,1,0
2020,REG,ATL,00-0026143,M.Ryan,00-0030968,K.Smith,15,11,59.0,0,-2.553450974170119,-0.1702300649446746,4,0.26666666666666666,28.0,44.0,1.8666666666666667,4.0,4.0,0,1,0
2020,REG,ATL,00-0026143,M.Ryan,00-0032241,T.Gurley,35,25,164.0,0,1.2359981352929035,0.035314232436940096,14,0.4,51.0,123.0,1.457142857142857,4.92,7.0,1,0,0
2020,REG,ATL,00-0026143,M.Ryan,00-0032951,L.Treadwell,7,6,49.0,2,3.866599450383581,0.5523713500547973,5,0.7142857142857143,39.0,13.0,5.571428571428571,2.1666666666666665,4.0,0,3,2
2020,REG,ATL,00-0026143,M.Ryan,00-0033567,B.Hill,30,25,199.0,0,3.0377780425116505,0.10125926808372168,14,0.4666666666666667,38.0,162.0,1.2666666666666666,6.48,7.0,2,1,0
2020,REG,ATL,00-0026143,M.Ryan,00-0034132,C.Blake,18,13,141.0,0,1.3524434753030137,0.0751357486279452,7,0.3888888888888889,173.0,26.0,9.61111111111111,2.0,6.0,3,1,0
2020,REG,ATL,00-0026143,M.Ryan,00-0034378,I.Smith,26,17,75.0,0,-12.011110126534023,-0.4619657740974624,8,0.3076923076923077,1.0,81.0,0.038461538461538464,4.764705882352941,3.0,0,8,0
2020,REG,ATL,00-0026143,M.Ryan,00-0034411,R.Gage,109,72,786.0,4,31.428842125081136,0.2883380011475334,59,0.5412844036697247,927.0,281.0,8.504587155963304,3.9027777777777777,50.0,6,17,4
2020,REG,ATL,00-0026143,M.Ryan,00-0034646,B.Powell,18,12,69.0,2,-4.475280727320849,-0.24862670707338047,7,0.3888888888888889,83.0,34.0,4.611111111111111,2.8333333333333335,5.0,0,5,2
2020,REG,ATL,00-0026143,M.Ryan,00-0034788,J.Graham,5,3,25.0,0,-0.04573529434855583,-0.009147058869711167,2,0.4,18.0,14.0,3.6,4.666666666666667,1.0,0,0,0
2020,REG,ATL,00-0026143,M.Ryan,00-0034830,H.Hurst,89,56,571.0,6,14.649026043973226,0.1645957982468902,44,0.4943820224719101,594.0,245.0,6.674157303370786,4.375,35.0,5,16,4
2020,REG,ATL,00-0026143,M.Ryan,00-0034837,C.Ridley,144,89,1335.0,8,45.93376176871891,0.31898445672721465,79,0.5486111111111112,2015.0,273.0,13.993055555555555,3.067415730337079,64.0,22,24,7
2020,REG,ATL,00-0026143,M.Ryan,00-0035208,O.Zaccheaus,32,20,274.0,1,12.340582720455853,0.3856432100142454,18,0.5625,440.0,63.0,13.75,3.15,16.0,2,2,0
2020,REG,NYJ,00-0026158,J.Flacco,00-0023500,F.Gore,8,8,47.0,0,0.2868641703098542,0.03585802128873178,5,0.625,10.0,37.0,1.25,4.625,0.0,0,0,0
2020,REG,NYJ,00-0026158,J.Flacco,00-0028237,C.Hogan,3,3,20.0,0,2.2734150785254332,0.7578050261751444,2,0.6666666666666666,14.0,6.0,4.666666666666667,2.0,1.0,0,0,0
2020,REG,NYJ,00-0026158,J.Flacco,00-0030108,R.Griffin,5,4,45.0,0,2.0914978195796676,0.41829956391593354,3,0.6,30.0,17.0,6.0,4.25,2.0,1,0,0
2020,REG,NYJ,00-0026158,J.Flacco,00-0030496,L.Bell,1,1,7.0,0,0.907987806946039,0.907987806946039,1,1.0,3.0,4.0,3.0,4.0,1.0,0,0,0
2020,REG,NYJ,00-0026158,J.Flacco,00-0031941,J.Crowder,29,18,206.0,2,3.2272366905526666,0.11128402381216092,12,0.41379310344827586,219.0,81.0,7.551724137931035,4.5,8.0,2,3,2
2020,REG,NYJ,00-0026158,J.Flacco,00-0032054,B.Perriman,19,11,217.0,3,12.854122576222794,0.6765327671696207,9,0.47368421052631576,369.0,60.0,19.42105263157895,5.454545454545454,9.0,4,3,1
2020,REG,NYJ,00-0026158,J.Flacco,00-0034419,B.Berrios,6,2,31.0,0,-2.055126962659425,-0.3425211604432375,2,0.3333333333333333,102.0,21.0,17.0,10.5,2.0,0,0,0
2020,REG,NYJ,00-0026158,J.Flacco,00-0034766,C.Herndon,6,4,56.0,1,3.435286281106535,0.5725477135177558,4,0.6666666666666666,55.0,15.0,9.166666666666666,3.75,3.0,1,1,1
2020,REG,NYJ,00-0026158,J.Flacco,00-0035259,T.Wesco,1,1,5.0,0,0.287486881716177,0.287486881716177,1,1.0,5.0,0.0,5.0,0.0,0.0,0,1,0
2020,REG,NYJ,00-0026158,J.Flacco,00-0035510,J.Smith,18,7,52.0,0,-9.986614050179695,-0.5548118916766497,3,0.16666666666666666,223.0,18.0,12.38888888888889,2.5714285714285716,2.0,0,2,0
2020,REG,NYJ,00-0026158,J.Flacco,00-0035537,T.Johnson,7,4,17.0,0,-3.382441517664113,-0.48320593109487325,2,0.2857142857142857,8.0,21.0,1.1428571428571428,5.25,1.0,0,0,0
2020,REG,NYJ,00-0026158,J.Flacco,00-0036255,D.Mims,15,7,133.0,0,2.076282866846684,0.13841885778977894,6,0.4,322.0,34.0,21.466666666666665,4.857142857142857,6.0,3,0,0
2020,REG,NYJ,00-0026158,J.Flacco,00-0036269,L.Perine,6,4,28.0,0,1.447963909828101,0.24132731830468349,3,0.5,3.0,28.0,0.5,7.0,1.0,0,1,0
2020,REG,KC,00-0026197,C.Henne,00-0032775,D.Robinson,7,6,58.0,0,4.077124428818935,0.5824463469741337,6,0.8571428571428571,55.0,24.0,7.857142857142857,4.0,3.0,0,0,0
2020,REG,KC,00-0026197,C.Henne,00-0032940,D.Washington,1,1,2.0,0,2.39874882888398,2.39874882888398,1,1.0,1.0,1.0,1.0,1.0,0.0,0,1,0
2020,REG,KC,00-0026197,C.Henne,00-0033474,G.Dieter,2,1,10.0,0,0.05323829769622601,0.026619148848113006,1,0.5,15.0,5.0,7.5,5.0,1.0,0,1,0
2020,REG,KC,00-0026197,C.Henne,00-0033481,M.Kemp,1,1,11.0,0,0.968358507903758,0.968358507903758,1,1.0,1.0,10.0,1.0,10.0,1.0,0,0,0
2020,REG,KC,00-0026197,C.Henne,00-0034297,B.Pringle,7,5,59.0,1,5.401494056917724,0.7716420081311035,5,0.7142857142857143,53.0,24.0,7.571428571428571,4.8,3.0,1,2,1
2020,REG,KC,00-0026197,C.Henne,00-0034301,Darr.Williams,1,1,2.0,0,0.677196318225469,0.677196318225469,1,1.0,-4.0,6.0,-4.0,6.0,0.0,0,1,0
2020,REG,KC,00-0026197,C.Henne,00-0034319,D.Yelder,6,2,6.0,0,-2.6446529172826567,-0.4407754862137761,1,0.16666666666666666,53.0,4.0,8.833333333333334,2.0,1.0,0,1,0
2020,REG,KC,00-0026197,C.Henne,00-0035140,M.Hardman,4,4,35.0,0,3.381809036480259,0.8454522591200647,3,0.75,-3.0,38.0,-0.75,9.5,3.0,0,1,0
2020,REG,KC,00-0026197,C.Henne,00-0035148,D.Thompson,8,7,65.0,1,3.499262334604284,0.4374077918255355,3,0.375,-23.0,88.0,-2.875,12.571428571428571,3.0,1,2,1
2020,REG,DET,00-0026498,M.Stafford,00-0025394,A.Peterson,18,12,101.0,0,1.7225846247165493,0.09569914581758607,7,0.3888888888888889,-6.0,103.0,-0.3333333333333333,8.583333333333334,4.0,1,1,0
2020,REG,DET,00-0026498,M.Stafford,00-0026035,D.Amendola,60,41,547.0,0,16.022176579168228,0.26703627631947047,34,0.5666666666666667,459.0,261.0,7.65,6.365853658536586,28.0,7,6,0
2020,REG,DET,00-0026498,M.Stafford,00-0029293,M.Jones,107,68,894.0,9,22.40478984127457,0.20939055926424832,59,0.5514018691588785,1381.0,183.0,12.906542056074766,2.6911764705882355,48.0,17,14,4
2020,REG,DET,00-0026498,M.Stafford,00-0029632,M.Sanu,20,14,156.0,1,16.68353883400858,0.834176941700429,15,0.75,249.0,30.0,12.45,2.142857142857143,11.0,2,2,1
2020,REG,DET,00-0026498,M.Stafford,00-0032135,J.James,20,13,118.0,2,-1.1892888537258852,-0.059464442686294264,7,0.35,101.0,65.0,5.05,5.0,5.0,2,6,2
2020,REG,DET,00-0026498,M.Stafford,00-0032975,J.Williams,4,4,21.0,0,0.23987041902728512,0.05996760475682128,2,0.5,-2.0,23.0,-0.5,5.75,2.0,0,0,0
2020,REG,DET,00-0026498,M.Stafford,00-0033094,M.Hall,28,16,281.0,2,16.382728301978222,0.585097439356365,16,0.5714285714285714,502.0,58.0,17.928571428571427,3.625,10.0,4,2,0
2020,REG,DET,00-0026498,M.Stafford,00-0033572,J.Agnew,20,13,89.0,0,-5.3249742078259406,-0.26624871039129705,7,0.35,97.0,101.0,4.85,7.769230769230769,4.0,1,3,0
2020,REG,DET,00-0026498,M.Stafford,00-0033932,K.Golladay,32,20,338.0,2,21.662456989948414,0.6769517809358879,17,0.53125,466.0,38.0,14.5625,1.9,16.0,4,5,2
2020,REG,DET,00-0026498,M.Stafford,00-0034171,J.Cabinda,3,2,8.0,0,-8.65938339848071,-2.8864611328269034,1,0.3333333333333333,-4.0,6.0,-1.3333333333333333,3.0,1.0,0,0,0
2020,REG,DET,00-0026498,M.Stafford,00-0034349,K.Johnson,21,14,134.0,1,3.2765007919105944,0.15602384723383783,9,0.42857142857142855,-13.0,140.0,-0.6190476190476191,10.0,8.0,1,2,1
2020,REG,DET,00-0026498,M.Stafford,00-0035229,T.Hockenson,92,61,690.0,5,16.140586302838976,0.17544115546564104,49,0.532608695652174,634.0,322.0,6.891304347826087,5.278688524590164,38.0,6,16,5
2020,REG,DET,00-0026498,M.Stafford,00-0035537,T.Johnson,1,0,0.0,0,-2.33122999453917,-2.33122999453917,0,0.0,50.0,0.0,50.0,0.0,0.0,0,0,0
2020,REG,DET,00-0026498,M.Stafford,00-0035539,I.Nauta,2,1,3.0,0,-1.4647159193409611,-0.7323579596704806,0,0.0,3.0,0.0,1.5,0.0,0.0,0,1,0
2020,REG,DET,00-0026498,M.Stafford,00-0036008,H.Bryant,3,1,44.0,0,1.65834529325366,0.5527817644178866,1,0.3333333333333333,67.0,12.0,22.333333333333332,12.0,1.0,1,1,0
2020,REG,DET,00-0026498,M.Stafford,00-0036275,D.Swift,50,41,331.0,2,10.638401613127282,0.21276803226254565,27,0.54,47.0,323.0,0.94,7.878048780487805,14.0,1,8,2
2020,REG,DET,00-0026498,M.Stafford,00-0036277,Q.Cephus,33,18,329.0,2,14.98024148216684,0.4539467115808133,18,0.5454545454545454,496.0,73.0,15.030303030303031,4.055555555555555,15.0,7,5,1
2020,REG,MIN,00-0026516,B.Colquitt,00-0027981,K.Rudolph,1,0,0.0,0,-0.947,-0.947,0,0.0,0.0,0.0,0.0,0.0,0.0,0,1,0
2020,REG,DET,00-0026544,C.Daniel,00-0026035,D.Amendola,8,5,55.0,0,-2.999303122832976,-0.374912890354122,3,0.375,69.0,29.0,8.625,5.8,2.0,1,0,0
2020,REG,DET,00-0026544,C.Daniel,00-0029293,M.Jones,9,8,84.0,0,3.190936461003727,0.3545484956670808,4,0.4444444444444444,80.0,13.0,8.88888888888889,1.625,4.0,2,1,0
2020,REG,DET,00-0026544,C.Daniel,00-0029632,M.Sanu,3,1,2.0,0,-2.559559231158344,-0.8531864103861148,0,0.0,18.0,0.0,6.0,0.0,0.0,0,0,0
2020,REG,DET,00-0026544,C.Daniel,00-0032135,J.James,1,1,11.0,0,0.772481271997094,0.772481271997094,1,1.0,0.0,11.0,0.0,11.0,1.0,0,1,0
2020,REG,DET,00-0026544,C.Daniel,00-0033094,M.Hall,2,1,9.0,0,-0.010095854289830009,-0.005047927144915004,1,0.5,16.0,0.0,8.0,0.0,0.0,0,0,0
2020,REG,DET,00-0026544,C.Daniel,00-0034349,K.Johnson,4,4,46.0,0,-2.126077778462782,-0.5315194446156954,2,0.5,14.0,32.0,3.5,8.0,3.0,0,0,0
2020,REG,DET,00-0026544,C.Daniel,00-0035229,T.Hockenson,8,5,28.0,1,-4.29248609751456,-0.53656076218932,4,0.5,58.0,7.0,7.25,1.4,2.0,0,2,1
2020,REG,DET,00-0026544,C.Daniel,00-0036275,D.Swift,4,3,18.0,0,0.039668029901806845,0.009917007475451711,1,0.25,3.0,20.0,0.75,6.666666666666667,1.0,0,1,0
2020,REG,DET,00-0026544,C.Daniel,00-0036277,Q.Cephus,2,1,11.0,0,-0.285012263106182,-0.142506131553091,1,0.5,9.0,7.0,4.5,7.0,1.0,0,0,0
2020,REG,NE,00-0026625,B.Hoyer,00-0027150,J.Edelman,2,2,27.0,0,3.22224194766022,1.61112097383011,2,1.0,22.0,5.0,11.0,2.5,2.0,0,0,0
2020,REG,NE,00-0026625,B.Hoyer,00-0030288,R.Burkhead,1,1,5.0,0,-0.0735620828345418,-0.0735620828345418,0,0.0,4.0,1.0,4.0,1.0,0.0,0,0,0
2020,REG,NE,00-0026625,B.Hoyer,00-0031062,J.White,6,6,32.0,0,1.433395131287397,0.2388991885478995,3,0.5,-5.0,37.0,-0.8333333333333334,6.166666666666667,3.0,0,1,0
2020,REG,NE,00-0026625,B.Hoyer,00-0031868,D.Byrd,7,3,38.0,0,-2.186436224146744,-0.3123480320209634,2,0.2857142857142857,92.0,3.0,13.142857142857142,1.0,1.0,1,0,0
2020,REG,NE,00-0026625,B.Hoyer,00-0034439,R.Izzo,2,0,0.0,0,-6.266038879752163,-3.1330194398760813,0,0.0,38.0,0.0,19.0,0.0,0.0,0,0,0
2020,REG,NE,00-0026625,B.Hoyer,00-0035624,N.Harry,4,2,17.0,0,0.693999169124689,0.17349979228117224,2,0.5,24.0,10.0,6.0,5.0,1.0,0,0,0
2020,REG,NE,00-0026625,B.Hoyer,00-0035645,G.Olszewski,1,1,11.0,0,1.86224450590089,1.86224450590089,1,1.0,11.0,0.0,11.0,0.0,1.0,0,0,0
2020,REG,NE,00-0027150,J.Edelman,00-0027939,C.Newton,1,1,16.0,0,1.63306333421497,1.63306333421497,1,1.0,4.0,12.0,4.0,12.0,1.0,0,0,0
2020,REG,NE,00-0027150,J.Edelman,00-0031062,J.White,1,1,22.0,0,1.81124146812363,1.81124146812363,1,1.0,-6.0,28.0,-6.0,28.0,1.0,1,0,0
2020,REG,NYG,00-0027688,C.McCoy,00-0027891,G.Tate III,10,7,56.0,0,1.8909085669471346,0.18909085669471346,4,0.4,101.0,9.0,10.1,1.2857142857142858,3.0,0,2,0
2020,REG,NYG,00-0027688,C.McCoy,00-0028087,D.Lewis,3,2,14.0,0,-0.8539312353652881,-0.2846437451217627,1,0.3333333333333333,9.0,5.0,3.0,2.5,0.0,0,0,0
2020,REG,NYG,00-0027688,C.McCoy,00-0029141,A.Morris,1,1,6.0,1,1.95621017273515,1.95621017273515,1,1.0,1.0,5.0,1.0,5.0,1.0,0,1,1
2020,REG,NYG,00-0027688,C.McCoy,00-0030443,L.Toilolo,1,1,14.0,0,0.801192639628425,0.801192639628425,1,1.0,3.0,11.0,3.0,11.0,1.0,0,0,0
2020,REG,NYG,00-0027688,C.McCoy,00-0032385,S.Shepard,18,8,101.0,0,1.2322540198657608,0.06845855665920893,9,0.5,175.0,34.0,9.722222222222221,4.25,5.0,2,2,0
2020,REG,NYG,00-0027688,C.McCoy,00-0032813,E.Penny,1,1,9.0,0,0.674741509603337,0.674741509603337,1,1.0,2.0,7.0,2.0,7.0,0.0,0,0,0
2020,REG,NYG,00-0027688,C.McCoy,00-0033367,C.Board,1,1,-2.0,0,-1.9817954278551,-1.9817954278551,0,0.0,-2.0,0.0,-2.0,0.0,0.0,0,0,0
2020,REG,NYG,00-0027688,C.McCoy,00-0033881,E.Engram,18,11,95.0,0,-5.316154737913594,-0.2953419298840886,6,0.3333333333333333,152.0,38.0,8.444444444444445,3.4545454545454546,5.0,1,3,0
2020,REG,NYG,00-0027688,C.McCoy,00-0033950,W.Gallman Jr.,1,1,-9.0,0,-1.63892426592065,-1.63892426592065,0,0.0,-7.0,-2.0,-7.0,-2.0,0.0,0,1,0
2020,REG,NYG,00-0027688,C.McCoy,00-0034988,K.Smith,2,2,3.0,0,-0.9763145828619599,-0.48815729143097997,0,0.0,0.0,3.0,0.0,1.5,0.0,0,0,0
2020,REG,NYG,00-0027688,C.McCoy,00-0035535,D.Slayton,11,5,88.0,0,2.7344856845807857,0.24858960768916233,4,0.36363636363636365,156.0,17.0,14.181818181818182,3.4,4.0,2,2,0
2020,REG,NYG,00-0027891,G.Tate,00-0033950,W.Gallman,1,1,18.0,0,2.64876522775739,2.64876522775739,1,1.0,-5.0,23.0,-5.0,23.0,1.0,0,0,0
2020,REG,NE,00-0027939,C.Newton,00-0027150,J.Edelman,31,17,267.0,0,6.175490475952284,0.19920937019200916,16,0.5161290322580645,351.0,54.0,11.32258064516129,3.176470588235294,14.0,3,4,0
2020,REG,NE,00-0027939,C.Newton,00-0030288,R.Burkhead,27,20,128.0,2,-4.166024473980768,-0.15429720274002842,9,0.3333333333333333,2.0,163.0,0.07407407407407407,8.15,8.0,0,6,2
2020,REG,NE,00-0027939,C.Newton,00-0031062,J.White,50,38,297.0,1,-1.6334638352198985,-0.03266927670439797,23,0.46,-20.0,316.0,-0.4,8.31578947368421,15.0,3,5,1
2020,REG,NE,00-0027939,C.Newton,00-0031339,D.Moncrief,2,1,15.0,0,1.103159950580448,0.551579975290224,1,0.5,5.0,14.0,2.5,14.0,1.0,0,0,0
2020,REG,NE,00-0027939,C.Newton,00-0031868,D.Byrd,64,40,511.0,1,19.983050424794808,0.31223516288741887,35,0.546875,725.0,139.0,11.328125,3.475,26.0,8,2,0
2020,REG,NE,00-0027939,C.Newton,00-0034420,J.Thomas,1,0,0.0,0,-0.626399885863066,-0.626399885863066,0,0.0,12.0,0.0,12.0,0.0,0.0,0,0,0
2020,REG,NE,00-0027939,C.Newton,00-0034439,R.Izzo,16,12,191.0,0,-0.0709806405648094,-0.004436290035300588,9,0.5625,148.0,62.0,9.25,5.166666666666667,6.0,3,1,0
2020,REG,NE,00-0027939,C.Newton,00-0034845,S.Michel,7,6,91.0,1,7.4992033939342955,1.0713147705620423,6,0.8571428571428571,-1.0,92.0,-0.14285714285714285,15.333333333333334,4.0,1,0,0
2020,REG,NE,00-0027939,C.Newton,00-0034960,J.Meyers,76,55,687.0,0,25.14333808501141,0.3308333958554133,47,0.618421052631579,779.0,193.0,10.25,3.5090909090909093,35.0,10,6,0
2020,REG,NE,00-0027939,C.Newton,00-0035624,N.Harry,48,29,282.0,1,-6.9451459649768275,-0.14469054093701725,23,0.4791666666666667,371.0,95.0,7.729166666666667,3.2758620689655173,13.0,2,8,1
2020,REG,NE,00-0027939,C.Newton,00-0035645,G.Olszewski,3,3,13.0,0,1.0091671309783101,0.3363890436594367,1,0.3333333333333333,3.0,10.0,1.0,3.3333333333333335,1.0,0,0,0
2020,REG,NE,00-0027939,C.Newton,00-0035657,D.Harris,7,5,52.0,0,-9.217372092709391,-1.3167674418156274,4,0.5714285714285714,-3.0,55.0,-0.42857142857142855,11.0,4.0,0,1,0
2020,REG,NE,00-0027939,C.Newton,00-0035726,J.Johnson,3,3,8.0,1,0.6866705655993429,0.2288901885331143,2,0.6666666666666666,5.0,3.0,1.6666666666666667,1.0,1.0,0,1,1
2020,REG,NE,00-0027939,C.Newton,00-0035726,Jak.Johnson,6,5,27.0,0,0.977540991618299,0.16292349860304983,3,0.5,10.0,17.0,1.6666666666666667,3.4,2.0,0,1,0
2020,REG,NE,00-0027939,C.Newton,00-0036096,J.Taylor,2,1,4.0,0,-0.8373493591789155,-0.41867467958945775,0,0.0,-7.0,8.0,-3.5,8.0,0.0,0,1,0
2020,REG,NE,00-0027939,C.Newton,00-0036100,I.Zuber,2,2,29.0,0,1.06446036486886,0.53223018243443,1,0.5,-1.0,30.0,-0.5,15.0,1.0,0,0,0
2020,REG,NE,00-0027939,C.Newton,00-0036194,D.Asiasi,6,2,39.0,1,0.40669648698531,0.067782747830885,2,0.3333333333333333,60.0,6.0,10.0,3.0,2.0,1,0,0
2020,REG,NE,00-0027939,C.Newton,00-0036225,D.Keene,5,3,16.0,0,-1.6783072496182865,-0.3356614499236573,1,0.2,44.0,1.0,8.8,0.3333333333333333,0.0,0,0,0
2020,REG,TB,00-0027948,B.Gabbert,00-0027029,L.McCoy,1,1,5.0,0,-0.975093523024519,-0.975093523024519,0,0.0,2.0,3.0,2.0,3.0,0.0,0,0,0
2020,REG,TB,00-0027948,B.Gabbert,00-0027656,R.Gronkowski,1,1,25.0,1,2.6280502260197,2.6280502260197,1,1.0,20.0,5.0,20.0,5.0,1.0,1,0,0
2020,REG,TB,00-0027948,B.Gabbert,00-0027793,A.Brown,2,1,10.0,0,0.08553165639750704,0.04276582819875352,1,0.5,4.0,11.0,2.0,11.0,1.0,0,0,0
2020,REG,TB,00-0027948,B.Gabbert,00-0031408,M.Evans,5,4,61.0,1,2.485533318598755,0.49710666371975104,2,0.4,40.0,24.0,8.0,6.0,2.0,2,0,0
2020,REG,TB,00-0027948,B.Gabbert,00-0033215,C.Grayson,1,0,0.0,0,-0.478314927779138,-0.478314927779138,0,0.0,0.0,0.0,0.0,0.0,0.0,0,0,0
2020,REG,TB,00-0027948,B.Gabbert,00-0033921,C.Godwin,2,0,0.0,0,-3.825394528219478,-1.912697264109739,0,0.0,26.0,0.0,13.0,0.0,0.0,0,0,0
2020,REG,TB,00-0027948,B.Gabbert,00-0035298,S.Miller,2,1,7.0,0,-1.119061476085335,-0.5595307380426675,0,0.0,16.0,1.0,8.0,1.0,0.0,0,0,0
2020,REG,TB,00-0027948,B.Gabbert,00-0036427,T.Johnson,1,1,35.0,0,3.29966072610114,3.29966072610114,1,1.0,-1.0,36.0,-1.0,36.0,1.0,1,0,0
2020,REG,TB,00-0027948,B.Gabbert,00-0036450,K.Vaughn,1,0,0.0,0,-1.02632289426401,-1.02632289426401,0,0.0,1.0,0.0,1.0,0.0,0.0,0,0,0
2020,REG,DAL,00-0027973,A.Dalton,00-0027973,A.Dalton,1,1,-3.0,0,-1.70650344807655,-1.70650344807655,0,0.0,-7.0,4.0,-7.0,4.0,0.0,0,0,0
2020,REG,DAL,00-0027973,A.Dalton,00-0031544,A.Cooper,65,47,602.0,4,28.610584460330188,0.44016283785123367,40,0.6153846153846154,535.0,246.0,8.23076923076923,5.23404255319149,29.0,7,11,3
2020,REG,DAL,00-0027973,A.Dalton,00-0032062,B.Bell,6,5,43.0,0,2.009024853643493,0.3348374756072488,4,0.6666666666666666,35.0,24.0,5.833333333333333,4.8,3.0,0,1,0
2020,REG,DAL,00-0027973,A.Dalton,00-0033045,E.Elliott,34,25,137.0,1,-14.16860509023535,-0.4167236791245691,18,0.5294117647058824,5.0,141.0,0.14705882352941177,5.64,8.0,0,5,1
2020,REG,DAL,00-0027973,A.Dalton,00-0033591,N.Brown,14,7,74.0,0,4.001976626002378,0.2858554732858841,6,0.42857142857142855,140.0,27.0,10.0,3.857142857142857,5.0,0,0,0
2020,REG,DAL,00-0027973,A.Dalton,00-0034383,D.Schultz,43,34,289.0,2,3.048832894477518,0.0709030905692446,24,0.5581395348837209,238.0,135.0,5.534883720930233,3.9705882352941178,17.0,0,9,2
2020,REG,DAL,00-0027973,A.Dalton,00-0034418,C.Wilson,6,4,20.0,0,-3.0451205089339086,-0.5075200848223181,3,0.5,42.0,10.0,7.0,2.5,1.0,0,2,0
2020,REG,DAL,00-0027973,A.Dalton,00-0034764,M.Gallup,60,35,463.0,4,18.602994214567165,0.3100499035761194,30,0.5,661.0,144.0,11.016666666666667,4.114285714285714,26.0,5,11,3
2020,REG,DAL,00-0027973,A.Dalton,00-0035261,T.Pollard,27,19,120.0,1,0.6689811852193956,0.02477708093405169,11,0.4074074074074074,6.0,134.0,0.2222222222222222,7.052631578947368,5.0,1,6,1
2020,REG,DAL,00-0027973,A.Dalton,00-0036358,C.Lamb,62,39,425.0,2,-5.212668753372714,-0.08407530247375346,28,0.45161290322580644,494.0,178.0,7.967741935483871,4.564102564102564,22.0,7,6,1
2020,REG,HOU,00-0028002,R.Cobb,00-0033127,W.Fuller,1,0,0.0,0,-0.517371096415445,-0.517371096415445,0,0.0,7.0,0.0,7.0,0.0,0.0,0,1,0
2020,REG,LAC,00-0028118,T.Taylor,00-0028142,V.Green,2,1,10.0,0,-0.15598774142563399,-0.07799387071281699,1,0.5,11.0,4.0,5.5,4.0,0.0,0,0,0
2020,REG,LAC,00-0028118,T.Taylor,00-0030279,K.Allen,8,4,37.0,0,1.0173863095114921,0.12717328868893651,4,0.5,88.0,24.0,11.0,6.0,4.0,0,1,0
2020,REG,LAC,00-0028118,T.Taylor,00-0033090,H.Henry,8,5,73.0,0,-0.970074030732355,-0.12125925384154437,3,0.375,73.0,33.0,9.125,6.6,2.0,2,2,0
2020,REG,LAC,00-0028118,T.Taylor,00-0033536,M.Williams,9,4,69.0,0,0.15962539357002536,0.01773615484111393,4,0.4444444444444444,147.0,9.0,16.333333333333332,2.25,3.0,1,1,0
2020,REG,LAC,00-0028118,T.Taylor,00-0033699,A.Ekeler,1,1,3.0,0,-0.215481246821582,-0.215481246821582,0,0.0,-5.0,8.0,-5.0,8.0,0.0,0,0,0
2020,REG,LAC,00-0028118,T.Taylor,00-0035414,J.Guyton,1,1,16.0,0,2.00806625734549,2.00806625734549,1,1.0,14.0,2.0,14.0,2.0,1.0,0,0,0
2020,REG,DAL,00-0028664,C.Jones,00-0031357,C.Goodwin,1,0,0.0,0,-3.32160479493905,-3.32160479493905,0,0.0,9.0,0.0,9.0,0.0,0.0,0,0,0
2020,REG,CLE,00-0028986,C.Keenum,00-0031235,O.Beckham,1,1,13.0,0,0.900880731409416,0.900880731409416,1,1.0,13.0,0.0,13.0,0.0,1.0,0,0,0
2020,REG,CLE,00-0028986,C.Keenum,00-0031382,J.Landry,2,1,24.0,0,0.7026588618755301,0.35132943093776503,1,0.5,13.0,12.0,6.5,12.0,1.0,1,0,0
2020,REG,CLE,00-0028986,C.Keenum,00-0032392,A.Hooper,2,2,2.0,0,-1.099397885380315,-0.5496989426901575,1,0.5,-10.0,12.0,-5.0,6.0,0.0,0,0,0
2020,REG,CLE,00-0028986,C.Keenum,00-0033885,D.Njoku,2,1,7.0,0,-0.474030062789098,-0.237015031394549,1,0.5,5.0,4.0,2.5,4.0,0.0,0,0,0
2020,REG,CLE,00-0028986,C.Keenum,00-0033923,K.Hunt,1,0,0.0,0,-2.75817444105633,-2.75817444105633,0,0.0,2.0,0.0,2.0,0.0,0.0,0,0,0
2020,REG,CLE,00-0028986,C.Keenum,00-0036233,D.Peoples-Jones,1,0,0.0,0,-0.926425012177788,-0.926425012177788,0,0.0,4.0,0.0,4.0,0.0,0.0,0,0,0
2020,REG,BUF,00-0029000,C.Beasley,00-0036196,G.Davis,1,1,20.0,1,2.91377102164552,2.91377102164552,1,1.0,20.0,0.0,20.0,0.0,1.0,1,1,1
2020,REG,SEA,00-0029263,R.Wilson,00-0025418,G.Olsen,37,24,239.0,1,2.12737639143598,0.05749665922799946,20,0.5405405405405406,289.0,49.0,7.8108108108108105,2.0416666666666665,16.0,3,9,1
2020,REG,SEA,00-0029263,R.Wilson,00-0028292,N.Bellore,1,1,9.0,0,2.0095897638239,2.0095897638239,1,1.0,3.0,6.0,3.0,6.0,1.0,0,0,0
2020,REG,SEA,00-0029263,R.Wilson,00-0031045,C.Hyde,20,16,93.0,0,-0.9464918978440489,-0.04732459489220244,8,0.4,47.0,108.0,2.35,6.75,4.0,0,0,0
2020,REG,SEA,00-0029263,R.Wilson,00-0032211,T.Lockett,132,100,1054.0,10,73.64311364111447,0.557902376069049,87,0.6590909090909091,1285.0,327.0,9.734848484848484,3.27,57.0,10,16,8
2020,REG,SEA,00-0029263,R.Wilson,00-0032426,A.Collins,2,1,4.0,0,-1.076321283122524,-0.538160641561262,0,0.0,11.0,1.0,5.5,1.0,0.0,0,0,0
2020,REG,SEA,00-0029263,R.Wilson,00-0033387,J.Hollister,41,25,209.0,3,6.674273990256549,0.16278717049406216,21,0.5121951219512195,237.0,80.0,5.780487804878049,3.2,14.0,1,11,3
2020,REG,SEA,00-0029263,R.Wilson,00-0033589,D.Moore,46,34,403.0,6,24.849282448404843,0.540201792356627,25,0.5434782608695652,407.0,164.0,8.847826086956522,4.823529411764706,17.0,5,13,4
2020,REG,SEA,00-0029263,R.Wilson,00-0033594,C.Carson,47,37,287.0,4,-13.316180925685195,-0.28332299841883396,24,0.5106382978723404,61.0,257.0,1.297872340425532,6.945945945945946,14.0,2,7,3
2020,REG,SEA,00-0029263,R.Wilson,00-0034159,W.Dissly,29,24,251.0,2,5.903164808696608,0.20355740719643475,16,0.5517241379310345,138.0,169.0,4.758620689655173,7.041666666666667,12.0,3,4,2
2020,REG,SEA,00-0029263,R.Wilson,00-0035594,T.Homer,10,9,90.0,1,3.813418406213284,0.38134184062132837,4,0.4,2.0,92.0,0.2,10.222222222222221,4.0,1,1,1
2020,REG,SEA,00-0029263,R.Wilson,00-0035640,D.Metcalf,129,83,1303.0,10,59.35053433746419,0.46008166153073016,74,0.5736434108527132,1768.0,363.0,13.705426356589147,4.373493975903615,63.0,17,16,5
2020,REG,SEA,00-0029263,R.Wilson,00-0036247,F.Swain,20,13,159.0,2,5.914788575013378,0.2957394287506689,9,0.45,219.0,101.0,10.95,7.769230769230769,6.0,3,4,1
2020,REG,SEA,00-0029263,R.Wilson,00-0036425,D.Dallas,20,17,111.0,1,2.4334823201975087,0.12167411600987543,11,0.55,2.0,110.0,0.1,6.470588235294118,5.0,0,3,1
2020,REG,CHI,00-0029567,N.Foles,00-0025396,T.Ginn,3,3,40.0,0,3.812346557155251,1.270782185718417,2,0.6666666666666666,30.0,10.0,10.0,3.3333333333333335,1.0,1,0,0
2020,REG,CHI,00-0029567,N.Foles,00-0027696,J.Graham,46,29,246.0,3,2.519393908160791,0.054769432786104154,21,0.45652173913043476,303.0,103.0,6.586956521739131,3.5517241379310347,17.0,2,10,3
2020,REG,CHI,00-0029567,N.Foles,00-0029615,L.Miller,2,2,6.0,0,-0.041862758807838074,-0.020931379403919037,1,0.5,2.0,4.0,1.0,2.0,1.0,0,0,0
2020,REG,CHI,00-0029567,N.Foles,00-0030155,D.Harris,10,5,32.0,0,-7.227950794099738,-0.7227950794099738,4,0.4,44.0,19.0,4.4,3.8,1.0,0,2,0
2020,REG,CHI,00-0029567,N.Foles,00-0030578,C.Patterson,18,16,104.0,0,1.1507795602956392,0.06393219779420217,8,0.4444444444444444,72.0,82.0,4.0,5.125,5.0,1,2,0
2020,REG,CHI,00-0029567,N.Foles,00-0031428,A.Robinson,69,49,579.0,3,10.582313886907182,0.15336686792619103,36,0.5217391304347826,676.0,128.0,9.797101449275363,2.6122448979591835,26.0,12,4,1
2020,REG,CHI,00-0029567,N.Foles,00-0033556,T.Cohen,3,2,12.0,0,-0.038407299492976055,-0.012802433164325352,1,0.3333333333333333,-13.0,25.0,-4.333333333333333,12.5,1.0,1,1,0
2020,REG,CHI,00-0029567,N.Foles,00-0034353,A.Miller,45,29,260.0,1,-7.6495870109084345,-0.16999082246463187,17,0.37777777777777777,383.0,82.0,8.511111111111111,2.8275862068965516,12.0,3,5,0
2020,REG,CHI,00-0029567,N.Foles,00-0034426,J.Wims,4,2,17.0,0,-1.9226791246910602,-0.48066978117276504,1,0.25,76.0,3.0,19.0,1.5,0.0,0,0,0
2020,REG,CHI,00-0029567,N.Foles,00-0034597,R.Nall,6,5,37.0,1,3.881208668812178,0.6468681114686964,4,0.6666666666666666,8.0,29.0,1.3333333333333333,5.8,3.0,0,2,1
2020,REG,CHI,00-0029567,N.Foles,00-0035590,R.Ridley,2,2,23.0,0,3.2108354982337874,1.6054177491168937,2,1.0,25.0,-2.0,12.5,-1.0,1.0,0,1,0
2020,REG,CHI,00-0029567,N.Foles,00-0035685,D.Montgomery,35,26,157.0,0,-10.882169358262702,-0.3109191245217915,11,0.3142857142857143,31.0,151.0,0.8857142857142857,5.8076923076923075,8.0,0,5,0
2020,REG,CHI,00-0029567,N.Foles,00-0036290,C.Kmet,9,6,74.0,1,4.933957618646787,0.5482175131829763,5,0.5555555555555556,77.0,15.0,8.555555555555555,2.5,4.0,1,2,1
2020,REG,CHI,00-0029567,N.Foles,00-0036309,D.Mooney,48,26,265.0,1,-7.050847392624966,-0.14689265401302012,19,0.3958333333333333,694.0,55.0,14.458333333333334,2.1153846153846154,13.0,3,4,1
2020,REG,MIN,00-0029604,K.Cousins,00-0027981,K.Rudolph,37,28,334.0,1,8.67204154181674,0.23437950113018213,24,0.6486486486486487,261.0,164.0,7.054054054054054,5.857142857142857,16.0,5,5,1
2020,REG,MIN,00-0029604,K.Cousins,00-0030035,A.Thielen,110,74,925.0,14,46.13811530578094,0.41943741187073585,71,0.6454545454545455,1239.0,243.0,11.263636363636364,3.2837837837837838,52.0,11,22,13
2020,REG,MIN,00-0029604,K.Cousins,00-0032104,A.Abdullah,9,8,58.0,2,4.559923368593462,0.5066581520659402,4,0.4444444444444444,-5.0,63.0,-0.5555555555555556,7.875,4.0,1,3,1
2020,REG,MIN,00-0029604,K.Cousins,00-0032778,T.Sharpe,3,0,0.0,0,-4.866008272161709,-1.6220027573872364,0,0.0,112.0,0.0,37.333333333333336,0.0,0.0,0,0,0
2020,REG,MIN,00-0029604,K.Cousins,00-0032918,C.Ham,13,8,97.0,1,4.880745358765125,0.3754419506742404,8,0.6153846153846154,43.0,75.0,3.3076923076923075,9.375,6.0,1,3,1
2020,REG,MIN,00-0029604,K.Cousins,00-0033893,D.Cook,54,44,361.0,1,-2.095607762291956,-0.03880755115355474,24,0.4444444444444444,-96.0,438.0,-1.7777777777777777,9.954545454545455,17.0,4,2,0
2020,REG,MIN,00-0029604,K.Cousins,00-0034208,M.Boone,2,2,10.0,0,-0.1703740287339315,-0.08518701436696575,0,0.0,-7.0,17.0,-3.5,8.5,0.0,0,0,0
2020,REG,MIN,00-0029604,K.Cousins,00-0034270,T.Conklin,26,19,194.0,1,7.924270922900188,0.30477965088077646,16,0.6153846153846154,114.0,126.0,4.384615384615385,6.631578947368421,11.0,2,1,1
2020,REG,MIN,00-0029604,K.Cousins,00-0034309,C.Beebe,30,20,201.0,2,6.102052922127783,0.20340176407092608,15,0.5,181.0,73.0,6.033333333333333,3.65,12.0,1,4,1
2020,REG,MIN,00-0029604,K.Cousins,00-0034970,I.Smith,44,30,365.0,5,28.842881841079812,0.6555200418427231,25,0.5681818181818182,346.0,126.0,7.863636363636363,4.2,22.0,6,13,5
2020,REG,MIN,00-0029604,K.Cousins,00-0034972,A.Mattison,15,13,125.0,1,8.095390505943218,0.5396927003962145,11,0.7333333333333333,41.0,108.0,2.7333333333333334,8.307692307692308,5.0,1,0,0
2020,REG,MIN,00-0029604,K.Cousins,00-0035006,O.Johnson,20,14,189.0,0,4.638839760024111,0.23194198800120555,12,0.6,215.0,49.0,10.75,3.5,9.0,3,1,0
2020,REG,MIN,00-0029604,K.Cousins,00-0035102,B.Dillon,1,1,6.0,0,-0.377996272407472,-0.377996272407472,0,0.0,5.0,1.0,5.0,1.0,0.0,0,0,0
2020,REG,MIN,00-0029604,K.Cousins,00-0036322,J.Jefferson,128,88,1400.0,7,66.18497520993384,0.5170701188276081,77,0.6015625,1430.0,453.0,11.171875,5.1477272727272725,58.0,23,15,4
2020,REG,BAL,00-0029665,R.Griffin,00-0027902,D.Bryant,1,0,0.0,0,-0.571070209844038,-0.571070209844038,0,0.0,11.0,0.0,11.0,0.0,0.0,0,0,0
2020,REG,BAL,00-0029665,R.Griffin,00-0030089,L.Willson,1,0,0.0,0,-3.73054033832159,-3.73054033832159,0,0.0,1.0,0.0,1.0,0.0,0.0,0,1,0
2020,REG,BAL,00-0029665,R.Griffin,00-0030663,W.Snead,1,1,9.0,0,-0.906517566880211,-0.906517566880211,0,0.0,5.0,4.0,5.0,4.0,1.0,0,0,0
2020,REG,BAL,00-0029665,R.Griffin,00-0034975,J.Hill,2,2,5.0,0,-1.411867979215453,-0.7059339896077265,1,0.5,-7.0,12.0,-3.5,6.0,0.0,0,0,0
2020,REG,BAL,00-0029665,R.Griffin,00-0035662,M.Brown,6,3,15.0,0,-2.804064215801189,-0.4673440359668648,2,0.3333333333333333,102.0,14.0,17.0,4.666666666666667,0.0,0,0,0
2020,REG,BAL,00-0029665,R.Griffin,00-0036133,J.Proche,1,0,0.0,0,-6.04988260031678,-6.04988260031678,0,0.0,2.0,0.0,2.0,0.0,0.0,0,0,0
2020,REG,BAL,00-0029665,R.Griffin,00-0036331,D.Duvernay,2,2,13.0,0,-0.649396279361099,-0.3246981396805495,0,0.0,9.0,4.0,4.5,2.0,0.0,0,0,0
2020,REG,TEN,00-0029701,R.Tannehill,00-0029701,R.Tannehill,1,1,0.0,0,-1.4736892051283,-1.4736892051283,0,0.0,0.0,0.0,0.0,0.0,0.0,0,0,0
2020,REG,TEN,00-0029701,R.Tannehill,00-0031585,M.Pruitt,8,5,49.0,2,3.0374506296939177,0.3796813287117397,5,0.625,67.0,13.0,8.375,2.6,4.0,1,2,1
2020,REG,TEN,00-0029701,R.Tannehill,00-0032009,A.Humphries,35,23,228.0,2,5.427032957863081,0.15505808451037373,22,0.6285714285714286,335.0,45.0,9.571428571428571,1.9565217391304348,11.0,2,6,1
2020,REG,TEN,00-0029701,R.Tannehill,00-0032141,G.Swaim,11,9,83.0,1,6.128165988746333,0.5571059989769394,8,0.7272727272727273,61.0,35.0,5.545454545454546,3.888888888888889,6.0,0,3,1
2020,REG,TEN,00-0029701,R.Tannehill,00-0032464,K.Raymond,14,9,187.0,0,7.280944243904906,0.5200674459932075,8,0.5714285714285714,257.0,38.0,18.357142857142858,4.222222222222222,7.0,4,0,0
2020,REG,TEN,00-0029701,R.Tannehill,00-0032764,D.Henry,31,19,114.0,0,-6.837931312404503,-0.22057842943240333,9,0.2903225806451613,-29.0,127.0,-0.9354838709677419,6.684210526315789,4.0,1,1,0
2020,REG,TEN,00-0029701,R.Tannehill,00-0033386,C.Hollister,1,1,12.0,0,1.64737863047048,1.64737863047048,1,1.0,10.0,2.0,10.0,2.0,1.0,0,0,0
2020,REG,TEN,00-0029701,R.Tannehill,00-0033455,A.Firkser,53,39,387.0,1,18.857271886971834,0.35579758277305346,31,0.5849056603773585,371.0,143.0,7.0,3.6666666666666665,26.0,4,7,1
2020,REG,TEN,00-0029701,R.Tannehill,00-0033858,J.Smith,66,41,448.0,8,15.739810098302053,0.23848197118639475,37,0.5606060606060606,360.0,238.0,5.454545454545454,5.804878048780488,25.0,4,19,8
2020,REG,TEN,00-0029701,R.Tannehill,00-0033871,C.Davis,92,65,984.0,5,55.972070822885094,0.6083920741617945,57,0.6195652173913043,1080.0,291.0,11.73913043478261,4.476923076923077,49.0,14,8,4
2020,REG,TEN,00-0029701,R.Tannehill,00-0033925,D.Foreman,1,1,5.0,1,1.03447581053479,1.03447581053479,1,1.0,2.0,3.0,2.0,3.0,1.0,0,1,1
2020,REG,TEN,00-0029701,R.Tannehill,00-0033955,J.McNichols,17,12,55.0,0,-6.754241546049547,-0.39730832623820866,3,0.17647058823529413,8.0,51.0,0.47058823529411764,4.25,0.0,0,6,0
2020,REG,TEN,00-0029701,R.Tannehill,00-0034652,C.Batson,13,12,100.0,1,10.975554894503007,0.8442734534233083,10,0.7692307692307693,80.0,43.0,6.153846153846154,3.5833333333333335,7.0,0,1,1
2020,REG,TEN,00-0029701,R.Tannehill,00-0035099,K.Blasingame,5,4,39.0,0,2.030884983018038,0.4061769966036076,3,0.6,5.0,34.0,1.0,8.5,2.0,0,0,0
2020,REG,TEN,00-0029701,R.Tannehill,00-0035676,A.Brown,106,70,1075.0,11,65.57294332681612,0.6186126728944916,63,0.5943396226415094,1150.0,432.0,10.849056603773585,6.171428571428572,55.0,13,12,7
2020,REG,TEN,00-0029701,R.Tannehill,00-0036171,A.Brewer,1,0,0.0,0,-1.749491202645,-1.749491202645,0,0.0,3.0,0.0,3.0,0.0,0.0,0,0,0
2020,REG,TEN,00-0029701,R.Tannehill,00-0036182,N.Westbrook,4,1,7.0,0,-3.678754524516874,-0.9196886311292185,2,0.5,39.0,4.0,9.75,4.0,1.0,0,1,0
2020,REG,TEN,00-0029701,R.Tannehill,00-0036182,N.Westbrook-Ikhine,4,1,19.0,0,-1.218688095628746,-0.3046720239071865,1,0.25,36.0,1.0,9.0,1.0,1.0,0,1,0
2020,REG,TEN,00-0029701,R.Tannehill,00-0036297,D.Evans,3,2,27.0,1,4.523996678239204,1.5079988927464012,2,0.6666666666666666,-6.0,29.0,-2.0,14.5,2.0,1,1,1
2020,REG,CHI,00-0030151,T.Bray,00-0031428,A.Robinson,1,0,0.0,0,-0.103635910374578,-0.103635910374578,0,0.0,21.0,0.0,21.0,0.0,0.0,0,0,0
2020,REG,CHI,00-0030151,T.Bray,00-0034597,R.Nall,1,1,18.0,0,0.232456780271605,0.232456780271605,1,1.0,5.0,13.0,5.0,13.0,1.0,0,0,0
2020,REG,CHI,00-0030151,T.Bray,00-0036290,C.Kmet,2,0,0.0,0,-1.189913556037937,-0.5949567780189685,0,0.0,17.0,0.0,8.5,0.0,0.0,0,0,0
2020,REG,LAC,00-0030279,K.Allen,00-0034440,J.Jackson,1,0,0.0,0,-0.517419007606804,-0.517419007606804,0,0.0,15.0,0.0,15.0,0.0,0.0,0,0,0
2020,REG,KC,00-0030506,T.Kelce,00-0033873,P.Mahomes,1,0,0.0,0,-0.425582149473485,-0.425582149473485,0,0.0,1.0,0.0,1.0,0.0,0.0,0,1,0
2020,REG,KC,00-0030506,T.Kelce,00-0034297,B.Pringle,1,1,4.0,0,0.878675281303003,0.878675281303003,1,1.0,-3.0,7.0,-3.0,7.0,1.0,0,1,0
2020,REG,JAX,00-0030520,M.Glennon,00-0030549,T.Eifert,18,13,92.0,1,3.936810970708718,0.2187117205949288,10,0.5555555555555556,114.0,32.0,6.333333333333333,2.4615384615384617,8.0,0,3,1
2020,REG,JAX,00-0030520,M.Glennon,00-0031951,J.O'Shaughnessy,14,9,86.0,0,2.7280780138680654,0.19486271527629037,8,0.5714285714285714,112.0,33.0,8.0,3.6666666666666665,5.0,1,1,0
2020,REG,JAX,00-0030520,M.Glennon,00-0032128,C.Conley,14,12,126.0,0,5.87069518020144,0.4193353700143886,11,0.7857142857142857,106.0,42.0,7.571428571428571,3.5,6.0,0,0,0
2020,REG,JAX,00-0030520,M.Glennon,00-0033576,E.Saubert,3,2,13.0,0,-4.358253162470648,-1.4527510541568827,1,0.3333333333333333,10.0,7.0,3.3333333333333335,3.5,0.0,0,0,0
2020,REG,JAX,00-0030520,M.Glennon,00-0033681,K.Cole Sr.,27,14,127.0,0,-2.3298009745418566,-0.08628892498303173,10,0.37037037037037035,303.0,34.0,11.222222222222221,2.4285714285714284,8.0,1,4,0
2020,REG,JAX,00-0030520,M.Glennon,00-0033854,D.Ogunbowale,14,7,29.0,0,-13.931002841214648,-0.995071631515332,1,0.07142857142857142,8.0,38.0,0.5714285714285714,5.428571428571429,1.0,0,0,0
2020,REG,JAX,00-0030520,M.Glennon,00-0034777,D.Chark Jr.,17,7,108.0,1,-4.3817767031141415,-0.2577515707714201,6,0.35294117647058826,310.0,3.0,18.235294117647058,0.42857142857142855,6.0,2,1,1
2020,REG,JAX,00-0030520,M.Glennon,00-0035184,D.Ozigbo,1,1,3.0,0,-0.257248520385474,-0.257248520385474,0,0.0,-1.0,4.0,-1.0,4.0,0.0,0,0,0
2020,REG,JAX,00-0030520,M.Glennon,00-0035313,T.Godwin,4,3,32.0,0,0.7676507508149351,0.19191268770373376,3,0.75,41.0,3.0,10.25,1.0,2.0,1,0,0
2020,REG,JAX,00-0030520,M.Glennon,00-0035567,C.Reynolds,1,1,3.0,0,-1.13143861456774,-1.13143861456774,0,0.0,1.0,2.0,1.0,2.0,0.0,0,0,0
2020,REG,JAX,00-0030520,M.Glennon,00-0035823,B.Ellefson,1,0,0.0,0,-0.860858289990574,-0.860858289990574,0,0.0,12.0,0.0,12.0,0.0,0.0,0,0,0
2020,REG,JAX,00-0030520,M.Glennon,00-0035831,J.Robinson,13,12,70.0,0,2.6060287366853947,0.2004637489757996,9,0.6923076923076923,-17.0,92.0,-1.3076923076923077,7.666666666666667,3.0,0,1,0
2020,REG,JAX,00-0030520,M.Glennon,00-0036254,C.Johnson,17,8,162.0,1,6.444662827765798,0.37909781339798815,8,0.47058823529411764,241.0,33.0,14.176470588235293,4.125,6.0,4,3,0
2020,REG,JAX,00-0030520,M.Glennon,00-0036268,L.Shenault Jr.,30,22,221.0,4,4.487077934014607,0.14956926446715357,16,0.5333333333333333,192.0,82.0,6.4,3.727272727272727,12.0,4,3,2
2020,REG,BUF,00-0030533,M.Barkley,00-0027691,A.Roberts,1,1,10.0,0,1.16728532663547,1.16728532663547,1,1.0,10.0,0.0,10.0,0.0,1.0,0,0,0
2020,REG,BUF,00-0030533,M.Barkley,00-0029000,C.Beasley,1,0,0.0,0,-0.532567494548857,-0.532567494548857,0,0.0,19.0,0.0,19.0,0.0,0.0,0,0,0
2020,REG,BUF,00-0030533,M.Barkley,00-0032209,T.Yeldon,2,0,0.0,0,-0.721624599129428,-0.360812299564714,0,0.0,-2.0,0.0,-1.0,0.0,0.0,0,0,0
2020,REG,BUF,00-0030533,M.Barkley,00-0033466,I.McKenzie,7,5,30.0,0,-0.709754497569525,-0.10139349965278929,3,0.42857142857142855,59.0,12.0,8.428571428571429,2.4,3.0,0,0,0
2020,REG,BUF,00-0030533,M.Barkley,00-0035689,D.Knox,4,1,19.0,0,-0.33691099530552016,-0.08422774882638004,1,0.25,49.0,0.0,12.25,0.0,1.0,0,0,0
2020,REG,BUF,00-0030533,M.Barkley,00-0036188,A.Williams,1,1,20.0,0,1.48158319439972,1.48158319439972,1,1.0,4.0,16.0,4.0,16.0,1.0,1,0,0
2020,REG,BUF,00-0030533,M.Barkley,00-0036196,G.Davis,5,3,118.0,1,1.4108747670543313,0.2821749534108663,2,0.4,112.0,27.0,22.4,9.0,3.0,2,1,0
2020,REG,SEA,00-0030565,G.Smith,00-0033589,D.Moore,1,1,14.0,0,0.761856450233609,0.761856450233609,1,1.0,9.0,5.0,9.0,5.0,1.0,0,0,0
2020,REG,SEA,00-0030565,G.Smith,00-0035022,P.Hart,1,1,3.0,0,-0.204255594639108,-0.204255594639108,0,0.0,-1.0,4.0,-1.0,4.0,0.0,0,0,0
2020,REG,SEA,00-0030565,G.Smith,00-0036244,C.Parkinson,2,2,16.0,0,2.420825272740327,1.2104126363701635,2,1.0,11.0,5.0,5.5,2.5,2.0,0,1,0
2020,REG,SEA,00-0030565,G.Smith,00-0036247,F.Swain,1,0,0.0,0,-1.35541189322248,-1.35541189322248,0,0.0,6.0,0.0,6.0,0.0,0.0,0,0,0
2020,REG,CLE,00-0031235,O.Beckham,00-0032392,A.Hooper,1,1,18.0,0,0.58917069848394,0.58917069848394,1,1.0,17.0,1.0,17.0,1.0,1.0,0,0,0
2020,REG,CAR,00-0031237,T.Bridgewater,00-0031166,S.Roberts,6,4,31.0,0,-1.0353864721608281,-0.1725644120268047,2,0.3333333333333333,44.0,22.0,7.333333333333333,5.5,2.0,0,0,0
2020,REG,CAR,00-0031237,T.Bridgewater,00-0031484,C.Manhertz,7,6,52.0,0,0.038981076562777495,0.0055687252232539276,3,0.42857142857142855,24.0,33.0,3.4285714285714284,5.5,1.0,0,0,0
2020,REG,CAR,00-0031237,T.Bridgewater,00-0032063,M.Davis,68,57,358.0,2,-7.122224946416221,-0.10473860215317972,32,0.47058823529411764,-36.0,404.0,-0.5294117647058824,7.087719298245614,16.0,4,11,2
2020,REG,CAR,00-0031237,T.Bridgewater,00-0032688,R.Anderson,119,86,1015.0,3,37.32440132209869,0.31365043127814024,64,0.5378151260504201,1096.0,463.0,9.210084033613445,5.383720930232558,46.0,15,14,1
2020,REG,CAR,00-0031237,T.Bridgewater,00-0033111,P.Cooper,8,5,73.0,0,2.664461337553799,0.33305766719422486,5,0.625,79.0,35.0,9.875,7.0,3.0,1,0,0
2020,REG,CAR,00-0031237,T.Bridgewater,00-0033280,C.McCaffrey,19,17,146.0,1,8.91171532927546,0.4690376489092347,12,0.631578947368421,27.0,120.0,1.4210526315789473,7.0588235294117645,8.0,1,1,1
2020,REG,CAR,00-0031237,T.Bridgewater,00-0033282,C.Samuel,82,67,758.0,2,41.55272013557868,0.5067404894582767,50,0.6097560975609756,610.0,278.0,7.439024390243903,4.149253731343284,34.0,11,9,1
2020,REG,CAR,00-0031237,T.Bridgewater,00-0033296,A.Armah,7,4,23.0,0,-6.419812948442994,-0.9171161354918562,1,0.14285714285714285,6.0,19.0,0.8571428571428571,4.75,1.0,0,3,0
2020,REG,CAR,00-0031237,T.Bridgewater,00-0033720,C.Thompson,1,1,7.0,1,1.34226061607478,1.34226061607478,1,1.0,7.0,0.0,7.0,0.0,1.0,0,1,1
2020,REG,CAR,00-0031237,T.Bridgewater,00-0034052,B.Zylstra,3,2,7.0,0,1.039549707900733,0.3465165693002443,2,0.6666666666666666,37.0,5.0,12.333333333333334,2.5,2.0,0,1,0
2020,REG,CAR,00-0031237,T.Bridgewater,00-0034164,T.Cannon,4,3,16.0,0,-1.5519104123958378,-0.38797760309895946,1,0.25,3.0,13.0,0.75,4.333333333333333,1.0,0,1,0
2020,REG,CAR,00-0031237,T.Bridgewater,00-0034317,K.Kirkwood,2,1,13.0,0,-0.960921583503749,-0.4804607917518745,0,0.0,32.0,9.0,16.0,9.0,0.0,0,0,0
2020,REG,CAR,00-0031237,T.Bridgewater,00-0034365,I.Thomas,30,20,145.0,1,-4.474312417500193,-0.14914374725000643,13,0.43333333333333335,186.0,78.0,6.2,3.9,11.0,1,4,1
2020,REG,CAR,00-0031237,T.Bridgewater,00-0034578,R.Bonnafon,2,2,18.0,1,2.77165372931631,1.385826864658155,2,1.0,-2.0,20.0,-1.0,10.0,2.0,0,1,1
2020,REG,CAR,00-0031237,T.Bridgewater,00-0034827,D.Moore,102,56,1009.0,4,26.4044943692893,0.25886759185577746,54,0.5294117647058824,1311.0,336.0,12.852941176470589,6.0,45.0,16,7,1
2020,REG,CAR,00-0031237,T.Bridgewater,00-0035957,R.Smith,11,9,59.0,0,-1.7573295580805275,-0.1597572325527752,4,0.36363636363636365,16.0,46.0,1.4545454545454546,5.111111111111111,1.0,0,1,0
2020,REG,WAS,00-0031260,L.Thomas,00-0035659,T.McLaurin,1,1,28.0,0,1.86337337992154,1.86337337992154,1,1.0,28.0,0.0,28.0,0.0,1.0,1,0,0
2020,REG,LV,00-0031280,D.Carr,00-0022127,J.Witten,17,13,69.0,2,2.407177959205715,0.14159870348268913,9,0.5294117647058824,91.0,20.0,5.352941176470588,1.5384615384615385,8.0,0,7,2
2020,REG,LV,00-0031280,D.Carr,00-0029119,D.Carrier,1,1,14.0,0,0.832860550726764,0.832860550726764,1,1.0,-4.0,18.0,-4.0,18.0,1.0,0,0,0
2020,REG,LV,00-0031280,D.Carr,00-0030107,T.Riddick,6,5,43.0,0,-0.2624161535641229,-0.04373602559402048,3,0.5,10.0,33.0,1.6666666666666667,6.6,1.0,0,1,0
2020,REG,LV,00-0031280,D.Carr,00-0031549,N.Agholor,75,45,854.0,8,34.48454363879106,0.4597939151838808,42,0.56,1172.0,222.0,15.626666666666667,4.933333333333334,35.0,14,13,3
2020,REG,LV,00-0031280,D.Carr,00-0031610,D.Waller,131,96,1033.0,8,44.478112069787365,0.33952757305181197,80,0.6106870229007634,957.0,523.0,7.305343511450381,5.447916666666667,60.0,13,23,6
2020,REG,LV,00-0031280,D.Carr,00-0032972,D.Booker,20,17,84.0,0,-12.5706836550577,-0.628534182752885,7,0.35,6.0,81.0,0.3,4.764705882352941,2.0,0,3,0
2020,REG,LV,00-0031280,D.Carr,00-0033025,J.Richard,22,18,131.0,0,-8.656098586054455,-0.39345902663883886,9,0.4090909090909091,49.0,90.0,2.227272727272727,5.0,5.0,0,4,0
2020,REG,LV,00-0031280,D.Carr,00-0033891,Z.Jones,18,13,145.0,1,5.560425331583237,0.3089125184212909,9,0.5,128.0,65.0,7.111111111111111,5.0,6.0,1,4,1
2020,REG,LV,00-0031280,D.Carr,00-0034660,R.Gafford,2,0,0.0,0,-2.36495387402829,-1.182476937014145,0,0.0,64.0,0.0,32.0,0.0,0.0,0,0,0
2020,REG,LV,00-0031280,D.Carr,00-0034981,F.Moreau,8,6,118.0,2,8.290851166006185,1.036356395750773,6,0.75,87.0,51.0,10.875,8.5,4.0,3,1,1
2020,REG,LV,00-0031280,D.Carr,00-0034983,H.Renfrow,75,54,640.0,2,28.058383740337717,0.3741117832045029,42,0.56,543.0,326.0,7.24,6.037037037037037,32.0,7,8,2
2020,REG,LV,00-0031280,D.Carr,00-0035125,A.Ingold,16,12,110.0,1,7.569781867903654,0.47311136674397836,10,0.625,76.0,88.0,4.75,7.333333333333333,9.0,2,2,1
2020,REG,LV,00-0031280,D.Carr,00-0035700,J.Jacobs,43,31,217.0,0,-2.046709702222641,-0.04759790005168932,17,0.3953488372093023,36.0,214.0,0.8372093023255814,6.903225806451613,8.0,1,3,0
2020,REG,LV,00-0031280,D.Carr,00-0036357,H.Ruggs,43,26,452.0,2,13.269447688677289,0.30859180671342534,19,0.4418604651162791,748.0,145.0,17.3953488372093,5.576923076923077,13.0,8,2,0
2020,REG,LV,00-0031280,D.Carr,00-0036365,B.Edwards,15,11,193.0,1,11.83236305970143,0.7888242039800953,10,0.6666666666666666,127.0,80.0,8.466666666666667,7.2727272727272725,9.0,5,1,0
2020,REG,HOU,00-0031288,A.McCarron,00-0034081,S.Mitchell,1,1,20.0,0,3.67697035113815,3.67697035113815,1,1.0,18.0,2.0,18.0,2.0,1.0,1,0,0
2020,REG,KC,00-0031325,S.Watkins,00-0033873,P.Mahomes,1,0,0.0,0,-1.95865104382392,-1.95865104382392,0,0.0,24.0,0.0,24.0,0.0,0.0,0,0,0
2020,REG,SF,00-0031345,J.Garoppolo,00-0029892,K.Juszczyk,9,6,92.0,0,4.5868153304327235,0.5096461478258582,5,0.5555555555555556,81.0,42.0,9.0,7.0,3.0,1,2,0
2020,REG,SF,00-0031345,J.Garoppolo,00-0030472,J.Reed,9,8,61.0,2,8.498529741191305,0.9442810823545895,5,0.5555555555555556,31.0,34.0,3.4444444444444446,4.25,4.0,0,3,2
2020,REG,SF,00-0031345,J.Garoppolo,00-0031376,J.McKinnon,12,7,32.0,1,-6.861073047621174,-0.5717560873017645,3,0.25,64.0,29.0,5.333333333333333,4.142857142857143,2.0,0,3,1
2020,REG,SF,00-0031345,J.Garoppolo,00-0031687,R.Mostert,10,9,126.0,1,7.763379248266576,0.7763379248266575,7,0.7,22.0,104.0,2.2,11.555555555555555,4.0,1,0,0
2020,REG,SF,00-0031345,J.Garoppolo,00-0032058,T.Coleman,4,3,34.0,0,1.648799826973121,0.41219995674328025,3,0.75,20.0,14.0,5.0,4.666666666666667,2.0,0,1,0
2020,REG,SF,00-0031345,J.Garoppolo,00-0033288,G.Kittle,28,18,233.0,1,10.498479235134594,0.37494568696909264,17,0.6071428571428571,182.0,122.0,6.5,6.777777777777778,11.0,1,2,0
2020,REG,SF,00-0031345,J.Garoppolo,00-0033292,T.Taylor,9,5,18.0,0,-5.8566019053159675,-0.6507335450351075,3,0.3333333333333333,38.0,7.0,4.222222222222222,1.4,2.0,0,4,0
2020,REG,SF,00-0031345,J.Garoppolo,00-0033307,K.Bourne,18,9,129.0,0,4.83222863888634,0.2684571466047967,8,0.4444444444444444,186.0,51.0,10.333333333333334,5.666666666666667,7.0,1,2,0
2020,REG,SF,00-0031345,J.Garoppolo,00-0034073,R.Dwelley,1,0,0.0,0,-0.569846710655838,-0.569846710655838,0,0.0,11.0,0.0,11.0,0.0,0.0,0,0,0
2020,REG,SF,00-0031345,J.Garoppolo,00-0034115,J.Wilson,2,2,8.0,0,-0.538798077148385,-0.2693990385741925,1,0.5,-4.0,12.0,-2.0,6.0,0.0,0,0,0
2020,REG,SF,00-0031345,J.Garoppolo,00-0034860,D.Pettis,1,0,0.0,0,-0.448526155669242,-0.448526155669242,0,0.0,34.0,0.0,34.0,0.0,0.0,0,0,0
2020,REG,SF,00-0031345,J.Garoppolo,00-0035719,D.Samuel,16,12,146.0,1,2.2746951734879857,0.1421684483429991,8,0.5,20.0,190.0,1.25,15.833333333333334,9.0,2,2,1
2020,REG,SF,00-0031345,J.Garoppolo,00-0035806,J.Hasty,2,1,16.0,0,0.36715591279789594,0.18357795639894797,1,0.5,-10.0,21.0,-5.0,21.0,0.0,0,0,0
2020,REG,SF,00-0031345,J.Garoppolo,00-0036261,B.Aiyuk,17,14,201.0,1,17.675206450774564,1.0397180265161508,12,0.7058823529411765,209.0,88.0,12.294117647058824,6.285714285714286,11.0,4,2,1
2020,REG,CLE,00-0031382,J.Landry,00-0031235,O.Beckham,1,1,37.0,1,3.44510466582142,3.44510466582142,1,1.0,37.0,0.0,37.0,0.0,1.0,1,0,0
2020,REG,CLE,00-0031382,J.Landry,00-0034791,N.Chubb,1,1,12.0,0,0.734110445482656,0.734110445482656,1,1.0,-3.0,15.0,-3.0,15.0,1.0,0,0,0
2020,REG,CLE,00-0031382,J.Landry,00-0034855,B.Mayfield,1,1,6.0,0,1.77058824489359,1.77058824489359,1,1.0,5.0,1.0,5.0,1.0,1.0,0,0,0
2020,REG,CLE,00-0031382,J.Landry,00-0036233,D.Peoples-Jones,1,1,19.0,0,1.21062032564078,1.21062032564078,1,1.0,19.0,0.0,19.0,0.0,1.0,0,0,0
2020,REG,DAL,00-0031395,G.Gilbert,00-0031544,A.Cooper,6,5,67.0,0,2.3220558471912374,0.3870093078652062,4,0.6666666666666666,58.0,16.0,9.666666666666666,3.2,2.0,1,0,0
2020,REG,DAL,00-0031395,G.Gilbert,00-0032062,B.Bell,2,1,-4.0,0,-2.227127839461901,-1.1135639197309506,0,0.0,-6.0,2.0,-3.0,2.0,0.0,0,1,0
2020,REG,DAL,00-0031395,G.Gilbert,00-0033045,E.Elliott,3,2,18.0,0,0.45086192718008794,0.15028730906002932,1,0.3333333333333333,12.0,16.0,4.0,8.0,1.0,0,0,0
2020,REG,DAL,00-0031395,G.Gilbert,00-0034383,D.Schultz,7,4,48.0,0,1.9680913050284146,0.28115590071834495,4,0.5714285714285714,60.0,9.0,8.571428571428571,2.25,2.0,0,0,0
2020,REG,DAL,00-0031395,G.Gilbert,00-0034418,C.Wilson,3,1,6.0,0,-3.8893935692613053,-1.2964645230871017,1,0.3333333333333333,11.0,0.0,3.6666666666666665,0.0,0.0,0,1,0
2020,REG,DAL,00-0031395,G.Gilbert,00-0034764,M.Gallup,7,3,36.0,0,-0.019205019983925986,-0.002743574283417998,3,0.42857142857142855,77.0,5.0,11.0,1.6666666666666667,2.0,1,1,0
2020,REG,DAL,00-0031395,G.Gilbert,00-0035261,T.Pollard,2,1,1.0,0,-1.047393914312124,-0.523696957156062,0,0.0,6.0,0.0,3.0,0.0,0.0,0,1,0
2020,REG,DAL,00-0031395,G.Gilbert,00-0036358,C.Lamb,7,4,71.0,1,-1.1983786703203863,-0.1711969529029123,3,0.42857142857142855,130.0,4.0,18.571428571428573,1.0,3.0,2,1,1
2020,REG,NO,00-0031503,J.Winston,00-0031595,M.Burton,1,1,12.0,0,1.88549254526151,1.88549254526151,1,1.0,0.0,12.0,0.0,12.0,1.0,0,0,0
2020,REG,NO,00-0031503,J.Winston,00-0032765,M.Thomas,5,1,12.0,0,-3.592869050578301,-0.7185738101156602,1,0.2,41.0,8.0,8.2,8.0,1.0,0,2,0
2020,REG,NO,00-0031503,J.Winston,00-0033906,A.Kamara,3,3,37.0,0,1.937237962847576,0.6457459876158587,2,0.6666666666666666,15.0,22.0,5.0,7.333333333333333,2.0,0,1,0
2020,REG,NO,00-0031503,J.Winston,00-0035215,D.Harris,2,2,14.0,0,3.3104230758035587,1.6552115379017793,2,1.0,-5.0,19.0,-2.5,9.5,1.0,0,1,0
2020,REG,WAS,00-0031800,T.Heinicke,00-0031260,L.Thomas,6,4,48.0,0,2.028124213626142,0.3380207022710237,4,0.6666666666666666,73.0,21.0,12.166666666666666,5.25,3.0,0,2,0
2020,REG,WAS,00-0031800,T.Heinicke,00-0032602,J.McKissic,2,2,34.0,1,3.809327210328773,1.9046636051643866,2,1.0,30.0,4.0,15.0,2.0,1.0,1,0,0
2020,REG,WAS,00-0031800,T.Heinicke,00-0034104,C.Sims,3,2,13.0,0,2.381542064715179,0.7938473549050596,1,0.3333333333333333,48.0,4.0,16.0,2.0,1.0,0,0,0
2020,REG,WAS,00-0031800,T.Heinicke,00-0034928,S.Sims,4,3,35.0,0,0.9508184107253335,0.23770460268133337,2,0.5,37.0,16.0,9.25,5.333333333333333,1.0,1,0,0
2020,REG,WAS,00-0031800,T.Heinicke,00-0036142,I.Wright,1,0,0.0,0,-0.462921005790122,-0.462921005790122,0,0.0,25.0,0.0,25.0,0.0,0.0,0,0,0
2020,REG,WAS,00-0031800,T.Heinicke,00-0036328,A.Gibson,1,1,7.0,0,-0.593610854586586,-0.593610854586586,0,0.0,3.0,4.0,3.0,4.0,0.0,0,0,0
2020,REG,WAS,00-0031800,T.Heinicke,00-0036340,A.Gandy-Golden,2,0,0.0,0,-3.6676730874460217,-1.8338365437230109,0,0.0,39.0,0.0,19.5,0.0,0.0,0,0,0
2020,REG,NYJ,00-0031941,J.Crowder,00-0034419,B.Berrios,1,1,43.0,1,3.84616744448431,3.84616744448431,1,1.0,27.0,16.0,27.0,16.0,1.0,1,0,0
2020,REG,LV,00-0032268,M.Mariota,00-0031549,N.Agholor,6,2,13.0,0,0.2385557863744941,0.03975929772908235,1,0.16666666666666666,71.0,5.0,11.833333333333334,2.5,1.0,0,0,0
2020,REG,LV,00-0032268,M.Mariota,00-0031610,D.Waller,12,9,150.0,1,13.541926786361717,1.1284938988634765,9,0.75,163.0,40.0,13.583333333333334,4.444444444444445,8.0,3,1,0
2020,REG,LV,00-0032268,M.Mariota,00-0033025,J.Richard,1,1,7.0,0,-0.269764270167798,-0.269764270167798,0,0.0,0.0,7.0,0.0,7.0,0.0,0,0,0
2020,REG,LV,00-0032268,M.Mariota,00-0033891,Z.Jones,2,1,9.0,0,-6.723089745675683,-3.3615448728378414,1,0.5,14.0,0.0,7.0,0.0,0.0,0,0,0
2020,REG,LV,00-0032268,M.Mariota,00-0034981,F.Moreau,1,1,22.0,0,1.88445787667297,1.88445787667297,1,1.0,22.0,0.0,22.0,0.0,1.0,1,0,0
2020,REG,LV,00-0032268,M.Mariota,00-0034983,H.Renfrow,1,1,4.0,0,-0.578093466232531,-0.578093466232531,0,0.0,4.0,0.0,4.0,0.0,0.0,0,0,0
2020,REG,LV,00-0032268,M.Mariota,00-0035125,A.Ingold,1,0,0.0,0,-1.18767454748389,-1.18767454748389,0,0.0,0.0,0.0,0.0,0.0,0.0,0,1,0
2020,REG,LV,00-0032268,M.Mariota,00-0035700,J.Jacobs,2,2,21.0,0,2.3079900022130477,1.1539950011065239,2,1.0,-3.0,24.0,-1.5,12.0,1.0,0,0,0
2020,REG,CIN,00-0032434,B.Allen,00-0027942,A.Green,24,10,126.0,1,-8.782936756374191,-0.365955698182258,9,0.375,326.0,15.0,13.583333333333334,1.5,8.0,1,4,1
2020,REG,CIN,00-0032434,B.Allen,00-0030456,G.Bernard,14,12,98.0,0,-0.335760619782389,-0.023982901413027786,7,0.5,30.0,97.0,2.142857142857143,8.083333333333334,3.0,1,1,0
2020,REG,CIN,00-0032434,B.Allen,00-0032543,A.Erickson,11,9,114.0,0,8.797204414964641,0.7997458559058764,9,0.8181818181818182,73.0,44.0,6.636363636363637,4.888888888888889,5.0,2,0,0
2020,REG,CIN,00-0032434,B.Allen,00-0033009,T.Boyd,20,9,126.0,1,-10.055201957281763,-0.5027600978640882,6,0.3,145.0,133.0,7.25,14.777777777777779,2.0,2,5,0
2020,REG,CIN,00-0032434,B.Allen,00-0033114,M.Thomas,2,0,0.0,0,-2.3909267056733396,-1.1954633528366698,0,0.0,14.0,0.0,7.0,0.0,0.0,0,0,0
2020,REG,CIN,00-0032434,B.Allen,00-0033338,C.Carter,3,2,26.0,0,0.8160426320391679,0.27201421067972265,2,0.6666666666666666,31.0,4.0,10.333333333333334,2.0,1.0,1,0,0
2020,REG,CIN,00-0032434,B.Allen,00-0033526,S.Perine,7,7,52.0,0,1.705851741076912,0.24369310586813028,5,0.7142857142857143,-22.0,74.0,-3.142857142857143,10.571428571428571,3.0,0,2,0
2020,REG,CIN,00-0032434,B.Allen,00-0033798,M.Schreck,1,0,0.0,0,-0.766915416810662,-0.766915416810662,0,0.0,2.0,0.0,2.0,0.0,0.0,0,0,0
2020,REG,CIN,00-0032434,B.Allen,00-0034686,A.Tate,2,0,0.0,0,-2.043324671278238,-1.021662335639119,0,0.0,31.0,0.0,15.5,0.0,0.0,0,1,0
2020,REG,CIN,00-0032434,B.Allen,00-0035291,T.Williams,5,5,30.0,0,-0.41158042912138404,-0.08231608582427681,3,0.6,-11.0,41.0,-2.2,8.2,1.0,0,0,0
2020,REG,CIN,00-0032434,B.Allen,00-0035341,T.Irwin,2,1,5.0,0,-0.8627662873181999,-0.43138314365909997,1,0.5,12.0,1.0,6.0,1.0,0.0,0,1,0
2020,REG,CIN,00-0032434,B.Allen,00-0035631,D.Sample,18,15,122.0,1,-0.09519129403633991,-0.005288405224241106,11,0.6111111111111112,56.0,81.0,3.111111111111111,5.4,5.0,0,2,1
2020,REG,CIN,00-0032434,B.Allen,00-0036410,T.Higgins,30,20,226.0,2,16.498046319656325,0.5499348773218775,17,0.5666666666666667,256.0,67.0,8.533333333333333,3.35,14.0,3,2,2
2020,REG,DEN,00-0032436,J.Driskel,00-0032144,M.Gordon,8,5,20.0,1,-3.461657589357974,-0.4327071986697468,2,0.25,17.0,7.0,2.125,1.4,1.0,0,2,1
2020,REG,DEN,00-0032436,J.Driskel,00-0032394,N.Vannett,1,0,0.0,0,-0.865851355949417,-0.865851355949417,0,0.0,-2.0,0.0,-2.0,0.0,0.0,0,0,0
2020,REG,DEN,00-0032436,J.Driskel,00-0033375,T.Patrick,6,4,58.0,1,7.159150567109471,1.1931917611849119,4,0.6666666666666666,89.0,18.0,14.833333333333334,4.5,3.0,1,1,1
2020,REG,DEN,00-0032436,J.Driskel,00-0033564,J.Butt,1,1,5.0,0,-0.142210476100445,-0.142210476100445,0,0.0,4.0,1.0,4.0,1.0,0.0,0,0,0
2020,REG,DEN,00-0032436,J.Driskel,00-0034348,C.Sutton,4,2,46.0,0,-4.538996843127146,-1.1347492107817865,1,0.25,75.0,7.0,18.75,3.5,1.0,1,0,0
2020,REG,DEN,00-0032436,J.Driskel,00-0034370,D.Hamilton,3,1,5.0,0,-1.076264777686447,-0.3587549258954823,1,0.3333333333333333,7.0,1.0,2.3333333333333335,1.0,0.0,0,0,0
2020,REG,DEN,00-0032436,J.Driskel,00-0034838,R.Freeman,1,1,28.0,0,3.30169479874894,3.30169479874894,1,1.0,7.0,21.0,7.0,21.0,1.0,1,0,0
2020,REG,DEN,00-0032436,J.Driskel,00-0035644,N.Fant,16,9,103.0,1,2.0449742399126727,0.12781088999454204,6,0.375,126.0,38.0,7.875,4.222222222222222,4.0,2,4,1
2020,REG,DEN,00-0032436,J.Driskel,00-0036407,J.Jeudy,12,7,93.0,0,3.617141694761811,0.30142847456348426,6,0.5,149.0,32.0,12.416666666666666,4.571428571428571,5.0,1,0,0
2020,REG,DEN,00-0032436,J.Driskel,00-0036412,K.Hamler,11,5,74.0,0,-1.3412575270269453,-0.12193250245699504,5,0.45454545454545453,158.0,6.0,14.363636363636363,1.2,3.0,0,1,0
2020,REG,CIN,00-0032543,A.Erickson,00-0030456,G.Bernard,1,0,0.0,0,-0.489072750555351,-0.489072750555351,0,0.0,21.0,0.0,21.0,0.0,0.0,0,0,0
2020,REG,PHI,00-0032792,N.Sudfeld,00-0030061,Z.Ertz,1,1,5.0,0,0.0935434147249907,0.0935434147249907,1,1.0,4.0,1.0,4.0,1.0,0.0,0,0,0
2020,REG,PHI,00-0032792,N.Sudfeld,00-0033733,G.Ward,1,1,6.0,0,-0.0729518876760267,-0.0729518876760267,0,0.0,-3.0,9.0,-3.0,9.0,0.0,0,0,0
2020,REG,PHI,00-0032792,N.Sudfeld,00-0034414,B.Scott,2,1,5.0,0,-0.372566252422984,-0.186283126211492,0,0.0,0.0,6.0,0.0,6.0,0.0,0,0,0
2020,REG,PHI,00-0032792,N.Sudfeld,00-0035246,J.Arcega-Whiteside,1,1,10.0,0,1.5208271832671,1.5208271832671,1,1.0,10.0,0.0,10.0,0.0,1.0,0,0,0
2020,REG,PHI,00-0032792,N.Sudfeld,00-0036271,Q.Watkins,2,1,6.0,0,-0.6545885400846605,-0.32729427004233025,0,0.0,20.0,2.0,10.0,2.0,0.0,0,0,0
2020,REG,PHI,00-0032792,N.Sudfeld,00-0036398,J.Hightower,2,0,0.0,0,-1.7675352200749355,-0.8837676100374677,0,0.0,63.0,0.0,31.5,0.0,0.0,0,0,0
2020,REG,NYG,00-0032943,R.Dixon,00-0034445,N.Gates,1,0,0.0,0,-2.57392822386464,-2.57392822386464,0,0.0,8.0,0.0,8.0,0.0,0.0,0,1,0
2020,REG,PHI,00-0032950,C.Wentz,00-0026189,D.Jackson,25,13,155.0,0,0.8957772692083905,0.03583109076833562,11,0.44,391.0,25.0,15.64,1.9230769230769231,9.0,2,2,0
2020,REG,PHI,00-0032950,C.Wentz,00-0029137,A.Jeffery,6,1,9.0,0,-6.799880992970429,-1.1333134988284048,1,0.16666666666666666,80.0,0.0,13.333333333333334,0.0,1.0,0,1,0
2020,REG,PHI,00-0032950,C.Wentz,00-0030061,Z.Ertz,48,25,189.0,1,-9.315310470663995,-0.19406896813883323,18,0.375,351.0,36.0,7.3125,1.44,11.0,1,6,1
2020,REG,PHI,00-0032950,C.Wentz,00-0031384,R.Rodgers,30,23,327.0,2,21.388265518762648,0.712942183958755,20,0.6666666666666666,292.0,90.0,9.733333333333333,3.9130434782608696,15.0,5,3,1
2020,REG,PHI,00-0032950,C.Wentz,00-0033627,J.Croom,1,1,3.0,1,1.23572376818629,1.23572376818629,1,1.0,3.0,0.0,3.0,0.0,1.0,0,1,1
2020,REG,PHI,00-0032950,C.Wentz,00-0033725,C.Clement,5,4,18.0,0,-1.0703629721538128,-0.21407259443076257,2,0.4,-7.0,22.0,-1.4,5.5,2.0,0,0,0
2020,REG,PHI,00-0032950,C.Wentz,00-0033733,G.Ward,60,42,302.0,3,6.045717638450028,0.1007619606408338,28,0.4666666666666667,285.0,146.0,4.75,3.4761904761904763,16.0,2,6,2
2020,REG,PHI,00-0032950,C.Wentz,00-0034351,D.Goedert,46,34,398.0,3,16.575416744861286,0.3603351466274193,27,0.5869565217391305,408.0,156.0,8.869565217391305,4.588235294117647,21.0,6,6,2
2020,REG,PHI,00-0032950,C.Wentz,00-0034414,B.Scott,29,21,180.0,1,0.9948548551097018,0.034305339831369026,12,0.41379310344827586,61.0,142.0,2.103448275862069,6.761904761904762,7.0,0,5,1
2020,REG,PHI,00-0032950,C.Wentz,00-0034653,D.Burnett,4,3,19.0,0,-0.39034732419531776,-0.09758683104882944,1,0.25,15.0,4.0,3.75,1.3333333333333333,1.0,0,1,0
2020,REG,PHI,00-0032950,C.Wentz,00-0035243,M.Sanders,39,19,123.0,0,-21.382117289621153,-0.5482594176825937,9,0.23076923076923078,106.0,125.0,2.717948717948718,6.578947368421052,6.0,2,1,0
2020,REG,PHI,00-0032950,C.Wentz,00-0035246,J.Arcega-Whiteside,6,2,45.0,0,-5.989024936701638,-0.9981708227836062,2,0.3333333333333333,75.0,8.0,12.5,4.0,2.0,1,2,0
2020,REG,PHI,00-0032950,C.Wentz,00-0035529,H.Butler,1,0,0.0,0,-2.63816357363248,-2.63816357363248,0,0.0,3.0,0.0,3.0,0.0,0.0,0,1,0
2020,REG,PHI,00-0032950,C.Wentz,00-0035592,T.Fulgham,57,32,458.0,4,24.889482503194646,0.4366575877753447,30,0.5263157894736842,679.0,95.0,11.912280701754385,2.96875,22.0,5,8,3
2020,REG,PHI,00-0032950,C.Wentz,00-0036000,A.Killins,1,1,2.0,0,-0.268913462059572,-0.268913462059572,0,0.0,-4.0,6.0,-4.0,6.0,0.0,0,0,0
2020,REG,PHI,00-0032950,C.Wentz,00-0036278,J.Huntley,1,0,0.0,0,-0.77290345588699,-0.77290345588699,0,0.0,0.0,0.0,0.0,0.0,0.0,0,0,0
2020,REG,PHI,00-0032950,C.Wentz,00-0036387,J.Reagor,34,19,222.0,1,2.231279678182928,0.06562587288773317,17,0.5,445.0,75.0,13.088235294117647,3.9473684210526314,11.0,1,5,1
2020,REG,PHI,00-0032950,C.Wentz,00-0036389,J.Hurts,1,1,3.0,0,-0.17026706028264,-0.17026706028264,0,0.0,-6.0,9.0,-6.0,9.0,0.0,0,0,0
2020,REG,PHI,00-0032950,C.Wentz,00-0036398,J.Hightower,28,10,167.0,0,-6.729010569761041,-0.2403218060628943,11,0.39285714285714285,592.0,57.0,21.142857142857142,5.7,5.0,2,4,0
2020,REG,CIN,00-0033009,T.Boyd,00-0030456,G.Bernard,1,1,16.0,0,1.23613075434696,1.23613075434696,1,1.0,-6.0,22.0,-6.0,22.0,1.0,0,0,0
2020,REG,CIN,00-0033009,T.Boyd,00-0032434,B.Allen,1,0,0.0,0,-0.500217972323299,-0.500217972323299,0,0.0,8.0,0.0,8.0,0.0,0.0,0,1,0
2020,REG,DAL,00-0033077,D.Prescott,00-0031544,A.Cooper,52,37,401.0,1,9.560490619681229,0.18385558884002362,30,0.5769230769230769,489.0,137.0,9.403846153846153,3.7027027027027026,22.0,4,5,1
2020,REG,DAL,00-0033077,D.Prescott,00-0032062,B.Bell,7,5,71.0,0,1.7399957436136901,0.24857082051624144,5,0.7142857142857143,48.0,22.0,6.857142857142857,4.4,4.0,1,1,0
2020,REG,DAL,00-0033077,D.Prescott,00-0033045,E.Elliott,33,24,173.0,1,-4.258210069165105,-0.12903666876257894,17,0.5151515151515151,-34.0,189.0,-1.0303030303030303,7.875,10.0,0,3,1
2020,REG,DAL,00-0033077,D.Prescott,00-0033591,N.Brown,9,7,80.0,0,2.9872249179608152,0.3319138797734239,7,0.7777777777777778,80.0,20.0,8.88888888888889,2.857142857142857,1.0,1,3,0
2020,REG,DAL,00-0033077,D.Prescott,00-0033658,B.Jarwin,1,1,12.0,0,0.915660924627446,0.915660924627446,1,1.0,12.0,0.0,12.0,0.0,1.0,0,0,0
2020,REG,DAL,00-0033077,D.Prescott,00-0034383,D.Schultz,31,19,225.0,2,5.865417512180215,0.1892070165219424,16,0.5161290322580645,214.0,117.0,6.903225806451613,6.157894736842105,13.0,3,5,1
2020,REG,DAL,00-0033077,D.Prescott,00-0034418,C.Wilson,17,12,163.0,2,12.23385767149739,0.71963868655867,11,0.6470588235294118,137.0,103.0,8.058823529411764,8.583333333333334,9.0,2,2,0
2020,REG,DAL,00-0033077,D.Prescott,00-0034764,M.Gallup,25,14,283.0,1,11.832593164629932,0.47330372658519726,13,0.52,405.0,54.0,16.2,3.857142857142857,12.0,5,1,0
2020,REG,DAL,00-0033077,D.Prescott,00-0035261,T.Pollard,8,5,36.0,0,-2.897738981992016,-0.362217372749002,2,0.25,-13.0,49.0,-1.625,9.8,2.0,0,0,0
2020,REG,DAL,00-0033077,D.Prescott,00-0036358,C.Lamb,37,27,412.0,2,21.539461220192475,0.5821476005457425,23,0.6216216216216216,371.0,119.0,10.027027027027026,4.407407407407407,19.0,9,4,1
2020,REG,LA,00-0033106,J.Goff,00-0030431,R.Woods,122,86,900.0,6,11.750648343220526,0.0963167896985289,60,0.4918032786885246,868.0,477.0,7.114754098360656,5.546511627906977,45.0,10,11,4
2020,REG,LA,00-0033106,J.Goff,00-0031806,M.Brown,32,22,164.0,0,-1.3776628330007301,-0.043051963531272816,14,0.4375,1.0,174.0,0.03125,7.909090909090909,9.0,1,4,0
2020,REG,LA,00-0033106,J.Goff,00-0033110,T.Higbee,57,41,480.0,5,29.144450916224837,0.5113061564249971,34,0.5964912280701754,423.0,230.0,7.421052631578948,5.609756097560975,24.0,8,6,4
2020,REG,LA,00-0033106,J.Goff,00-0033246,J.Mundt,4,4,53.0,0,2.8845773113425857,0.7211443278356464,3,0.75,8.0,45.0,2.0,11.25,1.0,1,1,0
2020,REG,LA,00-0033106,J.Goff,00-0033895,G.Everett,55,39,392.0,1,1.7317736370580896,0.03148679340105617,28,0.509090909090909,274.0,235.0,4.9818181818181815,6.0256410256410255,22.0,3,3,1
2020,REG,LA,00-0033106,J.Goff,00-0033908,C.Kupp,124,92,974.0,3,28.34769537814479,0.22861044659794183,72,0.5806451612903226,782.0,525.0,6.306451612903226,5.706521739130435,45.0,12,13,2
2020,REG,LA,00-0033106,J.Goff,00-0033943,J.Reynolds,75,48,589.0,2,14.967998402211983,0.1995733120294931,40,0.5333333333333333,855.0,219.0,11.4,4.5625,29.0,8,6,1
2020,REG,LA,00-0033106,J.Goff,00-0035664,D.Henderson,24,16,155.0,1,-0.7281895290419726,-0.03034123037674886,9,0.375,16.0,156.0,0.6666666666666666,9.75,8.0,1,4,1
2020,REG,LA,00-0033106,J.Goff,00-0036414,C.Akers,10,7,71.0,1,1.036155203018715,0.10361552030187152,4,0.4,32.0,66.0,3.2,9.428571428571429,3.0,1,1,1
2020,REG,LA,00-0033106,J.Goff,00-0036415,V.Jefferson,23,15,170.0,1,1.8601139814250376,0.08087452093152338,13,0.5652173913043478,242.0,21.0,10.521739130434783,1.4,8.0,2,2,1
2020,REG,IND,00-0033119,J.Brissett,00-0029608,T.Hilton,1,0,0.0,0,-0.497544689686038,-0.497544689686038,0,0.0,17.0,0.0,17.0,0.0,0.0,0,1,0
2020,REG,IND,00-0033119,J.Brissett,00-0036005,N.Togiai,1,0,0.0,0,-1.17798682348803,-1.17798682348803,0,0.0,3.0,0.0,3.0,0.0,0.0,0,0,0
2020,REG,IND,00-0033119,J.Brissett,00-0036252,M.Pittman,5,2,17.0,0,-0.8531750401016269,-0.17063500802032538,1,0.2,46.0,18.0,9.2,9.0,1.0,0,0,0
2020,REG,IND,00-0033251,Z.Pascal,00-0034367,N.Hines,1,0,0.0,0,-0.556113167200238,-0.556113167200238,0,0.0,13.0,0.0,13.0,0.0,0.0,0,0,0
2020,REG,CAR,00-0033275,P.Walker,00-0031484,C.Manhertz,1,0,0.0,0,-0.741800859628711,-0.741800859628711,0,0.0,8.0,0.0,8.0,0.0,0.0,0,0,0
2020,REG,CAR,00-0033275,P.Walker,00-0032063,M.Davis,2,2,15.0,0,0.570250662392936,0.285125331196468,2,1.0,-3.0,18.0,-1.5,9.0,1.0,0,0,0
2020,REG,CAR,00-0033275,P.Walker,00-0032688,R.Anderson,18,9,78.0,0,-9.184830667911937,-0.5102683704395521,5,0.2777777777777778,222.0,31.0,12.333333333333334,3.4444444444444446,3.0,1,2,0
2020,REG,CAR,00-0033275,P.Walker,00-0033282,C.Samuel,15,10,93.0,1,-3.715858355234447,-0.24772389034896314,5,0.3333333333333333,101.0,42.0,6.733333333333333,4.2,5.0,1,3,1
2020,REG,CAR,00-0033275,P.Walker,00-0033296,A.Armah,2,1,-5.0,0,-3.5797808580682604,-1.7898904290341302,0,0.0,-4.0,1.0,-2.0,1.0,0.0,0,0,0
2020,REG,CAR,00-0033275,P.Walker,00-0033720,C.Thompson,1,0,0.0,0,-0.512130784336478,-0.512130784336478,0,0.0,-1.0,0.0,-1.0,0.0,0.0,0,0,0
2020,REG,CAR,00-0033275,P.Walker,00-0034365,I.Thomas,1,0,0.0,0,-1.02510790899396,-1.02510790899396,0,0.0,10.0,0.0,10.0,0.0,0.0,0,1,0
2020,REG,CAR,00-0033275,P.Walker,00-0034827,D.Moore,16,10,184.0,0,0.08057079103310283,0.005035674439568927,10,0.625,250.0,46.0,15.625,4.6,8.0,3,2,0
2020,REG,SF,00-0033319,N.Mullens,00-0029632,M.Sanu,1,1,9.0,0,2.09973601350794,2.09973601350794,1,1.0,5.0,4.0,5.0,4.0,1.0,0,1,0
2020,REG,SF,00-0033319,N.Mullens,00-0029892,K.Juszczyk,14,10,96.0,2,-5.447608103073472,-0.389114864505248,8,0.5714285714285714,62.0,51.0,4.428571428571429,5.1,5.0,2,4,2
2020,REG,SF,00-0033319,N.Mullens,00-0030472,J.Reed,35,18,170.0,2,-0.9321286237987678,-0.02663224639425051,14,0.4,306.0,50.0,8.742857142857142,2.7777777777777777,12.0,1,5,2
2020,REG,SF,00-0033319,N.Mullens,00-0031376,J.McKinnon,24,16,142.0,0,-6.792188464394674,-0.2830078526831114,13,0.5416666666666666,81.0,78.0,3.375,4.875,7.0,1,3,0
2020,REG,SF,00-0033319,N.Mullens,00-0031687,R.Mostert,7,5,6.0,0,-3.820022676780353,-0.5457175252543361,1,0.14285714285714285,-16.0,22.0,-2.2857142857142856,4.4,0.0,0,0,0
2020,REG,SF,00-0033319,N.Mullens,00-0033288,G.Kittle,11,11,153.0,1,14.754307775467161,1.341300706860651,8,0.7272727272727273,97.0,56.0,8.818181818181818,5.090909090909091,7.0,3,2,1
2020,REG,SF,00-0033319,N.Mullens,00-0033292,T.Taylor,12,5,68.0,0,-7.062259323108499,-0.5885216102590416,4,0.3333333333333333,79.0,36.0,6.583333333333333,7.2,3.0,2,3,0
2020,REG,SF,00-0033319,N.Mullens,00-0033307,K.Bourne,45,29,345.0,0,6.180942248981326,0.13735427219958501,26,0.5777777777777777,372.0,99.0,8.266666666666667,3.413793103448276,18.0,2,6,0
2020,REG,SF,00-0033319,N.Mullens,00-0034054,R.Cracraft,6,3,21.0,0,-0.17355179300052503,-0.028925298833420838,2,0.3333333333333333,45.0,4.0,7.5,1.3333333333333333,1.0,0,2,0
2020,REG,SF,00-0033319,N.Mullens,00-0034073,R.Dwelley,21,17,224.0,1,15.089943364029752,0.7185687316204644,14,0.6666666666666666,154.0,103.0,7.333333333333333,6.0588235294117645,9.0,3,3,1
2020,REG,SF,00-0033319,N.Mullens,00-0034115,J.Wilson,15,7,92.0,1,2.3957392594311395,0.15971595062874264,7,0.4666666666666667,28.0,82.0,1.8666666666666667,11.714285714285714,5.0,0,3,1
2020,REG,SF,00-0033319,N.Mullens,00-0034286,R.James,28,20,325.0,1,22.728691476280805,0.8117389812957431,15,0.5357142857142857,259.0,171.0,9.25,8.55,12.0,6,3,0
2020,REG,SF,00-0033319,N.Mullens,00-0035187,A.Walter,1,1,27.0,0,1.03164030937478,1.03164030937478,1,1.0,-6.0,33.0,-6.0,33.0,1.0,1,0,0
2020,REG,SF,00-0033319,N.Mullens,00-0035719,D.Samuel,23,18,223.0,0,7.542330957774541,0.32792743294671917,11,0.4782608695652174,44.0,205.0,1.9130434782608696,11.38888888888889,8.0,6,0,0
2020,REG,SF,00-0033319,N.Mullens,00-0035806,J.Hasty,6,6,17.0,0,-2.4059144384809747,-0.4009857397468291,2,0.3333333333333333,-9.0,26.0,-1.5,4.333333333333333,0.0,0,0,0
2020,REG,SF,00-0033319,N.Mullens,00-0036261,B.Aiyuk,69,42,483.0,4,8.651677072089523,0.1253866242331815,35,0.5072463768115942,540.0,191.0,7.826086956521739,4.5476190476190474,29.0,6,10,4
2020,REG,SF,00-0033319,N.Mullens,00-0036429,C.Woerner,3,2,33.0,0,0.9758130816626358,0.3252710272208786,2,0.6666666666666666,7.0,25.0,2.3333333333333335,12.5,2.0,0,1,0
2020,REG,NO,00-0033357,T.Hill,00-0027061,J.Cook,13,8,90.0,2,9.864343824068786,0.758795678774522,8,0.6153846153846154,149.0,17.0,11.461538461538462,2.125,7.0,1,3,2
2020,REG,NO,00-0033357,T.Hill,00-0027685,E.Sanders,17,13,157.0,1,7.03903268463909,0.4140607461552406,9,0.5294117647058824,152.0,32.0,8.941176470588236,2.4615384615384617,4.0,2,2,0
2020,REG,NO,00-0033357,T.Hill,00-0030216,J.Hill,2,2,1.0,0,-1.255719033302739,-0.6278595166513695,0,0.0,-1.0,2.0,-0.5,1.0,0.0,0,0,0
2020,REG,NO,00-0033357,T.Hill,00-0030513,L.Murray,6,6,32.0,0,-2.383886280818838,-0.39731438013647297,2,0.3333333333333333,-27.0,59.0,-4.5,9.833333333333334,1.0,1,0,0
2020,REG,NO,00-0033357,T.Hill,00-0032765,M.Thomas,37,30,343.0,0,17.704038331197143,0.47848752246478765,24,0.6486486486486487,377.0,52.0,10.18918918918919,1.7333333333333334,19.0,4,6,0
2020,REG,NO,00-0033357,T.Hill,00-0032881,T.Lewis,1,0,0.0,0,-0.498856600490399,-0.498856600490399,0,0.0,36.0,0.0,36.0,0.0,0.0,0,0,0
2020,REG,NO,00-0033357,T.Hill,00-0033906,A.Kamara,19,13,97.0,0,-7.262572193319636,-0.38224064175366507,6,0.3157894736842105,26.0,77.0,1.368421052631579,5.923076923076923,4.0,1,2,0
2020,REG,NO,00-0033357,T.Hill,00-0034765,T.Smith,13,7,118.0,1,4.740811995521644,0.3646778458093572,6,0.46153846153846156,100.0,49.0,7.6923076923076925,7.0,5.0,3,1,1
2020,REG,NO,00-0033357,T.Hill,00-0035215,D.Harris,1,1,2.0,0,-1.02091999258846,-1.02091999258846,0,0.0,-4.0,6.0,-4.0,6.0,0.0,0,0,0
2020,REG,NO,00-0033357,T.Hill,00-0036040,J.Johnson,1,1,11.0,0,1.29463966703042,1.29463966703042,1,1.0,6.0,5.0,6.0,5.0,1.0,0,0,0
2020,REG,NO,00-0033357,T.Hill,00-0036219,M.Callaway,1,0,0.0,0,-0.497901110444218,-0.497901110444218,0,0.0,9.0,0.0,9.0,0.0,0.0,0,0,0
2020,REG,NO,00-0033357,T.Hill,00-0036422,A.Trautman,7,7,77.0,0,6.859063571930173,0.9798662245614533,5,0.7142857142857143,4.0,73.0,0.5714285714285714,10.428571428571429,4.0,1,1,0
2020,REG,BUF,00-0033466,I.McKenzie,00-0034857,J.Allen,1,1,12.0,1,2.29472383309621,2.29472383309621,1,1.0,-5.0,17.0,-5.0,17.0,1.0,0,1,1
2020,REG,HOU,00-0033537,D.Watson,00-0028002,R.Cobb,50,38,441.0,3,23.97350142776417,0.47947002855528337,29,0.58,323.0,171.0,6.46,4.5,20.0,6,9,2
2020,REG,HOU,00-0033537,D.Watson,00-0029738,D.Fells,28,21,312.0,4,22.770065922290094,0.8132166400817891,20,0.7142857142857143,199.0,177.0,7.107142857142857,8.428571428571429,16.0,3,4,2
2020,REG,HOU,00-0033537,D.Watson,00-0030085,K.Stills,19,11,144.0,1,4.001331335981371,0.2105963861042827,9,0.47368421052631576,238.0,17.0,12.526315789473685,1.5454545454545454,8.0,2,1,0
2020,REG,HOU,00-0033537,D.Watson,00-0031236,B.Cooks,119,81,1143.0,6,48.26113919501091,0.40555579155471355,72,0.6050420168067226,1408.0,338.0,11.831932773109244,4.172839506172839,51.0,20,11,2
2020,REG,HOU,00-0033537,D.Watson,00-0031763,D.Carter,2,1,8.0,0,1.1507289875298738,0.5753644937649369,1,0.5,16.0,4.0,8.0,4.0,0.0,0,1,0
2020,REG,HOU,00-0033537,D.Watson,00-0032187,D.Johnson,19,17,153.0,1,6.805307558254647,0.35817408201340245,10,0.5263157894736842,39.0,116.0,2.0526315789473686,6.823529411764706,6.0,3,8,1
2020,REG,HOU,00-0033537,D.Watson,00-0032187,Da.Johnson,27,16,161.0,1,-5.468116700958862,-0.20252284077625415,12,0.4444444444444444,129.0,119.0,4.777777777777778,7.4375,10.0,1,6,1
2020,REG,HOU,00-0033537,D.Watson,00-0032257,D.Johnson,27,20,172.0,1,-0.21354256419735418,-0.007908983859161266,12,0.4444444444444444,64.0,146.0,2.3703703703703702,7.3,6.0,2,7,0
2020,REG,HOU,00-0033537,D.Watson,00-0032257,Du.Johnson,8,8,77.0,0,4.648764407436829,0.5810955509296036,5,0.625,3.0,74.0,0.375,9.25,2.0,1,1,0
2020,REG,HOU,00-0033537,D.Watson,00-0032393,C.Prosise,5,5,18.0,1,-0.881071604730095,-0.17621432094601902,1,0.2,-8.0,26.0,-1.6,5.2,1.0,0,1,1
2020,REG,HOU,00-0033537,D.Watson,00-0033127,W.Fuller,74,53,879.0,8,58.72158428644979,0.793534922789862,48,0.6486486486486487,933.0,291.0,12.608108108108109,5.490566037735849,38.0,14,7,3
2020,REG,HOU,00-0033537,D.Watson,00-0033439,P.Brown,16,14,163.0,2,10.921073866717057,0.6825671166698161,12,0.75,127.0,76.0,7.9375,5.428571428571429,9.0,2,4,2
2020,REG,HOU,00-0033537,D.Watson,00-0033840,C.Hansen,25,17,236.0,1,10.101060331299966,0.40404241325199863,13,0.52,290.0,39.0,11.6,2.2941176470588234,12.0,4,1,0
2020,REG,HOU,00-0033537,D.Watson,00-0034081,S.Mitchell,7,4,40.0,0,1.039554697345012,0.14850781390643028,3,0.42857142857142855,92.0,8.0,13.142857142857142,2.0,2.0,0,2,0
2020,REG,HOU,00-0033537,D.Watson,00-0034364,J.Akins,49,37,403.0,1,16.1622072641866,0.3298409645752367,32,0.6530612244897959,369.0,172.0,7.530612244897959,4.648648648648648,20.0,7,8,1
2020,REG,HOU,00-0033537,D.Watson,00-0034366,K.Coutee,41,33,400.0,3,11.695675106250839,0.2852603684451424,25,0.6097560975609756,377.0,148.0,9.195121951219512,4.484848484848484,18.0,3,12,3
2020,REG,HOU,00-0033537,D.Watson,00-0034449,B.Howell,2,1,3.0,0,-0.46858886786503795,-0.23429443393251898,0,0.0,19.0,7.0,9.5,7.0,0.0,0,0,0
2020,REG,HOU,00-0033537,D.Watson,00-0035304,C.Gillaspia,1,1,6.0,0,-0.223516345722601,-0.223516345722601,0,0.0,-2.0,8.0,-2.0,8.0,0.0,0,0,0
2020,REG,HOU,00-0033537,D.Watson,00-0035660,K.Warring,7,3,35.0,0,-1.811113055376326,-0.2587304364823323,2,0.2857142857142857,58.0,8.0,8.285714285714286,2.6666666666666665,2.0,1,2,0
2020,REG,HOU,00-0033537,D.Watson,00-0036069,S.Phillips,1,1,7.0,0,0.603047332668211,0.603047332668211,1,1.0,3.0,4.0,3.0,4.0,0.0,0,1,0
2020,REG,DET,00-0033572,J.Agnew,00-0026498,M.Stafford,1,0,0.0,0,-0.46816249890253,-0.46816249890253,0,0.0,15.0,0.0,15.0,0.0,0.0,0,1,0
2020,REG,PHI,00-0033733,G.Ward,00-0035592,T.Fulgham,1,1,15.0,0,0.868069074465893,0.868069074465893,1,1.0,15.0,0.0,15.0,0.0,1.0,0,0,0
2020,REG,CHI,00-0033869,M.Trubisky,00-0025396,T.Ginn,3,0,0.0,0,-4.4229966131970295,-1.47433220439901,0,0.0,91.0,0.0,30.333333333333332,0.0,0.0,0,0,0
2020,REG,CHI,00-0033869,M.Trubisky,00-0027696,J.Graham,30,21,210.0,5,5.407147288788106,0.18023824295960353,17,0.5666666666666667,216.0,95.0,7.2,4.523809523809524,15.0,2,10,4
2020,REG,CHI,00-0033869,M.Trubisky,00-0029528,B.Massie,1,1,4.0,0,1.90331952483393,1.90331952483393,1,1.0,3.0,1.0,3.0,1.0,1.0,0,0,0
2020,REG,CHI,00-0033869,M.Trubisky,00-0030155,D.Harris,4,2,13.0,0,-0.5807507032295695,-0.14518767580739236,1,0.25,48.0,6.0,12.0,3.0,1.0,0,1,0
2020,REG,CHI,00-0033869,M.Trubisky,00-0030578,C.Patterson,7,5,28.0,0,-1.8188317850581421,-0.25983311215116317,4,0.5714285714285714,18.0,32.0,2.5714285714285716,6.4,2.0,0,1,0
2020,REG,CHI,00-0033869,M.Trubisky,00-0031428,A.Robinson,81,53,671.0,3,24.715721673137818,0.30513236633503477,49,0.6049382716049383,753.0,191.0,9.296296296296296,3.6037735849056602,42.0,10,15,3
2020,REG,CHI,00-0033869,M.Trubisky,00-0032986,J.Holtz,1,0,0.0,0,-5.06785566196777,-5.06785566196777,0,0.0,6.0,0.0,6.0,0.0,0.0,0,1,0
2020,REG,CHI,00-0033869,M.Trubisky,00-0033556,T.Cohen,6,4,29.0,0,-0.44892773416358744,-0.07482128902726458,2,0.3333333333333333,28.0,36.0,4.666666666666667,9.0,0.0,0,1,0
2020,REG,CHI,00-0033869,M.Trubisky,00-0034353,A.Miller,31,20,225.0,1,10.880008517061542,0.3509680166794046,17,0.5483870967741935,352.0,66.0,11.35483870967742,3.3,11.0,1,5,0
2020,REG,CHI,00-0033869,M.Trubisky,00-0034426,J.Wims,8,4,31.0,1,0.6512898618786489,0.08141123273483111,4,0.5,101.0,1.0,12.625,0.25,4.0,0,1,1
2020,REG,CHI,00-0033869,M.Trubisky,00-0034597,R.Nall,2,2,12.0,0,1.635594879626296,0.817797439813148,1,0.5,7.0,5.0,3.5,2.5,1.0,0,0,0
2020,REG,CHI,00-0033869,M.Trubisky,00-0035590,R.Ridley,2,2,16.0,0,1.568721391260623,0.7843606956303115,2,1.0,11.0,5.0,5.5,2.5,2.0,0,0,0
2020,REG,CHI,00-0033869,M.Trubisky,00-0035685,D.Montgomery,33,28,281.0,2,14.368390617470466,0.4354057762869838,21,0.6363636363636364,33.0,245.0,1.0,8.75,17.0,2,7,1
2020,REG,CHI,00-0033869,M.Trubisky,00-0036290,C.Kmet,34,22,169.0,1,-4.422353032171008,-0.13006920682855908,18,0.5294117647058824,194.0,121.0,5.705882352941177,5.5,8.0,0,5,1
2020,REG,CHI,00-0033869,M.Trubisky,00-0036309,D.Mooney,51,35,366.0,3,18.14041690404715,0.35569444909896375,29,0.5686274509803921,434.0,199.0,8.509803921568627,5.685714285714286,20.0,3,7,3
2020,REG,KC,00-0033873,P.Mahomes,00-0028074,A.Sherman,2,1,5.0,1,2.3352097967872347,1.1676048983936174,1,0.5,8.0,7.0,4.0,7.0,1.0,0,1,1
2020,REG,KC,00-0033873,P.Mahomes,00-0030496,L.Bell,17,13,99.0,0,2.0793208397226453,0.12231299057192031,9,0.5294117647058824,-11.0,118.0,-0.6470588235294118,9.076923076923077,5.0,0,5,0
2020,REG,KC,00-0033873,P.Mahomes,00-0030506,T.Kelce,146,105,1416.0,11,75.21991161171188,0.5152048740528211,94,0.6438356164383562,1243.0,587.0,8.513698630136986,5.59047619047619,79.0,23,22,10
2020,REG,KC,00-0033873,P.Mahomes,00-0030584,E.Fisher,1,1,2.0,1,0.904668471921468,0.904668471921468,1,1.0,1.0,1.0,1.0,1.0,1.0,0,1,1
2020,REG,KC,00-0033873,P.Mahomes,00-0031325,S.Watkins,55,37,421.0,2,21.28732849876675,0.38704233634121366,36,0.6545454545454545,443.0,157.0,8.054545454545455,4.243243243243243,27.0,4,9,2
2020,REG,KC,00-0033873,P.Mahomes,00-0032775,D.Robinson,52,39,408.0,3,16.492361233715194,0.3171607929560614,29,0.5576923076923077,470.0,149.0,9.038461538461538,3.8205128205128207,23.0,7,6,1
2020,REG,KC,00-0033873,P.Mahomes,00-0033040,T.Hill,135,87,1276.0,15,75.19457852968289,0.556996877997651,77,0.5703703703703704,1739.0,434.0,12.881481481481481,4.988505747126437,57.0,20,19,8
2020,REG,KC,00-0033873,P.Mahomes,00-0033611,R.Seals-Jones,1,0,0.0,0,-0.533207026310265,-0.533207026310265,0,0.0,7.0,0.0,7.0,0.0,0.0,0,0,0
2020,REG,KC,00-0033873,P.Mahomes,00-0034192,N.Keizer,9,6,63.0,0,-5.355935496394521,-0.5951039440438356,3,0.3333333333333333,81.0,40.0,9.0,6.666666666666667,2.0,1,0,0
2020,REG,KC,00-0033873,P.Mahomes,00-0034297,B.Pringle,8,6,84.0,0,5.356545982096569,0.6695682477620711,5,0.625,117.0,30.0,14.625,5.0,4.0,2,0,0
2020,REG,KC,00-0033873,P.Mahomes,00-0034301,D.Williams,12,6,35.0,0,-1.3504768907003997,-0.11253974089169998,4,0.3333333333333333,-6.0,46.0,-0.5,7.666666666666667,3.0,0,2,0
2020,REG,KC,00-0033873,P.Mahomes,00-0034301,Darr.Williams,14,11,79.0,0,0.40752065533738047,0.02910861823838432,7,0.5,-12.0,104.0,-0.8571428571428571,9.454545454545455,3.0,0,1,0
2020,REG,KC,00-0033873,P.Mahomes,00-0034319,D.Yelder,5,5,30.0,0,0.09009472595062107,0.018018945190124213,2,0.4,4.0,26.0,0.8,5.2,1.0,0,1,0
2020,REG,KC,00-0033873,P.Mahomes,00-0035140,M.Hardman,59,37,525.0,4,28.2451279107919,0.4787309815388458,32,0.5423728813559322,663.0,247.0,11.23728813559322,6.675675675675675,20.0,7,4,2
2020,REG,KC,00-0033873,P.Mahomes,00-0035148,D.Thompson,3,0,0.0,0,-2.487937293131838,-0.829312431043946,0,0.0,-6.0,0.0,-2.0,0.0,0.0,0,0,0
2020,REG,KC,00-0033873,P.Mahomes,00-0036360,C.Edwards-Helaire,54,36,297.0,1,2.1546139084935323,0.03990025756469504,25,0.46296296296296297,33.0,295.0,0.6111111111111112,8.194444444444445,12.0,3,6,1
2020,REG,LV,00-0033891,Z.Jones,00-0031549,N.Agholor,1,1,29.0,0,2.22142086212989,2.22142086212989,1,1.0,26.0,3.0,26.0,3.0,1.0,1,0,0
2020,REG,SF,00-0033936,C.Beathard,00-0029892,K.Juszczyk,6,3,14.0,2,0.07698202255414524,0.01283033709235754,2,0.3333333333333333,45.0,8.0,7.5,2.6666666666666665,2.0,0,3,2
2020,REG,SF,00-0033936,C.Beathard,00-0030472,J.Reed,2,0,0.0,0,-3.23674629631845,-1.618373148159225,0,0.0,33.0,0.0,16.5,0.0,0.0,0,0,0
2020,REG,SF,00-0033936,C.Beathard,00-0031376,J.McKinnon,11,10,79.0,0,3.1651999988968127,0.2877454544451648,6,0.5454545454545454,11.0,71.0,1.0,7.1,3.0,1,1,0
2020,REG,SF,00-0033936,C.Beathard,00-0031687,R.Mostert,2,2,24.0,0,1.453332699835301,0.7266663499176504,2,1.0,14.0,10.0,7.0,5.0,1.0,0,0,0
2020,REG,SF,00-0033936,C.Beathard,00-0032058,T.Coleman,1,1,0.0,0,-0.670709904981777,-0.670709904981777,0,0.0,-7.0,7.0,-7.0,7.0,0.0,0,1,0
2020,REG,SF,00-0033936,C.Beathard,00-0033288,G.Kittle,25,19,248.0,0,10.960352921145509,0.4384141168458203,16,0.64,181.0,119.0,7.24,6.2631578947368425,14.0,4,1,0
2020,REG,SF,00-0033936,C.Beathard,00-0033307,K.Bourne,12,11,193.0,2,20.17862495925511,1.6815520799379258,11,0.9166666666666666,128.0,69.0,10.666666666666666,6.2727272727272725,10.0,4,4,1
2020,REG,SF,00-0033936,C.Beathard,00-0034054,R.Cracraft,3,3,20.0,0,0.4092723486036368,0.13642411620121228,2,0.6666666666666666,13.0,7.0,4.333333333333333,2.3333333333333335,1.0,0,1,0
2020,REG,SF,00-0033936,C.Beathard,00-0034073,R.Dwelley,2,2,21.0,0,2.008772497589235,1.0043862487946176,2,1.0,17.0,4.0,8.5,2.0,1.0,0,0,0
2020,REG,SF,00-0033936,C.Beathard,00-0034115,J.Wilson,11,4,33.0,2,2.1430621151612375,0.19482382865102157,4,0.36363636363636365,27.0,17.0,2.4545454545454546,4.25,3.0,1,3,1
2020,REG,SF,00-0033936,C.Beathard,00-0034286,R.James,7,3,66.0,0,0.9338195547461597,0.13340279353516568,2,0.2857142857142857,114.0,19.0,16.285714285714285,6.333333333333333,2.0,1,1,0
2020,REG,SF,00-0033936,C.Beathard,00-0035719,D.Samuel,5,3,22.0,0,0.3185030163149388,0.06370060326298776,2,0.4,46.0,3.0,9.2,1.0,2.0,0,0,0
2020,REG,SF,00-0033936,C.Beathard,00-0036261,B.Aiyuk,10,4,64.0,0,-2.025983264553367,-0.20259832645533668,4,0.4,153.0,10.0,15.3,2.5,3.0,1,2,0
2020,REG,SF,00-0033936,C.Beathard,00-0036429,C.Woerner,1,1,3.0,0,-0.341525751631707,-0.341525751631707,0,0.0,3.0,0.0,3.0,0.0,0.0,0,0,0
2020,REG,PIT,00-0033949,J.Dobbs,00-0030470,V.McDonald,2,2,5.0,0,-0.725008430890739,-0.3625042154453695,0,0.0,-4.0,9.0,-2.0,4.5,0.0,0,1,0
2020,REG,PIT,00-0033949,J.Dobbs,00-0034407,R.McCloud,2,2,-3.0,0,-1.361769060546066,-0.680884530273033,0,0.0,-7.0,4.0,-3.5,2.0,0.0,0,1,0
2020,REG,LV,00-0033958,N.Peterman,00-0031610,D.Waller,3,2,13.0,0,-0.6322051088791341,-0.2107350362930447,1,0.3333333333333333,8.0,9.0,2.6666666666666665,4.5,1.0,0,0,0
2020,REG,LV,00-0033958,N.Peterman,00-0032972,D.Booker,1,0,0.0,0,-1.03425816167146,-1.03425816167146,0,0.0,1.0,0.0,1.0,0.0,0.0,0,0,0
2020,REG,LV,00-0033958,N.Peterman,00-0034983,H.Renfrow,1,1,12.0,0,0.314158398774453,0.314158398774453,1,1.0,0.0,12.0,0.0,12.0,0.0,0,0,0
2020,REG,ATL,00-0034411,R.Gage,00-0027944,J.Jones,1,0,0.0,0,-2.01243403996341,-2.01243403996341,0,0.0,38.0,0.0,38.0,0.0,0.0,0,0,0
2020,REG,ATL,00-0034411,R.Gage,00-0034837,C.Ridley,1,1,39.0,1,4.14873427827843,4.14873427827843,1,1.0,37.0,2.0,37.0,2.0,1.0,1,0,0
2020,REG,DAL,00-0034418,C.Wilson,00-0033077,D.Prescott,1,1,11.0,1,2.66843739943579,2.66843739943579,1,1.0,10.0,1.0,10.0,1.0,1.0,0,1,1
2020,REG,DAL,00-0034418,C.Wilson,00-0035261,T.Pollard,1,1,12.0,0,0.154502887511626,0.154502887511626,1,1.0,-8.0,20.0,-8.0,20.0,0.0,0,0,0
2020,REG,TEN,00-0034438,L.Woodside,00-0032464,K.Raymond,1,0,0.0,0,-0.469674549298361,-0.469674549298361,0,0.0,6.0,0.0,6.0,0.0,0.0,0,0,0
2020,REG,TEN,00-0034438,L.Woodside,00-0036182,N.Westbrook-Ikhine,1,1,7.0,0,3.01928251155186,3.01928251155186,1,1.0,7.0,0.0,7.0,0.0,1.0,0,0,0
2020,REG,TEN,00-0034438,L.Woodside,00-0036297,D.Evans,1,0,0.0,0,-1.01480341074057,-1.01480341074057,0,0.0,4.0,0.0,4.0,0.0,0.0,0,0,0
2020,REG,WAS,00-0034577,K.Allen,00-0028411,D.Inman,5,5,45.0,0,6.379012285964564,1.275802457192913,4,0.8,37.0,8.0,7.4,1.6,4.0,0,0,0
2020,REG,WAS,00-0034577,K.Allen,00-0031260,L.Thomas,11,7,102.0,2,6.83121013354696,0.6210191030497236,6,0.5454545454545454,97.0,36.0,8.818181818181818,5.142857142857143,5.0,2,3,2
2020,REG,WAS,00-0034577,K.Allen,00-0032602,J.McKissic,12,12,85.0,0,3.912827527705654,0.3260689606421378,8,0.6666666666666666,20.0,65.0,1.6666666666666667,5.416666666666667,5.0,0,0,0
2020,REG,WAS,00-0034577,K.Allen,00-0032741,P.Barber,1,1,4.0,0,-0.0303803028073162,-0.0303803028073162,0,0.0,3.0,1.0,3.0,1.0,0.0,0,0,0
2020,REG,WAS,00-0034577,K.Allen,00-0033112,T.Hemingway,2,1,10.0,0,-0.02164561790414199,-0.010822808952070995,1,0.5,7.0,6.0,3.5,6.0,1.0,0,0,0
2020,REG,WAS,00-0034577,K.Allen,00-0033528,J.Sprinkle,2,1,6.0,0,-0.510680233361199,-0.2553401166805995,1,0.5,7.0,3.0,3.5,3.0,0.0,0,0,0
2020,REG,WAS,00-0034577,K.Allen,00-0034104,C.Sims,2,2,44.0,1,4.6929720257176095,2.3464860128588048,2,1.0,40.0,4.0,20.0,2.0,2.0,2,0,0
2020,REG,WAS,00-0034577,K.Allen,00-0035659,T.McLaurin,29,18,208.0,1,4.544490144027959,0.15670655669061928,14,0.4827586206896552,252.0,91.0,8.689655172413794,5.055555555555555,9.0,2,5,0
2020,REG,WAS,00-0034577,K.Allen,00-0036142,I.Wright,5,4,25.0,0,0.716285645913364,0.1432571291826728,3,0.6,20.0,15.0,4.0,3.75,1.0,0,1,0
2020,REG,WAS,00-0034577,K.Allen,00-0036328,A.Gibson,11,9,81.0,0,-2.1905159720336136,-0.19913781563941943,4,0.36363636363636365,-16.0,95.0,-1.4545454545454546,10.555555555555555,3.0,1,1,0
2020,REG,WAS,00-0034577,K.Allen,00-0036340,A.Gandy-Golden,1,0,0.0,0,-0.629977302392945,-0.629977302392945,0,0.0,7.0,0.0,7.0,0.0,0.0,0,0,0
2020,REG,PIT,00-0034771,M.Rudolph,00-0030470,V.McDonald,4,3,28.0,0,0.4549984929617491,0.11374962324043728,2,0.5,12.0,19.0,3.0,6.333333333333333,1.0,0,0,0
2020,REG,PIT,00-0034771,M.Rudolph,00-0031387,E.Ebron,1,0,0.0,0,-0.379883380664978,-0.379883380664978,0,0.0,12.0,0.0,12.0,0.0,0.0,0,0,0
2020,REG,PIT,00-0034771,M.Rudolph,00-0033553,J.Conner,9,6,27.0,0,-4.310371384440857,-0.47893015382676185,1,0.1111111111111111,2.0,26.0,0.2222222222222222,4.333333333333333,0.0,0,2,0
2020,REG,PIT,00-0034771,M.Rudolph,00-0033857,J.Smith-Schuster,8,6,65.0,1,0.0014362983056370737,0.00017953728820463422,6,0.75,49.0,27.0,6.125,4.5,4.0,1,1,1
2020,REG,PIT,00-0034771,M.Rudolph,00-0034193,K.Rader,1,0,0.0,0,-1.4395779594779,-1.4395779594779,0,0.0,4.0,0.0,4.0,0.0,0.0,0,0,0
2020,REG,PIT,00-0034771,M.Rudolph,00-0034676,J.Washington,2,0,0.0,0,-1.196491735638119,-0.5982458678190595,0,0.0,37.0,0.0,18.5,0.0,0.0,0,0,0
2020,REG,PIT,00-0034771,M.Rudolph,00-0035216,Di.Johnson,4,3,96.0,0,9.420557257486504,2.355139314371626,3,0.75,103.0,10.0,25.75,3.3333333333333335,3.0,2,0,0
2020,REG,PIT,00-0034771,M.Rudolph,00-0036326,C.Claypool,13,6,102.0,1,9.20206537346544,0.7078511825742646,5,0.38461538461538464,214.0,13.0,16.46153846153846,2.1666666666666665,5.0,2,1,0
2020,REG,PIT,00-0034771,M.Rudolph,00-0036336,A.McFarland,1,1,6.0,0,-0.633109946735203,-0.633109946735203,0,0.0,-1.0,7.0,-1.0,7.0,0.0,0,0,0
2020,REG,BAL,00-0034796,L.Jackson,00-0027902,D.Bryant,9,6,47.0,2,2.577764988362333,0.28641833204025924,4,0.4444444444444444,34.0,34.0,3.7777777777777777,5.666666666666667,3.0,0,2,2
2020,REG,BAL,00-0034796,L.Jackson,00-0027966,M.Ingram,8,6,50.0,0,0.04204380888709558,0.0052554761108869474,3,0.375,12.0,49.0,1.5,8.166666666666666,2.0,0,2,0
2020,REG,BAL,00-0034796,L.Jackson,00-0030089,L.Willson,1,1,12.0,0,0.110882883425802,0.110882883425802,1,1.0,10.0,2.0,10.0,2.0,0.0,0,0,0
2020,REG,BAL,00-0034796,L.Jackson,00-0030663,W.Snead,46,31,410.0,3,17.427231518704648,0.37885285910227495,27,0.5869565217391305,410.0,183.0,8.91304347826087,5.903225806451613,21.0,7,8,3
2020,REG,BAL,00-0034796,L.Jackson,00-0031598,N.Boyle,17,14,113.0,2,6.218766208155997,0.36580977695035277,10,0.5882352941176471,93.0,34.0,5.470588235294118,2.4285714285714284,8.0,1,3,2
2020,REG,BAL,00-0034796,L.Jackson,00-0033376,P.Ricard,11,8,46.0,1,2.665851875324733,0.24235017048406665,7,0.6363636363636364,3.0,44.0,0.2727272727272727,5.5,3.0,0,4,1
2020,REG,BAL,00-0034796,L.Jackson,00-0034184,G.Edwards,13,9,129.0,0,5.888166799268215,0.45293590763601654,6,0.46153846153846156,49.0,93.0,3.769230769230769,10.333333333333334,4.0,3,1,0
2020,REG,BAL,00-0034796,L.Jackson,00-0034753,M.Andrews,87,57,693.0,7,36.15708749549479,0.41559870684476774,47,0.5402298850574713,894.0,179.0,10.275862068965518,3.1403508771929824,37.0,10,18,4
2020,REG,BAL,00-0034796,L.Jackson,00-0034975,J.Hill,2,2,7.0,0,-1.178015196928754,-0.589007598464377,0,0.0,-2.0,9.0,-1.0,4.5,0.0,0,2,0
2020,REG,BAL,00-0034796,L.Jackson,00-0035662,M.Brown,89,54,684.0,7,27.058620133800858,0.3040294397056276,43,0.48314606741573035,1144.0,207.0,12.853932584269662,3.8333333333333335,34.0,12,11,6
2020,REG,BAL,00-0034796,L.Jackson,00-0035703,M.Boykin,31,18,251.0,4,7.769662598359647,0.25063427736644023,16,0.5161290322580645,351.0,74.0,11.32258064516129,4.111111111111111,13.0,3,6,2
2020,REG,BAL,00-0034796,L.Jackson,00-0036133,J.Proche,2,1,14.0,0,-5.31123940902762,-2.65561970451381,1,0.5,10.0,8.0,5.0,8.0,1.0,0,0,0
2020,REG,BAL,00-0034796,L.Jackson,00-0036158,J.Dobbins,25,18,120.0,0,1.2507166668813636,0.050028666675254546,11,0.44,0.0,129.0,0.0,7.166666666666667,4.0,0,2,0
2020,REG,BAL,00-0034796,L.Jackson,00-0036331,D.Duvernay,23,17,181.0,0,5.1835074866830775,0.22536989072535119,12,0.5217391304347826,145.0,114.0,6.304347826086956,6.705882352941177,8.0,1,2,0
2020,REG,CAR,00-0034827,D.Moore,00-0033275,P.Walker,1,0,0.0,0,-0.408470925525762,-0.408470925525762,0,0.0,6.0,0.0,6.0,0.0,0.0,0,0,0
2020,REG,CLE,00-0034855,B.Mayfield,00-0031235,O.Beckham,40,21,269.0,2,2.2472290952779805,0.05618072738194951,17,0.425,499.0,46.0,12.475,2.1904761904761907,15.0,2,6,1
2020,REG,CLE,00-0034855,B.Mayfield,00-0031235,O.Beckham Jr.,1,0,0.0,0,-4.44302691880148,-4.44302691880148,0,0.0,35.0,0.0,35.0,0.0,0.0,0,0,0
2020,REG,CLE,00-0034855,B.Mayfield,00-0031382,J.Landry,99,71,816.0,3,47.866462826679175,0.48349962451191086,61,0.6161616161616161,813.0,335.0,8.212121212121213,4.71830985915493,45.0,10,16,3
2020,REG,CLE,00-0034855,B.Mayfield,00-0031921,K.Lamm,1,1,1.0,1,1.24492190295132,1.24492190295132,1,1.0,1.0,0.0,1.0,0.0,1.0,0,1,1
2020,REG,CLE,00-0034855,B.Mayfield,00-0032392,A.Hooper,67,43,415.0,4,22.961349240297295,0.3427067050790641,37,0.5522388059701493,449.0,156.0,6.701492537313433,3.627906976744186,26.0,3,9,4
2020,REG,CLE,00-0034855,B.Mayfield,00-0032956,A.Janovich,5,2,13.0,0,-1.786224134033546,-0.3572448268067092,1,0.2,9.0,12.0,1.8,6.0,1.0,0,0,0
2020,REG,CLE,00-0034855,B.Mayfield,00-0032977,R.Higgins,52,37,599.0,4,36.1214779190226,0.6946438061350501,37,0.7115384615384616,733.0,78.0,14.096153846153847,2.108108108108108,26.0,12,8,3
2020,REG,CLE,00-0034855,B.Mayfield,00-0033094,M.Hall,2,1,12.0,0,0.6443147475365549,0.32215737376827747,1,0.5,31.0,0.0,15.5,0.0,0.0,0,0,0
2020,REG,CLE,00-0034855,B.Mayfield,00-0033885,D.Njoku,27,18,206.0,2,11.855877903656719,0.4391065890243229,15,0.5555555555555556,211.0,83.0,7.814814814814815,4.611111111111111,13.0,4,6,2
2020,REG,CLE,00-0034855,B.Mayfield,00-0033911,T.Taylor,1,0,0.0,0,-0.49715586588718,-0.49715586588718,0,0.0,15.0,0.0,15.0,0.0,0.0,0,0,0
2020,REG,CLE,00-0034855,B.Mayfield,00-0033923,K.Hunt,50,38,304.0,5,12.931518745224418,0.25863037490448837,26,0.52,69.0,280.0,1.38,7.368421052631579,19.0,3,9,4
2020,REG,CLE,00-0034855,B.Mayfield,00-0034253,D.Hilliard,1,1,2.0,0,2.05534475343302,2.05534475343302,1,1.0,0.0,2.0,0.0,2.0,0.0,0,0,0
2020,REG,CLE,00-0034855,B.Mayfield,00-0034791,N.Chubb,17,15,138.0,0,4.123452779371297,0.24255604584537038,10,0.5882352941176471,52.0,118.0,3.0588235294117645,7.866666666666666,5.0,1,2,0
2020,REG,CLE,00-0034855,B.Mayfield,00-0034854,K.Hodge,17,11,180.0,0,10.484842254576503,0.6167554267397942,11,0.6470588235294118,278.0,23.0,16.352941176470587,2.090909090909091,11.0,2,3,0
2020,REG,CLE,00-0034855,B.Mayfield,00-0035039,S.Carlson,2,1,11.0,0,-1.001539334596604,-0.500769667298302,1,0.5,0.0,11.0,0.0,11.0,1.0,0,1,0
2020,REG,CLE,00-0034855,B.Mayfield,00-0035628,D.Johnson,4,3,14.0,0,-0.940128476591781,-0.23503211914794525,1,0.25,0.0,12.0,0.0,4.0,0.0,0,1,0
2020,REG,CLE,00-0034855,B.Mayfield,00-0036110,J.Bradley,11,5,60.0,0,1.042836426990106,0.0948033115445551,4,0.36363636363636365,126.0,11.0,11.454545454545455,2.2,2.0,1,0,0
2020,REG,CLE,00-0034855,B.Mayfield,00-0036232,H.Bryant,38,24,238.0,3,-10.255475610228691,-0.26988093711128136,18,0.47368421052631576,294.0,117.0,7.7368421052631575,4.875,14.0,1,5,3
2020,REG,CLE,00-0034855,B.Mayfield,00-0036233,D.Peoples-Jones,19,13,285.0,2,19.68396379424678,1.035998094434041,14,0.7368421052631579,321.0,77.0,16.894736842105264,5.923076923076923,9.0,4,2,0
2020,REG,BUF,00-0034857,J.Allen,00-0027691,A.Roberts,4,3,24.0,0,-2.791266895947049,-0.6978167239867622,2,0.5,38.0,5.0,9.5,1.6666666666666667,1.0,0,1,0
2020,REG,BUF,00-0034857,J.Allen,00-0028063,T.Jones,2,0,0.0,0,-1.0273529724217951,-0.5136764862108976,0,0.0,44.0,0.0,22.0,0.0,0.0,0,0,0
2020,REG,BUF,00-0034857,J.Allen,00-0028097,L.Smith,6,4,35.0,2,-0.136273412732403,-0.022712235455400503,3,0.5,22.0,20.0,3.6666666666666665,5.0,3.0,1,3,2
2020,REG,BUF,00-0034857,J.Allen,00-0029000,C.Beasley,107,82,967.0,4,59.96836506379481,0.5604520099420076,68,0.6355140186915887,813.0,355.0,7.598130841121495,4.329268292682927,53.0,15,11,3
2020,REG,BUF,00-0034857,J.Allen,00-0031051,J.Brown,52,33,458.0,3,27.627609191676314,0.531300176763006,31,0.5961538461538461,643.0,177.0,12.365384615384615,5.363636363636363,22.0,7,8,1
2020,REG,BUF,00-0034857,J.Allen,00-0031588,S.Diggs,166,127,1535.0,8,84.82890373178046,0.5110174923601233,109,0.6566265060240963,1674.0,464.0,10.08433734939759,3.6535433070866143,73.0,20,16,5
2020,REG,BUF,00-0034857,J.Allen,00-0031787,J.Kumerow,1,1,22.0,1,3.94803707470419,3.94803707470419,1,1.0,22.0,0.0,22.0,0.0,1.0,1,0,0
2020,REG,BUF,00-0034857,J.Allen,00-0032209,T.Yeldon,2,1,22.0,1,2.60403636295814,1.30201818147907,1,0.5,16.0,0.0,8.0,0.0,1.0,1,0,0
2020,REG,BUF,00-0034857,J.Allen,00-0032214,T.Kroft,16,12,119.0,3,8.547316091771492,0.5342072557357183,11,0.6875,121.0,44.0,7.5625,3.6666666666666665,9.0,1,5,3
2020,REG,BUF,00-0034857,J.Allen,00-0033466,I.McKenzie,27,25,252.0,5,22.201567482986377,0.8222802771476436,19,0.7037037037037037,90.0,178.0,3.3333333333333335,7.12,14.0,3,7,3
2020,REG,BUF,00-0034857,J.Allen,00-0035250,D.Singletary,50,38,269.0,0,0.4880635912196174,0.009761271824392348,25,0.5,51.0,269.0,1.02,7.078947368421052,8.0,2,7,0
2020,REG,BUF,00-0034857,J.Allen,00-0035689,D.Knox,40,23,269.0,3,0.1630984095998571,0.004077460239996428,19,0.475,311.0,160.0,7.775,6.956521739130435,13.0,3,10,3
2020,REG,BUF,00-0034857,J.Allen,00-0036187,R.Gilliam,2,2,16.0,1,1.625335898541381,0.8126679492706905,2,1.0,8.0,8.0,4.0,4.0,2.0,0,1,1
2020,REG,BUF,00-0034857,J.Allen,00-0036196,G.Davis,56,31,461.0,5,9.033522931317675,0.16131290948781563,29,0.5178571428571429,813.0,104.0,14.517857142857142,3.3548387096774195,23.0,7,10,3
2020,REG,BUF,00-0034857,J.Allen,00-0036251,Z.Moss,18,14,95.0,1,0.4644901232019386,0.025805006844552145,9,0.5,32.0,87.0,1.7777777777777777,6.214285714285714,5.0,1,2,1
2020,REG,NYJ,00-0034869,S.Darnold,00-0023500,F.Gore,11,8,42.0,0,0.14734456352398273,0.013394960320362066,4,0.36363636363636365,24.0,36.0,2.1818181818181817,4.5,3.0,0,2,0
2020,REG,NYJ,00-0034869,S.Darnold,00-0028237,C.Hogan,23,11,98.0,0,-8.868106152039374,-0.3855698326973641,9,0.391304347826087,245.0,34.0,10.652173913043478,3.090909090909091,5.0,1,4,0
2020,REG,NYJ,00-0034869,S.Darnold,00-0030108,R.Griffin,7,5,41.0,0,0.16741945236572087,0.02391706462367441,2,0.2857142857142857,33.0,32.0,4.714285714285714,6.4,2.0,0,0,0
2020,REG,NYJ,00-0034869,S.Darnold,00-0030496,L.Bell,2,2,32.0,0,0.72560552693903,0.362802763469515,1,0.5,18.0,14.0,9.0,7.0,1.0,1,0,0
2020,REG,NYJ,00-0034869,S.Darnold,00-0031941,J.Crowder,60,41,493.0,4,21.09711617718408,0.351618602953068,31,0.5166666666666667,454.0,246.0,7.566666666666666,6.0,24.0,7,7,2
2020,REG,NYJ,00-0034869,S.Darnold,00-0032054,B.Perriman,41,19,288.0,0,-11.894200819567114,-0.2901024590138321,15,0.36585365853658536,537.0,100.0,13.097560975609756,5.2631578947368425,11.0,6,3,0
2020,REG,NYJ,00-0034869,S.Darnold,00-0032098,D.Brown,2,2,31.0,0,4.36922450916609,2.184612254583045,2,1.0,10.0,21.0,5.0,10.5,2.0,0,0,0
2020,REG,NYJ,00-0034869,S.Darnold,00-0033859,J.Malone,6,4,16.0,0,-4.07589504081988,-0.6793158401366467,1,0.16666666666666666,17.0,8.0,2.8333333333333335,2.0,1.0,0,0,0
2020,REG,NYJ,00-0034869,S.Darnold,00-0034267,J.Scott,1,1,16.0,0,1.15588378952816,1.15588378952816,1,1.0,13.0,3.0,13.0,3.0,1.0,0,0,0
2020,REG,NYJ,00-0034869,S.Darnold,00-0034419,B.Berrios,48,34,320.0,2,2.5273989785874633,0.05265414538723882,26,0.5416666666666666,287.0,179.0,5.979166666666667,5.264705882352941,16.0,5,5,1
2020,REG,NYJ,00-0034869,S.Darnold,00-0034457,J.Adams,8,6,29.0,0,1.739879091328479,0.21748488641605987,5,0.625,1.0,24.0,0.125,4.0,2.0,0,0,0
2020,REG,NYJ,00-0034869,S.Darnold,00-0034631,V.Smith,3,1,13.0,0,-0.7697453142609471,-0.2565817714203157,1,0.3333333333333333,39.0,1.0,13.0,1.0,1.0,0,1,0
2020,REG,NYJ,00-0034869,S.Darnold,00-0034766,C.Herndon,40,27,231.0,2,-2.66809309705489,-0.06670232742637225,21,0.525,253.0,113.0,6.325,4.185185185185185,14.0,2,4,1
2020,REG,NYJ,00-0034869,S.Darnold,00-0034799,K.Ballage,10,9,67.0,0,0.6644391132285862,0.06644391132285862,3,0.3,3.0,83.0,0.3,9.222222222222221,1.0,1,1,0
2020,REG,NYJ,00-0034869,S.Darnold,00-0035259,T.Wesco,1,0,0.0,0,-0.533269917126745,-0.533269917126745,0,0.0,2.0,0.0,2.0,0.0,0.0,0,0,0
2020,REG,NYJ,00-0034869,S.Darnold,00-0035510,J.Smith,19,10,115.0,0,-0.7804867855156814,-0.041078251869246386,9,0.47368421052631576,245.0,31.0,12.894736842105264,3.1,7.0,1,0,0
2020,REG,NYJ,00-0034869,S.Darnold,00-0035537,T.Johnson,13,12,82.0,1,2.6049660294083905,0.2003820022621839,6,0.46153846153846156,-5.0,108.0,-0.38461538461538464,9.0,5.0,0,1,1
2020,REG,NYJ,00-0034869,S.Darnold,00-0036145,L.Cager,6,2,35.0,0,-13.18233124940889,-2.197055208234815,2,0.3333333333333333,84.0,14.0,14.0,7.0,2.0,0,1,0
2020,REG,NYJ,00-0034869,S.Darnold,00-0036255,D.Mims,30,16,224.0,0,2.635571769339589,0.08785239231131964,15,0.5,353.0,72.0,11.766666666666667,4.5,9.0,3,5,0
2020,REG,NYJ,00-0034869,S.Darnold,00-0036269,L.Perine,9,7,35.0,0,-0.6635665436032608,-0.07372961595591787,4,0.4444444444444444,23.0,39.0,2.5555555555555554,5.571428571428571,2.0,0,0,0
2020,REG,LA,00-0034899,J.Wolford,00-0030431,R.Woods,7,4,36.0,0,0.3823948442004643,0.054627834885780616,1,0.14285714285714285,30.0,17.0,4.285714285714286,4.25,1.0,1,0,0
2020,REG,LA,00-0034899,J.Wolford,00-0031806,M.Brown,1,1,-2.0,0,-1.51997213508002,-1.51997213508002,0,0.0,-6.0,4.0,-6.0,4.0,0.0,0,0,0
2020,REG,LA,00-0034899,J.Wolford,00-0033110,T.Higbee,4,3,41.0,0,6.122137342114002,1.5305343355285006,3,0.75,56.0,8.0,14.0,2.6666666666666665,3.0,1,1,0
2020,REG,LA,00-0034899,J.Wolford,00-0033895,G.Everett,7,2,25.0,0,-3.186133599829264,-0.45516194283275196,2,0.2857142857142857,111.0,8.0,15.857142857142858,4.0,2.0,0,2,0
2020,REG,LA,00-0034899,J.Wolford,00-0033943,J.Reynolds,6,4,29.0,0,-5.175252361572344,-0.8625420602620574,2,0.3333333333333333,31.0,6.0,5.166666666666667,1.5,2.0,0,0,0
2020,REG,LA,00-0034899,J.Wolford,00-0036414,C.Akers,4,4,52.0,0,2.559451715264,0.639862928816,2,0.5,27.0,25.0,6.75,6.25,1.0,1,1,0
2020,REG,LA,00-0034899,J.Wolford,00-0036415,V.Jefferson,8,4,50.0,0,-0.09569886682612694,-0.011962358353265867,3,0.375,109.0,25.0,13.625,6.25,3.0,0,1,0
2020,REG,DEN,00-0034955,B.Rypien,00-0031319,D.Spencer,1,1,7.0,0,0.589957559248433,0.589957559248433,1,1.0,7.0,0.0,7.0,0.0,0.0,0,0,0
2020,REG,DEN,00-0034955,B.Rypien,00-0032144,M.Gordon,4,3,17.0,0,0.23790416133124115,0.05947604033281029,2,0.5,5.0,17.0,1.25,5.666666666666667,1.0,0,0,0
2020,REG,DEN,00-0034955,B.Rypien,00-0032394,N.Vannett,2,1,7.0,0,-3.8963989010080753,-1.9481994505040376,1,0.5,12.0,2.0,6.0,2.0,0.0,0,0,0
2020,REG,DEN,00-0034955,B.Rypien,00-0033375,T.Patrick,9,8,122.0,1,11.524036496703324,1.2804484996337027,6,0.6666666666666666,107.0,16.0,11.88888888888889,2.0,5.0,3,1,1
2020,REG,DEN,00-0034955,B.Rypien,00-0033564,J.Butt,1,0,0.0,0,-0.530636040959507,-0.530636040959507,0,0.0,0.0,0.0,0.0,0.0,0.0,0,0,0
2020,REG,DEN,00-0034955,B.Rypien,00-0034370,D.Hamilton,3,1,9.0,0,-3.832699800375846,-1.277566600125282,1,0.3333333333333333,66.0,1.0,22.0,1.0,1.0,0,0,0
2020,REG,DEN,00-0034955,B.Rypien,00-0034838,R.Freeman,3,3,9.0,0,-0.07454932506146905,-0.024849775020489684,1,0.3333333333333333,5.0,4.0,1.6666666666666667,1.3333333333333333,1.0,0,2,0
2020,REG,DEN,00-0034955,B.Rypien,00-0035644,N.Fant,6,5,35.0,0,2.122872243751774,0.35381204062529564,4,0.6666666666666666,14.0,27.0,2.3333333333333335,5.4,1.0,0,1,0
2020,REG,DEN,00-0034955,B.Rypien,00-0036407,J.Jeudy,7,4,85.0,1,-4.623357573524119,-0.6604796533605884,3,0.42857142857142855,97.0,14.0,13.857142857142858,3.5,3.0,2,2,0
2020,REG,DEN,00-0034955,B.Rypien,00-0036412,K.Hamler,1,1,4.0,0,-0.0224657859653234,-0.0224657859653234,0,0.0,3.0,1.0,3.0,1.0,0.0,0,0,0
2020,REG,NE,00-0034960,J.Meyers,00-0027939,C.Newton,1,1,19.0,1,2.1124640480266,2.1124640480266,1,1.0,13.0,6.0,13.0,6.0,1.0,0,1,1
2020,REG,NE,00-0034960,J.Meyers,00-0030288,R.Burkhead,1,1,24.0,1,3.51887830090709,3.51887830090709,1,1.0,24.0,0.0,24.0,0.0,1.0,1,0,0
2020,REG,DET,00-0035040,D.Blough,00-0026035,D.Amendola,1,0,0.0,0,-0.705446157488041,-0.705446157488041,0,0.0,30.0,0.0,30.0,0.0,0.0,0,0,0
2020,REG,DET,00-0035040,D.Blough,00-0029632,M.Sanu,1,1,20.0,0,1.00977558863815,1.00977558863815,1,1.0,17.0,3.0,17.0,3.0,1.0,1,0,0
2020,REG,DET,00-0035040,D.Blough,00-0032135,J.James,1,0,0.0,0,-3.6627073722193,-3.6627073722193,0,0.0,17.0,0.0,17.0,0.0,0.0,0,0,0
2020,REG,DET,00-0035040,D.Blough,00-0034349,K.Johnson,1,1,7.0,0,-0.346149340679403,-0.346149340679403,0,0.0,-4.0,11.0,-4.0,11.0,0.0,0,0,0
2020,REG,DET,00-0035040,D.Blough,00-0035229,T.Hockenson,2,1,5.0,0,-1.9606663262820798,-0.9803331631410399,1,0.5,18.0,0.0,9.0,0.0,0.0,0,0,0
2020,REG,DET,00-0035040,D.Blough,00-0036275,D.Swift,3,2,8.0,0,-1.2988902229117236,-0.4329634076372412,1,0.3333333333333333,0.0,8.0,0.0,4.0,0.0,0,0,0
2020,REG,DET,00-0035040,D.Blough,00-0036277,Q.Cephus,1,1,9.0,0,0.240770140546374,0.240770140546374,1,1.0,4.0,5.0,4.0,5.0,0.0,0,0,0
2020,REG,BAL,00-0035146,T.McSorley,00-0027902,D.Bryant,1,0,0.0,0,-0.512342814356089,-0.512342814356089,0,0.0,7.0,0.0,7.0,0.0,0.0,0,0,0
2020,REG,BAL,00-0035146,T.McSorley,00-0030089,L.Willson,1,0,0.0,0,-1.07255626446567,-1.07255626446567,0,0.0,2.0,0.0,2.0,0.0,0.0,0,0,0
2020,REG,BAL,00-0035146,T.McSorley,00-0030663,W.Snead,1,1,13.0,0,1.82523662620224,1.82523662620224,1,1.0,13.0,0.0,13.0,0.0,1.0,0,0,0
2020,REG,BAL,00-0035146,T.McSorley,00-0035662,M.Brown,5,1,70.0,1,2.709919012268073,0.5419838024536145,1,0.2,45.0,53.0,9.0,53.0,1.0,1,0,0
2020,REG,BAL,00-0035146,T.McSorley,00-0036331,D.Duvernay,1,1,7.0,0,-0.30821356549859,-0.30821356549859,0,0.0,7.0,0.0,7.0,0.0,0.0,0,0,0
2020,REG,ARI,00-0035228,K.Murray,00-0022921,L.Fitzgerald,72,54,409.0,1,-1.7713509171222244,-0.024602096071142006,36,0.5,432.0,185.0,6.0,3.425925925925926,25.0,0,7,1
2020,REG,ARI,00-0035228,K.Murray,00-0030564,D.Hopkins,153,111,1372.0,6,56.16985322790579,0.36712322371180256,90,0.5882352941176471,1339.0,494.0,8.751633986928105,4.45045045045045,73.0,17,19,3
2020,REG,ARI,00-0035228,K.Murray,00-0031558,M.Williams,10,8,102.0,1,2.2427271036722143,0.22427271036722143,5,0.5,38.0,66.0,3.8,8.25,4.0,2,3,1
2020,REG,ARI,00-0035228,K.Murray,00-0032577,D.Foster,1,1,7.0,0,0.662165773333982,0.662165773333982,1,1.0,4.0,3.0,4.0,3.0,1.0,0,0,0
2020,REG,ARI,00-0035228,K.Murray,00-0033080,S.DeValve,1,0,0.0,0,-0.579306447412819,-0.579306447412819,0,0.0,35.0,0.0,35.0,0.0,0.0,0,0,0
2020,REG,ARI,00-0035228,K.Murray,00-0033118,K.Drake,31,25,137.0,0,-1.9532168779323478,-0.0630069960623338,14,0.45161290322580644,-30.0,165.0,-0.967741935483871,6.6,5.0,0,2,0
2020,REG,ARI,00-0035228,K.Murray,00-0033258,D.Daniels,12,8,92.0,1,6.28681058493396,0.52390088207783,7,0.5833333333333334,67.0,57.0,5.583333333333333,7.125,4.0,2,1,0
2020,REG,ARI,00-0035228,K.Murray,00-0034011,D.Arnold,44,30,425.0,4,24.980125859525295,0.5677301331710294,28,0.6363636363636364,561.0,164.0,12.75,5.466666666666667,23.0,8,6,3
2020,REG,ARI,00-0035228,K.Murray,00-0034420,J.Thomas,1,1,3.0,1,1.4984674040461,1.4984674040461,1,1.0,3.0,0.0,3.0,0.0,1.0,0,1,1
2020,REG,ARI,00-0035228,K.Murray,00-0034487,T.Sherfield,3,2,32.0,0,3.155617241747682,1.0518724139158941,2,0.6666666666666666,69.0,6.0,23.0,3.0,1.0,1,0,0
2020,REG,ARI,00-0035228,K.Murray,00-0034681,C.Edmonds,65,51,374.0,4,9.132470362240028,0.14049954403446197,31,0.47692307692307695,135.0,298.0,2.076923076923077,5.8431372549019605,21.0,2,11,4
2020,REG,ARI,00-0035228,K.Murray,00-0034775,C.Kirk,79,48,621.0,6,11.202781278512024,0.1418073579558484,39,0.4936708860759494,935.0,175.0,11.835443037974683,3.6458333333333335,30.0,7,14,4
2020,REG,ARI,00-0035228,K.Murray,00-0035287,K.Johnson,23,15,173.0,0,-2.487890692718791,-0.1081691605529909,12,0.5217391304347826,250.0,50.0,10.869565217391305,3.3333333333333335,7.0,2,2,0
2020,REG,ARI,00-0035228,K.Murray,00-0035527,A.Isabella,35,21,224.0,2,-13.55305987506434,-0.38723028214469546,11,0.3142857142857143,394.0,82.0,11.257142857142858,3.9047619047619047,10.0,3,3,2
2020,REG,WAS,00-0035232,D.Haskins,00-0028411,D.Inman,22,11,105.0,2,-1.8815392658142334,-0.08552451208246516,9,0.4090909090909091,192.0,25.0,8.727272727272727,2.272727272727273,7.0,0,3,2
2020,REG,WAS,00-0035232,D.Haskins,00-0031260,L.Thomas,52,31,239.0,1,-5.325769220313177,-0.10241863885217647,23,0.4423076923076923,323.0,116.0,6.211538461538462,3.7419354838709675,15.0,1,6,1
2020,REG,WAS,00-0035232,D.Haskins,00-0032602,J.McKissic,37,28,195.0,1,-5.104049742601677,-0.13794729034058587,14,0.3783783783783784,104.0,159.0,2.810810810810811,5.678571428571429,10.0,1,5,1
2020,REG,WAS,00-0035232,D.Haskins,00-0032741,P.Barber,4,1,-1.0,0,-2.6728894647676498,-0.6682223661919124,0,0.0,-2.0,1.0,-0.5,1.0,0.0,0,0,0
2020,REG,WAS,00-0035232,D.Haskins,00-0033528,J.Sprinkle,1,0,0.0,0,-0.417985579231754,-0.417985579231754,0,0.0,-1.0,0.0,-1.0,0.0,0.0,0,0,0
2020,REG,WAS,00-0035232,D.Haskins,00-0034104,C.Sims,17,9,101.0,0,-7.40491743115257,-0.43558337830309235,6,0.35294117647058826,208.0,53.0,12.235294117647058,5.888888888888889,2.0,1,1,0
2020,REG,WAS,00-0035232,D.Haskins,00-0034169,M.Baugh,1,1,2.0,0,-0.294975804979913,-0.294975804979913,0,0.0,0.0,2.0,0.0,2.0,0.0,0,1,0
2020,REG,WAS,00-0035232,D.Haskins,00-0034510,R.Foster,4,2,37.0,0,3.7109551536850547,0.9277387884212637,2,0.5,35.0,32.0,8.75,16.0,2.0,1,0,0
2020,REG,WAS,00-0035232,D.Haskins,00-0034928,S.Sims,14,9,136.0,0,7.501510461152069,0.5358221757965763,8,0.5714285714285714,143.0,75.0,10.214285714285714,8.333333333333334,8.0,1,1,0
2020,REG,WAS,00-0035232,D.Haskins,00-0035659,T.McLaurin,53,33,464.0,1,23.597214378930047,0.4452304599798122,27,0.5094339622641509,520.0,222.0,9.81132075471698,6.7272727272727275,23.0,8,5,0
2020,REG,WAS,00-0035232,D.Haskins,00-0036142,I.Wright,13,10,59.0,0,-4.051467953948304,-0.3116513810729465,5,0.38461538461538464,44.0,54.0,3.3846153846153846,5.4,2.0,0,1,0
2020,REG,WAS,00-0035232,D.Haskins,00-0036328,A.Gibson,15,12,99.0,0,0.8546169053879495,0.056974460359196635,4,0.26666666666666666,-14.0,125.0,-0.9333333333333333,10.416666666666666,4.0,1,0,0
2020,REG,WAS,00-0035232,D.Haskins,00-0036340,A.Gandy-Golden,4,1,3.0,0,-2.014599700632972,-0.503649925158243,0,0.0,33.0,1.0,8.25,1.0,0.0,0,0,0
2020,REG,NE,00-0035264,J.Stidham,00-0027150,J.Edelman,6,2,21.0,0,-9.74347140820465,-1.6239119013674417,2,0.3333333333333333,28.0,5.0,4.666666666666667,2.5,2.0,0,0,0
2020,REG,NE,00-0035264,J.Stidham,00-0030288,R.Burkhead,4,3,35.0,0,1.5398644000524668,0.3849661000131167,2,0.5,1.0,37.0,0.25,12.333333333333334,2.0,0,0,0
2020,REG,NE,00-0035264,J.Stidham,00-0031062,J.White,5,4,24.0,0,-1.630099176196382,-0.32601983523927636,1,0.2,-9.0,30.0,-1.8,7.5,1.0,0,0,0
2020,REG,NE,00-0035264,J.Stidham,00-0031868,D.Byrd,6,4,55.0,0,-1.645304729230702,-0.2742174548717837,4,0.6666666666666666,65.0,30.0,10.833333333333334,7.5,2.0,1,0,0
2020,REG,NE,00-0035264,J.Stidham,00-0034439,R.Izzo,2,1,8.0,0,-0.197820088884327,-0.0989100444421635,1,0.5,19.0,6.0,9.5,6.0,0.0,0,0,0
2020,REG,NE,00-0035264,J.Stidham,00-0034845,S.Michel,2,1,23.0,0,1.251338259666226,0.625669129833113,1,0.5,-1.0,18.0,-0.5,18.0,1.0,1,0,0
2020,REG,NE,00-0035264,J.Stidham,00-0034960,J.Meyers,6,4,42.0,0,0.4763370767468592,0.0793895127911432,3,0.5,47.0,23.0,7.833333333333333,5.75,2.0,1,0,0
2020,REG,NE,00-0035264,J.Stidham,00-0035624,N.Harry,5,2,10.0,1,0.471492189681155,0.09429843793623101,2,0.4,62.0,0.0,12.4,0.0,1.0,0,2,1
2020,REG,NE,00-0035264,J.Stidham,00-0035645,G.Olszewski,1,1,38.0,1,4.10521444736514,4.10521444736514,1,1.0,13.0,25.0,13.0,25.0,1.0,1,0,0
2020,REG,NE,00-0035264,J.Stidham,00-0036194,D.Asiasi,1,0,0.0,0,-3.3181301204022,-3.3181301204022,0,0.0,7.0,0.0,7.0,0.0,0.0,0,1,0
2020,REG,LAC,00-0035282,E.Stick,00-0033536,M.Williams,1,1,4.0,0,-0.238974097417668,-0.238974097417668,0,0.0,0.0,4.0,0.0,4.0,0.0,0,0,0
2020,REG,JAX,00-0035289,G.Minshew,00-0028149,B.Miller,2,1,2.0,0,-0.079300873796456,-0.039650436898228,1,0.5,-3.0,3.0,-1.5,3.0,1.0,0,0,0
2020,REG,JAX,00-0035289,G.Minshew,00-0030404,C.Thompson,12,10,61.0,1,1.55308788554976,0.12942399046248002,6,0.5,39.0,36.0,3.25,3.6,1.0,0,3,1
2020,REG,JAX,00-0035289,G.Minshew,00-0030549,T.Eifert,10,6,55.0,1,4.402575817766613,0.4402575817766613,6,0.6,107.0,12.0,10.7,2.0,3.0,0,4,1
2020,REG,JAX,00-0035289,G.Minshew,00-0031951,J.O'Shaughnessy,9,8,69.0,0,3.6991073712124534,0.41101193013471704,7,0.7777777777777778,56.0,16.0,6.222222222222222,2.0,4.0,0,1,0
2020,REG,JAX,00-0035289,G.Minshew,00-0032128,C.Conley,16,8,88.0,0,-1.7602877770550602,-0.11001798606594126,8,0.5,217.0,40.0,13.5625,5.0,6.0,1,2,0
2020,REG,JAX,00-0035289,G.Minshew,00-0033681,K.Cole,18,15,148.0,2,11.799971618864225,0.6555539788257903,13,0.7222222222222222,105.0,53.0,5.833333333333333,3.533333333333333,10.0,2,1,1
2020,REG,JAX,00-0035289,G.Minshew,00-0033839,D.Westbrook,1,1,4.0,0,-0.0418007022817619,-0.0418007022817619,0,0.0,4.0,0.0,4.0,0.0,0.0,0,1,0
2020,REG,JAX,00-0035289,G.Minshew,00-0034777,D.Chark,7,7,109.0,1,11.436690758273478,1.6338129654676397,7,1.0,87.0,22.0,12.428571428571429,3.142857142857143,7.0,1,1,1
2020,REG,JAX,00-0035289,G.Minshew,00-0035831,J.Robinson,11,10,129.0,0,4.9588908730074825,0.4508082611824984,8,0.7272727272727273,-4.0,133.0,-0.36363636363636365,13.3,5.0,2,1,0
2020,REG,JAX,00-0035289,G.Minshew,00-0036254,C.Johnson,6,2,17.0,0,-6.030536456324625,-1.0050894093874374,1,0.16666666666666666,54.0,3.0,9.0,1.5,1.0,0,2,0
2020,REG,JAX,00-0035289,G.Minshew,00-0036268,L.Shenault,14,11,105.0,1,4.821569988445844,0.34439785631756026,8,0.5714285714285714,116.0,37.0,8.285714285714286,3.3636363636363638,7.0,0,1,1
2020,REG,JAX,00-0035289,G.Minshew II,00-0030404,C.Thompson,7,6,50.0,0,-4.495816130474015,-0.6422594472105736,1,0.14285714285714285,11.0,50.0,1.5714285714285714,8.333333333333334,1.0,0,1,0
2020,REG,JAX,00-0035289,G.Minshew II,00-0030549,T.Eifert,18,9,107.0,0,-1.6304292860801266,-0.09057940478222926,7,0.3888888888888889,140.0,42.0,7.777777777777778,4.666666666666667,6.0,1,2,0
2020,REG,JAX,00-0035289,G.Minshew II,00-0031951,J.O'Shaughnessy,13,10,98.0,0,5.539352145031568,0.4261040111562745,8,0.6153846153846154,71.0,42.0,5.461538461538462,4.2,3.0,2,1,0
2020,REG,JAX,00-0035289,G.Minshew II,00-0032128,C.Conley,13,8,149.0,2,10.38194470788586,0.7986111313758355,7,0.5384615384615384,203.0,43.0,15.615384615384615,5.375,6.0,3,3,1
2020,REG,JAX,00-0035289,G.Minshew II,00-0033681,K.Cole Sr.,30,18,288.0,2,14.532726323639507,0.48442421078798353,17,0.5666666666666667,433.0,56.0,14.433333333333334,3.111111111111111,12.0,5,5,2
2020,REG,JAX,00-0035289,G.Minshew II,00-0033854,D.Ogunbowale,2,2,20.0,0,2.628485925844874,1.314242962922437,2,1.0,1.0,19.0,0.5,9.5,2.0,0,0,0
2020,REG,JAX,00-0035289,G.Minshew II,00-0034777,D.Chark Jr.,44,24,246.0,2,-1.287490828180845,-0.029261155185928298,19,0.4318181818181818,578.0,31.0,13.136363636363637,1.2916666666666667,14.0,3,10,2
2020,REG,JAX,00-0035289,G.Minshew II,00-0035184,D.Ozigbo,5,5,34.0,0,-0.8211811991059272,-0.16423623982118546,3,0.6,3.0,31.0,0.6,6.2,3.0,0,1,0
2020,REG,JAX,00-0035289,G.Minshew II,00-0035289,G.Minshew II,1,1,0.0,0,-0.719744556117803,-0.719744556117803,0,0.0,-8.0,8.0,-8.0,8.0,0.0,0,0,0
2020,REG,JAX,00-0035289,G.Minshew II,00-0035823,B.Ellefson,1,0,0.0,0,1.053,1.053,1,1.0,0.0,0.0,0.0,0.0,0.0,0,1,0
2020,REG,JAX,00-0035289,G.Minshew II,00-0035831,J.Robinson,29,23,121.0,3,3.3279654608052267,0.11475742968293885,8,0.27586206896551724,-18.0,139.0,-0.6206896551724138,6.043478260869565,6.0,0,6,3
2020,REG,JAX,00-0035289,G.Minshew II,00-0036250,T.Davis,2,0,0.0,0,-1.7064179088338278,-0.8532089544169139,0,0.0,27.0,0.0,13.5,0.0,0.0,0,1,0
2020,REG,JAX,00-0035289,G.Minshew II,00-0036254,C.Johnson,8,7,84.0,1,10.676727095560627,1.3345908869450784,7,0.875,65.0,23.0,8.125,3.2857142857142856,5.0,1,2,1
2020,REG,JAX,00-0035289,G.Minshew II,00-0036268,L.Shenault Jr.,34,24,275.0,0,11.307174489660486,0.3325639555782496,17,0.5,188.0,177.0,5.529411764705882,7.375,14.0,6,6,0
2020,REG,BUF,00-0035290,J.Johnson,00-0034391,S.Neal,1,1,13.0,0,3.11536745866761,3.11536745866761,1,1.0,10.0,3.0,10.0,3.0,1.0,0,0,0
2020,REG,CIN,00-0035652,R.Finley,00-0027942,A.Green,5,3,45.0,0,0.3759246957488295,0.0751849391497659,3,0.6,57.0,11.0,11.4,3.6666666666666665,2.0,1,0,0
2020,REG,CIN,00-0035652,R.Finley,00-0030456,G.Bernard,3,3,13.0,1,1.344953644496854,0.4483178814989513,1,0.3333333333333333,-3.0,16.0,-1.0,5.333333333333333,1.0,0,2,1
2020,REG,CIN,00-0035652,R.Finley,00-0032543,A.Erickson,3,1,8.0,0,-5.483411859546326,-1.8278039531821086,0,0.0,34.0,11.0,11.333333333333334,11.0,0.0,0,1,0
2020,REG,CIN,00-0035652,R.Finley,00-0033009,T.Boyd,5,2,19.0,0,-4.039469181501767,-0.8078938363003534,2,0.4,90.0,0.0,18.0,0.0,1.0,0,0,0
2020,REG,CIN,00-0035652,R.Finley,00-0035631,D.Sample,5,4,26.0,0,-0.41774218820501097,-0.0835484376410022,1,0.2,18.0,7.0,3.6,1.75,0.0,0,0,0
2020,REG,CIN,00-0035652,R.Finley,00-0036410,T.Higgins,11,4,53.0,0,-3.0488580348901455,-0.2771689122627405,4,0.36363636363636365,139.0,26.0,12.636363636363637,6.5,4.0,1,2,0
2020,REG,DEN,00-0035704,D.Lock,00-0031319,D.Spencer,5,2,19.0,0,0.1966189477983541,0.03932378955967082,2,0.4,26.0,12.0,5.2,6.0,1.0,0,0,0
2020,REG,DEN,00-0035704,D.Lock,00-0032144,M.Gordon,32,24,121.0,0,-15.119597847398838,-0.4724874327312137,10,0.3125,-13.0,138.0,-0.40625,5.75,5.0,1,2,0
2020,REG,DEN,00-0035704,D.Lock,00-0032394,N.Vannett,18,13,88.0,1,0.8607367474034062,0.04781870818907812,9,0.5,65.0,62.0,3.611111111111111,4.769230769230769,6.0,0,4,1
2020,REG,DEN,00-0035704,D.Lock,00-0033375,T.Patrick,63,39,562.0,4,17.59165041786361,0.2792325463152954,32,0.5079365079365079,763.0,204.0,12.11111111111111,5.230769230769231,25.0,10,9,4
2020,REG,DEN,00-0035704,D.Lock,00-0033564,J.Butt,2,1,0.0,0,-4.830982181825678,-2.415491090912839,0,0.0,3.0,1.0,1.5,1.0,0.0,0,1,0
2020,REG,DEN,00-0035704,D.Lock,00-0034109,P.Lindsay,14,7,28.0,0,-4.184614260739175,-0.2989010186242268,4,0.2857142857142857,-6.0,39.0,-0.42857142857142855,5.571428571428571,1.0,0,1,0
2020,REG,DEN,00-0035704,D.Lock,00-0034348,C.Sutton,2,1,20.0,0,-0.07744571799411992,-0.03872285899705996,1,0.5,31.0,0.0,15.5,0.0,1.0,1,0,0
2020,REG,DEN,00-0035704,D.Lock,00-0034370,D.Hamilton,37,21,279.0,2,-2.151988620910564,-0.05816185461920444,18,0.4864864864864865,490.0,93.0,13.243243243243244,4.428571428571429,15.0,2,7,1
2020,REG,DEN,00-0035704,D.Lock,00-0034393,T.Fumagalli,14,8,80.0,1,-0.5500331520161134,-0.03928808228686524,8,0.5714285714285714,101.0,60.0,7.214285714285714,7.5,6.0,1,6,1
2020,REG,DEN,00-0035704,D.Lock,00-0034838,R.Freeman,9,8,44.0,0,-0.5274357688881242,-0.05860397432090268,3,0.3333333333333333,10.0,38.0,1.1111111111111112,4.75,2.0,0,2,0
2020,REG,DEN,00-0035704,D.Lock,00-0035644,N.Fant,70,47,522.0,2,6.301235957029422,0.09001765652899174,36,0.5142857142857142,461.0,296.0,6.585714285714285,6.297872340425532,28.0,6,8,2
2020,REG,DEN,00-0035704,D.Lock,00-0035912,L.Bellamy,1,1,5.0,0,-0.856522758258507,-0.856522758258507,0,0.0,0.0,5.0,0.0,5.0,0.0,0,0,0
2020,REG,DEN,00-0035704,D.Lock,00-0036407,J.Jeudy,95,41,678.0,2,1.4823625955917998,0.015603816795703156,34,0.35789473684210527,1259.0,238.0,13.25263157894737,5.804878048780488,31.0,11,8,1
2020,REG,DEN,00-0035704,D.Lock,00-0036412,K.Hamler,44,24,303.0,3,1.527853473538676,0.03472394258042445,15,0.3409090909090909,434.0,117.0,9.863636363636363,4.875,14.0,5,3,1
2020,REG,DEN,00-0035704,D.Lock,00-0036423,A.Okwuegbunam,15,11,121.0,1,7.515719229803784,0.5010479486535856,10,0.6666666666666666,116.0,73.0,7.733333333333333,6.636363636363637,6.0,1,4,1
2020,REG,DEN,00-0035704,D.Lock,00-0036439,T.Cleveland,9,6,63.0,0,2.9151737425709054,0.3239081936189895,5,0.5555555555555556,79.0,18.0,8.777777777777779,3.0,4.0,0,0,0
2020,REG,NYG,00-0035710,D.Jones,00-0027891,G.Tate,34,24,270.0,2,6.745260858406179,0.19839002524724056,15,0.4411764705882353,259.0,65.0,7.617647058823529,2.7083333333333335,13.0,4,3,1
2020,REG,NYG,00-0035710,D.Jones,00-0027891,G.Tate III,8,4,62.0,0,4.833190855744766,0.6041488569680957,4,0.5,104.0,1.0,13.0,0.25,3.0,1,0,0
2020,REG,NYG,00-0035710,D.Jones,00-0028087,D.Lewis,28,17,113.0,1,0.019928131136176752,0.0007117189691491697,8,0.2857142857142857,60.0,75.0,2.142857142857143,4.411764705882353,8.0,0,6,1
2020,REG,NYG,00-0035710,D.Jones,00-0029141,A.Morris,3,2,13.0,0,0.292080813786017,0.09736027126200568,1,0.3333333333333333,3.0,12.0,1.0,6.0,1.0,0,0,0
2020,REG,NYG,00-0035710,D.Jones,00-0030443,L.Toilolo,5,4,32.0,0,1.1407535296166331,0.22815070592332662,3,0.6,23.0,15.0,4.6,3.75,2.0,0,0,0
2020,REG,NYG,00-0035710,D.Jones,00-0031285,D.Freeman,10,7,58.0,0,1.2837847552727868,0.12837847552727868,5,0.5,-14.0,70.0,-1.4,10.0,3.0,0,3,0
2020,REG,NYG,00-0035710,D.Jones,00-0032385,S.Shepard,74,58,555.0,3,24.73452008959442,0.33425027148100567,43,0.581081081081081,571.0,170.0,7.716216216216216,2.9310344827586206,32.0,8,11,3
2020,REG,NYG,00-0035710,D.Jones,00-0032813,E.Penny,2,1,11.0,0,0.5558209054288439,0.27791045271442194,1,0.5,2.0,9.0,1.0,9.0,1.0,0,1,0
2020,REG,NYG,00-0035710,D.Jones,00-0033367,C.Board,15,10,103.0,0,4.3219120119465515,0.2881274674631034,9,0.6,162.0,33.0,10.8,3.3,6.0,0,0,0
2020,REG,NYG,00-0035710,D.Jones,00-0033881,E.Engram,91,52,559.0,1,-16.272970347451228,-0.17882384997199152,37,0.4065934065934066,633.0,249.0,6.956043956043956,4.788461538461538,27.0,5,10,1
2020,REG,NYG,00-0035710,D.Jones,00-0033950,W.Gallman,15,12,57.0,0,-3.615511362266262,-0.2410340908177508,4,0.26666666666666666,-1.0,59.0,-0.06666666666666667,4.916666666666667,1.0,0,3,0
2020,REG,NYG,00-0035710,D.Jones,00-0033950,W.Gallman Jr.,10,7,48.0,0,0.835216476523784,0.08352164765237839,4,0.4,23.0,20.0,2.3,2.857142857142857,4.0,0,1,0
2020,REG,NYG,00-0035710,D.Jones,00-0034273,D.Ratley,10,4,63.0,0,-3.560662507202,-0.35606625072020004,4,0.4,104.0,10.0,10.4,2.5,2.0,1,4,0
2020,REG,NYG,00-0035710,D.Jones,00-0034844,S.Barkley,9,6,60.0,0,3.641316238208678,0.4045906931342975,4,0.4444444444444444,34.0,55.0,3.7777777777777777,9.166666666666666,3.0,1,2,0
2020,REG,NYG,00-0035710,D.Jones,00-0034860,D.Pettis,5,4,76.0,1,5.2727355143372865,1.0545471028674573,4,0.8,76.0,6.0,15.2,1.5,3.0,2,0,0
2020,REG,NYG,00-0035710,D.Jones,00-0034988,K.Smith,19,16,109.0,0,7.0800801723962685,0.37263579854717205,12,0.631578947368421,41.0,86.0,2.1578947368421053,5.375,8.0,0,4,0
2020,REG,NYG,00-0035710,D.Jones,00-0035535,D.Slayton,85,45,663.0,3,14.112457966724039,0.16602891725557692,44,0.5176470588235295,1147.0,142.0,13.494117647058824,3.1555555555555554,36.0,8,8,1
2020,REG,NYG,00-0035710,D.Jones,00-0035869,A.Mack,11,7,91.0,0,4.934487554083923,0.44858977764399294,6,0.5454545454545454,91.0,37.0,8.272727272727273,5.285714285714286,5.0,1,3,0
2020,REG,NYG,00-0035710,D.Jones,00-0036386,A.Thomas,1,0,0.0,0,1.053,1.053,1,1.0,0.0,0.0,0.0,0.0,0.0,0,1,0
2020,REG,ARI,00-0035752,C.Streveler,00-0030564,D.Hopkins,8,4,35.0,0,-3.407418095244792,-0.425927261905599,1,0.125,93.0,25.0,11.625,6.25,2.0,0,0,0
2020,REG,ARI,00-0035752,C.Streveler,00-0034011,D.Arnold,1,1,13.0,0,0.711603139294311,0.711603139294311,1,1.0,4.0,9.0,4.0,9.0,1.0,0,0,0
2020,REG,ARI,00-0035752,C.Streveler,00-0034487,T.Sherfield,4,3,18.0,0,-10.644604211789515,-2.6611510529473787,1,0.25,13.0,21.0,3.25,7.0,1.0,0,1,0
2020,REG,ARI,00-0035752,C.Streveler,00-0034681,C.Edmonds,2,2,28.0,0,-0.050060326466335986,-0.025030163233167993,1,0.5,0.0,28.0,0.0,14.0,0.0,0,0,0
2020,REG,ARI,00-0035752,C.Streveler,00-0035924,J.Ward,1,1,11.0,1,2.20048037706874,2.20048037706874,1,1.0,-4.0,15.0,-4.0,15.0,1.0,0,1,1
2020,REG,DEN,00-0035864,K.Hinton,00-0032394,N.Vannett,1,0,0.0,0,-0.83173374645412,-0.83173374645412,0,0.0,18.0,0.0,18.0,0.0,0.0,0,0,0
2020,REG,DEN,00-0035864,K.Hinton,00-0033375,T.Patrick,2,0,0.0,0,-1.8850955483503657,-0.9425477741751829,0,0.0,27.0,0.0,13.5,0.0,0.0,0,0,0
2020,REG,DEN,00-0035864,K.Hinton,00-0034370,D.Hamilton,1,0,0.0,0,-1.56782733561704,-1.56782733561704,0,0.0,28.0,0.0,28.0,0.0,0.0,0,0,0
2020,REG,DEN,00-0035864,K.Hinton,00-0034393,T.Fumagalli,1,0,0.0,0,-4.69869236554951,-4.69869236554951,0,0.0,9.0,0.0,9.0,0.0,0.0,0,0,0
2020,REG,DEN,00-0035864,K.Hinton,00-0035644,N.Fant,2,1,13.0,0,1.1307052171323488,0.5653526085661744,1,0.5,25.0,16.0,12.5,16.0,1.0,0,0,0
2020,REG,DEN,00-0035864,K.Hinton,00-0036407,J.Jeudy,1,0,0.0,0,-1.15224240068346,-1.15224240068346,0,0.0,24.0,0.0,24.0,0.0,0.0,0,0,0
2020,REG,KC,00-0035889,T.Townsend,00-0034297,B.Pringle,1,1,13.0,0,3.45301585749257,3.45301585749257,1,1.0,6.0,7.0,6.0,7.0,1.0,0,0,0
2020,REG,BAL,00-0035993,T.Huntley,00-0031690,E.Tomlinson,1,0,0.0,0,-2.29745125357294,-2.29745125357294,0,0.0,34.0,0.0,34.0,0.0,0.0,0,0,0
2020,REG,BAL,00-0035993,T.Huntley,00-0033376,P.Ricard,1,1,-1.0,0,-0.748969494132325,-0.748969494132325,0,0.0,-2.0,1.0,-2.0,1.0,0.0,0,0,0
2020,REG,BAL,00-0035993,T.Huntley,00-0034753,M.Andrews,1,1,8.0,0,0.574866310460493,0.574866310460493,1,1.0,5.0,3.0,5.0,3.0,0.0,0,0,0
2020,REG,BAL,00-0035993,T.Huntley,00-0034975,J.Hill,1,1,8.0,0,-0.426183844509069,-0.426183844509069,0,0.0,2.0,6.0,2.0,6.0,0.0,0,0,0
2020,REG,BAL,00-0035993,T.Huntley,00-0035703,M.Boykin,1,0,0.0,0,-0.6354383303551,-0.6354383303551,0,0.0,23.0,0.0,23.0,0.0,0.0,0,0,0
2020,REG,MIA,00-0036212,T.Tagovailoa,00-0031547,D.Parker,45,23,267.0,2,-4.282105040494505,-0.09515788978876678,20,0.4444444444444444,424.0,41.0,9.422222222222222,1.7826086956521738,16.0,3,13,2
2020,REG,MIA,00-0036212,T.Tagovailoa,00-0032791,J.Grant,35,21,227.0,1,2.7837150414134797,0.07953471546895656,17,0.4857142857142857,413.0,121.0,11.8,5.761904761904762,13.0,2,3,1
2020,REG,MIA,00-0036212,T.Tagovailoa,00-0032940,D.Washington,3,2,17.0,0,1.163932578405366,0.387977526135122,2,0.6666666666666666,5.0,8.0,1.6666666666666667,4.0,1.0,0,0,0
2020,REG,MIA,00-0036212,T.Tagovailoa,00-0033471,I.Ford,13,8,73.0,0,0.9163957668642999,0.0704919820664846,6,0.46153846153846156,149.0,24.0,11.461538461538462,3.0,4.0,0,3,0
2020,REG,MIA,00-0036212,T.Tagovailoa,00-0033555,M.Hollins,18,11,106.0,1,-3.5957138531319077,-0.19976188072955042,9,0.5,172.0,13.0,9.555555555555555,1.1818181818181819,5.0,1,2,1
2020,REG,MIA,00-0036212,T.Tagovailoa,00-0033896,A.Shaheen,13,6,85.0,0,0.342511524475412,0.02634704034426246,5,0.38461538461538464,55.0,62.0,4.230769230769231,10.333333333333334,5.0,1,2,0
2020,REG,MIA,00-0036212,T.Tagovailoa,00-0034772,A.Callaway,3,1,13.0,0,0.640147681813683,0.21338256060456098,1,0.3333333333333333,21.0,3.0,7.0,3.0,1.0,0,0,0
2020,REG,MIA,00-0036212,T.Tagovailoa,00-0034798,D.Smythe,21,19,148.0,1,11.857023106742421,0.5646201479401153,15,0.7142857142857143,75.0,94.0,3.5714285714285716,4.947368421052632,10.0,0,4,1
2020,REG,MIA,00-0036212,T.Tagovailoa,00-0034829,M.Gesicki,43,29,308.0,3,7.2679943399270845,0.1690231241843508,22,0.5116279069767442,446.0,56.0,10.372093023255815,1.9310344827586208,16.0,4,5,2
2020,REG,MIA,00-0036212,T.Tagovailoa,00-0035311,M.Gaskin,15,11,111.0,1,4.639149282593283,0.3092766188395522,9,0.6,9.0,108.0,0.6,9.818181818181818,5.0,1,2,1
2020,REG,MIA,00-0036212,T.Tagovailoa,00-0035342,P.Laird,10,8,59.0,0,-0.1770489028038542,-0.01770489028038542,4,0.4,32.0,30.0,3.2,3.75,3.0,0,1,0
2020,REG,MIA,00-0036212,T.Tagovailoa,00-0035350,P.Williams,10,6,75.0,1,3.43120004714001,0.343120004714001,5,0.5,132.0,16.0,13.2,2.6666666666666665,4.0,1,1,1
2020,REG,MIA,00-0036212,T.Tagovailoa,00-0036020,S.Ahmed,12,8,49.0,0,-1.6978973237127066,-0.14149144364272556,5,0.4166666666666667,-7.0,59.0,-0.5833333333333334,7.375,1.0,0,2,0
2020,REG,MIA,00-0036212,T.Tagovailoa,00-0036245,M.Perry,8,6,64.0,1,3.9001574522699234,0.4875196815337404,5,0.625,87.0,19.0,10.875,3.1666666666666665,3.0,1,0,0
2020,REG,MIA,00-0036212,T.Tagovailoa,00-0036364,L.Bowden,35,27,212.0,0,-5.546005024296955,-0.15845728640848442,16,0.45714285714285713,175.0,112.0,5.0,4.148148148148148,13.0,1,2,0
2020,REG,JAX,00-0036312,J.Luton,00-0030404,C.Thompson,4,4,35.0,0,2.399249336340556,0.599812334085139,4,1.0,14.0,21.0,3.5,5.25,3.0,0,0,0
2020,REG,JAX,00-0036312,J.Luton,00-0030549,T.Eifert,14,8,95.0,0,-7.960509803031842,-0.568607843073703,7,0.5,142.0,16.0,10.142857142857142,2.0,5.0,0,2,0
2020,REG,JAX,00-0036312,J.Luton,00-0031951,J.O'Shaughnessy,3,1,9.0,0,-2.6685458857100492,-0.889515295236683,1,0.3333333333333333,35.0,3.0,11.666666666666666,3.0,0.0,0,0,0
2020,REG,JAX,00-0036312,J.Luton,00-0032128,C.Conley,20,12,108.0,0,-2.380737807525754,-0.1190368903762877,9,0.45,126.0,55.0,6.3,4.583333333333333,6.0,1,1,0
2020,REG,JAX,00-0036312,J.Luton,00-0033576,E.Saubert,1,1,3.0,0,-0.382070202380419,-0.382070202380419,0,0.0,3.0,0.0,3.0,0.0,0.0,0,0,0
2020,REG,JAX,00-0036312,J.Luton,00-0033681,K.Cole Sr.,14,8,79.0,1,2.0751633970648964,0.1482259569332069,6,0.42857142857142855,116.0,31.0,8.285714285714286,3.875,4.0,0,1,1
2020,REG,JAX,00-0036312,J.Luton,00-0033854,D.Ogunbowale,4,1,5.0,0,-2.694338607136157,-0.6735846517840393,1,0.25,8.0,6.0,2.0,6.0,1.0,0,1,0
2020,REG,JAX,00-0036312,J.Luton,00-0034777,D.Chark Jr.,26,15,243.0,1,4.122449845519944,0.15855576328922863,11,0.4230769230769231,325.0,109.0,12.5,7.266666666666667,10.0,4,1,0
2020,REG,JAX,00-0036312,J.Luton,00-0035184,D.Ozigbo,3,3,5.0,0,-3.99652176152449,-1.3321739205081633,0,0.0,1.0,4.0,0.3333333333333333,1.3333333333333333,0.0,0,0,0
2020,REG,JAX,00-0036312,J.Luton,00-0035313,T.Godwin,2,0,0.0,0,-2.8020622394978982,-1.4010311197489491,0,0.0,29.0,0.0,14.5,0.0,0.0,0,0,0
2020,REG,JAX,00-0036312,J.Luton,00-0035823,B.Ellefson,3,1,10.0,0,-2.321579324081534,-0.7738597746938446,1,0.3333333333333333,33.0,3.0,11.0,3.0,1.0,0,0,0
2020,REG,JAX,00-0036312,J.Luton,00-0035831,J.Robinson,9,4,24.0,0,-4.399732129066254,-0.488859125451806,2,0.2222222222222222,-10.0,19.0,-1.1111111111111112,4.75,1.0,0,0,0
2020,REG,JAX,00-0036312,J.Luton,00-0036254,C.Johnson,2,1,9.0,0,0.07065112190321099,0.035325560951605495,1,0.5,15.0,6.0,7.5,6.0,0.0,0,0,0
2020,REG,JAX,00-0036312,J.Luton,00-0036268,L.Shenault Jr.,1,1,-1.0,0,-0.819913527462632,-0.819913527462632,0,0.0,-3.0,2.0,-3.0,2.0,0.0,0,0,0
2020,REG,CAR,00-0036320,J.Charlton,00-0034052,B.Zylstra,1,1,28.0,0,4.73220307042357,4.73220307042357,1,1.0,18.0,10.0,18.0,10.0,1.0,1,0,0
2020,REG,LAC,00-0036355,J.Herbert,00-0028142,V.Green,4,2,40.0,1,2.069833303568882,0.5174583258922205,2,0.5,60.0,19.0,15.0,9.5,2.0,1,0,0
2020,REG,LAC,00-0036355,J.Herbert,00-0030279,K.Allen,141,96,955.0,8,28.96527427241221,0.20542747710930645,74,0.524822695035461,964.0,413.0,6.836879432624113,4.302083333333333,57.0,10,18,7
2020,REG,LAC,00-0036355,J.Herbert,00-0032725,S.Anderson,11,8,106.0,0,5.368926214985537,0.48808420136232156,7,0.6363636363636364,44.0,80.0,4.0,10.0,7.0,1,0,0
2020,REG,LAC,00-0036355,J.Herbert,00-0033090,H.Henry,85,55,540.0,4,19.127755608705137,0.22503241892594278,49,0.5764705882352941,668.0,193.0,7.858823529411764,3.5090909090909093,33.0,3,12,4
2020,REG,LAC,00-0036355,J.Herbert,00-0033164,T.Pope,10,8,42.0,0,-3.465752639476456,-0.3465752639476456,3,0.3,-16.0,44.0,-1.6,5.5,1.0,0,2,0
2020,REG,LAC,00-0036355,J.Herbert,00-0033536,M.Williams,75,43,683.0,5,29.897014746113925,0.398626863281519,39,0.52,1089.0,149.0,14.52,3.4651162790697674,32.0,12,10,1
2020,REG,LAC,00-0036355,J.Herbert,00-0033699,A.Ekeler,64,53,400.0,2,12.942181568022246,0.2022215870003476,32,0.5,-73.0,465.0,-1.140625,8.773584905660377,20.0,2,10,2
2020,REG,LAC,00-0036355,J.Herbert,00-0034440,J.Jackson,24,19,173.0,0,5.600554856457281,0.2333564523523867,13,0.5416666666666666,-62.0,221.0,-2.5833333333333335,11.631578947368421,7.0,2,2,0
2020,REG,LAC,00-0036355,J.Herbert,00-0034799,K.Ballage,27,20,99.0,0,-4.2492002474609745,-0.15737778694299906,9,0.3333333333333333,-22.0,130.0,-0.8148148148148148,6.5,4.0,0,4,0
2020,REG,LAC,00-0036355,J.Herbert,00-0035329,D.Parham Jr.,20,10,159.0,3,2.580791882472129,0.12903959412360647,10,0.5,175.0,56.0,8.75,5.6,8.0,4,7,2
2020,REG,LAC,00-0036355,J.Herbert,00-0035414,J.Guyton,54,27,495.0,3,6.427612460169686,0.11902986037351271,21,0.3888888888888889,881.0,177.0,16.314814814814813,6.555555555555555,17.0,7,7,1
2020,REG,LAC,00-0036355,J.Herbert,00-0035457,T.Johnson,4,3,157.0,1,10.678518008906405,2.6696295022266012,3,0.75,196.0,5.0,49.0,1.6666666666666667,3.0,3,0,0
2020,REG,LAC,00-0036355,J.Herbert,00-0035457,Ty.Johnson,22,17,241.0,2,18.653524708322948,0.8478874867419521,13,0.5909090909090909,338.0,54.0,15.363636363636363,3.176470588235294,12.0,4,1,1
2020,REG,LAC,00-0036355,J.Herbert,00-0035908,G.Nabers,7,5,25.0,2,1.1054906639204864,0.15792723770292663,3,0.42857142857142855,6.0,23.0,0.8571428571428571,4.6,2.0,0,3,2
2020,REG,LAC,00-0036355,J.Herbert,00-0036370,J.Kelley,23,23,148.0,0,6.290674058429448,0.2735075677578021,12,0.5217391304347826,-25.0,173.0,-1.0869565217391304,7.521739130434782,9.0,1,2,0
2020,REG,LAC,00-0036355,J.Herbert,00-0036377,J.Reed,1,0,0.0,0,-0.931210777256638,-0.931210777256638,0,0.0,-9.0,0.0,-9.0,0.0,0.0,0,0,0
2020,REG,LAC,00-0036355,J.Herbert,00-0036382,K.Hill Jr.,11,7,73.0,0,0.06362402322702065,0.005784002111547332,5,0.45454545454545453,79.0,18.0,7.181818181818182,2.5714285714285716,2.0,1,2,0
2020,REG,MIA,00-0036364,L.Bowden,00-0032940,D.Washington,1,0,0.0,0,-0.495386238093488,-0.495386238093488,0,0.0,19.0,0.0,19.0,0.0,0.0,0,0,0
2020,REG,MIA,00-0036364,L.Bowden,00-0035311,M.Gaskin,1,1,32.0,0,2.34605963563081,2.34605963563081,1,1.0,-2.0,34.0,-2.0,34.0,1.0,1,0,0
2020,REG,DAL,00-0036384,B.DiNucci,00-0031544,A.Cooper,7,3,44.0,0,-1.7159563884488263,-0.2451366269212609,2,0.2857142857142857,63.0,14.0,9.0,4.666666666666667,1.0,1,0,0
2020,REG,DAL,00-0036384,B.DiNucci,00-0033045,E.Elliott,2,1,10.0,0,0.629027529328596,0.314513764664298,1,0.5,0.0,14.0,0.0,14.0,1.0,0,0,0
2020,REG,DAL,00-0036384,B.DiNucci,00-0033591,N.Brown,2,0,0.0,0,-1.5600042047444762,-0.7800021023722381,0,0.0,27.0,0.0,13.5,0.0,0.0,0,0,0
2020,REG,DAL,00-0036384,B.DiNucci,00-0034383,D.Schultz,8,6,53.0,0,2.1992017337470378,0.2749002167183797,6,0.75,72.0,18.0,9.0,3.0,1.0,0,0,0
2020,REG,DAL,00-0036384,B.DiNucci,00-0034418,C.Wilson,2,0,0.0,0,-1.173143552034162,-0.586571776017081,0,0.0,54.0,0.0,27.0,0.0,0.0,0,1,0
2020,REG,DAL,00-0036384,B.DiNucci,00-0034764,M.Gallup,13,7,61.0,0,-1.243304611557594,-0.09563881627366108,6,0.46153846153846156,94.0,49.0,7.230769230769231,7.0,4.0,0,1,0
2020,REG,DAL,00-0036384,B.DiNucci,00-0035261,T.Pollard,2,2,24.0,0,-1.3466938157798727,-0.6733469078899363,1,0.5,-5.0,29.0,-2.5,14.5,2.0,0,1,0
2020,REG,DAL,00-0036384,B.DiNucci,00-0036358,C.Lamb,5,4,27.0,0,1.2962092037101338,0.2592418407420268,2,0.4,36.0,10.0,7.2,2.5,2.0,0,0,0
2020,REG,PHI,00-0036389,J.Hurts,00-0026189,D.Jackson,1,1,81.0,1,6.44122478552163,6.44122478552163,1,1.0,41.0,40.0,41.0,40.0,1.0,1,0,0
2020,REG,PHI,00-0036389,J.Hurts,00-0029137,A.Jeffery,7,5,106.0,1,10.962748516991267,1.5661069309987525,5,0.7142857142857143,108.0,25.0,15.428571428571429,5.0,4.0,3,1,1
2020,REG,PHI,00-0036389,J.Hurts,00-0030061,Z.Ertz,24,10,141.0,0,-8.99039592694692,-0.37459983028945504,7,0.2916666666666667,181.0,51.0,7.541666666666667,5.1,5.0,3,2,0
2020,REG,PHI,00-0036389,J.Hurts,00-0031384,R.Rodgers,2,1,18.0,0,0.21905014842935,0.109525074214675,1,0.5,13.0,5.0,6.5,5.0,1.0,0,1,0
2020,REG,PHI,00-0036389,J.Hurts,00-0033725,C.Clement,1,1,7.0,0,0.2450718190521,0.2450718190521,1,1.0,-3.0,10.0,-3.0,10.0,0.0,0,0,0
2020,REG,PHI,00-0036389,J.Hurts,00-0033733,G.Ward,19,10,111.0,3,8.52194520307238,0.4485234317406516,9,0.47368421052631576,162.0,9.0,8.526315789473685,0.9,8.0,1,2,2
2020,REG,PHI,00-0036389,J.Hurts,00-0034351,D.Goedert,19,12,126.0,0,-1.6958434653352015,-0.0892549192281685,9,0.47368421052631576,152.0,46.0,8.0,3.8333333333333335,7.0,1,0,0
2020,REG,PHI,00-0036389,J.Hurts,00-0034414,B.Scott,5,3,27.0,0,-1.092698806722185,-0.218539761344437,2,0.4,34.0,33.0,6.8,11.0,1.0,0,0,0
2020,REG,PHI,00-0036389,J.Hurts,00-0035243,M.Sanders,13,9,74.0,0,2.142170038539916,0.1647823106569166,7,0.5384615384615384,-11.0,86.0,-0.8461538461538461,9.555555555555555,2.0,1,0,0
2020,REG,PHI,00-0036389,J.Hurts,00-0035246,J.Arcega-Whiteside,2,1,30.0,0,2.892234139057105,1.4461170695285526,1,0.5,36.0,3.0,18.0,3.0,1.0,1,0,0
2020,REG,PHI,00-0036389,J.Hurts,00-0035592,T.Fulgham,9,5,66.0,0,-1.839660925965296,-0.20440676955169956,5,0.5555555555555556,109.0,5.0,12.11111111111111,1.0,3.0,0,2,0
2020,REG,PHI,00-0036389,J.Hurts,00-0036271,Q.Watkins,11,6,100.0,1,2.490558420075109,0.2264144018250099,4,0.36363636363636365,103.0,56.0,9.363636363636363,9.333333333333334,4.0,2,2,0
2020,REG,PHI,00-0036389,J.Hurts,00-0036278,J.Huntley,1,1,0.0,0,-0.573071261867881,-0.573071261867881,0,0.0,-1.0,1.0,-1.0,1.0,0.0,0,0,0
2020,REG,PHI,00-0036389,J.Hurts,00-0036387,J.Reagor,21,12,174.0,0,1.570207570405863,0.07477178906694586,8,0.38095238095238093,260.0,98.0,12.380952380952381,8.166666666666666,8.0,3,3,0
2020,REG,CIN,00-0036442,J.Burrow,00-0027942,A.Green,75,34,352.0,1,-6.857700215827926,-0.09143600287770567,29,0.38666666666666666,1044.0,60.0,13.92,1.7647058823529411,24.0,1,5,1
2020,REG,CIN,00-0036442,J.Burrow,00-0030456,G.Bernard,40,31,228.0,2,4.4842783295006425,0.11210695823751607,17,0.425,35.0,215.0,0.875,6.935483870967742,10.0,2,8,2
2020,REG,CIN,00-0036442,J.Burrow,00-0032134,C.Uzomah,11,8,87.0,1,5.250519627103432,0.477319966100312,8,0.7272727272727273,94.0,30.0,8.545454545454545,3.75,6.0,1,2,0
2020,REG,CIN,00-0036442,J.Burrow,00-0032543,A.Erickson,3,2,17.0,0,-0.630516493447031,-0.21017216448234366,1,0.3333333333333333,15.0,12.0,5.0,6.0,0.0,0,0,0
2020,REG,CIN,00-0036442,J.Burrow,00-0033009,T.Boyd,85,68,696.0,3,51.72344087688839,0.6085110691398634,58,0.6823529411764706,705.0,217.0,8.294117647058824,3.1911764705882355,40.0,5,11,3
2020,REG,CIN,00-0036442,J.Burrow,00-0033114,M.Thomas,19,13,132.0,1,-4.181306575017513,-0.2200687671061849,10,0.5263157894736842,167.0,28.0,8.789473684210526,2.1538461538461537,7.0,2,1,1
2020,REG,CIN,00-0036442,J.Burrow,00-0033338,C.Carter,4,3,27.0,0,0.818978357419838,0.2047445893549595,2,0.5,23.0,6.0,5.75,2.0,2.0,1,1,0
2020,REG,CIN,00-0036442,J.Burrow,00-0033460,J.Ross III,7,2,17.0,0,-2.3238688118872224,-0.33198125884103175,1,0.14285714285714285,84.0,3.0,12.0,1.5,1.0,0,0,0
2020,REG,CIN,00-0036442,J.Burrow,00-0033526,S.Perine,5,4,14.0,0,-1.1009537325610415,-0.2201907465122083,1,0.2,1.0,15.0,0.2,3.75,1.0,0,3,0
2020,REG,CIN,00-0036442,J.Burrow,00-0033897,J.Mixon,26,21,138.0,1,4.439090937055879,0.17073426680984152,12,0.46153846153846156,-29.0,171.0,-1.1153846153846154,8.142857142857142,5.0,0,3,1
2020,REG,CIN,00-0036442,J.Burrow,00-0034686,A.Tate,20,14,150.0,0,4.528085920975136,0.2264042960487568,10,0.5,176.0,58.0,8.8,4.142857142857143,9.0,0,3,0
2020,REG,CIN,00-0036442,J.Burrow,00-0035631,D.Sample,30,21,201.0,0,2.8759909017826377,0.09586636339275459,17,0.5666666666666667,148.0,110.0,4.933333333333334,5.238095238095238,11.0,1,9,0
2020,REG,CIN,00-0036442,J.Burrow,00-0036410,T.Higgins,67,43,629.0,4,39.429289528285146,0.5884968586311216,39,0.582089552238806,846.0,217.0,12.626865671641792,5.046511627906977,34.0,10,7,4
2021,POST,TB,00-0019596,T.Brady,00-0027656,R.Gronkowski,17,9,116.0,1,-0.9704556378370557,-0.057085625755120925,7,0.4117647058823529,189.0,69.0,11.117647058823529,7.666666666666667,5.0,2,2,1
2021,POST,TB,00-0019596,T.Brady,00-0030456,G.Bernard,8,5,39.0,0,-0.8694850154293392,-0.1086856269286674,4,0.5,9.0,33.0,1.125,6.6,3.0,1,1,0
2021,POST,TB,00-0019596,T.Brady,00-0031273,C.Brate,6,4,38.0,0,-2.0553228598221405,-0.3425538099703567,2,0.3333333333333333,34.0,26.0,5.666666666666667,6.5,2.0,0,2,0
2021,POST,TB,00-0019596,T.Brady,00-0031408,M.Evans,26,17,236.0,2,12.831868245266378,0.49353339404870683,13,0.5,250.0,79.0,9.615384615384615,4.647058823529412,10.0,3,5,0
2021,POST,TB,00-0019596,T.Brady,00-0032054,B.Perriman,3,1,5.0,0,-2.2342937944922596,-0.7447645981640866,0,0.0,16.0,0.0,5.333333333333333,0.0,0.0,0,0,0
2021,POST,TB,00-0019596,T.Brady,00-0033856,L.Fournette,9,9,56.0,0,1.059185425692703,0.11768726952141144,5,0.5555555555555556,-8.0,64.0,-0.8888888888888888,7.111111111111111,2.0,0,0,0
2021,POST,TB,00-0019596,T.Brady,00-0033879,O.Howard,2,2,10.0,0,0.48836668924195703,0.24418334462097852,1,0.5,7.0,3.0,3.5,1.5,1.0,0,1,0
2021,POST,TB,00-0019596,T.Brady,00-0035298,S.Miller,7,5,46.0,0,2.5634151581907645,0.3662021654558235,3,0.42857142857142855,63.0,4.0,9.0,0.8,2.0,0,0,0
2021,POST,TB,00-0019596,T.Brady,00-0036427,T.Johnson,9,5,45.0,0,-1.920247442321855,-0.21336082692465055,3,0.3333333333333333,32.0,29.0,3.5555555555555554,5.8,3.0,0,3,0
2021,POST,TB,00-0019596,T.Brady,00-0036450,K.Vaughn,2,2,9.0,0,0.08867183851543822,0.04433591925771911,1,0.5,-1.0,10.0,-0.5,5.0,0.0,0,0,0
2021,POST,PIT,00-0022924,B.Roethlisberger,00-0032897,D.Watt,1,0,0.0,0,-0.583848227281123,-0.583848227281123,0,0.0,0.0,0.0,0.0,0.0,0.0,0,0,0
2021,POST,PIT,00-0022924,B.Roethlisberger,00-0033857,J.Smith-Schuster,8,5,26.0,0,-0.29924132884480054,-0.03740516610560007,3,0.375,33.0,15.0,4.125,3.0,3.0,0,0,0
2021,POST,PIT,00-0022924,B.Roethlisberger,00-0034407,R.McCloud,2,2,20.0,0,0.769723684003111,0.3848618420015555,2,1.0,13.0,7.0,6.5,3.5,1.0,0,0,0
2021,POST,PIT,00-0022924,B.Roethlisberger,00-0034676,J.Washington,3,2,37.0,1,2.9084948037634613,0.9694982679211538,2,0.6666666666666666,62.0,3.0,20.666666666666668,1.5,2.0,1,1,1
2021,POST,PIT,00-0022924,B.Roethlisberger,00-0035216,D.Johnson,10,5,34.0,1,0.5974252712912771,0.05974252712912771,4,0.4,102.0,10.0,10.2,2.0,4.0,0,2,1
2021,POST,PIT,00-0022924,B.Roethlisberger,00-0035217,B.Snell,2,2,16.0,0,0.443125961173791,0.2215629805868955,2,1.0,2.0,14.0,1.0,7.0,2.0,0,0,0
2021,POST,PIT,00-0022924,B.Roethlisberger,00-0035222,Z.Gentry,4,4,33.0,0,-2.025662305415612,-0.506415576353903,2,0.5,14.0,19.0,3.5,4.75,1.0,0,1,0
2021,POST,PIT,00-0022924,B.Roethlisberger,00-0036326,C.Claypool,7,3,25.0,0,-1.4528046166524318,-0.2075435166646331,1,0.14285714285714285,90.0,10.0,12.857142857142858,3.3333333333333335,1.0,0,1,0
2021,POST,PIT,00-0022924,B.Roethlisberger,00-0036893,N.Harris,2,2,-1.0,0,-5.891607183264569,-2.9458035916322847,0,0.0,-10.0,9.0,-5.0,4.5,0.0,0,0,0
2021,POST,PIT,00-0022924,B.Roethlisberger,00-0036894,P.Freiermuth,5,4,25.0,0,0.8374065292300678,0.16748130584601356,3,0.6,14.0,21.0,2.8,5.25,1.0,0,0,0
2021,POST,GB,00-0023459,A.Rodgers,00-0024243,M.Lewis,1,1,0.0,0,-5.3412412784528,-5.3412412784528,0,0.0,-1.0,1.0,-1.0,1.0,0.0,0,0,0
2021,POST,GB,00-0023459,A.Rodgers,00-0028002,R.Cobb,1,0,0.0,0,-0.568941829958931,-0.568941829958931,0,0.0,4.0,0.0,4.0,0.0,0.0,0,0,0
2021,POST,GB,00-0023459,A.Rodgers,00-0031381,D.Adams,11,9,90.0,0,5.402839241432965,0.4911672037666332,7,0.6363636363636364,130.0,21.0,11.818181818181818,2.3333333333333335,5.0,1,1,0
2021,POST,GB,00-0023459,A.Rodgers,00-0033293,A.Jones,10,9,129.0,0,3.639319679292392,0.3639319679292392,3,0.3,21.0,106.0,2.1,11.777777777777779,2.0,1,2,0
2021,POST,GB,00-0023459,A.Rodgers,00-0034521,A.Lazard,1,1,6.0,0,1.25776835356373,1.25776835356373,1,1.0,6.0,0.0,6.0,0.0,1.0,0,1,0
2021,POST,GB,00-0023459,A.Rodgers,00-0036332,J.Deguara,1,0,0.0,0,-0.784662373829633,-0.784662373829633,0,0.0,18.0,0.0,18.0,0.0,0.0,0,0,0
2021,POST,GB,00-0023459,A.Rodgers,00-0036456,D.Dafney,2,0,0.0,0,-2.192203713115309,-1.0961018565576546,0,0.0,34.0,0.0,17.0,0.0,0.0,0,0,0
2021,POST,LA,00-0026498,M.Stafford,00-0031235,O.Beckham,26,21,288.0,2,25.341821330852486,0.9746854358020187,20,0.7692307692307693,266.0,81.0,10.23076923076923,3.857142857142857,15.0,5,3,2
2021,POST,LA,00-0026498,M.Stafford,00-0033110,T.Higbee,14,9,115.0,0,5.176510697579939,0.3697507641128528,8,0.5714285714285714,103.0,45.0,7.357142857142857,5.0,7.0,2,1,0
2021,POST,LA,00-0026498,M.Stafford,00-0033908,C.Kupp,42,33,478.0,6,26.349946659743598,0.6273796823748475,27,0.6428571428571429,376.0,206.0,8.952380952380953,6.242424242424242,19.0,7,10,5
2021,POST,LA,00-0026498,M.Stafford,00-0034845,S.Michel,4,3,-8.0,0,-4.653749281633455,-1.1634373204083637,0,0.0,-13.0,8.0,-3.25,2.6666666666666665,0.0,0,1,0
2021,POST,LA,00-0026498,M.Stafford,00-0035603,K.Blanton,7,7,75.0,1,7.095690242538698,1.0136700346483853,7,1.0,19.0,56.0,2.7142857142857144,8.0,5.0,1,2,1
2021,POST,LA,00-0026498,M.Stafford,00-0035664,D.Henderson,5,3,43.0,0,2.866492368688339,0.5732984737376678,2,0.4,49.0,20.0,9.8,6.666666666666667,2.0,1,2,0
2021,POST,LA,00-0026498,M.Stafford,00-0036414,C.Akers,9,7,36.0,0,-0.5862796808942279,-0.06514218676602532,4,0.4444444444444444,25.0,46.0,2.7777777777777777,6.571428571428571,3.0,0,0,0
2021,POST,LA,00-0026498,M.Stafford,00-0036415,V.Jefferson,17,9,102.0,0,-2.333351678662102,-0.1372559810977707,6,0.35294117647058826,270.0,52.0,15.882352941176471,5.777777777777778,4.0,1,3,0
2021,POST,LA,00-0026498,M.Stafford,00-0036424,B.Hopkins,4,4,47.0,0,5.479189940262591,1.3697974850656478,4,1.0,25.0,22.0,6.25,5.5,3.0,0,0,0
2021,POST,LA,00-0026498,M.Stafford,00-0036862,B.Skowronek,6,2,12.0,0,-6.6455134611460345,-1.1075855768576723,2,0.3333333333333333,72.0,7.0,12.0,3.5,0.0,0,0,0
2021,POST,LA,00-0028872,J.Hekker,00-0035269,M.Gay,1,0,0.0,0,-0.947,-0.947,0,0.0,0.0,0.0,0.0,0.0,0.0,0,1,0
2021,POST,DAL,00-0029692,B.Anger,00-0031357,C.Goodwin,1,1,16.0,0,3.85617053206079,3.85617053206079,1,1.0,8.0,8.0,8.0,8.0,1.0,0,0,0
2021,POST,TEN,00-0029701,R.Tannehill,00-0027944,J.Jones,7,6,62.0,0,-0.38726292212959224,-0.05532327458994175,5,0.7142857142857143,55.0,24.0,7.857142857142857,4.0,4.0,0,0,0
2021,POST,TEN,00-0029701,R.Tannehill,00-0032355,C.Rogers,2,1,3.0,0,-6.534827973286154,-3.267413986643077,0,0.0,-12.0,4.0,-6.0,4.0,0.0,0,1,0
2021,POST,TEN,00-0029701,R.Tannehill,00-0033455,A.Firkser,1,0,0.0,0,-0.310699541238137,-0.310699541238137,0,0.0,3.0,0.0,3.0,0.0,0.0,0,0,0
2021,POST,TEN,00-0029701,R.Tannehill,00-0034253,D.Hilliard,3,3,13.0,0,-0.19066331376849405,-0.06355443792283134,1,0.3333333333333333,9.0,4.0,3.0,1.3333333333333333,1.0,0,0,0
2021,POST,TEN,00-0029701,R.Tannehill,00-0035099,K.Blasingame,1,0,0.0,0,-0.965142629109323,-0.965142629109323,0,0.0,1.0,0.0,1.0,0.0,0.0,0,0,0
2021,POST,TEN,00-0029701,R.Tannehill,00-0035676,A.Brown,9,5,142.0,1,7.663594481593472,0.8515104979548301,5,0.5555555555555556,192.0,15.0,21.333333333333332,3.0,4.0,4,1,0
2021,POST,TEN,00-0029701,R.Tannehill,00-0036182,N.Westbrook-Ikhine,1,0,0.0,0,-1.61658763163723,-1.61658763163723,0,0.0,13.0,0.0,13.0,0.0,0.0,0,0,0
2021,POST,KC,00-0030506,T.Kelce,00-0034297,B.Pringle,1,1,2.0,1,0.70204556841054,0.70204556841054,1,1.0,2.0,0.0,2.0,0.0,1.0,0,1,1
2021,POST,LA,00-0031235,O.Beckham,00-0036414,C.Akers,1,1,40.0,0,2.27834693016484,2.27834693016484,1,1.0,26.0,14.0,26.0,14.0,1.0,1,0,0
2021,POST,LV,00-0031280,D.Carr,00-0026189,D.Jackson,2,1,26.0,0,2.8137528882168787,1.4068764441084394,1,0.5,26.0,4.0,13.0,4.0,1.0,1,1,0
2021,POST,LV,00-0031280,D.Carr,00-0031610,D.Waller,12,7,76.0,0,5.339522134946801,0.4449601779122334,5,0.4166666666666667,114.0,16.0,9.5,2.2857142857142856,5.0,1,3,0
2021,POST,LV,00-0031280,D.Carr,00-0033025,J.Richard,2,1,4.0,0,-0.6135728814988402,-0.3067864407494201,1,0.5,-4.0,8.0,-2.0,8.0,0.0,0,1,0
2021,POST,LV,00-0031280,D.Carr,00-0033891,Z.Jones,8,5,61.0,1,4.368776022485689,0.5460970028107112,5,0.625,89.0,2.0,11.125,0.4,4.0,0,5,1
2021,POST,LV,00-0031280,D.Carr,00-0034981,F.Moreau,3,0,0.0,0,-1.8628517440520231,-0.6209505813506744,0,0.0,21.0,0.0,7.0,0.0,0.0,0,2,0
2021,POST,LV,00-0031280,D.Carr,00-0034983,H.Renfrow,11,8,58.0,0,-1.7533898860845976,-0.15939908055314522,4,0.36363636363636365,71.0,35.0,6.454545454545454,4.375,1.0,0,1,0
2021,POST,LV,00-0031280,D.Carr,00-0035700,J.Jacobs,5,4,44.0,0,2.7904090743395535,0.5580818148679108,4,0.8,4.0,42.0,0.8,10.5,2.0,0,1,0
2021,POST,LV,00-0031280,D.Carr,00-0036365,B.Edwards,6,3,41.0,0,0.42923134996089907,0.0715385583268165,2,0.3333333333333333,71.0,16.0,11.833333333333334,5.333333333333333,2.0,0,0,0
2021,POST,SF,00-0031345,J.Garoppolo,00-0029269,T.Benjamin,2,1,17.0,0,0.8202408747747549,0.41012043738737747,1,0.5,9.0,5.0,4.5,5.0,1.0,0,0,0
2021,POST,SF,00-0031345,J.Garoppolo,00-0029892,K.Juszczyk,3,2,15.0,0,-0.47818570534508253,-0.1593952351150275,2,0.6666666666666666,24.0,6.0,8.0,3.0,0.0,0,0,0
2021,POST,SF,00-0031345,J.Garoppolo,00-0033288,G.Kittle,14,7,108.0,1,0.5264118386695182,0.037600845619251304,7,0.5,141.0,39.0,10.071428571428571,5.571428571428571,7.0,1,2,1
2021,POST,SF,00-0031345,J.Garoppolo,00-0034487,T.Sherfield,2,0,0.0,0,-6.682724716607487,-3.3413623583037433,0,0.0,10.0,0.0,5.0,0.0,0.0,0,0,0
2021,POST,SF,00-0031345,J.Garoppolo,00-0035719,D.Samuel,14,10,154.0,1,10.26494763085604,0.7332105450611458,7,0.5,32.0,154.0,2.2857142857142856,15.4,7.0,1,1,0
2021,POST,SF,00-0031345,J.Garoppolo,00-0035806,J.Hasty,3,1,6.0,0,-4.714192923856898,-1.5713976412856328,1,0.3333333333333333,-6.0,4.0,-2.0,4.0,0.0,0,0,0
2021,POST,SF,00-0031345,J.Garoppolo,00-0036259,J.Jennings,9,6,43.0,0,2.9285792573937197,0.32539769526596884,4,0.4444444444444444,59.0,15.0,6.555555555555555,2.5,4.0,0,0,0
2021,POST,SF,00-0031345,J.Garoppolo,00-0036261,B.Aiyuk,15,9,135.0,0,4.284527727984828,0.2856351818656552,8,0.5333333333333333,160.0,38.0,10.666666666666666,4.222222222222222,7.0,2,0,0
2021,POST,SF,00-0031345,J.Garoppolo,00-0036429,C.Woerner,1,0,0.0,0,-0.568416194058955,-0.568416194058955,0,0.0,0.0,0.0,0.0,0.0,0.0,0,0,0
2021,POST,SF,00-0031345,J.Garoppolo,00-0036567,E.Mitchell,9,7,57.0,0,0.32992379233474467,0.03665819914830496,4,0.4444444444444444,3.0,57.0,0.3333333333333333,8.142857142857142,4.0,1,0,0
2021,POST,DAL,00-0033077,D.Prescott,00-0031544,A.Cooper,10,6,64.0,1,3.0809401377919063,0.30809401377919066,6,0.6,89.0,3.0,8.9,0.5,3.0,1,2,1
2021,POST,DAL,00-0033077,D.Prescott,00-0033045,E.Elliott,4,1,0.0,0,-3.534246953786349,-0.8835617384465873,0,0.0,-8.0,15.0,-2.0,15.0,0.0,0,0,0
2021,POST,DAL,00-0033077,D.Prescott,00-0033658,B.Jarwin,1,0,0.0,0,-0.310397770837881,-0.310397770837881,0,0.0,14.0,0.0,14.0,0.0,0.0,0,0,0
2021,POST,DAL,00-0033077,D.Prescott,00-0034383,D.Schultz,8,7,89.0,0,5.515070946479687,0.6893838683099609,5,0.625,58.0,31.0,7.25,4.428571428571429,4.0,1,0,0
2021,POST,DAL,00-0033077,D.Prescott,00-0034418,C.Wilson,10,5,62.0,0,-5.284864029323212,-0.5284864029323212,3,0.3,158.0,21.0,15.8,4.2,2.0,2,0,0
2021,POST,DAL,00-0033077,D.Prescott,00-0034867,M.Turner,1,1,6.0,0,0.0804369224933907,0.0804369224933907,1,1.0,3.0,3.0,3.0,3.0,0.0,0,0,0
2021,POST,DAL,00-0033077,D.Prescott,00-0035261,T.Pollard,2,2,12.0,0,-0.7345872043113271,-0.36729360215566353,1,0.5,-2.0,14.0,-1.0,7.0,1.0,0,0,0
2021,POST,DAL,00-0033077,D.Prescott,00-0036358,C.Lamb,5,1,10.0,0,-3.086916417931204,-0.6173832835862407,1,0.2,50.0,0.0,10.0,0.0,1.0,0,1,0
2021,POST,KC,00-0033873,P.Mahomes,00-0030506,T.Kelce,27,23,299.0,3,21.6632498642688,0.8023425875655111,21,0.7777777777777778,202.0,136.0,7.481481481481482,5.913043478260869,17.0,4,4,2
2021,POST,KC,00-0033873,P.Mahomes,00-0031376,J.McKinnon,17,14,165.0,1,17.26441575790522,1.0155538681120717,14,0.8235294117647058,-25.0,196.0,-1.4705882352941178,14.0,11.0,3,4,1
2021,POST,KC,00-0033873,P.Mahomes,00-0032062,B.Bell,1,1,3.0,0,-0.381628466362599,-0.381628466362599,0,0.0,-1.0,4.0,-1.0,4.0,0.0,0,1,0
2021,POST,KC,00-0033873,P.Mahomes,00-0032775,D.Robinson,9,4,76.0,0,-6.508684758271552,-0.7231871953635057,4,0.4444444444444444,68.0,28.0,7.555555555555555,7.0,3.0,2,0,0
2021,POST,KC,00-0033873,P.Mahomes,00-0033040,T.Hill,28,23,285.0,3,9.725779112964354,0.3473492540344412,16,0.5714285714285714,237.0,135.0,8.464285714285714,5.869565217391305,12.0,5,7,1
2021,POST,KC,00-0033873,P.Mahomes,00-0034297,B.Pringle,16,11,80.0,2,2.7994210055912787,0.17496381284945492,7,0.4375,107.0,30.0,6.6875,2.727272727272727,6.0,0,3,2
2021,POST,KC,00-0033873,P.Mahomes,00-0035140,M.Hardman,9,8,121.0,1,7.553155654255531,0.8392395171395034,6,0.6666666666666666,46.0,79.0,5.111111111111111,9.875,5.0,3,1,1
2021,POST,KC,00-0033873,P.Mahomes,00-0035149,N.Allegretti,1,1,1.0,1,1.09882110013859,1.09882110013859,1,1.0,1.0,0.0,1.0,0.0,1.0,0,1,1
2021,POST,KC,00-0033873,P.Mahomes,00-0036360,C.Edwards-Helaire,4,2,13.0,0,-1.272722776571754,-0.3181806941429385,1,0.25,3.0,12.0,0.75,6.0,0.0,0,1,0
2021,POST,KC,00-0033873,P.Mahomes,00-0036637,N.Gray,4,2,14.0,0,0.018109382421244102,0.004527345605311026,2,0.5,22.0,5.0,5.5,2.5,1.0,0,0,0
2021,POST,CIN,00-0033897,J.Mixon,00-0036410,T.Higgins,1,1,6.0,1,1.85045470151817,1.85045470151817,1,1.0,6.0,0.0,6.0,0.0,1.0,0,1,1
2021,POST,LA,00-0033908,C.Kupp,00-0026498,M.Stafford,1,0,0.0,0,-1.51570494625299,-1.51570494625299,0,0.0,5.0,0.0,5.0,0.0,0.0,0,0,0
2021,POST,BUF,00-0034857,J.Allen,00-0027685,E.Sanders,4,3,52.0,1,3.732011385727678,0.9330028464319196,2,0.5,61.0,0.0,15.25,0.0,2.0,1,0,0
2021,POST,BUF,00-0034857,J.Allen,00-0029000,C.Beasley,9,7,79.0,0,3.351333267579313,0.3723703630643681,6,0.6666666666666666,50.0,38.0,5.555555555555555,5.428571428571429,3.0,1,0,0
2021,POST,BUF,00-0034857,J.Allen,00-0031588,S.Diggs,11,6,67.0,0,3.0021586262010898,0.27292351147282634,4,0.36363636363636365,104.0,16.0,9.454545454545455,2.6666666666666665,2.0,1,2,0
2021,POST,BUF,00-0034857,J.Allen,00-0033466,I.McKenzie,4,4,48.0,0,2.8205736486706927,0.7051434121676732,3,0.75,11.0,37.0,2.75,9.25,2.0,0,0,0
2021,POST,BUF,00-0034857,J.Allen,00-0035250,D.Singletary,9,7,38.0,0,-0.22653224901296798,-0.025170249890329774,3,0.3333333333333333,-19.0,58.0,-2.111111111111111,8.285714285714286,3.0,0,1,0
2021,POST,BUF,00-0034857,J.Allen,00-0035689,D.Knox,9,7,98.0,2,8.119467479496961,0.9021630532774402,6,0.6666666666666666,82.0,19.0,9.11111111111111,2.7142857142857144,4.0,2,2,2
2021,POST,BUF,00-0034857,J.Allen,00-0036187,R.Gilliam,3,3,12.0,0,-0.35325964121148,-0.11775321373716001,1,0.3333333333333333,-3.0,15.0,-1.0,5.0,0.0,0,0,0
2021,POST,BUF,00-0034857,J.Allen,00-0036196,G.Davis,13,10,242.0,5,23.275558439607273,1.7904275722774825,10,0.7692307692307693,241.0,42.0,18.53846153846154,4.2,10.0,4,3,3
2021,POST,BUF,00-0034857,J.Allen,00-0036560,T.Doyle,1,1,1.0,1,0.865168442076538,0.865168442076538,1,1.0,1.0,0.0,1.0,0.0,1.0,0,1,1
2021,POST,ARI,00-0035228,K.Murray,00-0027942,A.Green,3,0,0.0,0,-2.7580121175851637,-0.9193373725283879,0,0.0,64.0,0.0,21.333333333333332,0.0,0.0,0,0,0
2021,POST,ARI,00-0035228,K.Murray,00-0030061,Z.Ertz,4,3,21.0,0,0.608612110605464,0.152153027651366,3,0.75,18.0,12.0,4.5,4.0,2.0,0,0,0
2021,POST,ARI,00-0035228,K.Murray,00-0033258,D.Daniels,3,2,2.0,0,-1.754440587130375,-0.5848135290434583,0,0.0,-8.0,12.0,-2.6666666666666665,6.0,0.0,0,0,0
2021,POST,ARI,00-0035228,K.Murray,00-0033553,J.Conner,2,1,5.0,0,-4.055307992210148,-2.027653996105074,1,0.5,2.0,6.0,1.0,6.0,0.0,0,1,0
2021,POST,ARI,00-0035228,K.Murray,00-0034681,C.Edmonds,1,0,0.0,0,-0.523694498231635,-0.523694498231635,0,0.0,17.0,0.0,17.0,0.0,0.0,0,0,0
2021,POST,ARI,00-0035228,K.Murray,00-0034775,C.Kirk,11,6,51.0,0,-1.9832176624331517,-0.18029251476665015,4,0.36363636363636365,137.0,10.0,12.454545454545455,1.6666666666666667,1.0,1,0,0
2021,POST,ARI,00-0035228,K.Murray,00-0035126,A.Wesley,3,0,0.0,0,-3.407531015982385,-1.1358436719941283,1,0.3333333333333333,41.0,0.0,13.666666666666666,0.0,0.0,0,1,0
2021,POST,ARI,00-0035228,K.Murray,00-0036383,E.Benjamin,2,2,26.0,0,1.48458719579503,0.742293597897515,2,1.0,-7.0,33.0,-3.5,16.5,2.0,0,0,0
2021,POST,ARI,00-0035228,K.Murray,00-0036936,R.Moore,6,5,32.0,0,-5.805045864661229,-0.9675076441102047,2,0.3333333333333333,15.0,16.0,2.5,3.2,2.0,0,0,0
2021,POST,PHI,00-0036389,J.Hurts,00-0032780,J.Howard,1,1,7.0,0,-0.303902759915218,-0.303902759915218,0,0.0,-4.0,11.0,-4.0,11.0,0.0,0,0,0
2021,POST,PHI,00-0036389,J.Hurts,00-0034351,D.Goedert,12,6,92.0,0,4.996664954640435,0.41638874622003624,5,0.4166666666666667,155.0,34.0,12.916666666666666,5.666666666666667,5.0,1,0,0
2021,POST,PHI,00-0036389,J.Hurts,00-0034414,B.Scott,1,1,1.0,0,-0.593048655893654,-0.593048655893654,0,0.0,-3.0,4.0,-3.0,4.0,0.0,0,0,0
2021,POST,PHI,00-0036389,J.Hurts,00-0035243,M.Sanders,3,3,12.0,0,-1.0684574445476733,-0.35615248151589113,1,0.3333333333333333,4.0,8.0,1.3333333333333333,2.6666666666666665,0.0,0,0,0
2021,POST,PHI,00-0036389,J.Hurts,00-0036271,Q.Watkins,7,2,35.0,0,-1.1606615596101582,-0.1658087942300226,1,0.14285714285714285,195.0,4.0,27.857142857142858,2.0,1.0,1,0,0
2021,POST,PHI,00-0036389,J.Hurts,00-0036387,J.Reagor,3,1,2.0,0,-2.950619678478693,-0.983539892826231,0,0.0,15.0,5.0,5.0,5.0,0.0,0,0,0
2021,POST,PHI,00-0036389,J.Hurts,00-0036912,D.Smith,12,4,60.0,0,-7.627179984658027,-0.6355983320548356,5,0.4166666666666667,110.0,50.0,9.166666666666666,12.5,2.0,1,2,0
2021,POST,PHI,00-0036389,J.Hurts,00-0036919,K.Gainwell,5,5,49.0,1,5.436299484979829,1.0872598969959657,3,0.6,-7.0,56.0,-1.4,11.2,2.0,1,1,1
2021,POST,CIN,00-0036442,J.Burrow,00-0032134,C.Uzomah,18,15,146.0,1,6.8156709940521925,0.3786483885584551,9,0.5,85.0,80.0,4.722222222222222,5.333333333333333,7.0,2,3,1
2021,POST,CIN,00-0036442,J.Burrow,00-0033009,T.Boyd,20,15,110.0,1,4.279060752305668,0.2139530376152834,11,0.55,89.0,43.0,4.45,2.8666666666666667,7.0,0,4,1
2021,POST,CIN,00-0036442,J.Burrow,00-0033114,M.Thomas,1,1,17.0,0,0.595047205686569,0.595047205686569,1,1.0,9.0,8.0,9.0,8.0,0.0,0,0,0
2021,POST,CIN,00-0036442,J.Burrow,00-0033292,T.Taylor,1,0,0.0,0,1.053,1.053,1,1.0,0.0,0.0,0.0,0.0,0.0,0,1,0
2021,POST,CIN,00-0036442,J.Burrow,00-0033526,S.Perine,7,4,47.0,1,-5.50703211371135,-0.7867188733873357,1,0.14285714285714285,-6.0,59.0,-0.8571428571428571,14.75,1.0,1,1,0
2021,POST,CIN,00-0036442,J.Burrow,00-0033897,J.Mixon,21,18,107.0,0,-1.3283608127094315,-0.06325527679568721,9,0.42857142857142855,-16.0,128.0,-0.7619047619047619,7.111111111111111,4.0,2,4,0
2021,POST,CIN,00-0036442,J.Burrow,00-0035631,D.Sample,2,1,4.0,0,-0.835057745687664,-0.417528872843832,1,0.5,11.0,0.0,5.5,0.0,0.0,0,0,0
2021,POST,CIN,00-0036442,J.Burrow,00-0036410,T.Higgins,29,17,303.0,1,15.70526745291456,0.5415609466522262,16,0.5517241379310345,325.0,134.0,11.206896551724139,7.882352941176471,12.0,3,4,0
2021,POST,CIN,00-0036442,J.Burrow,00-0036857,C.Evans,2,1,3.0,0,-0.7698982064612171,-0.38494910323060855,1,0.5,21.0,3.0,10.5,3.0,1.0,0,0,0
2021,POST,CIN,00-0036442,J.Burrow,00-0036900,J.Chase,35,25,368.0,1,14.938717705236382,0.42682050586389664,21,0.6,335.0,171.0,9.571428571428571,6.84,16.0,5,3,1
2021,POST,NE,00-0036972,M.Jones,00-0029239,B.Bolden,6,4,27.0,0,-0.5041583248530519,-0.08402638747550865,2,0.3333333333333333,33.0,15.0,5.5,3.75,1.0,0,1,0
2021,POST,NE,00-0036972,M.Jones,00-0031549,N.Agholor,2,1,18.0,0,-2.77146667419584,-1.38573333709792,1,0.5,34.0,18.0,17.0,18.0,1.0,0,0,0
2021,POST,NE,00-0036972,M.Jones,00-0033090,H.Henry,4,1,30.0,0,-3.6631122020771705,-0.9157780505192926,1,0.25,57.0,7.0,14.25,7.0,1.0,1,1,0
2021,POST,NE,00-0036972,M.Jones,00-0033307,K.Bourne,8,7,77.0,2,11.825656446744679,1.4782070558430849,6,0.75,62.0,22.0,7.75,3.142857142857143,5.0,1,2,2
2021,POST,NE,00-0036972,M.Jones,00-0034960,J.Meyers,9,6,40.0,0,1.6950648393249224,0.18834053770276915,3,0.3333333333333333,47.0,4.0,5.222222222222222,0.6666666666666666,3.0,0,3,0
2021,POST,NE,00-0036972,M.Jones,00-0035657,D.Harris,1,1,7.0,0,0.420163449365646,0.420163449365646,1,1.0,6.0,1.0,6.0,1.0,0.0,0,0,0
2021,POST,NE,00-0036972,M.Jones,00-0035726,Jak.Johnson,1,0,0.0,0,-0.457011600956321,-0.457011600956321,0,0.0,1.0,0.0,1.0,0.0,0.0,0,0,0
2021,POST,NE,00-0036972,M.Jones,00-0036875,R.Stevenson,4,4,33.0,0,2.165032388933474,0.5412580972333685,2,0.5,-1.0,34.0,-0.25,8.5,2.0,0,1,0
2021,REG,TB,00-0019596,T.Brady,00-0027656,R.Gronkowski,89,55,802.0,6,32.71432576561758,0.36757669399570314,51,0.5730337078651685,897.0,350.0,10.07865168539326,6.363636363636363,34.0,16,12,5
2021,REG,TB,00-0019596,T.Brady,00-0027793,A.Brown,61,41,522.0,4,31.965266669662824,0.5240207650764398,31,0.5081967213114754,712.0,189.0,11.672131147540984,4.609756097560975,28.0,9,3,1
2021,REG,TB,00-0019596,T.Brady,00-0030456,G.Bernard,28,22,119.0,3,-2.452590835121373,-0.08759252982576334,10,0.35714285714285715,33.0,127.0,1.1785714285714286,5.7727272727272725,8.0,1,7,3
2021,REG,TB,00-0019596,T.Brady,00-0030496,L.Bell,4,4,31.0,1,5.57239896606187,1.3930997415154676,3,0.75,5.0,26.0,1.25,6.5,3.0,0,1,1
2021,REG,TB,00-0019596,T.Brady,00-0031273,C.Brate,57,30,245.0,4,-2.1851556426469134,-0.0383360639060862,23,0.40350877192982454,434.0,81.0,7.614035087719298,2.7,15.0,0,20,4
2021,REG,TB,00-0019596,T.Brady,00-0031408,M.Evans,114,74,1035.0,14,65.69545162617446,0.5762758914576707,65,0.5701754385964912,1497.0,239.0,13.131578947368421,3.22972972972973,56.0,20,20,10
2021,REG,TB,00-0019596,T.Brady,00-0032054,B.Perriman,18,11,167.0,1,7.000882647704895,0.3889379248724942,8,0.4444444444444444,169.0,102.0,9.38888888888889,9.272727272727273,5.0,3,3,0
2021,REG,TB,00-0019596,T.Brady,00-0033215,C.Grayson,12,10,212.0,2,17.28436093009077,1.4403634108408976,9,0.75,185.0,70.0,15.416666666666666,7.0,8.0,4,1,0
2021,REG,TB,00-0019596,T.Brady,00-0033856,L.Fournette,84,69,454.0,2,-0.4435736181506642,-0.005280638311317431,45,0.5357142857142857,57.0,449.0,0.6785714285714286,6.507246376811594,30.0,1,18,2
2021,REG,TB,00-0019596,T.Brady,00-0033879,O.Howard,21,14,135.0,1,3.8203060910115783,0.18191933766721802,12,0.5714285714285714,136.0,83.0,6.476190476190476,5.928571428571429,10.0,1,2,1
2021,REG,TB,00-0019596,T.Brady,00-0033921,C.Godwin,125,97,1088.0,5,35.46501047117156,0.28372008376937247,77,0.616,935.0,567.0,7.48,5.845360824742268,54.0,15,26,5
2021,REG,TB,00-0019596,T.Brady,00-0034735,C.McElroy,1,0,0.0,0,-0.740482040331699,-0.740482040331699,0,0.0,11.0,0.0,11.0,0.0,0.0,0,1,0
2021,REG,TB,00-0019596,T.Brady,00-0034816,R.Jones,13,10,64.0,0,0.27778822398977976,0.021368324922290752,7,0.5384615384615384,-15.0,77.0,-1.1538461538461537,7.7,2.0,0,1,0
2021,REG,TB,00-0019596,T.Brady,00-0035298,S.Miller,8,5,38.0,0,-4.5955553343943825,-0.5744444167992978,4,0.5,98.0,9.0,12.25,1.8,2.0,0,0,0
2021,REG,TB,00-0019596,T.Brady,00-0036427,T.Johnson,53,34,338.0,0,2.9283469147451275,0.055251828580096744,24,0.4528301886792453,407.0,132.0,7.679245283018868,3.8823529411764706,12.0,4,8,0
2021,REG,TB,00-0019596,T.Brady,00-0036450,K.Vaughn,8,4,26.0,0,-1.020413538676923,-0.12755169233461539,4,0.5,13.0,14.0,1.625,3.5,1.0,0,1,0
2021,REG,TB,00-0019596,T.Brady,00-0036877,J.Darden,9,5,40.0,0,-5.9551538818050185,-0.661683764645002,2,0.2222222222222222,123.0,19.0,13.666666666666666,3.8,1.0,1,0,0
2021,REG,PIT,00-0022924,B.Roethlisberger,00-0031387,E.Ebron,16,10,71.0,1,1.789311454922425,0.11183196593265156,7,0.4375,109.0,15.0,6.8125,1.5,6.0,0,3,1
2021,REG,PIT,00-0022924,B.Roethlisberger,00-0032897,D.Watt,2,2,6.0,0,-0.37796212092507603,-0.18898106046253801,0,0.0,-1.0,7.0,-0.5,3.5,0.0,0,0,0
2021,REG,PIT,00-0022924,B.Roethlisberger,00-0033857,J.Smith-Schuster,28,15,129.0,0,-8.17464221835364,-0.2919515077983443,10,0.35714285714285715,183.0,68.0,6.535714285714286,4.533333333333333,6.0,1,0,0
2021,REG,PIT,00-0022924,B.Roethlisberger,00-0034193,K.Rader,1,1,1.0,0,-0.657179214991629,-0.657179214991629,0,0.0,-2.0,3.0,-2.0,3.0,0.0,0,0,0
2021,REG,PIT,00-0022924,B.Roethlisberger,00-0034353,A.Miller,1,1,2.0,0,-1.20094444439746,-1.20094444439746,0,0.0,2.0,0.0,2.0,0.0,0.0,0,0,0
2021,REG,PIT,00-0022924,B.Roethlisberger,00-0034407,R.McCloud,54,30,214.0,0,-13.509429738433758,-0.2501746247858103,18,0.3333333333333333,340.0,110.0,6.296296296296297,3.6666666666666665,14.0,2,9,0
2021,REG,PIT,00-0022924,B.Roethlisberger,00-0034676,J.Washington,37,22,270.0,1,-5.985502175794597,-0.16177032907552966,17,0.4594594594594595,438.0,76.0,11.837837837837839,3.4545454545454546,8.0,4,5,0
2021,REG,PIT,00-0022924,B.Roethlisberger,00-0034799,K.Ballage,5,2,8.0,0,-2.2299005843815394,-0.4459801168763079,1,0.2,-2.0,10.0,-0.4,5.0,0.0,0,1,0
2021,REG,PIT,00-0022924,B.Roethlisberger,00-0035216,D.Johnson,160,100,1078.0,8,26.21403752280301,0.16383773451751882,68,0.425,1328.0,490.0,8.3,4.9,55.0,12,25,5
2021,REG,PIT,00-0022924,B.Roethlisberger,00-0035217,B.Snell,3,1,7.0,0,-2.479296563193203,-0.8264321877310676,0,0.0,0.0,10.0,0.0,10.0,0.0,0,0,0
2021,REG,PIT,00-0022924,B.Roethlisberger,00-0035222,Z.Gentry,22,17,149.0,0,2.7307204930667885,0.12412365877576312,10,0.45454545454545453,54.0,120.0,2.4545454545454546,7.0588235294117645,9.0,2,3,0
2021,REG,PIT,00-0022924,B.Roethlisberger,00-0035891,C.White,5,4,29.0,0,1.95250740670599,0.390501481341198,3,0.6,35.0,13.0,7.0,3.25,2.0,0,0,0
2021,REG,PIT,00-0022924,B.Roethlisberger,00-0036326,C.Claypool,105,59,848.0,2,9.790914783924679,0.09324680746594932,45,0.42857142857142855,1202.0,283.0,11.447619047619048,4.796610169491525,35.0,13,13,2
2021,REG,PIT,00-0022924,B.Roethlisberger,00-0036336,A.McFarland,1,1,11.0,0,-1.85594705463154,-1.85594705463154,0,0.0,0.0,11.0,0.0,11.0,1.0,0,0,0
2021,REG,PIT,00-0022924,B.Roethlisberger,00-0036893,N.Harris,90,70,439.0,3,-6.362821477311191,-0.07069801641456878,33,0.36666666666666664,-11.0,469.0,-0.12222222222222222,6.7,20.0,3,14,2
2021,REG,PIT,00-0022924,B.Roethlisberger,00-0036894,P.Freiermuth,71,55,466.0,7,29.17360409308167,0.41089583229692495,41,0.5774647887323944,375.0,235.0,5.28169014084507,4.2727272727272725,32.0,2,18,7
2021,REG,GB,00-0023459,A.Rodgers,00-0024243,M.Lewis,16,13,107.0,0,3.5255782771273516,0.22034864232045948,8,0.5,39.0,69.0,2.4375,5.3076923076923075,5.0,2,6,0
2021,REG,GB,00-0023459,A.Rodgers,00-0028002,R.Cobb,11,8,131.0,1,8.535704926792535,0.7759731751629577,7,0.6363636363636364,55.0,91.0,5.0,11.375,6.0,2,4,1
2021,REG,GB,00-0023459,A.Rodgers,00-0031381,D.Adams,82,65,767.0,8,53.55323586684228,0.6530882422785643,56,0.6829268292682927,588.0,347.0,7.170731707317073,5.338461538461538,45.0,6,17,7
2021,REG,GB,00-0023459,A.Rodgers,00-0033293,A.Jones,24,19,154.0,2,3.238619548850684,0.13494248120211183,11,0.4583333333333333,23.0,135.0,0.9583333333333334,7.105263157894737,8.0,3,5,1
2021,REG,GB,00-0023459,A.Rodgers,00-0034272,M.Valdes-Scantling,37,18,335.0,2,11.859599979702354,0.3205297291811447,15,0.40540540540540543,607.0,121.0,16.405405405405407,6.722222222222222,13.0,7,7,1
2021,REG,GB,00-0023459,A.Rodgers,00-0034279,E.St. Brown,6,4,64.0,0,3.430123263795395,0.5716872106325658,4,0.6666666666666666,68.0,46.0,11.333333333333334,11.5,4.0,1,1,0
2021,REG,GB,00-0023459,A.Rodgers,00-0034521,A.Lazard,37,23,302.0,5,19.72472832092129,0.5331007654303052,21,0.5675675675675675,432.0,78.0,11.675675675675675,3.391304347826087,16.0,5,10,4
2021,REG,GB,00-0023459,A.Rodgers,00-0035593,J.Winfree,2,0,0.0,0,-1.170594984432683,-0.5852974922163415,0,0.0,27.0,0.0,13.5,0.0,0.0,0,0,0
2021,REG,GB,00-0023459,A.Rodgers,00-0036250,T.Davis,4,4,35.0,0,1.5433330734988728,0.3858332683747182,3,0.75,22.0,13.0,5.5,3.25,1.0,1,1,0
2021,REG,GB,00-0023459,A.Rodgers,00-0036265,A.Dillon,21,20,179.0,1,9.800418975617507,0.46668661788654797,13,0.6190476190476191,-8.0,195.0,-0.38095238095238093,9.75,8.0,1,3,1
2021,REG,GB,00-0023459,A.Rodgers,00-0036332,J.Deguara,25,18,139.0,1,-4.363100311178502,-0.17452401244714008,10,0.4,116.0,97.0,4.64,5.388888888888889,6.0,2,7,0
2021,REG,GB,00-0023459,A.Rodgers,00-0036456,D.Dafney,2,1,8.0,0,0.37227863428415797,0.18613931714207899,1,0.5,3.0,4.0,1.5,4.0,1.0,0,0,0
2021,REG,GB,00-0023459,Aa.Rodgers,00-0023459,Aa.Rodgers,1,1,-4.0,0,-1.24344629049301,-1.24344629049301,0,0.0,-4.0,0.0,-4.0,0.0,0.0,0,1,0
2021,REG,GB,00-0023459,Aa.Rodgers,00-0024243,M.Lewis,11,9,108.0,0,6.076044269779235,0.5523676608890213,8,0.7272727272727273,67.0,73.0,6.090909090909091,8.11111111111111,5.0,1,1,0
2021,REG,GB,00-0023459,Aa.Rodgers,00-0028002,R.Cobb,22,16,162.0,4,8.37351460269829,0.3806143001226495,13,0.5909090909090909,161.0,31.0,7.318181818181818,1.9375,12.0,2,9,3
2021,REG,GB,00-0023459,Aa.Rodgers,00-0031381,D.Adams,73,52,744.0,3,23.427783660724266,0.3209285432975927,41,0.5616438356164384,864.0,239.0,11.835616438356164,4.596153846153846,35.0,13,11,3
2021,REG,GB,00-0023459,Aa.Rodgers,00-0033293,A.Jones,39,33,237.0,4,8.30258790706285,0.21288686941186796,20,0.5128205128205128,31.0,277.0,0.7948717948717948,8.393939393939394,14.0,1,10,4
2021,REG,GB,00-0023459,Aa.Rodgers,00-0033757,R.Tonyan,28,17,201.0,2,11.0216262348353,0.39362950838697497,15,0.5357142857142857,262.0,101.0,9.357142857142858,5.9411764705882355,10.0,4,6,1
2021,REG,GB,00-0023459,Aa.Rodgers,00-0034272,M.Valdes-Scantling,16,6,76.0,1,-1.4457105625478914,-0.09035691015924321,4,0.25,349.0,24.0,21.8125,4.0,4.0,1,2,1
2021,REG,GB,00-0023459,Aa.Rodgers,00-0034279,E.St. Brown,6,3,12.0,0,2.312048505846171,0.3853414176410285,2,0.3333333333333333,38.0,8.0,6.333333333333333,2.6666666666666665,1.0,0,2,0
2021,REG,GB,00-0023459,Aa.Rodgers,00-0034521,A.Lazard,20,15,184.0,2,11.713178098565923,0.5856589049282961,13,0.65,187.0,79.0,9.35,5.266666666666667,10.0,2,5,2
2021,REG,GB,00-0023459,Aa.Rodgers,00-0035593,J.Winfree,6,4,30.0,0,0.06242565048160012,0.010404275080266687,3,0.5,24.0,14.0,4.0,3.5,2.0,0,2,0
2021,REG,GB,00-0023459,Aa.Rodgers,00-0036265,A.Dillon,12,10,90.0,1,4.221558292570998,0.35179652438091646,7,0.5833333333333334,15.0,78.0,1.25,7.8,5.0,1,2,1
2021,REG,GB,00-0023459,Aa.Rodgers,00-0036332,J.Deguara,4,4,28.0,0,1.433624827885071,0.35840620697126774,2,0.5,-3.0,31.0,-0.75,7.75,1.0,0,0,0
2021,REG,GB,00-0023459,Aa.Rodgers,00-0036669,K.Hill,2,1,5.0,0,-0.414350159640889,-0.2071750798204445,1,0.5,-3.0,7.0,-1.5,7.0,0.0,0,0,0
2021,REG,GB,00-0023459,Aa.Rodgers,00-0036991,Am.Rodgers,4,2,21.0,0,0.484411265351809,0.12110281633795225,2,0.5,5.0,19.0,1.25,9.5,1.0,0,1,0
2021,REG,WAS,00-0023682,R.Fitzpatrick,00-0032009,A.Humphries,1,1,6.0,0,0.14014948962722,0.14014948962722,1,1.0,4.0,2.0,4.0,2.0,0.0,0,1,0
2021,REG,WAS,00-0023682,R.Fitzpatrick,00-0032602,J.McKissic,1,0,0.0,0,-0.522729073651135,-0.522729073651135,0,0.0,-9.0,0.0,-9.0,0.0,0.0,0,0,0
2021,REG,WAS,00-0023682,R.Fitzpatrick,00-0036328,A.Gibson,3,2,7.0,0,-1.106651765061543,-0.36888392168718104,0,0.0,7.0,4.0,2.3333333333333335,2.0,0.0,0,0,0
2021,REG,WAS,00-0023682,R.Fitzpatrick,00-0036626,D.Brown,1,0,0.0,0,-1.55444613052532,-1.55444613052532,0,0.0,7.0,0.0,7.0,0.0,0.0,0,0,0
2021,REG,BAL,00-0024417,S.Koch,00-0036630,T.Wallace,1,0,0.0,0,-2.7787173029501,-2.7787173029501,0,0.0,10.0,0.0,10.0,0.0,0.0,0,0,0
2021,REG,HOU,00-0026035,D.Amendola,00-0031236,B.Cooks,1,0,0.0,0,-0.361697550688405,-0.361697550688405,0,0.0,14.0,0.0,14.0,0.0,0.0,0,0,0
2021,REG,ATL,00-0026143,M.Ryan,00-0028097,L.Smith,11,9,65.0,1,2.709607003373094,0.246327909397554,6,0.5454545454545454,38.0,31.0,3.4545454545454546,3.4444444444444446,3.0,1,2,1
2021,REG,ATL,00-0026143,M.Ryan,00-0030578,C.Patterson,69,52,548.0,5,19.09102597580629,0.27668153588125055,36,0.5217391304347826,214.0,385.0,3.101449275362319,7.403846153846154,26.0,8,12,4
2021,REG,ATL,00-0026143,M.Ryan,00-0030968,K.Smith,10,9,56.0,0,1.687638349598279,0.16876383495982789,6,0.6,21.0,38.0,2.1,4.222222222222222,3.0,0,0,0
2021,REG,ATL,00-0026143,M.Ryan,00-0032063,M.Davis,58,44,259.0,1,-23.21665930790608,-0.40028722944665657,19,0.3275862068965517,-52.0,306.0,-0.896551724137931,6.954545454545454,12.0,2,6,1
2021,REG,ATL,00-0026143,M.Ryan,00-0032778,T.Sharpe,36,25,230.0,0,7.17001073486374,0.1991669648573261,18,0.5,331.0,69.0,9.194444444444445,2.76,14.0,0,5,0
2021,REG,ATL,00-0026143,M.Ryan,00-0033094,M.Hall,1,1,10.0,0,1.1529732060153,1.1529732060153,1,1.0,5.0,5.0,5.0,5.0,1.0,0,0,0
2021,REG,ATL,00-0026143,M.Ryan,00-0033950,W.Gallman,3,1,21.0,0,0.800340533023704,0.266780177674568,1,0.3333333333333333,5.0,20.0,1.6666666666666667,20.0,1.0,1,0,0
2021,REG,ATL,00-0026143,M.Ryan,00-0034132,C.Blake,8,4,25.0,0,-3.3233542050002156,-0.41541927562502695,3,0.375,41.0,2.0,5.125,0.5,2.0,0,1,0
2021,REG,ATL,00-0026143,M.Ryan,00-0034411,R.Gage,92,66,771.0,4,21.28517378906841,0.23136058466378706,54,0.5869565217391305,875.0,249.0,9.51086956521739,3.772727272727273,37.0,8,14,3
2021,REG,ATL,00-0026143,M.Ryan,00-0034830,H.Hurst,31,26,221.0,3,2.64730920143161,0.0853970710139229,16,0.5161290322580645,205.0,89.0,6.612903225806452,3.423076923076923,11.0,1,7,3
2021,REG,ATL,00-0026143,M.Ryan,00-0034837,C.Ridley,52,31,281.0,2,7.901234673704037,0.15194682064815457,24,0.46153846153846156,521.0,91.0,10.01923076923077,2.935483870967742,16.0,3,11,2
2021,REG,ATL,00-0026143,M.Ryan,00-0035208,O.Zaccheaus,53,31,406.0,3,12.136358946896625,0.2289879046584269,27,0.5094339622641509,467.0,96.0,8.81132075471698,3.096774193548387,22.0,4,9,3
2021,REG,ATL,00-0026143,M.Ryan,00-0035273,Q.Ollison,6,4,12.0,0,-4.134114332846364,-0.689019055474394,2,0.3333333333333333,0.0,7.0,0.0,1.75,1.0,0,2,0
2021,REG,ATL,00-0026143,M.Ryan,00-0035572,P.Hesse,4,4,38.0,0,2.179149777803107,0.5447874444507768,4,1.0,17.0,21.0,4.25,5.25,3.0,0,0,0
2021,REG,ATL,00-0026143,M.Ryan,00-0036951,F.Darby,1,0,0.0,0,-0.428773775522131,-0.428773775522131,0,0.0,33.0,0.0,33.0,0.0,0.0,0,0,0
2021,REG,ATL,00-0026143,M.Ryan,00-0036970,K.Pitts,109,68,1026.0,1,30.008586289282917,0.2753081310943387,58,0.5321100917431193,1185.0,313.0,10.871559633027523,4.602941176470588,43.0,16,15,1
2021,REG,NYJ,00-0026158,J.Flacco,00-0030108,R.Griffin,4,3,39.0,0,3.37203254172346,0.843008135430865,3,0.75,6.0,33.0,1.5,11.0,1.0,1,0,0
2021,REG,NYJ,00-0026158,J.Flacco,00-0031941,J.Crowder,7,6,44.0,1,5.031061923065285,0.7187231318664693,6,0.8571428571428571,43.0,19.0,6.142857142857143,3.1666666666666665,3.0,0,2,1
2021,REG,NYJ,00-0026158,J.Flacco,00-0032058,T.Coleman,1,1,2.0,0,-0.829405651660636,-0.829405651660636,0,0.0,-1.0,3.0,-1.0,3.0,0.0,0,0,0
2021,REG,NYJ,00-0026158,J.Flacco,00-0033681,K.Cole,1,0,0.0,0,-0.840566722000714,-0.840566722000714,0,0.0,15.0,0.0,15.0,0.0,0.0,0,0,0
2021,REG,NYJ,00-0026158,J.Flacco,00-0033871,C.Davis,7,3,35.0,0,-2.5885357583756567,-0.36979082262509383,3,0.42857142857142855,93.0,18.0,13.285714285714286,6.0,2.0,0,0,0
2021,REG,NYJ,00-0026158,J.Flacco,00-0034419,B.Berrios,2,1,7.0,0,-1.434577737178183,-0.7172888685890915,1,0.5,6.0,3.0,3.0,3.0,0.0,0,1,0
2021,REG,NYJ,00-0026158,J.Flacco,00-0034433,N.Bawden,1,1,20.0,0,1.75669377064332,1.75669377064332,1,1.0,9.0,11.0,9.0,11.0,1.0,1,0,0
2021,REG,NYJ,00-0026158,J.Flacco,00-0035537,T.Johnson,1,1,8.0,0,0.486671232501976,0.486671232501976,1,1.0,-1.0,9.0,-1.0,9.0,0.0,0,0,0
2021,REG,NYJ,00-0026158,J.Flacco,00-0036924,Mi.Carter,1,1,2.0,0,-0.34460558462888,-0.34460558462888,0,0.0,1.0,1.0,1.0,1.0,0.0,0,0,0
2021,REG,NYJ,00-0026158,J.Flacco,00-0036980,E.Moore,13,10,181.0,2,14.174789706245068,1.0903684389419284,9,0.6923076923076923,128.0,78.0,9.846153846153847,7.8,7.0,4,1,1
2021,REG,KC,00-0026197,C.Henne,00-0030506,T.Kelce,3,1,7.0,0,-0.591388866654597,-0.197129622218199,1,0.3333333333333333,32.0,1.0,10.666666666666666,1.0,1.0,0,0,0
2021,REG,KC,00-0026197,C.Henne,00-0031376,J.McKinnon,1,1,2.0,0,0.604104683385231,0.604104683385231,1,1.0,1.0,1.0,1.0,1.0,1.0,0,0,0
2021,REG,KC,00-0026197,C.Henne,00-0032775,D.Robinson,2,1,7.0,0,-0.09721918089780901,-0.048609590448904505,1,0.5,16.0,0.0,8.0,0.0,1.0,0,0,0
2021,REG,KC,00-0026197,C.Henne,00-0033040,T.Hill,4,3,33.0,0,2.7622168582747713,0.6905542145686928,3,0.75,44.0,0.0,11.0,0.0,2.0,0,0,0
2021,REG,KC,00-0026197,C.Henne,00-0033481,M.Kemp,1,1,8.0,0,0.252887243404984,0.252887243404984,1,1.0,5.0,3.0,5.0,3.0,0.0,0,0,0
2021,REG,KC,00-0026197,C.Henne,00-0034301,Da.Williams,1,1,6.0,0,0.0553296054713428,0.0553296054713428,1,1.0,1.0,5.0,1.0,5.0,0.0,0,0,0
2021,REG,KC,00-0026197,C.Henne,00-0035140,M.Hardman,1,1,8.0,0,-3.06203083967557,-3.06203083967557,0,0.0,3.0,5.0,3.0,5.0,0.0,0,1,0
2021,REG,KC,00-0026197,C.Henne,00-0035715,D.Gore,1,1,7.0,0,0.765953034395352,0.765953034395352,1,1.0,-1.0,8.0,-1.0,8.0,1.0,0,0,0
2021,REG,KC,00-0026197,C.Henne,00-0036637,N.Gray,1,1,4.0,0,-0.122889920137823,-0.122889920137823,0,0.0,3.0,1.0,3.0,1.0,0.0,0,0,0
2021,REG,NYJ,00-0026300,J.Johnson,00-0030108,R.Griffin,6,4,28.0,1,3.4965454697376135,0.5827575782896023,3,0.5,24.0,13.0,4.0,3.25,3.0,0,2,1
2021,REG,BAL,00-0026300,J.Johnson,00-0030513,L.Murray,1,1,12.0,0,1.46806943207048,1.46806943207048,1,1.0,3.0,9.0,3.0,9.0,1.0,0,0,0
2021,REG,BAL,00-0026300,J.Johnson,00-0031285,D.Freeman,2,2,3.0,0,-0.8696715211262924,-0.4348357605631462,0,0.0,-1.0,4.0,-0.5,2.0,0.0,0,0,0
2021,REG,NYJ,00-0026300,J.Johnson,00-0031941,J.Crowder,7,5,35.0,0,2.5532680070027687,0.36475257242896697,4,0.5714285714285714,31.0,20.0,4.428571428571429,4.0,2.0,0,2,0
2021,REG,NYJ,00-0026300,J.Johnson,00-0032214,T.Kroft,1,1,26.0,0,2.21514864318306,2.21514864318306,1,1.0,25.0,1.0,25.0,1.0,1.0,1,0,0
2021,REG,NYJ,00-0026300,J.Johnson,00-0033681,K.Cole,6,3,39.0,0,-3.0756606240459368,-0.5126101040076562,3,0.5,64.0,6.0,10.666666666666666,2.0,3.0,0,3,0
2021,REG,NYJ,00-0026300,J.Johnson,00-0034419,B.Berrios,2,1,5.0,0,-0.5656996813486332,-0.2828498406743166,0,0.0,17.0,1.0,8.5,1.0,0.0,0,0,0
2021,REG,BAL,00-0026300,J.Johnson,00-0034753,M.Andrews,10,8,125.0,1,9.252160281466782,0.9252160281466782,7,0.7,108.0,46.0,10.8,5.75,7.0,2,1,1
2021,REG,NYJ,00-0026300,J.Johnson,00-0035259,T.Wesco,2,2,16.0,0,0.479243955225684,0.239621977612842,2,1.0,3.0,13.0,1.5,6.5,1.0,0,0,0
2021,REG,NYJ,00-0026300,J.Johnson,00-0035510,J.Smith,4,3,40.0,0,5.389860797033181,1.3474651992582953,3,0.75,68.0,8.0,17.0,2.6666666666666665,2.0,0,0,0
2021,REG,NYJ,00-0026300,J.Johnson,00-0035537,T.Johnson,4,2,40.0,1,3.5402004102943523,0.8850501025735881,2,0.5,7.0,39.0,1.75,19.5,2.0,1,1,0
2021,REG,BAL,00-0026300,J.Johnson,00-0035662,M.Brown,9,5,44.0,0,-1.7786035916360574,-0.19762262129289526,3,0.3333333333333333,65.0,29.0,7.222222222222222,5.8,3.0,0,1,0
2021,REG,BAL,00-0026300,J.Johnson,00-0036133,J.Proche,8,7,76.0,0,3.6846614789683407,0.4605826848710426,7,0.875,70.0,13.0,8.75,1.8571428571428572,4.0,0,0,0
2021,REG,NYJ,00-0026300,J.Johnson,00-0036255,D.Mims,5,1,20.0,0,-2.876774038352295,-0.575354807670459,1,0.2,59.0,1.0,11.8,1.0,1.0,1,1,0
2021,REG,BAL,00-0026300,J.Johnson,00-0036550,R.Bateman,5,4,26.0,1,3.4538275501108764,0.6907655100221752,3,0.6,21.0,6.0,4.2,1.5,3.0,0,2,1
2021,REG,BAL,00-0026300,J.Johnson,00-0036630,T.Wallace,2,1,18.0,0,1.4539372225990568,0.7269686112995284,1,0.5,8.0,14.0,4.0,14.0,1.0,0,0,0
2021,REG,NYJ,00-0026300,J.Johnson,00-0036924,Mi.Carter,2,2,28.0,0,2.746211464167577,1.3731057320837885,2,1.0,-6.0,34.0,-3.0,17.0,2.0,0,0,0
2021,REG,NYJ,00-0026300,J.Johnson,00-0036980,E.Moore,6,5,39.0,1,2.211448609712539,0.3685747682854232,3,0.5,47.0,8.0,7.833333333333333,1.6,3.0,0,1,1
2021,REG,LA,00-0026498,M.Stafford,00-0026189,D.Jackson,15,8,221.0,1,9.191723283438478,0.6127815522292318,6,0.4,346.0,104.0,23.066666666666666,13.0,4.0,3,0,0
2021,REG,LA,00-0026498,M.Stafford,00-0030431,R.Woods,69,45,556.0,4,31.363960135393132,0.45455014688975554,43,0.6231884057971014,559.0,198.0,8.101449275362318,4.4,34.0,8,17,4
2021,REG,LA,00-0026498,M.Stafford,00-0031235,O.Beckham,49,27,305.0,5,7.129921804170992,0.1455086082483876,21,0.42857142857142855,618.0,103.0,12.612244897959183,3.814814814814815,16.0,3,10,4
2021,REG,LA,00-0026498,M.Stafford,00-0033110,T.Higbee,85,61,560.0,5,4.090717142722793,0.04812608403203286,50,0.5882352941176471,458.0,275.0,5.3882352941176475,4.508196721311475,33.0,3,20,5
2021,REG,LA,00-0026498,M.Stafford,00-0033246,J.Mundt,1,1,9.0,0,1.34623726073187,1.34623726073187,1,1.0,7.0,2.0,7.0,2.0,1.0,0,0,0
2021,REG,LA,00-0026498,M.Stafford,00-0033908,C.Kupp,191,145,1947.0,16,115.77822235368436,0.6061687034224312,121,0.6335078534031413,1625.0,846.0,8.507853403141361,5.834482758620689,89.0,30,39,13
2021,REG,LA,00-0026498,M.Stafford,00-0034845,S.Michel,33,21,128.0,1,-8.643807557342065,-0.2619335623436989,11,0.3333333333333333,-14.0,133.0,-0.42424242424242425,6.333333333333333,6.0,1,2,1
2021,REG,LA,00-0026498,M.Stafford,00-0035603,K.Blanton,6,3,35.0,0,0.41264796198811493,0.06877466033135249,3,0.5,47.0,7.0,7.833333333333333,2.3333333333333335,2.0,1,1,0
2021,REG,LA,00-0026498,M.Stafford,00-0035664,D.Henderson,40,29,176.0,3,-7.756834660989242,-0.19392086652473103,11,0.275,37.0,180.0,0.925,6.206896551724138,8.0,2,9,2
2021,REG,LA,00-0026498,M.Stafford,00-0036414,C.Akers,3,3,10.0,0,-0.5766438449500131,-0.1922146149833377,1,0.3333333333333333,6.0,4.0,2.0,1.3333333333333333,0.0,0,1,0
2021,REG,LA,00-0026498,M.Stafford,00-0036415,V.Jefferson,87,50,802.0,6,34.4537221927997,0.3960197953195368,40,0.45977011494252873,1169.0,220.0,13.436781609195402,4.4,32.0,12,15,3
2021,REG,LA,00-0026498,M.Stafford,00-0036424,B.Hopkins,1,1,9.0,0,1.65918135293759,1.65918135293759,1,1.0,3.0,6.0,3.0,6.0,1.0,0,0,0
2021,REG,LA,00-0026498,M.Stafford,00-0036862,B.Skowronek,19,10,128.0,0,1.7077818541552188,0.08988325548185362,8,0.42105263157894735,212.0,46.0,11.157894736842104,4.6,7.0,2,2,0
2021,REG,NE,00-0026625,B.Hoyer,00-0033307,K.Bourne,4,3,102.0,0,7.17222968762508,1.79305742190627,3,0.75,17.0,90.0,4.25,30.0,2.0,2,1,0
2021,REG,NE,00-0026625,B.Hoyer,00-0034960,J.Meyers,1,1,11.0,1,2.32319080305751,2.32319080305751,1,1.0,2.0,9.0,2.0,9.0,1.0,0,1,1
2021,REG,NE,00-0026625,B.Hoyer,00-0035624,N.Harry,3,2,54.0,0,5.05693060407066,1.6856435346902199,2,0.6666666666666666,59.0,3.0,19.666666666666668,1.5,2.0,2,0,0
2021,REG,NE,00-0026625,B.Hoyer,00-0035645,G.Olszewski,2,2,31.0,0,3.60635826410725,1.803179132053625,2,1.0,17.0,14.0,8.5,7.0,2.0,1,0,0
2021,REG,NE,00-0026625,B.Hoyer,00-0035726,J.Johnson,1,1,29.0,0,2.71842508198461,2.71842508198461,1,1.0,2.0,27.0,2.0,27.0,1.0,1,0,0
2021,REG,ARI,00-0027688,C.McCoy,00-0027942,A.Green,10,5,82.0,0,3.0456605528791254,0.30456605528791253,4,0.4,123.0,11.0,12.3,2.2,4.0,2,1,0
2021,REG,ARI,00-0027688,C.McCoy,00-0030061,Z.Ertz,20,14,147.0,2,7.178368364505238,0.35891841822526194,11,0.55,117.0,71.0,5.85,5.071428571428571,10.0,2,4,2
2021,REG,ARI,00-0027688,C.McCoy,00-0033258,D.Daniels,3,1,0.0,0,-1.991230537649244,-0.6637435125497481,0,0.0,22.0,1.0,7.333333333333333,1.0,0.0,0,0,0
2021,REG,ARI,00-0027688,C.McCoy,00-0033553,J.Conner,14,12,135.0,1,9.20227778085972,0.6573055557756943,8,0.5714285714285714,10.0,143.0,0.7142857142857143,11.916666666666666,6.0,3,0,0
2021,REG,ARI,00-0027688,C.McCoy,00-0034775,C.Kirk,21,17,191.0,0,8.12784673873496,0.3870403208921409,11,0.5238095238095238,141.0,71.0,6.714285714285714,4.176470588235294,10.0,2,2,0
2021,REG,ARI,00-0027688,C.McCoy,00-0035126,A.Wesley,8,6,73.0,0,-3.0874806086067075,-0.38593507607583843,4,0.5,66.0,34.0,8.25,5.666666666666667,3.0,2,1,0
2021,REG,ARI,00-0027688,C.McCoy,00-0035527,A.Isabella,1,1,13.0,0,0.810408839141019,0.810408839141019,1,1.0,6.0,7.0,6.0,7.0,1.0,0,0,0
2021,REG,ARI,00-0027688,C.McCoy,00-0035924,J.Ward,2,1,9.0,0,-0.037240680598189024,-0.018620340299094512,1,0.5,-1.0,15.0,-0.5,15.0,0.0,0,0,0
2021,REG,ARI,00-0027688,C.McCoy,00-0036383,E.Benjamin,1,1,5.0,0,1.27287099999376,1.27287099999376,1,1.0,5.0,0.0,5.0,0.0,1.0,0,0,0
2021,REG,ARI,00-0027688,C.McCoy,00-0036936,R.Moore,18,16,76.0,0,3.5472992355935307,0.19707217975519614,10,0.5555555555555556,23.0,90.0,1.2777777777777777,5.625,4.0,0,2,0
2021,REG,CAR,00-0027939,C.Newton,00-0030663,W.Snead,1,0,0.0,0,-3.48151910956949,-3.48151910956949,0,0.0,20.0,0.0,20.0,0.0,0.0,0,0,0
2021,REG,CAR,00-0027939,C.Newton,00-0032104,A.Abdullah,15,8,74.0,1,-10.1315270911169,-0.6754351394077934,4,0.26666666666666666,24.0,50.0,1.6,6.25,2.0,1,2,0
2021,REG,CAR,00-0027939,C.Newton,00-0032543,A.Erickson,1,0,0.0,0,-0.79980623582378,-0.79980623582378,0,0.0,8.0,0.0,8.0,0.0,0.0,0,0,0
2021,REG,CAR,00-0027939,C.Newton,00-0032688,R.Anderson,26,14,113.0,1,-4.08372290391707,-0.15706626553527192,10,0.38461538461538464,217.0,33.0,8.346153846153847,2.357142857142857,6.0,1,2,1
2021,REG,CAR,00-0027939,C.Newton,00-0033280,C.McCaffrey,9,7,60.0,1,-0.8626429931609929,-0.09584922146233255,4,0.4444444444444444,41.0,25.0,4.555555555555555,3.5714285714285716,3.0,1,0,0
2021,REG,CAR,00-0027939,C.Newton,00-0034052,B.Zylstra,11,7,58.0,0,0.8426073126611318,0.07660066478737561,6,0.5454545454545454,59.0,43.0,5.363636363636363,6.142857142857143,2.0,0,1,0
2021,REG,CAR,00-0027939,C.Newton,00-0034365,I.Thomas,5,2,12.0,0,-1.50517063512234,-0.30103412702446797,1,0.2,20.0,5.0,4.0,2.5,0.0,0,0,0
2021,REG,CAR,00-0027939,C.Newton,00-0034827,Dj.Moore,39,23,282.0,1,6.793738719973341,0.17419842871726515,19,0.48717948717948717,349.0,108.0,8.948717948717949,4.695652173913044,14.0,2,3,1
2021,REG,CAR,00-0027939,C.Newton,00-0035956,G.Ricci,1,0,0.0,0,-0.426875583361834,-0.426875583361834,0,0.0,17.0,0.0,17.0,0.0,0.0,0,0,0
2021,REG,CAR,00-0027939,C.Newton,00-0036555,C.Hubbard,2,1,1.0,0,-2.195810278644789,-1.0979051393223944,0,0.0,-6.0,8.0,-3.0,8.0,0.0,0,0,0
2021,REG,CAR,00-0027939,C.Newton,00-0036572,S.Smith,2,0,0.0,0,-5.329632252338341,-2.6648161261691703,0,0.0,16.0,0.0,8.0,0.0,0.0,0,0,0
2021,REG,CAR,00-0027939,C.Newton,00-0036955,T.Marshall,2,0,0.0,0,-1.980513944814447,-0.9902569724072235,0,0.0,13.0,0.0,6.5,0.0,0.0,0,0,0
2021,REG,CAR,00-0027939,C.Newton,00-0037005,T.Tremble,11,7,84.0,0,4.84883368114242,0.44080306192203816,7,0.6363636363636364,92.0,37.0,8.363636363636363,5.285714285714286,5.0,0,0,0
2021,REG,TB,00-0027948,B.Gabbert,00-0027793,A.Brown,1,1,23.0,0,1.98846416122979,1.98846416122979,1,1.0,22.0,1.0,22.0,1.0,1.0,1,0,0
2021,REG,TB,00-0027948,B.Gabbert,00-0030456,G.Bernard,1,1,4.0,0,-0.167634927434847,-0.167634927434847,0,0.0,-3.0,7.0,-3.0,7.0,0.0,0,0,0
2021,REG,TB,00-0027948,B.Gabbert,00-0033921,C.Godwin,1,1,15.0,0,1.25477774208412,1.25477774208412,1,1.0,-4.0,19.0,-4.0,19.0,1.0,0,0,0
2021,REG,TB,00-0027948,B.Gabbert,00-0034319,D.Yelder,1,1,0.0,0,-0.605865706864279,-0.605865706864279,0,0.0,-2.0,2.0,-2.0,2.0,0.0,0,0,0
2021,REG,TB,00-0027948,B.Gabbert,00-0035298,S.Miller,1,0,0.0,0,-1.08044291147962,-1.08044291147962,0,0.0,19.0,0.0,19.0,0.0,0.0,0,0,0
2021,REG,TB,00-0027948,B.Gabbert,00-0036427,T.Johnson,3,2,22.0,0,3.611919952697333,1.2039733175657776,2,0.6666666666666666,25.0,5.0,8.333333333333334,2.5,2.0,0,1,0
2021,REG,TB,00-0027948,B.Gabbert,00-0036877,J.Darden,3,1,3.0,0,-3.42274728448207,-1.1409157614940233,0,0.0,33.0,5.0,11.0,5.0,0.0,0,0,0
2021,REG,CHI,00-0027973,A.Dalton,00-0027696,J.Graham,13,8,87.0,2,8.359678823020786,0.6430522171554451,7,0.5384615384615384,96.0,30.0,7.384615384615385,3.75,6.0,1,5,2
2021,REG,CHI,00-0027973,A.Dalton,00-0030068,M.Goodwin,15,9,139.0,1,9.36636638448969,0.624424425632646,8,0.5333333333333333,167.0,33.0,11.133333333333333,3.6666666666666665,6.0,2,2,0
2021,REG,CHI,00-0027973,A.Dalton,00-0030874,D.Williams,13,9,59.0,1,-0.5431727314717062,-0.04178251780551586,5,0.38461538461538464,24.0,57.0,1.8461538461538463,6.333333333333333,2.0,1,1,0
2021,REG,CHI,00-0027973,A.Dalton,00-0031428,A.Robinson,22,12,102.0,1,0.24321934829653347,0.011055424922569702,12,0.5454545454545454,143.0,24.0,6.5,2.0,8.0,0,3,1
2021,REG,CHI,00-0027973,A.Dalton,00-0031868,D.Byrd,25,17,170.0,0,0.9877807861924083,0.03951123144769633,12,0.48,232.0,37.0,9.28,2.176470588235294,10.0,1,2,0
2021,REG,CHI,00-0027973,A.Dalton,00-0032135,J.James,2,1,4.0,0,-1.738511900579552,-0.869255950289776,0,0.0,13.0,1.0,6.5,1.0,0.0,0,1,0
2021,REG,CHI,00-0027973,A.Dalton,00-0032791,J.Grant,11,7,87.0,1,4.763777888321785,0.43307071712016226,6,0.5454545454545454,53.0,61.0,4.818181818181818,8.714285714285714,5.0,1,1,1
2021,REG,CHI,00-0027973,A.Dalton,00-0033957,R.Adams,1,0,0.0,0,-0.815943880006671,-0.815943880006671,0,0.0,15.0,0.0,15.0,0.0,0.0,0,0,0
2021,REG,CHI,00-0027973,A.Dalton,00-0035685,D.Montgomery,22,19,135.0,0,4.421195504895876,0.20096343204072165,13,0.5909090909090909,-5.0,132.0,-0.22727272727272727,6.947368421052632,9.0,0,2,0
2021,REG,CHI,00-0027973,A.Dalton,00-0036290,C.Kmet,35,24,233.0,0,-1.6160935921959414,-0.04617410263416975,17,0.4857142857142857,216.0,107.0,6.171428571428572,4.458333333333333,13.0,2,3,0
2021,REG,CHI,00-0027973,A.Dalton,00-0036308,I.Coulter,1,0,0.0,0,-0.857183249667287,-0.857183249667287,0,0.0,22.0,0.0,22.0,0.0,0.0,0,0,0
2021,REG,CHI,00-0027973,A.Dalton,00-0036309,D.Mooney,67,41,475.0,2,0.7385457380736034,0.011023070717516468,29,0.43283582089552236,599.0,253.0,8.940298507462687,6.170731707317073,23.0,3,6,1
2021,REG,CHI,00-0027973,A.Dalton,00-0036906,K.Herbert,1,1,11.0,0,-0.275353889563121,-0.275353889563121,0,0.0,4.0,7.0,4.0,7.0,1.0,0,0,0
2021,REG,CHI,00-0027973,A.Dalton,00-0036907,D.Newsome,2,1,13.0,0,-10.284945663879629,-5.1424728319398145,0,0.0,20.0,10.0,10.0,10.0,0.0,0,0,0
2021,REG,HOU,00-0028118,T.Taylor,00-0026035,D.Amendola,13,6,72.0,0,-5.765034241186588,-0.4434641723989683,4,0.3076923076923077,137.0,42.0,10.538461538461538,7.0,3.0,1,1,0
2021,REG,HOU,00-0028118,T.Taylor,00-0030288,R.Burkhead,4,4,42.0,0,3.7127314332174155,0.9281828583043539,3,0.75,8.0,34.0,2.0,8.5,2.0,1,0,0
2021,REG,HOU,00-0028118,T.Taylor,00-0031236,B.Cooks,24,11,117.0,1,-2.2939129552396533,-0.09557970646831888,10,0.4166666666666667,232.0,27.0,9.666666666666666,2.4545454545454546,6.0,1,4,0
2021,REG,HOU,00-0028118,T.Taylor,00-0032128,C.Conley,10,6,75.0,0,3.5980762871913674,0.35980762871913674,5,0.5,67.0,32.0,6.7,5.333333333333333,4.0,1,1,0
2021,REG,HOU,00-0028118,T.Taylor,00-0032187,D.Johnson,12,8,61.0,0,-10.528506631879853,-0.8773755526566545,3,0.25,4.0,62.0,0.3333333333333333,7.75,2.0,0,4,0
2021,REG,HOU,00-0028118,T.Taylor,00-0032398,C.Moore,3,3,10.0,0,-0.18124652397818897,-0.060415507992729656,1,0.3333333333333333,-7.0,17.0,-2.3333333333333335,5.666666666666667,1.0,0,0,0
2021,REG,HOU,00-0028118,T.Taylor,00-0033421,A.Auclair,2,2,23.0,0,3.192508502164854,1.596254251082427,2,1.0,11.0,12.0,5.5,6.0,1.0,0,0,0
2021,REG,HOU,00-0028118,T.Taylor,00-0033439,P.Brown,8,5,29.0,0,-6.280469014891426,-0.7850586268614282,2,0.25,13.0,26.0,1.625,5.2,1.0,0,0,0
2021,REG,HOU,00-0028118,T.Taylor,00-0034364,J.Akins,3,2,7.0,0,-3.0955293854058223,-1.0318431284686074,1,0.3333333333333333,21.0,-1.0,7.0,-0.5,0.0,0,1,0
2021,REG,HOU,00-0028118,T.Taylor,00-0034838,R.Freeman,1,1,11.0,0,0.891080900095403,0.891080900095403,1,1.0,0.0,11.0,0.0,11.0,1.0,0,0,0
2021,REG,HOU,00-0028118,T.Taylor,00-0035101,D.Davis,1,0,0.0,0,-5.67190226446837,-5.67190226446837,0,0.0,4.0,0.0,4.0,0.0,0.0,0,0,0
2021,REG,HOU,00-0028118,T.Taylor,00-0036554,N.Collins,10,6,64.0,0,0.042367803158838147,0.004236780315883815,5,0.5,109.0,27.0,10.9,4.5,3.0,1,1,0
2021,REG,HOU,00-0028118,T.Taylor,00-0036556,B.Jordan,10,6,39.0,1,0.48473718498673124,0.04847371849867312,3,0.3,69.0,22.0,6.9,3.6666666666666665,2.0,0,2,1
2021,REG,HOU,00-0028118,Ty.Taylor,00-0026035,D.Amendola,6,6,43.0,1,4.456539592210903,0.7427565987018171,4,0.6666666666666666,24.0,19.0,4.0,3.1666666666666665,2.0,0,1,1
2021,REG,HOU,00-0028118,Ty.Taylor,00-0027966,M.Ingram,3,1,-1.0,0,-3.107563812693115,-1.0358546042310384,0,0.0,25.0,0.0,8.333333333333334,0.0,0.0,0,1,0
2021,REG,HOU,00-0028118,Ty.Taylor,00-0030288,R.Burkhead,2,1,6.0,0,-0.08523670723662002,-0.04261835361831001,1,0.5,-4.0,12.0,-2.0,12.0,1.0,0,0,0
2021,REG,HOU,00-0028118,Ty.Taylor,00-0031236,B.Cooks,12,10,182.0,0,11.339298080274613,0.9449415066895511,9,0.75,163.0,38.0,13.583333333333334,3.8,6.0,4,0,0
2021,REG,HOU,00-0028118,Ty.Taylor,00-0032128,C.Conley,3,3,40.0,0,3.4621868646936527,1.1540622882312175,3,1.0,26.0,14.0,8.666666666666666,4.666666666666667,2.0,0,0,0
2021,REG,HOU,00-0028118,Ty.Taylor,00-0032187,D.Johnson,4,3,18.0,1,2.2838408511015578,0.5709602127753894,2,0.5,9.0,14.0,2.25,4.666666666666667,1.0,0,2,1
2021,REG,HOU,00-0028118,Ty.Taylor,00-0033439,P.Brown,5,4,67.0,0,4.704540579579778,0.9409081159159556,3,0.6,66.0,34.0,13.2,8.5,3.0,2,0,0
2021,REG,HOU,00-0028118,Ty.Taylor,00-0034109,P.Lindsay,2,1,22.0,1,2.325203847081867,1.1626019235409335,1,0.5,-7.0,26.0,-3.5,26.0,1.0,1,1,0
2021,REG,HOU,00-0028118,Ty.Taylor,00-0034364,J.Akins,2,0,0.0,0,-1.957626279528506,-0.978813139764253,0,0.0,19.0,0.0,9.5,0.0,0.0,0,2,0
2021,REG,HOU,00-0028118,Ty.Taylor,00-0036554,N.Collins,4,2,39.0,0,1.103825163678277,0.27595629091956925,2,0.5,30.0,23.0,7.5,11.5,2.0,1,1,0
2021,REG,LA,00-0028872,J.Hekker,00-0035603,K.Blanton,1,1,2.0,0,-2.58209159300895,-2.58209159300895,0,0.0,-4.0,6.0,-4.0,6.0,0.0,0,1,0
2021,REG,CLE,00-0028986,C.Keenum,00-0031235,O.Beckham,6,2,23.0,0,-0.35814693010898724,-0.05969115501816454,2,0.3333333333333333,81.0,0.0,13.5,0.0,1.0,0,0,0
2021,REG,CLE,00-0028986,C.Keenum,00-0031382,J.Landry,20,14,127.0,1,0.6457064478309011,0.03228532239154506,10,0.5,114.0,56.0,5.7,4.0,8.0,2,4,0
2021,REG,CLE,00-0028986,C.Keenum,00-0032392,A.Hooper,4,2,42.0,0,1.854405009944456,0.463601252486114,2,0.5,6.0,39.0,1.5,19.5,1.0,1,0,0
2021,REG,CLE,00-0028986,C.Keenum,00-0032977,R.Higgins,4,1,-2.0,0,-4.0136012705625035,-1.0034003176406259,0,0.0,57.0,0.0,14.25,0.0,0.0,0,0,0
2021,REG,CLE,00-0028986,C.Keenum,00-0033885,D.Njoku,5,5,35.0,0,3.134374300832861,0.6268748601665722,5,1.0,9.0,26.0,1.8,5.2,1.0,0,0,0
2021,REG,CLE,00-0028986,C.Keenum,00-0034311,J.Stanton,1,1,1.0,1,0.513632205227623,0.513632205227623,1,1.0,1.0,0.0,1.0,0.0,1.0,0,1,1
2021,REG,CLE,00-0028986,C.Keenum,00-0034791,N.Chubb,1,1,2.0,0,-0.304570446023718,-0.304570446023718,0,0.0,-5.0,7.0,-5.0,7.0,0.0,0,0,0
2021,REG,CLE,00-0028986,C.Keenum,00-0035628,D.Johnson,6,6,77.0,0,5.065213798487093,0.8442022997478489,5,0.8333333333333334,-3.0,80.0,-0.5,13.333333333333334,4.0,0,0,0
2021,REG,CLE,00-0028986,C.Keenum,00-0036232,H.Bryant,6,3,29.0,0,-1.7715485302032894,-0.2952580883672149,3,0.5,45.0,6.0,7.5,2.0,2.0,0,3,0
2021,REG,CLE,00-0028986,C.Keenum,00-0036233,D.Peoples-Jones,5,4,54.0,0,3.362615473801273,0.6725230947602545,3,0.6,20.0,36.0,4.0,9.0,3.0,1,1,0
2021,REG,CLE,00-0028986,C.Keenum,00-0036654,D.Felton,5,5,39.0,1,4.790026597969701,0.9580053195939403,4,0.8,-16.0,55.0,-3.2,11.0,2.0,0,1,1
2021,REG,CLE,00-0028986,C.Keenum,00-0036999,A.Schwartz,7,3,35.0,0,-4.042952415300541,-0.5775646307572202,3,0.42857142857142855,104.0,1.0,14.857142857142858,0.3333333333333333,2.0,0,1,0
2021,REG,BUF,00-0029000,C.Beasley,00-0036196,G.Davis,1,0,0.0,0,-0.477590819995385,-0.477590819995385,0,0.0,19.0,0.0,19.0,0.0,0.0,0,1,0
2021,REG,SEA,00-0029263,R.Wilson,00-0028292,N.Bellore,1,1,4.0,0,0.0050290654180571,0.0050290654180571,1,1.0,0.0,4.0,0.0,4.0,0.0,0,0,0
2021,REG,SEA,00-0029263,R.Wilson,00-0032211,T.Lockett,81,56,979.0,8,44.532071033350086,0.5497786547327171,41,0.5061728395061729,1286.0,237.0,15.876543209876543,4.232142857142857,31.0,18,7,3
2021,REG,SEA,00-0029263,R.Wilson,00-0032426,A.Collins,6,5,56.0,0,-3.06252731109271,-0.5104212185154516,3,0.5,18.0,49.0,3.0,9.8,1.0,1,0,0
2021,REG,SEA,00-0029263,R.Wilson,00-0033594,C.Carson,6,6,29.0,0,-0.48774025181774083,-0.08129004196962347,3,0.5,-13.0,42.0,-2.1666666666666665,7.0,1.0,0,0,0
2021,REG,SEA,00-0029263,R.Wilson,00-0033895,G.Everett,55,42,420.0,4,11.657171323703528,0.21194856952188232,34,0.6181818181818182,306.0,213.0,5.5636363636363635,5.071428571428571,24.0,4,7,3
2021,REG,SEA,00-0029263,R.Wilson,00-0034159,W.Dissly,21,17,194.0,0,8.991892794030722,0.4281853711443201,12,0.5714285714285714,81.0,126.0,3.857142857142857,7.411764705882353,9.0,4,1,0
2021,REG,SEA,00-0029263,R.Wilson,00-0034750,R.Penny,8,6,48.0,0,0.7297983083565454,0.09122478854456817,3,0.375,-16.0,62.0,-2.0,10.333333333333334,3.0,1,1,0
2021,REG,SEA,00-0029263,R.Wilson,00-0035022,P.Hart,10,6,47.0,0,-2.934287959709755,-0.2934287959709755,5,0.5,90.0,41.0,9.0,6.833333333333333,2.0,0,1,0
2021,REG,SEA,00-0029263,R.Wilson,00-0035594,T.Homer,17,13,118.0,0,-6.413516570493815,-0.37726568061728327,8,0.47058823529411764,42.0,91.0,2.4705882352941178,7.0,6.0,2,3,0
2021,REG,SEA,00-0029263,R.Wilson,00-0035640,D.Metcalf,108,58,716.0,8,14.193187003838863,0.1314183981836932,48,0.4444444444444444,1451.0,218.0,13.435185185185185,3.7586206896551726,37.0,9,17,7
2021,REG,SEA,00-0029263,R.Wilson,00-0036244,C.Parkinson,8,5,33.0,0,0.9654066622024406,0.12067583277530508,2,0.25,47.0,20.0,5.875,4.0,2.0,0,3,0
2021,REG,SEA,00-0029263,R.Wilson,00-0036247,F.Swain,30,19,308.0,4,16.7760209758776,0.55920069919592,15,0.5,238.0,168.0,7.933333333333334,8.842105263157896,11.0,5,4,1
2021,REG,SEA,00-0029263,R.Wilson,00-0036425,D.Dallas,17,15,97.0,0,-5.777158733239205,-0.3398328666611297,5,0.29411764705882354,33.0,80.0,1.9411764705882353,5.333333333333333,4.0,1,2,0
2021,REG,SEA,00-0029263,R.Wilson,00-0036620,D.Eskridge,20,10,64.0,1,-2.856174919751206,-0.1428087459875603,8,0.4,252.0,32.0,12.6,3.2,4.0,0,4,1
2021,REG,CHI,00-0029567,N.Foles,00-0027696,J.Graham,2,2,30.0,1,4.80208342446713,2.401041712233565,2,1.0,21.0,9.0,10.5,4.5,2.0,0,1,1
2021,REG,CHI,00-0029567,N.Foles,00-0030068,M.Goodwin,2,2,23.0,0,3.32320909085684,1.66160454542842,2,1.0,14.0,9.0,7.0,4.5,1.0,0,0,0
2021,REG,CHI,00-0029567,N.Foles,00-0030874,D.Williams,2,1,2.0,0,-3.195635196752844,-1.597817598376422,0,0.0,24.0,3.0,12.0,3.0,0.0,0,0,0
2021,REG,CHI,00-0029567,N.Foles,00-0031868,D.Byrd,4,1,11.0,0,-0.6857072598212401,-0.17142681495531004,2,0.5,14.0,3.0,3.5,3.0,1.0,0,2,0
2021,REG,CHI,00-0029567,N.Foles,00-0035685,D.Montgomery,9,7,61.0,0,2.013844586354435,0.2237605095949372,5,0.5555555555555556,7.0,60.0,0.7777777777777778,8.571428571428571,5.0,0,3,0
2021,REG,CHI,00-0029567,N.Foles,00-0036290,C.Kmet,5,4,49.0,0,4.470943756692585,0.894188751338517,4,0.8,35.0,29.0,7.0,7.25,2.0,0,2,0
2021,REG,CHI,00-0029567,N.Foles,00-0036309,D.Mooney,9,5,57.0,0,-0.8554890963132533,-0.09505434403480592,4,0.4444444444444444,79.0,38.0,8.777777777777779,7.6,2.0,1,0,0
2021,REG,CHI,00-0029567,N.Foles,00-0036906,K.Herbert,1,1,7.0,0,-0.2908657285152,-0.2908657285152,0,0.0,-2.0,9.0,-2.0,9.0,0.0,0,0,0
2021,REG,CHI,00-0029567,N.Foles,00-0036907,D.Newsome,2,1,10.0,0,1.19500645203516,0.59750322601758,1,0.5,6.0,5.0,3.0,5.0,1.0,0,0,0
2021,REG,MIN,00-0029604,K.Cousins,00-0028042,L.Stocker,2,2,12.0,0,0.36527961853426,0.18263980926713,2,1.0,6.0,6.0,3.0,3.0,0.0,0,0,0
2021,REG,MIN,00-0029604,K.Cousins,00-0030035,A.Thielen,94,67,726.0,10,24.8086472311654,0.26392177905495107,48,0.5106382978723404,876.0,239.0,9.319148936170214,3.5671641791044775,37.0,14,15,9
2021,REG,MIN,00-0029604,K.Cousins,00-0032104,A.Abdullah,4,3,17.0,0,-0.08039894548709614,-0.020099736371774035,1,0.25,2.0,19.0,0.5,6.333333333333333,1.0,0,0,0
2021,REG,MIN,00-0029604,K.Cousins,00-0032918,C.Ham,16,16,124.0,0,3.792791997489985,0.23704949984312407,9,0.5625,63.0,61.0,3.9375,3.8125,6.0,1,1,0
2021,REG,MIN,00-0029604,K.Cousins,00-0033839,D.Westbrook,14,9,64.0,0,-1.8698102546045332,-0.13355787532889524,4,0.2857142857142857,108.0,15.0,7.714285714285714,1.6666666666666667,3.0,0,1,0
2021,REG,MIN,00-0029604,K.Cousins,00-0033893,D.Cook,45,30,200.0,0,-3.2896365671625825,-0.07310303482583516,16,0.35555555555555557,-67.0,242.0,-1.488888888888889,8.066666666666666,8.0,0,3,0
2021,REG,MIN,00-0029604,K.Cousins,00-0034270,T.Conklin,78,56,546.0,3,12.187263491580358,0.15624696784077383,39,0.5,433.0,293.0,5.551282051282051,5.232142857142857,24.0,4,16,3
2021,REG,MIN,00-0029604,K.Cousins,00-0034766,C.Herndon,7,4,40.0,1,1.902333986421581,0.27176199806022583,4,0.5714285714285714,29.0,31.0,4.142857142857143,7.75,4.0,0,1,1
2021,REG,MIN,00-0029604,K.Cousins,00-0034972,A.Mattison,34,28,215.0,1,-0.8992403389153338,-0.026448245262215703,14,0.4117647058823529,3.0,222.0,0.08823529411764706,7.928571428571429,10.0,3,8,1
2021,REG,MIN,00-0029604,K.Cousins,00-0035823,B.Ellefson,1,0,0.0,0,-0.510377297643572,-0.510377297643572,0,0.0,7.0,0.0,7.0,0.0,0.0,0,0,0
2021,REG,MIN,00-0029604,K.Cousins,00-0036322,J.Jefferson,159,102,1558.0,10,81.39009758516136,0.5118874061959834,88,0.5534591194968553,1955.0,471.0,12.29559748427673,4.617647058823529,72.0,27,25,7
2021,REG,MIN,00-0029604,K.Cousins,00-0036345,K.Osborn,75,46,594.0,6,12.550851206034157,0.16734468274712208,33,0.44,767.0,178.0,10.226666666666667,3.869565217391304,23.0,9,8,2
2021,REG,MIN,00-0029604,K.Cousins,00-0036635,I.Smith-Marsette,6,5,116.0,2,11.404099471285,1.9006832452141669,5,0.8333333333333334,128.0,17.0,21.333333333333332,3.4,4.0,2,1,1
2021,REG,MIN,00-0029604,K.Cousins,00-0036842,K.Nwangwu,5,4,9.0,0,-2.961226489976981,-0.5922452979953963,1,0.2,-6.0,19.0,-1.2,4.75,0.0,0,1,0
2021,REG,TEN,00-0029701,R.Tannehill,00-0025394,A.Peterson,4,4,8.0,0,-1.2776449784869333,-0.3194112446217333,1,0.25,-11.0,19.0,-2.75,4.75,0.0,0,1,0
2021,REG,TEN,00-0029701,R.Tannehill,00-0027944,J.Jones,48,31,434.0,1,15.380997685733831,0.3204374517861215,28,0.5833333333333334,579.0,112.0,12.0625,3.6129032258064515,19.0,4,7,1
2021,REG,TEN,00-0029701,R.Tannehill,00-0031585,M.Pruitt,18,13,140.0,2,8.864045852082304,0.49244699178235024,13,0.7222222222222222,113.0,59.0,6.277777777777778,4.538461538461538,9.0,2,6,2
2021,REG,TEN,00-0029701,R.Tannehill,00-0032141,G.Swaim,40,31,210.0,3,9.252059686812563,0.2313014921703141,20,0.5,146.0,139.0,3.65,4.483870967741935,12.0,2,8,3
2021,REG,TEN,00-0029701,R.Tannehill,00-0032355,C.Rogers,43,30,301.0,1,2.821842765439711,0.06562425035906304,23,0.5348837209302325,323.0,103.0,7.511627906976744,3.433333333333333,12.0,3,4,1
2021,REG,TEN,00-0029701,R.Tannehill,00-0032764,D.Henry,20,18,154.0,0,9.714970409608215,0.48574852048041073,14,0.7,-3.0,160.0,-0.15,8.88888888888889,7.0,0,2,0
2021,REG,TEN,00-0029701,R.Tannehill,00-0032980,M.Johnson,19,9,160.0,0,0.2852655313326906,0.015013975333299507,9,0.47368421052631576,171.0,95.0,9.0,10.555555555555555,7.0,3,3,0
2021,REG,TEN,00-0029701,R.Tannehill,00-0033386,C.Hollister,7,4,33.0,0,-1.777342143119308,-0.25390602044561544,4,0.5714285714285714,72.0,17.0,10.285714285714286,4.25,4.0,0,2,0
2021,REG,TEN,00-0029701,R.Tannehill,00-0033455,A.Firkser,43,34,291.0,2,10.04855643728096,0.23368735900653395,24,0.5581395348837209,250.0,111.0,5.813953488372093,3.264705882352941,15.0,1,6,2
2021,REG,TEN,00-0029701,R.Tannehill,00-0033925,D.Foreman,11,9,123.0,0,8.979706341546253,0.8163369401405685,7,0.6363636363636364,-1.0,124.0,-0.09090909090909091,13.777777777777779,6.0,1,2,0
2021,REG,TEN,00-0029701,R.Tannehill,00-0033943,J.Reynolds,13,10,90.0,0,5.177794481103768,0.3982918831618283,9,0.6923076923076923,144.0,41.0,11.076923076923077,4.1,6.0,0,1,0
2021,REG,TEN,00-0029701,R.Tannehill,00-0033955,J.McNichols,38,28,240.0,1,6.061123160049345,0.15950324105393013,14,0.3684210526315789,-2.0,255.0,-0.05263157894736842,9.107142857142858,11.0,3,7,1
2021,REG,TEN,00-0029701,R.Tannehill,00-0034253,D.Hilliard,26,19,87.0,0,-6.925889888999539,-0.2663803803461361,10,0.38461538461538464,-23.0,108.0,-0.8846153846153846,5.684210526315789,7.0,1,5,0
2021,REG,TEN,00-0029701,R.Tannehill,00-0034652,C.Batson,5,2,15.0,1,0.9303044960252027,0.18606089920504054,2,0.4,84.0,1.0,16.8,0.5,2.0,0,2,1
2021,REG,TEN,00-0029701,R.Tannehill,00-0035099,K.Blasingame,2,2,4.0,0,-0.8968115472234791,-0.44840577361173956,1,0.5,0.0,4.0,0.0,2.0,0.0,0,0,0
2021,REG,TEN,00-0029701,R.Tannehill,00-0035676,A.Brown,105,63,869.0,5,33.827210485994684,0.32216390939042555,58,0.5523809523809524,1218.0,235.0,11.6,3.7301587301587302,45.0,10,11,3
2021,REG,TEN,00-0029701,R.Tannehill,00-0036173,T.Hudson,6,3,31.0,0,-5.397928478807439,-0.8996547464679066,2,0.3333333333333333,30.0,24.0,5.0,8.0,2.0,0,1,0
2021,REG,TEN,00-0029701,R.Tannehill,00-0036182,N.Westbrook-Ikhine,57,38,476.0,4,21.769414561519703,0.381919553710872,33,0.5789473684210527,606.0,144.0,10.631578947368421,3.789473684210526,23.0,5,11,4
2021,REG,TEN,00-0029701,R.Tannehill,00-0036297,D.Evans,2,2,11.0,0,1.3315965717192702,0.6657982858596351,2,1.0,-4.0,15.0,-2.0,7.5,1.0,0,0,0
2021,REG,TEN,00-0029701,R.Tannehill,00-0036627,D.Fitzpatrick,8,5,49.0,1,-4.218251272744966,-0.5272814090931207,4,0.5,109.0,3.0,13.625,0.6,4.0,0,2,1
2021,REG,TEN,00-0029701,R.Tannehill,00-0036652,R.McMath,5,2,8.0,0,-6.227130688901525,-1.245426137780305,1,0.2,40.0,9.0,8.0,4.5,0.0,0,2,0
2021,REG,ARI,00-0029747,C.Banjo,00-0035924,J.Ward,1,1,23.0,0,3.73152830463368,3.73152830463368,1,1.0,19.0,4.0,19.0,4.0,1.0,1,0,0
2021,REG,LAC,00-0030279,K.Allen,00-0033536,M.Williams,1,0,0.0,0,-0.493455561692826,-0.493455561692826,0,0.0,14.0,0.0,14.0,0.0,0.0,0,1,0
2021,REG,LAC,00-0030279,K.Allen,00-0036355,J.Herbert,1,0,0.0,0,1.053,1.053,1,1.0,0.0,0.0,0.0,0.0,0.0,0,1,0
2021,REG,NYG,00-0030520,M.Glennon,00-0027981,K.Rudolph,10,6,107.0,0,1.8279891161934865,0.18279891161934864,5,0.5,89.0,57.0,8.9,9.5,5.0,1,0,0
2021,REG,NYG,00-0030520,M.Glennon,00-0032385,S.Shepard,6,2,27.0,0,-10.655897304823153,-1.775982884137192,1,0.16666666666666666,67.0,7.0,11.166666666666666,3.5,1.0,1,0,0
2021,REG,NYG,00-0030520,M.Glennon,00-0032813,E.Penny,5,5,21.0,1,0.5506114684976651,0.11012229369953301,4,0.8,2.0,19.0,0.4,3.8,3.0,0,1,1
2021,REG,NYG,00-0030520,M.Glennon,00-0032972,D.Booker,20,18,81.0,1,-3.581135626329348,-0.1790567813164674,6,0.3,4.0,90.0,0.2,5.0,2.0,0,2,1
2021,REG,NYG,00-0030520,M.Glennon,00-0033111,P.Cooper,6,3,27.0,0,-5.264144092244186,-0.8773573487073643,2,0.3333333333333333,45.0,4.0,7.5,1.3333333333333333,1.0,0,0,0
2021,REG,NYG,00-0030520,M.Glennon,00-0033367,C.Board,3,2,7.0,0,-3.601604627561752,-1.2005348758539174,1,0.3333333333333333,50.0,9.0,16.666666666666668,4.5,1.0,0,0,0
2021,REG,NYG,00-0030520,M.Glennon,00-0033460,J.Ross,5,2,20.0,0,-1.5748956382158241,-0.3149791276431648,2,0.4,46.0,3.0,9.2,1.5,0.0,0,1,0
2021,REG,NYG,00-0030520,M.Glennon,00-0033881,E.Engram,23,16,170.0,1,11.881168978929047,0.5165725643012629,13,0.5652173913043478,210.0,44.0,9.130434782608695,2.75,12.0,0,2,1
2021,REG,NYG,00-0030520,M.Glennon,00-0033932,K.Golladay,25,9,81.0,0,-16.196979822102552,-0.6478791928841021,8,0.32,316.0,18.0,12.64,2.0,4.0,1,5,0
2021,REG,NYG,00-0030520,M.Glennon,00-0034844,S.Barkley,20,12,67.0,1,-5.348290433641516,-0.2674145216820758,6,0.3,1.0,79.0,0.05,6.583333333333333,6.0,0,1,1
2021,REG,NYG,00-0030520,M.Glennon,00-0035345,C.Myarick,3,1,6.0,0,-0.9093994929571636,-0.3031331643190545,0,0.0,9.0,2.0,3.0,2.0,0.0,0,0,0
2021,REG,NYG,00-0030520,M.Glennon,00-0035359,D.Sills,2,2,17.0,0,1.189602846745402,0.594801423372701,2,1.0,15.0,2.0,7.5,1.0,1.0,0,0,0
2021,REG,NYG,00-0030520,M.Glennon,00-0035535,D.Slayton,13,3,22.0,0,-8.985142590157768,-0.6911648146275206,2,0.15384615384615385,211.0,15.0,16.23076923076923,5.0,0.0,0,1,0
2021,REG,NYG,00-0030520,M.Glennon,00-0036254,C.Johnson,3,1,16.0,0,-8.172635773429647,-2.724211924476549,1,0.3333333333333333,33.0,3.0,11.0,3.0,1.0,0,0,0
2021,REG,NYG,00-0030520,M.Glennon,00-0036913,K.Toney,11,8,121.0,0,1.4664160383399638,0.13331054893999672,8,0.7272727272727273,75.0,63.0,6.818181818181818,7.875,6.0,2,2,0
2021,REG,SEA,00-0030565,G.Smith,00-0032208,P.Dorsett,1,1,3.0,0,-0.158969572454225,-0.158969572454225,0,0.0,-2.0,5.0,-2.0,5.0,0.0,0,1,0
2021,REG,SEA,00-0030565,G.Smith,00-0032211,T.Lockett,27,17,196.0,0,9.090075210202496,0.33666945222972205,14,0.5185185185185185,276.0,40.0,10.222222222222221,2.3529411764705883,10.0,4,1,0
2021,REG,SEA,00-0030565,G.Smith,00-0032426,A.Collins,4,4,31.0,0,1.631085765635365,0.40777144140884125,2,0.5,-16.0,47.0,-4.0,11.75,2.0,1,0,0
2021,REG,SEA,00-0030565,G.Smith,00-0033895,G.Everett,8,6,58.0,0,-0.7935169367701731,-0.09918961709627164,2,0.25,24.0,36.0,3.0,6.0,2.0,1,1,0
2021,REG,SEA,00-0030565,G.Smith,00-0034159,W.Dissly,5,4,37.0,1,2.782276036799885,0.556455207359977,4,0.8,31.0,17.0,6.2,4.25,2.0,1,2,1
2021,REG,SEA,00-0030565,G.Smith,00-0035022,P.Hart,2,1,12.0,0,-0.22702601575293013,-0.11351300787646507,1,0.5,18.0,0.0,9.0,0.0,1.0,0,0,0
2021,REG,SEA,00-0030565,G.Smith,00-0035594,T.Homer,3,3,43.0,0,2.065970850817397,0.6886569502724657,1,0.3333333333333333,6.0,37.0,2.0,12.333333333333334,2.0,1,0,0
2021,REG,SEA,00-0030565,G.Smith,00-0035640,D.Metcalf,21,17,251.0,4,14.471221617335686,0.6891057913016994,14,0.6666666666666666,185.0,110.0,8.80952380952381,6.470588235294118,11.0,2,3,2
2021,REG,SEA,00-0030565,G.Smith,00-0036247,F.Swain,11,6,35.0,0,-4.489761691199444,-0.408160153745404,2,0.18181818181818182,86.0,38.0,7.818181818181818,6.333333333333333,1.0,1,1,0
2021,REG,SEA,00-0030565,G.Smith,00-0036425,D.Dallas,6,6,36.0,0,0.409617849043571,0.06826964150726184,3,0.5,6.0,30.0,1.0,5.0,0.0,0,0,0
2021,REG,MIA,00-0030669,A.Wilson,00-0035350,P.Williams,1,0,0.0,0,-0.997954458114691,-0.997954458114691,0,0.0,5.0,0.0,5.0,0.0,0.0,0,1,0
2021,REG,PIT,00-0031136,C.Boswell,00-0035222,Z.Gentry,1,0,0.0,0,-3.00748456368456,-3.00748456368456,0,0.0,10.0,0.0,10.0,0.0,0.0,0,1,0
2021,REG,DEN,00-0031237,T.Bridgewater,00-0031051,J.Brown,1,0,0.0,0,-3.4006380373612,-3.4006380373612,0,0.0,31.0,0.0,31.0,0.0,0.0,0,0,0
2021,REG,DEN,00-0031237,T.Bridgewater,00-0031319,D.Spencer,4,1,-3.0,0,-3.4106810682569657,-0.8526702670642414,0,0.0,9.0,0.0,2.25,0.0,0.0,0,1,0
2021,REG,DEN,00-0031237,T.Bridgewater,00-0032144,M.Gordon,29,21,161.0,2,0.2601952862313741,0.008972251249357728,13,0.4482758620689655,25.0,128.0,0.8620689655172413,6.095238095238095,7.0,2,7,2
2021,REG,DEN,00-0031237,T.Bridgewater,00-0033375,T.Patrick,64,42,579.0,4,29.334137193090555,0.4583458936420399,39,0.609375,720.0,170.0,11.25,4.0476190476190474,31.0,7,9,2
2021,REG,DEN,00-0031237,T.Bridgewater,00-0033576,E.Saubert,11,8,47.0,1,0.41297326394124034,0.03754302399465821,7,0.6363636363636364,31.0,29.0,2.8181818181818183,3.625,2.0,0,1,1
2021,REG,DEN,00-0031237,T.Bridgewater,00-0033589,D.Moore,2,0,0.0,0,-0.973813073360362,-0.486906536680181,0,0.0,28.0,0.0,14.0,0.0,0.0,0,0,0
2021,REG,DEN,00-0031237,T.Bridgewater,00-0034208,M.Boone,2,2,22.0,0,2.114376706653275,1.0571883533266375,1,0.5,-2.0,24.0,-1.0,12.0,1.0,0,0,0
2021,REG,DEN,00-0031237,T.Bridgewater,00-0034348,C.Sutton,80,49,638.0,2,23.975208060292303,0.29969010075365377,41,0.5125,1158.0,107.0,14.475,2.183673469387755,30.0,7,13,1
2021,REG,DEN,00-0031237,T.Bridgewater,00-0035644,N.Fant,67,50,487.0,3,13.207618953356679,0.1971286410948758,34,0.5074626865671642,436.0,211.0,6.507462686567164,4.22,21.0,5,14,3
2021,REG,DEN,00-0031237,T.Bridgewater,00-0035864,K.Hinton,15,12,139.0,1,16.6297671441173,1.1086511429411532,11,0.7333333333333333,115.0,46.0,7.666666666666667,3.8333333333333335,8.0,2,1,1
2021,REG,DEN,00-0031237,T.Bridgewater,00-0036407,J.Jeudy,44,32,365.0,0,14.801980171410838,0.3364086402593372,25,0.5681818181818182,372.0,152.0,8.454545454545455,4.75,19.0,5,3,0
2021,REG,DEN,00-0031237,T.Bridgewater,00-0036412,K.Hamler,10,5,74.0,0,5.0760873929830215,0.5076087392983022,4,0.4,201.0,16.0,20.1,3.2,4.0,2,1,0
2021,REG,DEN,00-0031237,T.Bridgewater,00-0036423,A.Okwuegbunam,33,28,266.0,2,8.851000426774275,0.26821213414467504,21,0.6363636363636364,134.0,209.0,4.0606060606060606,7.464285714285714,11.0,1,4,2
2021,REG,DEN,00-0031237,T.Bridgewater,00-0036439,T.Cleveland,1,0,0.0,0,-0.647225972032175,-0.647225972032175,0,0.0,5.0,0.0,5.0,0.0,0.0,0,1,0
2021,REG,DEN,00-0031237,T.Bridgewater,00-0036997,J.Williams,45,35,277.0,3,9.87943013694349,0.21954289193207757,21,0.4666666666666667,-3.0,295.0,-0.06666666666666667,8.428571428571429,12.0,2,7,3
2021,REG,LV,00-0031280,D.Carr,00-0026189,D.Jackson,19,12,233.0,1,1.8550665302900562,0.0976350805415819,11,0.5789473684210527,301.0,71.0,15.842105263157896,5.916666666666667,8.0,3,0,0
2021,REG,LV,00-0031280,D.Carr,00-0029119,D.Carrier,2,2,13.0,0,0.8306839682627473,0.41534198413137363,1,0.5,7.0,6.0,3.5,3.0,0.0,0,0,0
2021,REG,LV,00-0031280,D.Carr,00-0030663,W.Snead,5,3,32.0,0,0.37209055980201805,0.07441811196040361,3,0.6,36.0,7.0,7.2,2.3333333333333335,3.0,0,2,0
2021,REG,LV,00-0031280,D.Carr,00-0031610,D.Waller,92,54,661.0,2,12.327606327663517,0.13399572095286433,43,0.4673913043478261,922.0,234.0,10.021739130434783,4.333333333333333,31.0,13,14,2
2021,REG,LV,00-0031280,D.Carr,00-0032741,P.Barber,13,10,67.0,0,-0.044177753734400804,-0.003398288748800062,4,0.3076923076923077,20.0,73.0,1.5384615384615385,7.3,3.0,1,3,0
2021,REG,LV,00-0031280,D.Carr,00-0033025,J.Richard,14,12,72.0,0,-3.116936342848923,-0.2226383102034945,6,0.42857142857142855,7.0,67.0,0.5,5.583333333333333,4.0,0,2,0
2021,REG,LV,00-0031280,D.Carr,00-0033118,K.Drake,40,30,291.0,1,5.375609657199012,0.1343902414299753,24,0.6,71.0,259.0,1.775,8.633333333333333,12.0,3,6,0
2021,REG,LV,00-0031280,D.Carr,00-0033891,Z.Jones,70,47,546.0,1,6.003509571934918,0.08576442245621312,36,0.5142857142857142,979.0,170.0,13.985714285714286,3.617021276595745,29.0,8,5,0
2021,REG,LV,00-0031280,D.Carr,00-0034981,F.Moreau,44,30,373.0,3,-0.8733873719285484,-0.0198497129983761,22,0.5,325.0,189.0,7.386363636363637,6.3,16.0,6,6,3
2021,REG,LV,00-0031280,D.Carr,00-0034983,H.Renfrow,128,103,1038.0,9,51.01430892006676,0.39854928843802157,73,0.5703125,793.0,452.0,6.1953125,4.388349514563107,51.0,10,26,9
2021,REG,LV,00-0031280,D.Carr,00-0035125,A.Ingold,12,10,85.0,1,3.788193756446218,0.3156828130371848,7,0.5833333333333334,56.0,46.0,4.666666666666667,4.6,4.0,1,3,1
2021,REG,LV,00-0031280,D.Carr,00-0035428,D.Helm,2,1,-1.0,0,-2.301643194134622,-1.150821597067311,0,0.0,1.0,2.0,0.5,2.0,0.0,0,1,0
2021,REG,LV,00-0031280,D.Carr,00-0035700,J.Jacobs,64,54,348.0,0,-5.931718474118649,-0.0926831011581039,32,0.5,-27.0,395.0,-0.421875,7.314814814814815,14.0,2,6,0
2021,REG,LV,00-0031280,D.Carr,00-0036357,H.Ruggs,36,24,469.0,2,31.07341222700782,0.8631503396391061,20,0.5555555555555556,608.0,109.0,16.88888888888889,4.541666666666667,16.0,9,1,0
2021,REG,LV,00-0031280,D.Carr,00-0036365,B.Edwards,60,34,571.0,3,17.335616587656467,0.2889269431276078,28,0.4666666666666667,827.0,190.0,13.783333333333333,5.588235294117647,26.0,11,9,2
2021,REG,LV,00-0031280,D.Carr,00-0036523,T.Ragas,2,2,6.0,0,-0.3909990581450985,-0.19549952907254925,1,0.5,-7.0,13.0,-3.5,6.5,0.0,0,0,0
2021,REG,SF,00-0031345,J.Garoppolo,00-0027857,T.Williams,1,0,0.0,0,-1.25593257072615,-1.25593257072615,0,0.0,1.0,0.0,1.0,0.0,0.0,0,1,0
2021,REG,SF,00-0031345,J.Garoppolo,00-0029269,T.Benjamin,2,0,0.0,0,-3.824321576859798,-1.912160788429899,0,0.0,81.0,0.0,40.5,0.0,0.0,0,0,0
2021,REG,SF,00-0031345,J.Garoppolo,00-0029632,M.Sanu,17,10,132.0,0,5.778620909568712,0.33991887703345364,10,0.5882352941176471,172.0,28.0,10.117647058823529,2.8,8.0,1,4,0
2021,REG,SF,00-0031345,J.Garoppolo,00-0029892,K.Juszczyk,30,23,228.0,1,11.416151107415278,0.3805383702471759,19,0.6333333333333333,221.0,93.0,7.366666666666666,4.043478260869565,12.0,2,5,1
2021,REG,SF,00-0031345,J.Garoppolo,00-0033288,G.Kittle,90,70,881.0,6,25.53276272573689,0.2836973636192988,56,0.6222222222222222,709.0,448.0,7.877777777777778,6.4,41.0,12,9,4
2021,REG,SF,00-0031345,J.Garoppolo,00-0034073,R.Dwelley,3,2,26.0,1,1.4784632503869921,0.4928210834623307,2,0.6666666666666666,38.0,1.0,12.666666666666666,0.5,2.0,1,0,0
2021,REG,SF,00-0031345,J.Garoppolo,00-0034115,J.Wilson,8,7,31.0,0,-1.1884272018214679,-0.14855340022768349,3,0.375,-10.0,43.0,-1.25,6.142857142857143,1.0,0,3,0
2021,REG,SF,00-0031345,J.Garoppolo,00-0034487,T.Sherfield,16,7,70.0,0,-6.228962060425238,-0.3893101287765774,6,0.375,139.0,20.0,8.6875,2.857142857142857,5.0,0,3,0
2021,REG,SF,00-0031345,J.Garoppolo,00-0035719,D.Samuel,98,67,1169.0,3,48.08452112488681,0.49065837882537566,53,0.5408163265306123,813.0,657.0,8.295918367346939,9.805970149253731,44.0,19,6,1
2021,REG,SF,00-0031345,J.Garoppolo,00-0035806,J.Hasty,28,22,151.0,0,-3.471756020938913,-0.12399128646210403,7,0.25,69.0,123.0,2.4642857142857144,5.590909090909091,6.0,1,4,0
2021,REG,SF,00-0031345,J.Garoppolo,00-0036259,J.Jennings,35,21,233.0,4,14.550914602801724,0.4157404172229064,18,0.5142857142857142,306.0,103.0,8.742857142857142,4.904761904761905,13.0,3,7,4
2021,REG,SF,00-0031345,J.Garoppolo,00-0036261,B.Aiyuk,75,50,700.0,5,35.06153346571976,0.4674871128762635,40,0.5333333333333333,678.0,294.0,9.04,5.88,32.0,13,11,5
2021,REG,SF,00-0031345,J.Garoppolo,00-0036429,C.Woerner,5,4,48.0,0,2.960011495626529,0.5920022991253058,3,0.6,49.0,8.0,9.8,2.0,3.0,1,0,0
2021,REG,SF,00-0031345,J.Garoppolo,00-0036567,E.Mitchell,16,15,107.0,0,1.436598657106516,0.08978741606915724,9,0.5625,-13.0,122.0,-0.8125,8.133333333333333,4.0,0,1,0
2021,REG,SF,00-0031345,J.Garoppolo,00-0036984,T.Sermon,4,3,26.0,0,1.588194692041726,0.3970486730104315,2,0.5,10.0,18.0,2.5,6.0,1.0,1,0,0
2021,REG,WAS,00-0031395,G.Gilbert,00-0031763,D.Carter,3,2,12.0,0,0.04865910660009776,0.016219702200032587,2,0.6666666666666666,6.0,11.0,2.0,5.5,1.0,0,0,0
2021,REG,WAS,00-0031395,G.Gilbert,00-0032009,A.Humphries,6,3,23.0,0,-0.9934703644987999,-0.16557839408313332,2,0.3333333333333333,22.0,3.0,3.6666666666666665,1.0,2.0,0,1,0
2021,REG,WAS,00-0031395,G.Gilbert,00-0033611,R.Seals-Jones,7,4,29.0,0,-0.7503100033500202,-0.10718714333571717,2,0.2857142857142857,49.0,18.0,7.0,4.5,0.0,0,1,0
2021,REG,WAS,00-0031395,G.Gilbert,00-0034104,C.Sims,1,1,13.0,0,1.37197060929611,1.37197060929611,1,1.0,13.0,0.0,13.0,0.0,1.0,0,0,0
2021,REG,WAS,00-0031395,G.Gilbert,00-0035659,T.McLaurin,4,2,51.0,0,0.8684553463244777,0.21711383658111943,2,0.5,96.0,3.0,24.0,1.5,2.0,1,0,0
2021,REG,WAS,00-0031395,G.Gilbert,00-0036328,A.Gibson,7,6,39.0,0,0.010090666590261088,0.0014415237986087268,2,0.2857142857142857,-13.0,48.0,-1.8571428571428572,8.0,1.0,0,1,0
2021,REG,WAS,00-0031395,G.Gilbert,00-0036628,J.Bates,1,1,29.0,0,2.94505604647566,2.94505604647566,1,1.0,15.0,14.0,15.0,14.0,1.0,1,0,0
2021,REG,WAS,00-0031395,G.Gilbert,00-0036671,D.Milne,1,1,-2.0,0,-1.76084671140416,-1.76084671140416,0,0.0,-2.0,0.0,-2.0,0.0,0.0,0,0,0
2021,REG,NO,00-0031503,J.Winston,00-0027966,M.Ingram,2,2,25.0,0,1.3805166548118049,0.6902583274059024,2,1.0,-7.0,32.0,-3.5,16.0,1.0,0,0,0
2021,REG,NO,00-0031503,J.Winston,00-0028237,C.Hogan,8,4,41.0,1,0.032242007087906144,0.004030250885988268,4,0.5,49.0,13.0,6.125,3.25,2.0,0,2,1
2021,REG,NO,00-0031503,J.Winston,00-0030085,K.Stills,12,3,34.0,0,-2.9016431552590762,-0.24180359627158968,3,0.25,274.0,6.0,22.833333333333332,2.0,2.0,0,0,0
2021,REG,NO,00-0031503,J.Winston,00-0031545,K.White,2,0,0.0,0,-1.3771145311184219,-0.6885572655592109,0,0.0,65.0,0.0,32.5,0.0,0.0,0,0,0
2021,REG,NO,00-0031503,J.Winston,00-0032200,T.Montgomery,7,5,50.0,0,1.8102385728766022,0.25860551041094315,4,0.5714285714285714,35.0,19.0,5.0,3.8,2.0,1,2,0
2021,REG,NO,00-0031503,J.Winston,00-0033095,G.Griffin,1,1,4.0,0,-0.410647126613185,-0.410647126613185,0,0.0,1.0,3.0,1.0,3.0,0.0,0,0,0
2021,REG,NO,00-0031503,J.Winston,00-0033357,T.Hill,4,3,37.0,0,-3.295009893365203,-0.8237524733413008,3,0.75,11.0,41.0,2.75,13.666666666666666,3.0,0,0,0
2021,REG,NO,00-0031503,J.Winston,00-0033906,A.Kamara,34,26,247.0,4,12.220800615847114,0.3594353122307975,18,0.5294117647058824,26.0,249.0,0.7647058823529411,9.576923076923077,12.0,3,5,4
2021,REG,NO,00-0031503,J.Winston,00-0034765,T.Smith,4,2,27.0,1,1.7207054302562081,0.43017635756405204,2,0.5,59.0,2.0,14.75,1.0,1.0,0,1,1
2021,REG,NO,00-0031503,J.Winston,00-0035184,D.Ozigbo,1,1,7.0,0,0.787435521837324,0.787435521837324,1,1.0,4.0,3.0,4.0,3.0,1.0,0,0,0
2021,REG,NO,00-0031503,J.Winston,00-0035215,D.Harris,16,12,236.0,2,18.92368866800098,1.1827305417500613,10,0.625,204.0,91.0,12.75,7.583333333333333,9.0,2,0,0
2021,REG,NO,00-0031503,J.Winston,00-0035406,L.Humphrey,2,1,27.0,0,-0.8981251474469902,-0.4490625737234951,1,0.5,36.0,9.0,18.0,9.0,1.0,1,0,0
2021,REG,NO,00-0031503,J.Winston,00-0035860,T.Jones,5,3,7.0,0,-3.528817734331823,-0.7057635468663646,1,0.2,5.0,2.0,1.0,0.6666666666666666,0.0,0,0,0
2021,REG,NO,00-0031503,J.Winston,00-0036040,J.Johnson,12,7,72.0,3,8.41945064673199,0.7016208872276658,7,0.5833333333333334,122.0,21.0,10.166666666666666,3.0,7.0,1,3,3
2021,REG,NO,00-0031503,J.Winston,00-0036219,M.Callaway,29,17,259.0,3,13.725273691858845,0.4732852997192705,14,0.4827586206896552,372.0,32.0,12.827586206896552,1.8823529411764706,11.0,2,4,2
2021,REG,NO,00-0031503,J.Winston,00-0036422,A.Trautman,14,8,97.0,0,-3.091483359108669,-0.22082023993633348,6,0.42857142857142855,65.0,55.0,4.642857142857143,6.875,4.0,1,2,0
2021,REG,LAC,00-0031543,T.Long,00-0034903,T.Campbell,1,0,0.0,0,-2.76716072531417,-2.76716072531417,0,0.0,10.0,0.0,10.0,0.0,0.0,0,0,0
2021,REG,WAS,00-0031800,T.Heinicke,00-0031260,L.Thomas,25,18,196.0,3,4.574759503739195,0.18299038014956778,14,0.56,249.0,67.0,9.96,3.7222222222222223,10.0,2,5,3
2021,REG,WAS,00-0031800,T.Heinicke,00-0031763,D.Carter,38,21,279.0,3,12.608635583821986,0.3318061995742628,18,0.47368421052631576,436.0,67.0,11.473684210526315,3.1904761904761907,16.0,5,4,3
2021,REG,WAS,00-0031800,T.Heinicke,00-0031800,T.Heinicke,1,1,-2.0,0,-1.0956080048345,-1.0956080048345,0,0.0,-4.0,2.0,-4.0,2.0,0.0,0,0,0
2021,REG,WAS,00-0031800,T.Heinicke,00-0032009,A.Humphries,51,35,350.0,0,-5.46073464991734,-0.10707322842975177,25,0.49019607843137253,373.0,151.0,7.313725490196078,4.314285714285714,20.0,4,4,0
2021,REG,WAS,00-0031800,T.Heinicke,00-0032602,J.McKissic,53,43,397.0,2,13.455269068489693,0.25387300129225837,29,0.5471698113207547,40.0,380.0,0.7547169811320755,8.837209302325581,15.0,3,4,1
2021,REG,WAS,00-0031800,T.Heinicke,00-0032782,W.Smallwood,5,4,22.0,0,-1.4758395696990199,-0.29516791393980396,0,0.0,3.0,14.0,0.6,3.5,0.0,0,0,0
2021,REG,WAS,00-0031800,T.Heinicke,00-0032975,J.Williams,5,3,9.0,0,-10.251977771171369,-2.0503955542342736,1,0.2,-16.0,19.0,-3.2,6.333333333333333,1.0,0,0,0
2021,REG,WAS,00-0031800,T.Heinicke,00-0033282,C.Samuel,9,6,27.0,0,-0.04461636405903868,-0.0049573737843376315,4,0.4444444444444444,21.0,40.0,2.3333333333333335,6.666666666666667,4.0,0,1,0
2021,REG,WAS,00-0031800,T.Heinicke,00-0033611,R.Seals-Jones,42,25,234.0,2,-4.040030154762562,-0.09619119416101338,15,0.35714285714285715,217.0,128.0,5.166666666666667,5.12,14.0,1,13,1
2021,REG,WAS,00-0031800,T.Heinicke,00-0034104,C.Sims,19,12,172.0,2,5.9679363231142775,0.31410191174285673,10,0.5263157894736842,221.0,39.0,11.631578947368421,3.25,9.0,2,5,1
2021,REG,WAS,00-0031800,T.Heinicke,00-0035659,T.McLaurin,123,72,962.0,5,6.5671925633784065,0.05339180945836103,60,0.4878048780487805,1581.0,294.0,12.853658536585366,4.083333333333333,43.0,14,8,3
2021,REG,WAS,00-0031800,T.Heinicke,00-0036328,A.Gibson,43,34,248.0,3,2.395764666536831,0.05571545736132165,19,0.4418604651162791,-3.0,281.0,-0.06976744186046512,8.264705882352942,11.0,2,6,2
2021,REG,WAS,00-0031800,T.Heinicke,00-0036626,D.Brown,23,11,160.0,0,-0.3431429554225358,-0.014919258931414601,8,0.34782608695652173,370.0,33.0,16.08695652173913,3.0,6.0,3,3,0
2021,REG,WAS,00-0031800,T.Heinicke,00-0036628,J.Bates,22,18,207.0,0,11.11653184710304,0.5052969021410473,14,0.6363636363636364,123.0,118.0,5.590909090909091,6.555555555555555,9.0,3,2,0
2021,REG,WAS,00-0031800,T.Heinicke,00-0036671,D.Milne,13,8,85.0,0,-3.8620968732284444,-0.2970843748637265,5,0.38461538461538464,104.0,39.0,8.0,4.875,4.0,1,1,0
2021,REG,WAS,00-0031800,T.Heinicke,00-0036755,J.Patterson,11,10,73.0,0,2.968122595938526,0.26982932690350236,9,0.8181818181818182,-3.0,75.0,-0.2727272727272727,7.5,5.0,0,0,0
2021,REG,NYJ,00-0031941,J.Crowder,00-0034401,M.White,1,0,0.0,0,1.053,1.053,1,1.0,0.0,0.0,0.0,0.0,0.0,0,1,0
2021,REG,NO,00-0032156,T.Siemian,00-0027966,M.Ingram,21,15,107.0,0,-0.8923476072812848,-0.042492743203870705,9,0.42857142857142855,-9.0,93.0,-0.42857142857142855,6.2,6.0,1,4,0
2021,REG,NO,00-0032156,T.Siemian,00-0030085,K.Stills,5,2,30.0,1,0.873023045074667,0.1746046090149334,2,0.4,103.0,4.0,20.6,2.0,2.0,1,2,1
2021,REG,NO,00-0032156,T.Siemian,00-0031545,K.White,3,1,38.0,0,0.1290599957574199,0.04301999858580663,1,0.3333333333333333,93.0,9.0,31.0,9.0,1.0,1,0,0
2021,REG,NO,00-0032156,T.Siemian,00-0032200,T.Montgomery,10,7,36.0,0,1.3189413778600312,0.13189413778600312,5,0.5,2.0,54.0,0.2,7.714285714285714,2.0,0,0,0
2021,REG,NO,00-0032156,T.Siemian,00-0032394,N.Vannett,2,2,31.0,1,3.94594806281384,1.97297403140692,2,1.0,28.0,3.0,14.0,1.5,2.0,1,1,1
2021,REG,NO,00-0032156,T.Siemian,00-0032450,D.Washington,1,1,6.0,0,0.295642027369468,0.295642027369468,1,1.0,0.0,6.0,0.0,6.0,0.0,0,0,0
2021,REG,NO,00-0032156,T.Siemian,00-0033095,G.Griffin,2,2,26.0,0,1.9768318736460089,0.9884159368230044,2,1.0,8.0,18.0,4.0,9.0,2.0,0,0,0
2021,REG,NO,00-0032156,T.Siemian,00-0033296,A.Armah,1,1,1.0,1,1.31586847224389,1.31586847224389,1,1.0,0.0,1.0,0.0,1.0,1.0,0,1,1
2021,REG,NO,00-0032156,T.Siemian,00-0033357,T.Hill,2,1,15.0,0,0.4654665705747879,0.23273328528739395,1,0.5,8.0,9.0,4.0,9.0,1.0,0,0,0
2021,REG,NO,00-0032156,T.Siemian,00-0033906,A.Kamara,12,8,79.0,0,1.6480818243347848,0.13734015202789873,6,0.5,-9.0,86.0,-0.75,10.75,3.0,0,2,0
2021,REG,NO,00-0032156,T.Siemian,00-0034765,T.Smith,31,20,229.0,2,7.2516390206406065,0.23392383937550343,14,0.45161290322580644,270.0,63.0,8.709677419354838,3.15,11.0,4,8,2
2021,REG,NO,00-0032156,T.Siemian,00-0035215,D.Harris,29,16,187.0,0,-4.127151226031312,-0.14231555951832112,13,0.4482758620689655,208.0,75.0,7.172413793103448,4.6875,10.0,2,5,0
2021,REG,NO,00-0032156,T.Siemian,00-0035406,L.Humphrey,6,4,51.0,1,5.071995104095663,0.8453325173492772,4,0.6666666666666666,46.0,14.0,7.666666666666667,3.5,3.0,1,2,1
2021,REG,NO,00-0032156,T.Siemian,00-0035860,T.Jones,1,0,0.0,0,-0.550614853855223,-0.550614853855223,0,0.0,0.0,0.0,0.0,0.0,0.0,0,0,0
2021,REG,NO,00-0032156,T.Siemian,00-0036040,J.Johnson,6,3,41.0,1,4.650677468254395,0.7751129113757326,3,0.5,81.0,9.0,13.5,3.0,3.0,1,2,1
2021,REG,NO,00-0032156,T.Siemian,00-0036219,M.Callaway,22,10,137.0,3,5.9072095110841705,0.26850952323109867,9,0.4090909090909091,327.0,9.0,14.863636363636363,0.9,8.0,2,3,2
2021,REG,NO,00-0032156,T.Siemian,00-0036422,A.Trautman,24,14,130.0,1,-6.91386181781505,-0.28807757574229376,10,0.4166666666666667,133.0,45.0,5.541666666666667,3.2142857142857144,6.0,1,5,1
2021,REG,NO,00-0032156,T.Siemian,00-0036727,A.Prentice,1,1,10.0,0,-0.637485645827837,-0.637485645827837,0,0.0,1.0,9.0,1.0,9.0,0.0,0,0,0
2021,REG,MIN,00-0032245,S.Mannion,00-0032918,C.Ham,2,1,1.0,0,-3.506843078648675,-1.7534215393243375,0,0.0,4.0,0.0,2.0,0.0,0.0,0,0,0
2021,REG,MIN,00-0032245,S.Mannion,00-0033839,D.Westbrook,1,1,4.0,0,-0.0400751321576536,-0.0400751321576536,0,0.0,2.0,2.0,2.0,2.0,0.0,0,0,0
2021,REG,MIN,00-0032245,S.Mannion,00-0033893,D.Cook,3,3,0.0,0,-3.303907990688459,-1.1013026635628196,0,0.0,-8.0,8.0,-2.6666666666666665,2.6666666666666665,0.0,0,0,0
2021,REG,MIN,00-0032245,S.Mannion,00-0034270,T.Conklin,9,5,47.0,0,-0.8467304000514546,-0.09408115556127274,2,0.2222222222222222,31.0,33.0,3.4444444444444446,6.6,2.0,0,0,0
2021,REG,MIN,00-0032245,S.Mannion,00-0034972,A.Mattison,3,2,8.0,0,-1.2098912306246399,-0.40329707687488,1,0.3333333333333333,4.0,7.0,1.3333333333333333,3.5,0.0,0,0,0
2021,REG,MIN,00-0032245,S.Mannion,00-0035588,G.Bradbury,1,1,21.0,0,1.50445499410853,1.50445499410853,1,1.0,-3.0,24.0,-3.0,24.0,1.0,1,0,0
2021,REG,MIN,00-0032245,S.Mannion,00-0036322,J.Jefferson,11,6,58.0,0,-3.65996731136693,-0.33272430103335726,5,0.45454545454545453,108.0,19.0,9.818181818181818,3.1666666666666665,3.0,0,0,0
2021,REG,MIN,00-0032245,S.Mannion,00-0036345,K.Osborn,4,3,50.0,1,2.9444999384577333,0.7361249846144333,2,0.5,77.0,1.0,19.25,0.3333333333333333,2.0,1,1,1
2021,REG,LV,00-0032268,M.Mariota,00-0031610,D.Waller,1,1,4.0,0,-0.159166474011727,-0.159166474011727,0,0.0,-4.0,8.0,-4.0,8.0,0.0,0,1,0
2021,REG,LV,00-0032268,M.Mariota,00-0034983,H.Renfrow,1,0,0.0,0,-0.561261951457709,-0.561261951457709,0,0.0,35.0,0.0,35.0,0.0,0.0,0,0,0
2021,REG,CIN,00-0032434,B.Allen,00-0033114,M.Thomas,4,0,0.0,0,-3.185481900873131,-0.7963704752182827,0,0.0,45.0,0.0,11.25,0.0,0.0,0,0,0
2021,REG,CIN,00-0032434,B.Allen,00-0033292,T.Taylor,4,2,41.0,0,3.195491481499749,0.7988728703749373,2,0.5,39.0,7.0,9.75,3.5,2.0,1,2,0
2021,REG,CIN,00-0032434,B.Allen,00-0034686,A.Tate,1,1,7.0,1,1.67702805943554,1.67702805943554,1,1.0,0.0,7.0,0.0,7.0,1.0,0,1,1
2021,REG,CIN,00-0032434,B.Allen,00-0035291,T.Williams,2,1,4.0,0,-0.690285214750836,-0.345142607375418,0,0.0,-7.0,11.0,-3.5,11.0,0.0,0,0,0
2021,REG,CIN,00-0032434,B.Allen,00-0035341,T.Irwin,4,1,9.0,0,-3.254554175829984,-0.813638543957496,0,0.0,63.0,3.0,15.75,3.0,0.0,0,1,0
2021,REG,CIN,00-0032434,B.Allen,00-0035399,S.Morgan,2,1,8.0,0,-0.20228679105639402,-0.10114339552819701,1,0.5,2.0,8.0,1.0,8.0,0.0,0,0,0
2021,REG,CIN,00-0032434,B.Allen,00-0035631,D.Sample,2,2,14.0,0,0.04895097838016199,0.024475489190080996,1,0.5,-2.0,16.0,-1.0,8.0,0.0,0,0,0
2021,REG,CIN,00-0032434,B.Allen,00-0035771,M.Wilcox,5,3,16.0,0,-1.8508235491462992,-0.37016470982925986,1,0.2,19.0,8.0,3.8,2.6666666666666665,0.0,0,0,0
2021,REG,CIN,00-0032434,B.Allen,00-0036857,C.Evans,5,4,24.0,1,2.02059274574276,0.40411854914855205,2,0.4,-7.0,31.0,-1.4,7.75,1.0,0,2,1
2021,REG,CIN,00-0032434,B.Allen,00-0036900,J.Chase,5,2,26.0,0,-1.3222065226873387,-0.2644413045374677,1,0.2,22.0,29.0,4.4,14.5,1.0,1,0,0
2021,REG,TEN,00-0032496,M.Farley,00-0035632,A.Hooker,1,1,6.0,0,3.06227189977653,3.06227189977653,1,1.0,4.0,2.0,4.0,2.0,1.0,0,0,0
2021,REG,TEN,00-0032764,D.Henry,00-0031585,M.Pruitt,1,1,5.0,1,1.03209029574646,1.03209029574646,1,1.0,5.0,0.0,5.0,0.0,1.0,0,1,1
2021,REG,NYG,00-0032943,R.Dixon,00-0034435,K.Crossen,1,0,0.0,0,-2.85103766736574,-2.85103766736574,0,0.0,13.0,0.0,13.0,0.0,0.0,0,0,0
2021,REG,IND,00-0032950,C.Wentz,00-0029608,T.Hilton,37,23,331.0,3,20.310024556005384,0.5489195825947402,21,0.5675675675675675,476.0,71.0,12.864864864864865,3.0869565217391304,15.0,4,4,2
2021,REG,IND,00-0032950,C.Wentz,00-0030181,J.Doyle,44,29,302.0,3,14.458150072187637,0.3285943198224463,26,0.5909090909090909,265.0,125.0,6.0227272727272725,4.310344827586207,18.0,3,10,3
2021,REG,IND,00-0032950,C.Wentz,00-0033217,M.Alie-Cox,45,24,316.0,4,8.91981320666044,0.1982180712591209,18,0.4,442.0,150.0,9.822222222222223,6.25,14.0,5,9,3
2021,REG,IND,00-0032950,C.Wentz,00-0033251,Z.Pascal,67,37,379.0,3,-12.366807793045245,-0.18457922079172007,26,0.3880597014925373,596.0,124.0,8.895522388059701,3.3513513513513513,15.0,5,13,3
2021,REG,IND,00-0032950,C.Wentz,00-0033951,M.Mack,5,2,8.0,0,-2.1475536422804002,-0.42951072845608007,1,0.2,16.0,4.0,3.2,2.0,0.0,0,0,0
2021,REG,IND,00-0032950,C.Wentz,00-0034366,K.Coutee,1,1,5.0,0,-0.168915360234678,-0.168915360234678,0,0.0,5.0,0.0,5.0,0.0,0.0,0,0,0
2021,REG,IND,00-0032950,C.Wentz,00-0034367,N.Hines,57,40,300.0,1,4.338703770994254,0.07611761001744305,26,0.45614035087719296,113.0,276.0,1.9824561403508771,6.9,14.0,2,5,1
2021,REG,IND,00-0032950,C.Wentz,00-0035021,A.Dulin,22,13,173.0,2,5.971647818689233,0.2714385372131469,10,0.45454545454545453,304.0,50.0,13.818181818181818,3.8461538461538463,9.0,2,2,1
2021,REG,IND,00-0032950,C.Wentz,00-0035639,P.Campbell,20,10,162.0,1,2.3772227646550195,0.11886113823275098,8,0.4,334.0,17.0,16.7,1.7,7.0,3,1,0
2021,REG,IND,00-0032950,C.Wentz,00-0036215,D.Pinter,1,1,2.0,1,0.554475066950545,0.554475066950545,1,1.0,2.0,0.0,2.0,0.0,1.0,0,1,1
2021,REG,IND,00-0032950,C.Wentz,00-0036223,J.Taylor,52,40,360.0,2,4.233228284367595,0.08140823623783836,21,0.40384615384615385,-45.0,406.0,-0.8653846153846154,10.15,12.0,5,4,0
2021,REG,IND,00-0032950,C.Wentz,00-0036228,D.Patmon,4,2,21.0,1,1.1738232796196848,0.2934558199049212,2,0.5,36.0,3.0,9.0,1.5,1.0,0,1,1
2021,REG,IND,00-0032950,C.Wentz,00-0036252,M.Pittman,128,87,1072.0,6,48.07883295704087,0.3756158824768818,75,0.5859375,1222.0,348.0,9.546875,4.0,53.0,12,18,4
2021,REG,IND,00-0032950,C.Wentz,00-0036482,M.Strachan,3,2,26.0,0,4.277141111512048,1.4257137038373493,3,1.0,54.0,0.0,18.0,0.0,2.0,0,0,0
2021,REG,IND,00-0032950,C.Wentz,00-0036876,K.Granson,15,11,106.0,0,4.283214020502575,0.2855476013668383,6,0.4,59.0,76.0,3.933333333333333,6.909090909090909,4.0,1,4,0
2021,REG,CIN,00-0033009,T.Boyd,00-0033897,J.Mixon,1,1,46.0,0,3.19244362713653,3.19244362713653,1,1.0,-4.0,50.0,-4.0,50.0,1.0,1,0,0
2021,REG,DAL,00-0033045,E.Elliott,00-0035261,T.Pollard,1,1,4.0,0,-0.79311397834681,-0.79311397834681,0,0.0,-4.0,8.0,-4.0,8.0,0.0,0,1,0
2021,REG,DAL,00-0033077,D.Prescott,00-0031544,A.Cooper,91,60,743.0,7,42.26115244564579,0.46440826863347023,48,0.5274725274725275,972.0,201.0,10.68131868131868,3.35,37.0,13,17,4
2021,REG,DAL,00-0033077,D.Prescott,00-0033045,E.Elliott,59,43,250.0,2,-2.6886924418508014,-0.04557105833645426,22,0.3728813559322034,28.0,259.0,0.4745762711864407,6.023255813953488,14.0,1,15,2
2021,REG,DAL,00-0033077,D.Prescott,00-0033528,J.Sprinkle,2,2,21.0,0,1.870558826252818,0.935279413126409,2,1.0,6.0,15.0,3.0,7.5,2.0,0,1,0
2021,REG,DAL,00-0033077,D.Prescott,00-0033591,N.Brown,22,14,155.0,0,-0.8089805985800846,-0.036771845390003846,10,0.45454545454545453,172.0,66.0,7.818181818181818,4.714285714285714,5.0,2,1,0
2021,REG,DAL,00-0033077,D.Prescott,00-0033658,B.Jarwin,16,11,96.0,2,3.6497274970170213,0.22810796856356383,10,0.625,109.0,38.0,6.8125,3.4545454545454546,5.0,1,6,2
2021,REG,DAL,00-0033077,D.Prescott,00-0033725,C.Clement,6,5,24.0,1,-1.7762627832039,-0.29604379720065,2,0.3333333333333333,12.0,12.0,2.0,2.4,1.0,0,4,1
2021,REG,DAL,00-0033077,D.Prescott,00-0034383,D.Schultz,99,76,797.0,8,49.51409731081956,0.5001423970789854,66,0.6666666666666666,671.0,335.0,6.777777777777778,4.407894736842105,43.0,6,16,6
2021,REG,DAL,00-0033077,D.Prescott,00-0034418,C.Wilson,59,42,518.0,5,28.453278626366302,0.48225895976892036,35,0.5932203389830508,568.0,203.0,9.627118644067796,4.833333333333333,25.0,7,11,3
2021,REG,DAL,00-0033077,D.Prescott,00-0034764,M.Gallup,62,35,445.0,2,18.404136935042832,0.29684091830714243,30,0.4838709677419355,722.0,123.0,11.64516129032258,3.5142857142857142,23.0,6,8,1
2021,REG,DAL,00-0033077,D.Prescott,00-0034867,M.Turner,14,10,79.0,2,-0.35549269907641123,-0.025392335648315088,7,0.5,140.0,13.0,10.0,1.3,6.0,0,5,2
2021,REG,DAL,00-0033077,D.Prescott,00-0035261,T.Pollard,43,35,292.0,0,6.136084836842236,0.14269964736842408,24,0.5581395348837209,-10.0,314.0,-0.23255813953488372,8.971428571428572,14.0,1,7,0
2021,REG,DAL,00-0033077,D.Prescott,00-0036032,S.McKeon,5,3,24.0,1,1.453353449469436,0.2906706898938872,2,0.4,24.0,10.0,4.8,3.3333333333333335,2.0,0,1,1
2021,REG,DAL,00-0033077,D.Prescott,00-0036036,T.Steele,1,1,1.0,1,1.19108012208017,1.19108012208017,1,1.0,1.0,0.0,1.0,0.0,1.0,0,1,1
2021,REG,DAL,00-0033077,D.Prescott,00-0036358,C.Lamb,112,73,990.0,6,20.702990534601707,0.18484812977322954,58,0.5178571428571429,1127.0,425.0,10.0625,5.821917808219178,49.0,18,12,3
2021,REG,DET,00-0033106,J.Goff,00-0029738,D.Fells,5,4,43.0,0,0.8511437906418099,0.17022875812836197,3,0.6,24.0,27.0,4.8,6.75,2.0,1,0,0
2021,REG,DET,00-0033106,J.Goff,00-0032160,T.Williams,3,2,14.0,0,0.7994729118198193,0.2664909706066064,2,0.6666666666666666,13.0,8.0,4.333333333333333,4.0,1.0,0,1,0
2021,REG,DET,00-0033106,J.Goff,00-0032381,T.Decker,1,1,-2.0,0,-1.22094573266804,-1.22094573266804,0,0.0,-2.0,0.0,-2.0,0.0,0.0,0,0,0
2021,REG,DET,00-0033106,J.Goff,00-0032464,K.Raymond,64,44,489.0,3,17.415052258918774,0.27211019154560584,34,0.53125,651.0,206.0,10.171875,4.681818181818182,26.0,8,4,2
2021,REG,DET,00-0033106,J.Goff,00-0032626,G.Allison,2,0,0.0,0,-1.216372882008337,-0.6081864410041685,0,0.0,20.0,0.0,10.0,0.0,0.0,0,1,0
2021,REG,DET,00-0033106,J.Goff,00-0033943,J.Reynolds,26,17,270.0,2,19.741898751234586,0.7593037981244072,16,0.6153846153846154,374.0,65.0,14.384615384615385,3.823529411764706,13.0,5,3,0
2021,REG,DET,00-0033106,J.Goff,00-0033948,J.Williams,25,23,135.0,0,0.17054038145579853,0.0068216152582319415,12,0.48,10.0,134.0,0.4,5.826086956521739,6.0,0,0,0
2021,REG,DET,00-0033106,J.Goff,00-0034171,J.Cabinda,4,2,10.0,1,-0.8363573721144331,-0.20908934302860827,2,0.5,7.0,7.0,1.75,3.5,2.0,0,1,1
2021,REG,DET,00-0033106,J.Goff,00-0034614,G.Igwebuike,8,6,64.0,0,1.953399347898085,0.2441749184872606,4,0.5,8.0,62.0,1.0,10.333333333333334,4.0,0,0,0
2021,REG,DET,00-0033106,J.Goff,00-0034854,K.Hodge,17,7,60.0,0,-7.2857824753492535,-0.4285754397264267,6,0.35294117647058826,206.0,9.0,12.117647058823529,1.2857142857142858,3.0,0,4,0
2021,REG,DET,00-0033106,J.Goff,00-0034930,T.Benson,18,8,64.0,0,-10.591853782418186,-0.5884363212454548,5,0.2777777777777778,145.0,40.0,8.055555555555555,5.0,3.0,1,1,0
2021,REG,DET,00-0033106,J.Goff,00-0035229,T.Hockenson,78,55,532.0,4,6.130031036311466,0.07859014149117263,41,0.5256410256410257,575.0,178.0,7.371794871794871,3.2363636363636363,30.0,7,12,4
2021,REG,DET,00-0033106,J.Goff,00-0035544,T.Kennedy,5,4,38.0,0,1.4657733773346953,0.2931546754669391,3,0.6,46.0,15.0,9.2,3.75,1.0,0,0,0
2021,REG,DET,00-0033106,J.Goff,00-0035567,C.Reynolds,3,3,21.0,0,0.1352415050496339,0.045080501683211295,1,0.3333333333333333,6.0,15.0,2.0,5.0,1.0,0,0,0
2021,REG,DET,00-0033106,J.Goff,00-0036275,D.Swift,71,57,443.0,2,-2.7684416822463325,-0.038992136369666655,34,0.4788732394366197,-5.0,477.0,-0.07042253521126761,8.368421052631579,18.0,3,10,0
2021,REG,DET,00-0033106,J.Goff,00-0036277,Q.Cephus,23,15,204.0,2,9.401441617881087,0.40875833121222116,13,0.5652173913043478,251.0,95.0,10.91304347826087,6.333333333333333,9.0,5,4,2
2021,REG,DET,00-0033106,J.Goff,00-0036534,S.Zylstra,7,3,34.0,0,-5.421786069494912,-0.7745408670707017,2,0.2857142857142857,38.0,6.0,5.428571428571429,2.0,2.0,0,2,0
2021,REG,DET,00-0033106,J.Goff,00-0036670,J.Jefferson,5,4,23.0,0,-0.322642765240743,-0.0645285530481486,3,0.6,1.0,21.0,0.2,5.25,2.0,0,0,0
2021,REG,DET,00-0033106,J.Goff,00-0036754,B.Wright,13,8,101.0,2,-0.581805287627515,-0.04475425289442424,6,0.46153846153846156,68.0,50.0,5.230769230769231,6.25,4.0,2,2,0
2021,REG,DET,00-0033106,J.Goff,00-0036963,A.St. Brown,94,69,692.0,3,32.65533582728778,0.3473971896519977,54,0.574468085106383,639.0,329.0,6.797872340425532,4.768115942028985,35.0,7,12,2
2021,REG,MIA,00-0033119,J.Brissett,00-0030669,A.Wilson,11,7,58.0,0,1.179014078225002,0.10718309802045473,5,0.45454545454545453,54.0,37.0,4.909090909090909,5.285714285714286,3.0,0,1,0
2021,REG,MIA,00-0033119,J.Brissett,00-0031547,D.Parker,25,13,161.0,1,14.582792370114479,0.5833116948045791,13,0.52,330.0,19.0,13.2,1.4615384615384615,10.0,2,2,1
2021,REG,MIA,00-0033119,J.Brissett,00-0031806,M.Brown,3,1,4.0,0,-1.2095662932260898,-0.4031887644086966,0,0.0,-4.0,4.0,-1.3333333333333333,4.0,0.0,0,1,0
2021,REG,MIA,00-0033119,J.Brissett,00-0032791,J.Grant,2,2,-7.0,0,-6.11456468928372,-3.05728234464186,0,0.0,1.0,-8.0,0.5,-4.0,0.0,0,1,0
2021,REG,MIA,00-0033119,J.Brissett,00-0033127,W.Fuller,9,4,26.0,0,0.3038993203518958,0.03376659115021065,4,0.4444444444444444,131.0,10.0,14.555555555555555,2.5,3.0,0,1,0
2021,REG,MIA,00-0033119,J.Brissett,00-0033338,C.Carter,1,1,8.0,0,0.531604532385245,0.531604532385245,1,1.0,7.0,1.0,7.0,1.0,0.0,0,0,0
2021,REG,MIA,00-0033119,J.Brissett,00-0033471,I.Ford,5,4,81.0,0,2.9308966732933253,0.586179334658665,3,0.6,52.0,35.0,10.4,8.75,2.0,1,0,0
2021,REG,MIA,00-0033119,J.Brissett,00-0033555,M.Hollins,8,4,32.0,1,3.028958424634765,0.3786198030793456,4,0.5,104.0,7.0,13.0,1.75,3.0,0,1,1
2021,REG,MIA,00-0033119,J.Brissett,00-0033896,A.Shaheen,9,6,60.0,0,1.0570924030229476,0.11745471144699418,5,0.5555555555555556,60.0,20.0,6.666666666666667,3.3333333333333335,4.0,1,5,0
2021,REG,MIA,00-0033119,J.Brissett,00-0034798,D.Smythe,9,7,81.0,0,3.5366937484941428,0.39296597205490474,3,0.3333333333333333,57.0,22.0,6.333333333333333,3.142857142857143,3.0,3,1,0
2021,REG,MIA,00-0033119,J.Brissett,00-0034829,M.Gesicki,43,26,281.0,1,8.503313722523567,0.1977514819191527,22,0.5116279069767442,441.0,56.0,10.255813953488373,2.1538461538461537,16.0,4,2,1
2021,REG,MIA,00-0033119,J.Brissett,00-0035311,M.Gaskin,27,23,127.0,2,-0.31959861167706505,-0.011836985617669075,12,0.4444444444444444,0.0,132.0,0.0,5.739130434782608,6.0,1,2,1
2021,REG,MIA,00-0033119,J.Brissett,00-0035342,P.Laird,1,1,2.0,0,0.0067834167857654,0.0067834167857654,1,1.0,-2.0,4.0,-2.0,4.0,0.0,0,0,0
2021,REG,MIA,00-0033119,J.Brissett,00-0035350,P.Williams,10,4,62.0,0,-4.635134742074781,-0.4635134742074781,3,0.3,110.0,29.0,11.0,7.25,2.0,2,2,0
2021,REG,MIA,00-0033119,J.Brissett,00-0035844,K.Merritt,3,1,13.0,0,-0.2178100550081591,-0.07260335166938636,1,0.3333333333333333,56.0,6.0,18.666666666666668,6.0,1.0,0,0,0
2021,REG,MIA,00-0033119,J.Brissett,00-0036020,S.Ahmed,9,5,37.0,0,-2.963291820022275,-0.32925464666914167,3,0.3333333333333333,18.0,27.0,2.0,5.4,1.0,0,2,0
2021,REG,MIA,00-0033119,J.Brissett,00-0036613,J.Waddle,43,32,257.0,0,-2.710151247337687,-0.0630267731938997,23,0.5348837209302325,252.0,107.0,5.8604651162790695,3.34375,15.0,1,2,0
2021,REG,CAR,00-0033275,P.Walker,00-0032104,A.Abdullah,5,5,38.0,0,1.5341532858146762,0.3068306571629352,3,0.6,-9.0,47.0,-1.8,9.4,2.0,0,1,0
2021,REG,CAR,00-0033275,P.Walker,00-0032543,A.Erickson,1,1,13.0,0,0.0032557740923948,0.0032557740923948,1,1.0,7.0,6.0,7.0,6.0,0.0,0,0,0
2021,REG,CAR,00-0033275,P.Walker,00-0032688,R.Anderson,18,8,95.0,1,0.3704181630809291,0.020578786837829394,7,0.3888888888888889,206.0,20.0,11.444444444444445,2.5,6.0,0,2,1
2021,REG,CAR,00-0033275,P.Walker,00-0033280,C.McCaffrey,10,10,66.0,0,4.62460036520498,0.462460036520498,5,0.5,28.0,38.0,2.8,3.8,3.0,0,2,0
2021,REG,CAR,00-0033275,P.Walker,00-0034052,B.Zylstra,4,3,53.0,0,1.2008936296333639,0.30022340740834097,3,0.75,69.0,7.0,17.25,2.3333333333333335,3.0,1,0,0
2021,REG,CAR,00-0033275,P.Walker,00-0034317,K.Kirkwood,2,0,0.0,0,-0.7477959419484259,-0.37389797097421296,0,0.0,23.0,0.0,11.5,0.0,0.0,0,1,0
2021,REG,CAR,00-0033275,P.Walker,00-0034365,I.Thomas,3,0,0.0,0,-6.53622795175761,-2.17874265058587,0,0.0,25.0,0.0,8.333333333333334,0.0,0.0,0,0,0
2021,REG,CAR,00-0033275,P.Walker,00-0034827,Dj.Moore,14,7,87.0,0,0.8649295449722567,0.061780681783732624,6,0.42857142857142855,176.0,6.0,12.571428571428571,0.8571428571428571,5.0,0,1,0
2021,REG,CAR,00-0033275,P.Walker,00-0034838,R.Freeman,1,0,0.0,0,-0.541360259987414,-0.541360259987414,0,0.0,-5.0,0.0,-5.0,0.0,0.0,0,0,0
2021,REG,CAR,00-0033275,P.Walker,00-0036555,C.Hubbard,1,1,7.0,0,0.441409474005923,0.441409474005923,1,1.0,-3.0,10.0,-3.0,10.0,0.0,0,0,0
2021,REG,CAR,00-0033275,P.Walker,00-0036572,S.Smith,2,0,0.0,0,-1.7627728391089499,-0.8813864195544749,0,0.0,27.0,0.0,13.5,0.0,0.0,0,0,0
2021,REG,CAR,00-0033275,P.Walker,00-0036955,T.Marshall,3,0,0.0,0,-2.5868975452175347,-0.8622991817391782,1,0.3333333333333333,38.0,0.0,12.666666666666666,0.0,0.0,0,1,0
2021,REG,CAR,00-0033275,P.Walker,00-0037005,T.Tremble,2,1,3.0,0,-0.9572310068761,-0.47861550343805,0,0.0,12.0,3.0,6.0,3.0,0.0,0,1,0
2021,REG,NE,00-0033307,K.Bourne,00-0031549,N.Agholor,1,1,25.0,1,2.34783104597591,2.34783104597591,1,1.0,22.0,3.0,22.0,3.0,1.0,1,0,0
2021,REG,CLE,00-0033319,N.Mullens,00-0032977,R.Higgins,5,3,24.0,0,0.858575146727895,0.171715029345579,4,0.8,37.0,6.0,7.4,2.0,1.0,0,0,0
2021,REG,CLE,00-0033319,N.Mullens,00-0033885,D.Njoku,5,3,29.0,0,-0.4380508027388731,-0.08761016054777462,3,0.6,38.0,26.0,7.6,8.666666666666666,3.0,0,1,0
2021,REG,CLE,00-0033319,N.Mullens,00-0034791,N.Chubb,1,1,2.0,0,-0.465497890487313,-0.465497890487313,0,0.0,0.0,2.0,0.0,2.0,0.0,0,0,0
2021,REG,CLE,00-0033319,N.Mullens,00-0035628,D.Johnson,4,4,17.0,0,-2.484908115060535,-0.6212270287651338,0,0.0,-4.0,21.0,-1.0,5.25,0.0,0,1,0
2021,REG,CLE,00-0033319,N.Mullens,00-0036232,H.Bryant,2,2,11.0,1,5.23878450982739,2.619392254913695,2,1.0,11.0,0.0,5.5,0.0,2.0,0,1,1
2021,REG,CLE,00-0033319,N.Mullens,00-0036233,D.Peoples-Jones,8,4,48.0,0,1.285786375286992,0.160723296910874,3,0.375,120.0,10.0,15.0,2.5,2.0,1,0,0
2021,REG,CLE,00-0033319,N.Mullens,00-0036654,D.Felton,4,3,16.0,0,-1.691708167374604,-0.422927041843651,1,0.25,11.0,6.0,2.75,2.0,1.0,0,0,0
2021,REG,NO,00-0033357,T.Hill,00-0027966,M.Ingram,4,3,6.0,0,-0.5468183653429131,-0.13670459133572826,1,0.25,-4.0,8.0,-1.0,2.6666666666666665,1.0,0,0,0
2021,REG,NO,00-0033357,T.Hill,00-0030085,K.Stills,5,0,0.0,0,-7.110201359842902,-1.4220402719685805,0,0.0,49.0,0.0,9.8,0.0,0.0,0,0,0
2021,REG,NO,00-0033357,T.Hill,00-0032200,T.Montgomery,9,4,9.0,0,-7.5054548572386866,-0.8339394285820763,1,0.1111111111111111,9.0,14.0,1.0,3.5,1.0,0,0,0
2021,REG,NO,00-0033357,T.Hill,00-0032394,N.Vannett,12,7,102.0,0,3.4073104739091375,0.28394253949242815,7,0.5833333333333334,52.0,89.0,4.333333333333333,12.714285714285714,5.0,1,2,0
2021,REG,NO,00-0033357,T.Hill,00-0032450,D.Washington,1,1,6.0,0,-0.309945602493826,-0.309945602493826,0,0.0,2.0,4.0,2.0,4.0,0.0,0,0,0
2021,REG,NO,00-0033357,T.Hill,00-0033095,G.Griffin,1,1,9.0,0,0.696264777565375,0.696264777565375,1,1.0,3.0,6.0,3.0,6.0,0.0,0,0,0
2021,REG,NO,00-0033357,T.Hill,00-0033906,A.Kamara,17,11,106.0,1,-0.39665625611599964,-0.02333272094799998,7,0.4117647058823529,71.0,88.0,4.176470588235294,8.0,4.0,1,7,1
2021,REG,NO,00-0033357,T.Hill,00-0034765,T.Smith,16,10,121.0,0,3.5462836418300667,0.22164272761437917,9,0.5625,151.0,48.0,9.4375,4.8,6.0,2,1,0
2021,REG,NO,00-0033357,T.Hill,00-0035215,D.Harris,14,8,147.0,1,-4.867068847059267,-0.34764777478994763,7,0.5,173.0,80.0,12.357142857142858,10.0,4.0,1,0,0
2021,REG,NO,00-0033357,T.Hill,00-0035406,L.Humphrey,5,5,101.0,1,7.697585164511113,1.5395170329022227,5,1.0,69.0,32.0,13.8,6.4,4.0,3,0,0
2021,REG,NO,00-0033357,T.Hill,00-0035860,T.Jones,2,2,22.0,0,2.535659389046489,1.2678296945232446,2,1.0,-4.0,26.0,-2.0,13.0,2.0,0,1,0
2021,REG,NO,00-0033357,T.Hill,00-0036040,J.Johnson,4,3,46.0,0,1.5190939876919614,0.37977349692299034,2,0.5,37.0,12.0,9.25,4.0,2.0,1,2,0
2021,REG,NO,00-0033357,T.Hill,00-0036080,E.Winston,1,1,5.0,0,-0.509274938609451,-0.509274938609451,0,0.0,-4.0,9.0,-4.0,9.0,0.0,0,0,0
2021,REG,NO,00-0033357,T.Hill,00-0036219,M.Callaway,28,15,256.0,0,7.802074595149582,0.2786455212553422,15,0.5357142857142857,315.0,88.0,11.25,5.866666666666666,10.0,5,2,0
2021,REG,NO,00-0033357,T.Hill,00-0036422,A.Trautman,6,5,36.0,1,1.7385576491360637,0.28975960818934393,3,0.5,47.0,11.0,7.833333333333333,2.2,3.0,0,2,1
2021,REG,NO,00-0033357,T.Hill,00-0036727,A.Prentice,2,2,6.0,0,0.442450394621118,0.221225197310559,1,0.5,0.0,6.0,0.0,3.0,1.0,0,0,0
2021,REG,DAL,00-0033662,C.Rush,00-0031544,A.Cooper,13,8,122.0,1,6.008192779878263,0.46216867537525097,8,0.6153846153846154,180.0,28.0,13.846153846153847,3.5,8.0,2,2,1
2021,REG,DAL,00-0033662,C.Rush,00-0033045,E.Elliott,6,4,23.0,0,1.565357376879541,0.26089289614659017,2,0.3333333333333333,-6.0,30.0,-1.0,7.5,2.0,0,2,0
2021,REG,DAL,00-0033662,C.Rush,00-0033528,J.Sprinkle,1,1,10.0,0,0.734719399246387,0.734719399246387,1,1.0,6.0,4.0,6.0,4.0,0.0,0,1,0
2021,REG,DAL,00-0033662,C.Rush,00-0033591,N.Brown,2,1,7.0,0,-0.25044567295117304,-0.12522283647558652,1,0.5,35.0,0.0,17.5,0.0,0.0,0,1,0
2021,REG,DAL,00-0033662,C.Rush,00-0033658,B.Jarwin,1,0,0.0,0,-5.00143600441515,-5.00143600441515,0,0.0,19.0,0.0,19.0,0.0,0.0,0,0,0
2021,REG,DAL,00-0033662,C.Rush,00-0033725,C.Clement,1,1,5.0,0,-0.095552907558158,-0.095552907558158,0,0.0,0.0,5.0,0.0,5.0,0.0,0,0,0
2021,REG,DAL,00-0033662,C.Rush,00-0034383,D.Schultz,7,2,11.0,0,-3.172013473929837,-0.4531447819899767,1,0.14285714285714285,70.0,6.0,10.0,3.0,0.0,0,0,0
2021,REG,DAL,00-0033662,C.Rush,00-0034418,C.Wilson,3,3,84.0,1,7.377104137209249,2.459034712403083,2,0.6666666666666666,27.0,57.0,9.0,19.0,2.0,1,0,0
2021,REG,DAL,00-0033662,C.Rush,00-0034867,M.Turner,2,2,70.0,1,6.85793656954775,3.428968284773875,2,1.0,9.0,61.0,4.5,30.5,2.0,1,1,1
2021,REG,DAL,00-0033662,C.Rush,00-0035261,T.Pollard,2,2,10.0,0,-0.371506587951445,-0.1857532939757225,1,0.5,7.0,3.0,3.5,1.5,0.0,0,0,0
2021,REG,DAL,00-0033662,C.Rush,00-0036032,S.McKeon,1,1,3.0,0,-1.21026767254807,-1.21026767254807,0,0.0,3.0,0.0,3.0,0.0,0.0,0,0,0
2021,REG,DAL,00-0033662,C.Rush,00-0036358,C.Lamb,8,5,77.0,0,4.597679947968575,0.5747099934960719,5,0.625,74.0,13.0,9.25,2.6,4.0,1,0,0
2021,REG,NYJ,00-0033681,K.Cole,00-0037013,Z.Wilson,1,0,0.0,0,-0.740858779405244,-0.740858779405244,0,0.0,8.0,0.0,8.0,0.0,0.0,0,1,0
2021,REG,PHI,00-0033733,G.Ward,00-0031384,R.Rodgers,1,1,2.0,0,-0.549558399536181,-0.549558399536181,0,0.0,-1.0,3.0,-1.0,3.0,0.0,0,1,0
2021,REG,PHI,00-0033733,G.Ward,00-0036389,J.Hurts,1,0,0.0,0,-2.80427084170515,-2.80427084170515,0,0.0,3.0,0.0,3.0,0.0,0.0,0,1,0
2021,REG,TB,00-0033856,L.Fournette,00-0033921,C.Godwin,1,0,0.0,0,-0.663301464170218,-0.663301464170218,0,0.0,0.0,0.0,0.0,0.0,0.0,0,0,0
2021,REG,BUF,00-0033869,M.Trubisky,00-0031787,J.Kumerow,1,1,15.0,0,1.36905521451263,1.36905521451263,1,1.0,12.0,3.0,12.0,3.0,1.0,0,0,0
2021,REG,BUF,00-0033869,M.Trubisky,00-0035250,D.Singletary,3,2,12.0,0,-0.6787387722870339,-0.2262462574290113,1,0.3333333333333333,7.0,8.0,2.3333333333333335,4.0,0.0,0,0,0
2021,REG,BUF,00-0033869,M.Trubisky,00-0035308,T.Sweeney,2,1,1.0,0,-4.24562522943597,-2.122812614717985,0,0.0,13.0,0.0,6.5,0.0,0.0,0,0,0
2021,REG,BUF,00-0033869,M.Trubisky,00-0036187,R.Gilliam,1,1,8.0,0,0.511022580380086,0.511022580380086,1,1.0,2.0,6.0,2.0,6.0,0.0,0,0,0
2021,REG,BUF,00-0033869,M.Trubisky,00-0036196,G.Davis,1,1,7.0,0,1.38315233564936,1.38315233564936,1,1.0,7.0,0.0,7.0,0.0,1.0,0,0,0
2021,REG,KC,00-0033873,P.Mahomes,00-0029164,M.Remmers,1,1,-2.0,0,-0.794392922136467,-0.794392922136467,0,0.0,0.0,-2.0,0.0,-2.0,0.0,0,1,0
2021,REG,KC,00-0033873,P.Mahomes,00-0029664,J.Gordon,14,5,32.0,1,-12.496325224316562,-0.8925946588797544,4,0.2857142857142857,153.0,5.0,10.928571428571429,1.0,3.0,0,3,1
2021,REG,KC,00-0033873,P.Mahomes,00-0030506,T.Kelce,131,91,1118.0,9,51.394580563019765,0.39232504246579974,82,0.6259541984732825,962.0,563.0,7.343511450381679,6.186813186813187,62.0,13,17,7
2021,REG,KC,00-0033873,P.Mahomes,00-0031376,J.McKinnon,19,12,96.0,1,1.5717370925121839,0.08272300486906231,8,0.42105263157894735,-10.0,124.0,-0.5263157894736842,10.333333333333334,5.0,0,4,1
2021,REG,KC,00-0033873,P.Mahomes,00-0031595,M.Burton,3,3,31.0,0,0.791232596384357,0.26374419879478567,2,0.6666666666666666,-5.0,36.0,-1.6666666666666667,12.0,2.0,1,1,0
2021,REG,KC,00-0033873,P.Mahomes,00-0032062,B.Bell,13,9,87.0,0,1.228345561132306,0.09448812008710046,5,0.38461538461538464,31.0,67.0,2.3846153846153846,7.444444444444445,4.0,2,1,0
2021,REG,KC,00-0033873,P.Mahomes,00-0032775,D.Robinson,39,24,257.0,3,9.953648233893468,0.255221749587012,18,0.46153846153846156,411.0,62.0,10.538461538461538,2.5833333333333335,12.0,3,4,0
2021,REG,KC,00-0033873,P.Mahomes,00-0033040,T.Hill,155,108,1206.0,9,59.60349843287346,0.38453869956692555,91,0.5870967741935483,1603.0,444.0,10.341935483870968,4.111111111111111,73.0,13,25,7
2021,REG,KC,00-0033873,P.Mahomes,00-0033481,M.Kemp,3,0,0.0,0,-4.808046067948452,-1.602682022649484,0,0.0,46.0,0.0,15.333333333333334,0.0,0.0,0,0,0
2021,REG,KC,00-0033873,P.Mahomes,00-0034297,B.Pringle,60,42,568.0,5,36.73909083536927,0.6123181805894878,37,0.6166666666666667,641.0,187.0,10.683333333333334,4.4523809523809526,32.0,11,6,3
2021,REG,KC,00-0033873,P.Mahomes,00-0034301,Da.Williams,56,46,446.0,2,20.55111735000187,0.36698423839289057,36,0.6428571428571429,81.0,430.0,1.4464285714285714,9.347826086956522,19.0,4,10,0
2021,REG,KC,00-0033873,P.Mahomes,00-0035140,M.Hardman,82,58,685.0,2,21.056571383262042,0.25678745589343954,45,0.5487804878048781,609.0,497.0,7.426829268292683,8.568965517241379,33.0,8,16,2
2021,REG,KC,00-0033873,P.Mahomes,00-0035547,J.Fortson,5,5,47.0,2,5.351718912075741,1.0703437824151483,4,0.8,38.0,9.0,7.6,1.8,3.0,1,2,2
2021,REG,KC,00-0033873,P.Mahomes,00-0035715,D.Gore,8,7,98.0,0,5.860196411784276,0.7325245514730345,6,0.75,12.0,82.0,1.5,11.714285714285714,2.0,1,2,0
2021,REG,KC,00-0033873,P.Mahomes,00-0036360,C.Edwards-Helaire,25,19,129.0,2,-0.8597231574044456,-0.034388926296177826,13,0.52,-53.0,169.0,-2.12,8.894736842105264,8.0,1,5,2
2021,REG,KC,00-0033873,P.Mahomes,00-0036637,N.Gray,9,6,32.0,1,0.08618395443772486,0.009575994937524986,4,0.4444444444444444,20.0,17.0,2.2222222222222223,2.8333333333333335,2.0,0,5,1
2021,REG,LA,00-0033908,C.Kupp,00-0036415,V.Jefferson,1,0,0.0,0,-0.402064944501035,-0.402064944501035,0,0.0,25.0,0.0,25.0,0.0,0.0,0,0,0
2021,REG,JAX,00-0033936,C.Beathard,00-0034011,D.Arnold,2,2,33.0,0,1.829054368659857,0.9145271843299285,1,0.5,27.0,6.0,13.5,3.0,1.0,1,0,0
2021,REG,CAR,00-0034052,B.Zylstra,00-0032104,A.Abdullah,1,0,0.0,0,-1.31671274715336,-1.31671274715336,0,0.0,13.0,0.0,13.0,0.0,0.0,0,0,0
2021,REG,DET,00-0034177,T.Boyle,00-0032381,T.Decker,1,1,6.0,1,1.41497102496214,1.41497102496214,1,1.0,5.0,1.0,5.0,1.0,1.0,0,1,1
2021,REG,DET,00-0034177,T.Boyle,00-0032464,K.Raymond,6,3,12.0,0,-5.43736702034948,-0.9062278367249134,2,0.3333333333333333,50.0,5.0,8.333333333333334,1.6666666666666667,1.0,0,2,0
2021,REG,DET,00-0034177,T.Boyle,00-0033943,J.Reynolds,10,2,36.0,0,-6.035414790190906,-0.6035414790190906,2,0.2,150.0,13.0,15.0,6.5,2.0,1,2,0
2021,REG,DET,00-0034177,T.Boyle,00-0033948,J.Williams,3,3,22.0,0,1.414330036379398,0.4714433454597993,3,1.0,0.0,22.0,0.0,7.333333333333333,0.0,0,0,0
2021,REG,DET,00-0034177,T.Boyle,00-0034171,J.Cabinda,3,2,6.0,0,-1.499876235146075,-0.4999587450486917,0,0.0,-1.0,1.0,-0.3333333333333333,0.5,0.0,0,0,0
2021,REG,DET,00-0034177,T.Boyle,00-0034614,G.Igwebuike,1,1,-4.0,0,-1.019330471172,-1.019330471172,0,0.0,-6.0,2.0,-6.0,2.0,0.0,0,0,0
2021,REG,DET,00-0034177,T.Boyle,00-0034854,K.Hodge,10,5,76.0,0,-3.0120170529116956,-0.3012017052911696,3,0.3,90.0,15.0,9.0,3.0,3.0,1,2,0
2021,REG,DET,00-0034177,T.Boyle,00-0034930,T.Benson,4,2,31.0,0,0.978519605356265,0.24462990133906626,2,0.5,30.0,11.0,7.5,5.5,1.0,1,0,0
2021,REG,DET,00-0034177,T.Boyle,00-0035229,T.Hockenson,8,6,51.0,0,-0.6621786955511251,-0.08277233694389063,2,0.25,41.0,21.0,5.125,3.5,2.0,1,0,0
2021,REG,DET,00-0034177,T.Boyle,00-0035328,M.Nelson,1,0,0.0,0,-0.592342924210243,-0.592342924210243,0,0.0,6.0,0.0,6.0,0.0,0.0,0,1,0
2021,REG,DET,00-0034177,T.Boyle,00-0035544,T.Kennedy,5,2,16.0,0,-6.101522264827512,-1.2203044529655025,1,0.2,31.0,2.0,6.2,1.0,1.0,0,1,0
2021,REG,DET,00-0034177,T.Boyle,00-0035567,C.Reynolds,5,4,31.0,0,1.369768218602988,0.2739536437205976,2,0.4,-1.0,40.0,-0.2,10.0,2.0,0,0,0
2021,REG,DET,00-0034177,T.Boyle,00-0036275,D.Swift,7,5,7.0,0,-5.054084457107821,-0.7220120653011174,1,0.14285714285714285,4.0,23.0,0.5714285714285714,4.6,0.0,0,1,0
2021,REG,DET,00-0034177,T.Boyle,00-0036754,B.Wright,4,4,16.0,0,-0.19027162023121802,-0.047567905057804505,2,0.5,2.0,14.0,0.5,3.5,2.0,0,0,0
2021,REG,DET,00-0034177,T.Boyle,00-0036963,A.St. Brown,27,21,220.0,2,20.581305977040998,0.7622705917422592,18,0.6666666666666666,192.0,95.0,7.111111111111111,4.523809523809524,13.0,4,5,2
2021,REG,ATL,00-0034343,J.Rosen,00-0032778,T.Sharpe,1,0,0.0,0,-2.40181731781922,-2.40181731781922,0,0.0,16.0,0.0,16.0,0.0,0.0,0,0,0
2021,REG,ATL,00-0034343,J.Rosen,00-0034132,C.Blake,1,0,0.0,0,-0.721037563111167,-0.721037563111167,0,0.0,17.0,0.0,17.0,0.0,0.0,0,0,0
2021,REG,ATL,00-0034343,J.Rosen,00-0034411,R.Gage,1,0,0.0,0,-7.94759406824596,-7.94759406824596,0,0.0,5.0,0.0,5.0,0.0,0.0,0,0,0
2021,REG,ATL,00-0034343,J.Rosen,00-0035208,O.Zaccheaus,1,0,0.0,0,-0.543646029836964,-0.543646029836964,0,0.0,10.0,0.0,10.0,0.0,0.0,0,0,0
2021,REG,ATL,00-0034343,J.Rosen,00-0035572,P.Hesse,2,1,5.0,0,-0.286622589570471,-0.1433112947852355,1,0.5,5.0,0.0,2.5,0.0,0.0,0,0,0
2021,REG,ATL,00-0034343,J.Rosen,00-0036951,F.Darby,3,1,14.0,0,-2.7158796620788097,-0.9052932206929366,1,0.3333333333333333,50.0,11.0,16.666666666666668,11.0,1.0,0,0,0
2021,REG,ATL,00-0034343,J.Rosen,00-0036970,K.Pitts,1,0,0.0,0,-3.67747135460377,-3.67747135460377,0,0.0,8.0,0.0,8.0,0.0,0.0,0,0,0
2021,REG,DEN,00-0034348,C.Sutton,00-0035644,N.Fant,1,1,16.0,0,1.0016340004513,1.0016340004513,1,1.0,15.0,1.0,15.0,1.0,1.0,0,0,0
2021,REG,NYJ,00-0034401,M.White,00-0030108,R.Griffin,5,2,28.0,0,-2.8106841459521057,-0.5621368291904212,2,0.4,56.0,10.0,11.2,5.0,2.0,1,0,0
2021,REG,NYJ,00-0034401,M.White,00-0031941,J.Crowder,18,14,143.0,0,-5.551188877492679,-0.3083993820829266,11,0.6111111111111112,126.0,58.0,7.0,4.142857142857143,5.0,2,1,0
2021,REG,NYJ,00-0034401,M.White,00-0032058,T.Coleman,3,2,4.0,0,-0.872248915489765,-0.29074963849658836,1,0.3333333333333333,-12.0,11.0,-4.0,5.5,1.0,0,0,0
2021,REG,NYJ,00-0034401,M.White,00-0032214,T.Kroft,4,3,32.0,1,2.962604663334786,0.7406511658336965,3,0.75,33.0,9.0,8.25,3.0,3.0,0,1,1
2021,REG,NYJ,00-0034401,M.White,00-0033681,K.Cole,15,6,70.0,0,-4.710255047961124,-0.3140170031974083,6,0.4,146.0,13.0,9.733333333333333,2.1666666666666665,5.0,0,3,0
2021,REG,NYJ,00-0034401,M.White,00-0033871,C.Davis,12,9,140.0,1,3.45507308829111,0.2879227573575925,8,0.6666666666666666,143.0,28.0,11.916666666666666,3.111111111111111,7.0,3,1,1
2021,REG,NYJ,00-0034401,M.White,00-0034419,B.Berrios,5,5,25.0,1,3.3757095366017937,0.6751419073203587,2,0.4,21.0,4.0,4.2,0.8,2.0,0,1,1
2021,REG,NYJ,00-0034401,M.White,00-0035259,T.Wesco,1,0,0.0,0,-2.76665273937397,-2.76665273937397,0,0.0,-3.0,0.0,-3.0,0.0,0.0,0,0,0
2021,REG,NYJ,00-0034401,M.White,00-0035510,J.Smith,1,1,10.0,0,0.754776807501912,0.754776807501912,1,1.0,10.0,0.0,10.0,0.0,1.0,0,0,0
2021,REG,NYJ,00-0034401,M.White,00-0035537,T.Johnson,18,14,153.0,1,10.231379302538702,0.5684099612521502,9,0.5,-1.0,164.0,-0.05555555555555555,11.714285714285714,8.0,1,1,1
2021,REG,NYJ,00-0034401,M.White,00-0036255,D.Mims,5,3,36.0,0,-0.41498211515135974,-0.08299642303027195,3,0.6,42.0,28.0,8.4,9.333333333333334,2.0,0,0,0
2021,REG,NYJ,00-0034401,M.White,00-0036924,Mi.Carter,29,20,196.0,0,-2.742616693043992,-0.09457298941531006,15,0.5172413793103449,31.0,199.0,1.0689655172413792,9.95,8.0,2,1,0
2021,REG,NYJ,00-0034401,M.White,00-0036980,E.Moore,16,9,116.0,1,-2.99607683405159,-0.18725480212822437,7,0.4375,188.0,42.0,11.75,4.666666666666667,5.0,2,2,1
2021,REG,DAL,00-0034418,C.Wilson,00-0033591,N.Brown,1,1,22.0,0,1.25654963077977,1.25654963077977,1,1.0,20.0,2.0,20.0,2.0,1.0,1,0,0
2021,REG,DAL,00-0034418,C.Wilson,00-0035261,T.Pollard,1,1,31.0,0,1.91485322528752,1.91485322528752,1,1.0,15.0,16.0,15.0,16.0,1.0,1,0,0
2021,REG,DAL,00-0034418,C.Wilson,00-0036358,C.Lamb,1,1,35.0,0,2.57763669372071,2.57763669372071,1,1.0,32.0,3.0,32.0,3.0,1.0,1,0,0
2021,REG,WAS,00-0034577,K.Allen,00-0031763,D.Carter,3,1,5.0,0,-2.714584361005106,-0.9048614536683687,0,0.0,43.0,0.0,14.333333333333334,0.0,0.0,0,0,0
2021,REG,WAS,00-0034577,K.Allen,00-0032009,A.Humphries,4,2,4.0,0,0.05578652635449011,0.013946631588622527,1,0.25,12.0,2.0,3.0,1.0,1.0,0,0,0
2021,REG,WAS,00-0034577,K.Allen,00-0032975,J.Williams,1,1,19.0,0,1.72436721564736,1.72436721564736,1,1.0,2.0,17.0,2.0,17.0,1.0,0,0,0
2021,REG,WAS,00-0034577,K.Allen,00-0033611,R.Seals-Jones,2,1,8.0,0,-1.423507774787024,-0.711753887393512,0,0.0,2.0,6.0,1.0,6.0,0.0,0,1,0
2021,REG,WAS,00-0034577,K.Allen,00-0034104,C.Sims,3,2,26.0,0,1.611529613146558,0.5371765377155193,2,0.6666666666666666,33.0,3.0,11.0,1.5,1.0,0,0,0
2021,REG,WAS,00-0034577,K.Allen,00-0035659,T.McLaurin,3,3,40.0,0,4.740166494157167,1.580055498052389,3,1.0,30.0,10.0,10.0,3.3333333333333335,2.0,0,1,0
2021,REG,WAS,00-0034577,K.Allen,00-0036626,D.Brown,1,1,5.0,0,0.314267222071067,0.314267222071067,1,1.0,4.0,1.0,4.0,1.0,0.0,0,0,0
2021,REG,WAS,00-0034577,K.Allen,00-0036628,J.Bates,2,1,13.0,1,1.6850177980377317,0.8425088990188658,1,0.5,11.0,7.0,5.5,7.0,1.0,0,1,1
2021,REG,PIT,00-0034771,M.Rudolph,00-0031387,E.Ebron,2,2,13.0,0,-0.05193971027620098,-0.02596985513810049,1,0.5,7.0,6.0,3.5,3.0,0.0,0,0,0
2021,REG,PIT,00-0034771,M.Rudolph,00-0032897,D.Watt,1,1,9.0,0,0.844133787089959,0.844133787089959,1,1.0,0.0,9.0,0.0,9.0,0.0,0,0,0
2021,REG,PIT,00-0034771,M.Rudolph,00-0034193,K.Rader,2,1,7.0,0,-0.3810963358846498,-0.1905481679423249,1,0.5,10.0,1.0,5.0,1.0,0.0,0,0,0
2021,REG,PIT,00-0034771,M.Rudolph,00-0034407,R.McCloud,12,9,63.0,0,-0.7694630931510393,-0.06412192442925328,5,0.4166666666666667,81.0,6.0,6.75,0.6666666666666666,4.0,0,1,0
2021,REG,PIT,00-0034771,M.Rudolph,00-0034676,J.Washington,7,2,15.0,1,-1.2357800673926238,-0.17654000962751767,2,0.2857142857142857,76.0,3.0,10.857142857142858,1.5,1.0,0,3,1
2021,REG,PIT,00-0034771,M.Rudolph,00-0034799,K.Ballage,2,0,0.0,0,-4.816862391540781,-2.4084311957703903,0,0.0,4.0,0.0,2.0,0.0,0.0,0,0,0
2021,REG,PIT,00-0034771,M.Rudolph,00-0035216,D.Johnson,13,7,83.0,0,-4.167508741316857,-0.320577595485912,4,0.3076923076923077,112.0,37.0,8.615384615384615,5.285714285714286,4.0,2,1,0
2021,REG,PIT,00-0034771,M.Rudolph,00-0035217,B.Snell,1,1,6.0,0,0.248624895291869,0.248624895291869,1,1.0,-4.0,10.0,-4.0,10.0,0.0,0,0,0
2021,REG,PIT,00-0034771,M.Rudolph,00-0035222,Z.Gentry,2,2,18.0,0,-2.1036114267772112,-1.0518057133886056,1,0.5,11.0,7.0,5.5,3.5,2.0,0,1,0
2021,REG,PIT,00-0034771,M.Rudolph,00-0035891,C.White,1,1,4.0,0,0.310203075699974,0.310203075699974,1,1.0,3.0,1.0,3.0,1.0,1.0,0,0,0
2021,REG,PIT,00-0034771,M.Rudolph,00-0036893,N.Harris,4,4,28.0,0,1.5905436624181242,0.39763591560453104,3,0.75,-2.0,30.0,-0.5,7.5,2.0,0,0,0
2021,REG,PIT,00-0034771,M.Rudolph,00-0036894,P.Freiermuth,9,5,31.0,0,-3.422670251450596,-0.38029669460562177,3,0.3333333333333333,57.0,12.0,6.333333333333333,2.4,2.0,0,3,0
2021,REG,ARI,00-0034775,C.Kirk,00-0035126,A.Wesley,1,1,33.0,0,3.03057740646182,3.03057740646182,1,1.0,33.0,0.0,33.0,0.0,1.0,1,0,0
2021,REG,BAL,00-0034796,L.Jackson,00-0030496,L.Bell,1,0,0.0,0,-0.658765889238566,-0.658765889238566,0,0.0,-2.0,0.0,-2.0,0.0,0.0,0,0,0
2021,REG,BAL,00-0034796,L.Jackson,00-0030513,L.Murray,7,6,59.0,0,3.88062506529968,0.5543750093285257,5,0.7142857142857143,4.0,56.0,0.5714285714285714,9.333333333333334,1.0,0,2,0
2021,REG,BAL,00-0034796,L.Jackson,00-0031285,D.Freeman,24,16,122.0,1,3.2236766924906948,0.13431986218711228,11,0.4583333333333333,39.0,112.0,1.625,7.0,5.0,0,6,1
2021,REG,BAL,00-0034796,L.Jackson,00-0031325,S.Watkins,42,24,346.0,1,-4.8633791080580195,-0.11579474066804808,21,0.5,536.0,96.0,12.761904761904763,4.0,15.0,5,4,1
2021,REG,BAL,00-0034796,L.Jackson,00-0031690,E.Tomlinson,1,1,7.0,0,0.305387636413798,0.305387636413798,1,1.0,3.0,4.0,3.0,4.0,0.0,0,0,0
2021,REG,BAL,00-0034796,L.Jackson,00-0033376,P.Ricard,12,8,63.0,1,-2.199809044454014,-0.18331742037116783,7,0.5833333333333334,15.0,45.0,1.25,5.625,3.0,1,2,1
2021,REG,BAL,00-0034796,L.Jackson,00-0034753,M.Andrews,94,58,742.0,5,20.467209825402318,0.21773627473832252,52,0.5531914893617021,964.0,211.0,10.25531914893617,3.6379310344827585,40.0,12,17,5
2021,REG,BAL,00-0034796,L.Jackson,00-0035249,J.Oliver,9,6,49.0,0,0.160809300607066,0.017867700067451777,4,0.4444444444444444,64.0,17.0,7.111111111111111,2.8333333333333335,3.0,0,2,0
2021,REG,BAL,00-0034796,L.Jackson,00-0035662,M.Brown,99,66,836.0,6,23.241887676007313,0.23476654218189205,49,0.494949494949495,1185.0,312.0,11.969696969696969,4.7272727272727275,33.0,15,10,2
2021,REG,BAL,00-0034796,L.Jackson,00-0035703,M.Boykin,1,1,6.0,0,0.0853082651738077,0.0853082651738077,1,1.0,6.0,0.0,6.0,0.0,0.0,0,0,0
2021,REG,BAL,00-0034796,L.Jackson,00-0036133,J.Proche,11,8,118.0,0,9.164483659144027,0.8331348781040024,7,0.6363636363636364,114.0,42.0,10.363636363636363,5.25,5.0,2,0,0
2021,REG,BAL,00-0034796,L.Jackson,00-0036331,D.Duvernay,29,21,178.0,2,10.054552154696061,0.34670869498951934,16,0.5517241379310345,195.0,99.0,6.724137931034483,4.714285714285714,10.0,0,5,2
2021,REG,BAL,00-0034796,L.Jackson,00-0036457,T.Williams,12,9,84.0,0,1.168135508600085,0.09734462571667375,7,0.5833333333333334,30.0,71.0,2.5,7.888888888888889,4.0,1,3,0
2021,REG,BAL,00-0034796,L.Jackson,00-0036550,R.Bateman,33,22,272.0,0,3.8617236240443704,0.11702192800134456,20,0.6060606060606061,312.0,85.0,9.454545454545455,3.8636363636363638,16.0,5,2,0
2021,REG,BAL,00-0034796,L.Jackson,00-0036630,T.Wallace,1,0,0.0,0,-0.513020962011069,-0.513020962011069,0,0.0,19.0,0.0,19.0,0.0,0.0,0,0,0
2021,REG,MIA,00-0034829,M.Gesicki,00-0035311,M.Gaskin,1,0,0.0,0,-0.586453419644386,-0.586453419644386,0,0.0,28.0,0.0,28.0,0.0,0.0,0,0,0
2021,REG,CLE,00-0034855,B.Mayfield,00-0031235,O.Beckham,28,15,209.0,0,1.5597036719828123,0.05570370257081473,14,0.5,393.0,48.0,14.035714285714286,3.2,10.0,4,3,0
2021,REG,CLE,00-0034855,B.Mayfield,00-0031382,J.Landry,67,38,443.0,1,-13.827802486248704,-0.20638511173505528,31,0.4626865671641791,582.0,217.0,8.686567164179104,5.7105263157894735,21.0,5,6,1
2021,REG,CLE,00-0034855,B.Mayfield,00-0032392,A.Hooper,58,36,303.0,3,18.167098296799754,0.313225832703444,33,0.5689655172413793,322.0,146.0,5.551724137931035,4.055555555555555,17.0,3,13,3
2021,REG,CLE,00-0034855,B.Mayfield,00-0032956,A.Janovich,5,3,9.0,0,1.2424779768772418,0.24849559537544835,2,0.4,9.0,4.0,1.8,1.3333333333333333,1.0,0,1,0
2021,REG,CLE,00-0034855,B.Mayfield,00-0032977,R.Higgins,38,20,253.0,1,8.428121439834605,0.2217926694693317,18,0.47368421052631576,452.0,35.0,11.894736842105264,1.75,15.0,1,5,1
2021,REG,CLE,00-0034855,B.Mayfield,00-0033885,D.Njoku,43,28,411.0,4,18.81080109056216,0.43746049047818975,23,0.5348837209302325,385.0,195.0,8.953488372093023,6.964285714285714,13.0,8,8,3
2021,REG,CLE,00-0034855,B.Mayfield,00-0033923,K.Hunt,27,22,172.0,0,2.8276369032359594,0.10472729271244294,10,0.37037037037037035,4.0,172.0,0.14814814814814814,7.818181818181818,10.0,1,4,0
2021,REG,CLE,00-0034855,B.Mayfield,00-0034311,J.Stanton,1,1,6.0,0,-0.527165638515726,-0.527165638515726,0,0.0,2.0,4.0,2.0,4.0,0.0,0,0,0
2021,REG,CLE,00-0034855,B.Mayfield,00-0034791,N.Chubb,23,18,170.0,1,8.89518423029222,0.3867471404474878,12,0.5217391304347826,19.0,174.0,0.8260869565217391,9.666666666666666,9.0,2,1,1
2021,REG,CLE,00-0034855,B.Mayfield,00-0035628,D.Johnson,15,9,43.0,0,-1.879646030400175,-0.12530973536001166,4,0.26666666666666666,13.0,37.0,0.8666666666666667,4.111111111111111,3.0,0,0,0
2021,REG,CLE,00-0034855,B.Mayfield,00-0036110,J.Bradley,4,4,64.0,0,3.8018627930432602,0.9504656982608151,2,0.5,48.0,16.0,12.0,4.0,2.0,1,0,0
2021,REG,CLE,00-0034855,B.Mayfield,00-0036232,H.Bryant,20,16,193.0,2,7.744358015777111,0.38721790078885554,13,0.65,202.0,73.0,10.1,4.5625,10.0,4,2,2
2021,REG,CLE,00-0034855,B.Mayfield,00-0036233,D.Peoples-Jones,46,26,495.0,3,20.37446751670575,0.4429232068849076,23,0.5,764.0,100.0,16.608695652173914,3.8461538461538463,21.0,10,3,1
2021,REG,CLE,00-0034855,B.Mayfield,00-0036654,D.Felton,12,10,126.0,1,6.454102752497429,0.5378418960414524,7,0.5833333333333334,14.0,140.0,1.1666666666666667,14.0,7.0,2,1,0
2021,REG,CLE,00-0034855,B.Mayfield,00-0036999,A.Schwartz,16,7,100.0,1,-3.7966384506726225,-0.2372899031670389,6,0.375,292.0,9.0,18.25,1.2857142857142858,4.0,1,1,1
2021,REG,BUF,00-0034857,J.Allen,00-0027685,E.Sanders,66,37,532.0,2,16.880603414389196,0.2557667183998363,34,0.5151515151515151,982.0,68.0,14.878787878787879,1.837837837837838,26.0,8,9,1
2021,REG,BUF,00-0034857,J.Allen,00-0029000,C.Beasley,100,71,595.0,1,2.5582585674919405,0.025582585674919403,53,0.53,552.0,260.0,5.52,3.6619718309859155,29.0,4,10,0
2021,REG,BUF,00-0034857,J.Allen,00-0031588,S.Diggs,154,97,1163.0,10,32.37805088772134,0.21024708368650222,85,0.551948051948052,1676.0,306.0,10.883116883116884,3.154639175257732,62.0,12,34,10
2021,REG,BUF,00-0034857,J.Allen,00-0031787,J.Kumerow,6,1,13.0,0,-2.738491532349027,-0.45641525539150446,1,0.16666666666666666,74.0,4.0,12.333333333333334,4.0,1.0,0,3,0
2021,REG,BUF,00-0034857,J.Allen,00-0033308,M.Breida,9,7,72.0,2,5.8264256149414,0.6473806238823778,5,0.5555555555555556,8.0,61.0,0.8888888888888888,8.714285714285714,4.0,1,3,1
2021,REG,BUF,00-0034857,J.Allen,00-0033466,I.McKenzie,26,20,178.0,1,16.954948930360846,0.6521134203984941,16,0.6153846153846154,157.0,81.0,6.038461538461538,4.05,13.0,1,5,1
2021,REG,BUF,00-0034857,J.Allen,00-0033904,D.Dawkins,1,0,0.0,0,-0.225900366902351,-0.225900366902351,0,0.0,1.0,0.0,1.0,0.0,0.0,0,1,0
2021,REG,BUF,00-0034857,J.Allen,00-0035250,D.Singletary,45,37,216.0,1,2.265189270727252,0.05033753934949449,23,0.5111111111111111,-2.0,234.0,-0.044444444444444446,6.324324324324325,11.0,0,6,1
2021,REG,BUF,00-0034857,J.Allen,00-0035308,T.Sweeney,9,7,42.0,1,0.8457995830103762,0.09397773144559735,4,0.4444444444444444,56.0,13.0,6.222222222222222,1.8571428571428572,3.0,0,1,1
2021,REG,BUF,00-0034857,J.Allen,00-0035689,D.Knox,66,45,538.0,8,28.632836258594477,0.4338308524029466,37,0.5606060606060606,481.0,268.0,7.287878787878788,5.955555555555556,28.0,8,18,5
2021,REG,BUF,00-0034857,J.Allen,00-0036187,R.Gilliam,3,2,15.0,0,0.22334136813879102,0.07444712271293034,2,0.6666666666666666,2.0,16.0,0.6666666666666666,8.0,0.0,0,0,0
2021,REG,BUF,00-0034857,J.Allen,00-0036196,G.Davis,60,33,519.0,6,16.230371420183072,0.2705061903363845,30,0.5,801.0,128.0,13.35,3.878787878787879,27.0,12,17,6
2021,REG,BUF,00-0034857,J.Allen,00-0036251,Z.Moss,29,20,166.0,0,-6.309089812705235,-0.21755482112776672,14,0.4827586206896552,25.0,170.0,0.8620689655172413,8.5,10.0,1,5,0
2021,REG,BUF,00-0034857,Jos.Allen,00-0027685,E.Sanders,7,5,94.0,2,7.949876622369753,1.1356966603385361,5,0.7142857142857143,95.0,17.0,13.571428571428571,3.4,5.0,2,2,1
2021,REG,BUF,00-0034857,Jos.Allen,00-0029000,C.Beasley,13,11,98.0,0,3.631870737590241,0.27937467212232625,7,0.5384615384615384,78.0,45.0,6.0,4.090909090909091,5.0,1,5,0
2021,REG,BUF,00-0034857,Jos.Allen,00-0031588,S.Diggs,10,6,62.0,0,-0.38819522107951787,-0.03881952210795179,5,0.5,151.0,20.0,15.1,3.3333333333333335,4.0,0,0,0
2021,REG,BUF,00-0034857,Jos.Allen,00-0035250,D.Singletary,2,1,0.0,0,-3.895817435113715,-1.9479087175568575,0,0.0,-1.0,0.0,-0.5,0.0,0.0,0,0,0
2021,REG,BUF,00-0034857,Jos.Allen,00-0035308,T.Sweeney,1,1,1.0,0,-0.390379827935249,-0.390379827935249,0,0.0,0.0,1.0,0.0,1.0,0.0,0,0,0
2021,REG,BUF,00-0034857,Jos.Allen,00-0035689,D.Knox,5,4,49.0,1,4.558102358186085,0.911620471637217,4,0.8,43.0,9.0,8.6,2.25,3.0,0,1,1
2021,REG,BUF,00-0034857,Jos.Allen,00-0036187,R.Gilliam,1,0,0.0,0,-0.466017926984932,-0.466017926984932,0,0.0,17.0,0.0,17.0,0.0,0.0,0,1,0
2021,REG,BUF,00-0034857,Jos.Allen,00-0036196,G.Davis,1,1,23.0,0,3.56245292141102,3.56245292141102,1,1.0,19.0,4.0,19.0,4.0,1.0,1,0,0
2021,REG,BUF,00-0034857,Jos.Allen,00-0036251,Z.Moss,3,3,31.0,1,3.574934583914006,1.1916448613046686,3,1.0,1.0,30.0,0.3333333333333333,10.0,2.0,0,1,1
2021,REG,NYG,00-0034860,D.Pettis,00-0035710,D.Jones,1,1,16.0,0,0.98088472627569,0.98088472627569,1,1.0,13.0,3.0,13.0,3.0,1.0,0,0,0
2021,REG,CAR,00-0034869,S.Darnold,00-0030663,W.Snead,2,1,6.0,0,-1.673422839958222,-0.836711419979111,0,0.0,11.0,5.0,5.5,5.0,0.0,0,0,0
2021,REG,CAR,00-0034869,S.Darnold,00-0032104,A.Abdullah,28,22,160.0,0,3.2793859684058506,0.1171209274430661,13,0.4642857142857143,13.0,178.0,0.4642857142857143,8.090909090909092,8.0,0,4,0
2021,REG,CAR,00-0034869,S.Darnold,00-0032543,A.Erickson,2,2,42.0,0,2.71415636339225,1.357078181696125,2,1.0,18.0,24.0,9.0,12.0,2.0,1,0,0
2021,REG,CAR,00-0034869,S.Darnold,00-0032688,R.Anderson,66,31,311.0,3,-24.881025282022446,-0.3769852315457946,22,0.3333333333333333,733.0,105.0,11.106060606060606,3.3870967741935485,15.0,2,4,2
2021,REG,CAR,00-0034869,S.Darnold,00-0033280,C.McCaffrey,22,20,217.0,0,17.321442996239057,0.7873383180108662,15,0.6818181818181818,22.0,195.0,1.0,9.75,15.0,3,1,0
2021,REG,CAR,00-0034869,S.Darnold,00-0033720,C.Thompson,1,0,0.0,0,-1.74037983547896,-1.74037983547896,0,0.0,5.0,0.0,5.0,0.0,0.0,0,0,0
2021,REG,CAR,00-0034869,S.Darnold,00-0034011,D.Arnold,11,7,84.0,0,2.1878591505519607,0.1988962864138146,6,0.5454545454545454,101.0,29.0,9.181818181818182,4.142857142857143,3.0,0,1,0
2021,REG,CAR,00-0034869,S.Darnold,00-0034052,B.Zylstra,10,8,139.0,1,7.09680524823489,0.709680524823489,7,0.7,134.0,68.0,13.4,8.5,5.0,3,2,1
2021,REG,CAR,00-0034869,S.Darnold,00-0034317,K.Kirkwood,5,3,17.0,0,-0.14356789767043732,-0.028713579534087465,3,0.6,32.0,16.0,6.4,5.333333333333333,1.0,0,0,0
2021,REG,CAR,00-0034869,S.Darnold,00-0034365,I.Thomas,22,16,176.0,0,-7.738200008869134,-0.3517363640395061,10,0.45454545454545453,138.0,87.0,6.2727272727272725,5.4375,6.0,3,4,0
2021,REG,CAR,00-0034869,S.Darnold,00-0034578,R.Bonnafon,2,2,12.0,0,0.751900982053485,0.3759504910267425,1,0.5,3.0,9.0,1.5,4.5,1.0,0,1,0
2021,REG,CAR,00-0034869,S.Darnold,00-0034827,Dj.Moore,111,63,788.0,3,1.8328397085153634,0.016512069446084354,53,0.4774774774774775,1209.0,308.0,10.891891891891891,4.888888888888889,41.0,14,11,3
2021,REG,CAR,00-0034869,S.Darnold,00-0034838,R.Freeman,5,3,15.0,0,-1.935497747047266,-0.38709954940945324,2,0.4,-3.0,11.0,-0.6,3.6666666666666665,0.0,0,0,0
2021,REG,CAR,00-0034869,S.Darnold,00-0035956,G.Ricci,1,0,0.0,0,-0.538419534917921,-0.538419534917921,0,0.0,6.0,0.0,6.0,0.0,0.0,0,1,0
2021,REG,CAR,00-0034869,S.Darnold,00-0035957,R.Smith,5,5,48.0,0,2.8780167452641763,0.5756033490528353,3,0.6,16.0,32.0,3.2,6.4,2.0,0,0,0
2021,REG,CAR,00-0034869,S.Darnold,00-0036438,S.Sullivan,1,0,0.0,0,-0.375625000917353,-0.375625000917353,0,0.0,-2.0,0.0,-2.0,0.0,0.0,0,1,0
2021,REG,CAR,00-0034869,S.Darnold,00-0036555,C.Hubbard,34,23,166.0,1,-8.47258369306086,-0.2491936380312018,15,0.4411764705882353,11.0,154.0,0.3235294117647059,6.695652173913044,8.0,1,3,1
2021,REG,CAR,00-0034869,S.Darnold,00-0036572,S.Smith,7,6,104.0,0,4.577509140071932,0.6539298771531331,4,0.5714285714285714,31.0,71.0,4.428571428571429,11.833333333333334,3.0,1,1,0
2021,REG,CAR,00-0034869,S.Darnold,00-0036910,C.Saunders,2,2,11.0,0,-0.337688933592289,-0.1688444667961445,1,0.5,11.0,0.0,5.5,0.0,1.0,0,0,0
2021,REG,CAR,00-0034869,S.Darnold,00-0036955,T.Marshall,26,17,138.0,0,-3.4322562576178632,-0.1320098560622255,12,0.46153846153846156,160.0,63.0,6.153846153846154,3.7058823529411766,7.0,1,3,0
2021,REG,CAR,00-0034869,S.Darnold,00-0037005,T.Tremble,23,12,93.0,1,2.466105609884953,0.10722198303847622,9,0.391304347826087,183.0,30.0,7.956521739130435,2.5,5.0,1,4,1
2021,REG,LA,00-0034899,J.Wolford,00-0030431,R.Woods,1,0,0.0,0,-0.745642473455519,-0.745642473455519,0,0.0,4.0,0.0,4.0,0.0,0.0,0,0,0
2021,REG,LA,00-0034899,J.Wolford,00-0033908,C.Kupp,1,0,0.0,0,-2.84237467846833,-2.84237467846833,0,0.0,16.0,0.0,16.0,0.0,0.0,0,0,0
2021,REG,LA,00-0034899,J.Wolford,00-0036415,V.Jefferson,1,0,0.0,0,-0.644664871273562,-0.644664871273562,0,0.0,1.0,0.0,1.0,0.0,0.0,0,0,0
2021,REG,LA,00-0034899,J.Wolford,00-0036862,B.Skowronek,1,1,5.0,0,-0.299221892259084,-0.299221892259084,0,0.0,-2.0,7.0,-2.0,7.0,0.0,0,0,0
2021,REG,DEN,00-0034955,B.Rypien,00-0034348,C.Sutton,1,0,0.0,0,-1.29814686765894,-1.29814686765894,0,0.0,15.0,0.0,15.0,0.0,0.0,0,0,0
2021,REG,NE,00-0034960,J.Meyers,00-0029239,B.Bolden,1,1,15.0,0,0.122026222350542,0.122026222350542,1,1.0,-8.0,23.0,-8.0,23.0,0.0,0,0,0
2021,REG,NE,00-0034960,J.Meyers,00-0031549,N.Agholor,1,1,30.0,0,1.66489108162932,1.66489108162932,1,1.0,19.0,11.0,19.0,11.0,1.0,1,0,0
2021,REG,DET,00-0035156,J.Fox,00-0034614,G.Igwebuike,1,0,0.0,0,-3.01663367403671,-3.01663367403671,0,0.0,13.0,0.0,13.0,0.0,0.0,0,0,0
2021,REG,DET,00-0035156,J.Fox,00-0034854,K.Hodge,1,1,21.0,0,3.98369413724868,3.98369413724868,1,1.0,8.0,13.0,8.0,13.0,1.0,1,0,0
2021,REG,DET,00-0035156,J.Fox,00-0036011,B.Price,1,1,17.0,0,4.22529885149561,4.22529885149561,1,1.0,9.0,8.0,9.0,8.0,1.0,0,0,0
2021,REG,ARI,00-0035228,K.Murray,00-0027942,A.Green,81,49,766.0,3,26.745127080540872,0.3301867540807515,45,0.5555555555555556,965.0,170.0,11.91358024691358,3.4693877551020407,33.0,14,16,2
2021,REG,ARI,00-0035228,K.Murray,00-0030061,Z.Ertz,60,40,401.0,1,-4.13970463630424,-0.06899507727173733,30,0.5,467.0,168.0,7.783333333333333,4.2,19.0,3,11,0
2021,REG,ARI,00-0035228,K.Murray,00-0030155,D.Harris,6,3,10.0,0,-5.84633715491509,-0.9743895258191816,1,0.16666666666666666,22.0,13.0,3.6666666666666665,4.333333333333333,0.0,0,1,0
2021,REG,ARI,00-0035228,K.Murray,00-0030564,D.Hopkins,64,42,572.0,8,42.37796969614683,0.6621557765022942,38,0.59375,788.0,140.0,12.3125,3.3333333333333335,32.0,7,15,8
2021,REG,ARI,00-0035228,K.Murray,00-0031558,M.Williams,17,16,193.0,1,15.071474200405646,0.8865573059062145,14,0.8235294117647058,90.0,125.0,5.294117647058823,7.8125,9.0,3,1,1
2021,REG,ARI,00-0035228,K.Murray,00-0033258,D.Daniels,1,0,0.0,0,-0.4585796702886,-0.4585796702886,0,0.0,0.0,0.0,0.0,0.0,0.0,0,1,0
2021,REG,ARI,00-0035228,K.Murray,00-0033553,J.Conner,24,24,236.0,2,17.359471053408924,0.7233112938920385,19,0.7916666666666666,4.0,232.0,0.16666666666666666,9.666666666666666,12.0,2,2,1
2021,REG,ARI,00-0035228,K.Murray,00-0034681,C.Edmonds,53,43,311.0,0,-4.272553728302634,-0.08061422128872893,21,0.39622641509433965,23.0,324.0,0.4339622641509434,7.534883720930233,11.0,2,7,0
2021,REG,ARI,00-0035228,K.Murray,00-0034775,C.Kirk,81,59,786.0,5,42.886697549972226,0.5294654018515089,48,0.5925925925925926,1056.0,159.0,13.037037037037036,2.694915254237288,34.0,14,8,2
2021,REG,ARI,00-0035228,K.Murray,00-0035126,A.Wesley,23,12,102.0,3,-3.3679153158871884,-0.14643110069074733,9,0.391304347826087,218.0,27.0,9.478260869565217,2.25,5.0,1,5,2
2021,REG,ARI,00-0035228,K.Murray,00-0035500,G.Dortch,3,3,15.0,0,-0.33879136684117805,-0.11293045561372601,1,0.3333333333333333,-16.0,31.0,-5.333333333333333,10.333333333333334,0.0,0,1,0
2021,REG,ARI,00-0035228,K.Murray,00-0035924,J.Ward,1,1,2.0,0,-0.355680659878999,-0.355680659878999,0,0.0,-5.0,7.0,-5.0,7.0,0.0,0,0,0
2021,REG,ARI,00-0035228,K.Murray,00-0036383,E.Benjamin,5,5,37.0,0,2.839955222210847,0.5679910444421694,4,0.8,-9.0,46.0,-1.8,9.2,3.0,0,1,0
2021,REG,ARI,00-0035228,K.Murray,00-0036936,R.Moore,44,36,349.0,1,-1.0123563099390251,-0.023008097953159664,23,0.5227272727272727,67.0,340.0,1.5227272727272727,9.444444444444445,14.0,3,6,0
2021,REG,PHI,00-0035289,G.Minshew,00-0031384,R.Rodgers,1,1,9.0,0,0.615949951752555,0.615949951752555,1,1.0,2.0,7.0,2.0,7.0,0.0,0,0,0
2021,REG,PHI,00-0035289,G.Minshew,00-0033733,G.Ward,2,1,2.0,0,-1.414154414553197,-0.7070772072765985,0,0.0,1.0,1.0,0.5,1.0,0.0,0,0,0
2021,REG,PHI,00-0035289,G.Minshew,00-0034351,D.Goedert,6,6,105.0,2,10.454993243329238,1.7424988738882063,6,1.0,45.0,60.0,7.5,10.0,5.0,2,0,0
2021,REG,PHI,00-0035289,G.Minshew,00-0035243,M.Sanders,3,3,22.0,0,0.843653541839634,0.28121784727987803,2,0.6666666666666666,-3.0,25.0,-1.0,8.333333333333334,2.0,0,0,0
2021,REG,PHI,00-0035289,G.Minshew,00-0035246,J.Arcega-Whiteside,3,0,0.0,0,-6.729747047647835,-2.2432490158826117,0,0.0,34.0,0.0,11.333333333333334,0.0,0.0,0,0,0
2021,REG,PHI,00-0035289,G.Minshew,00-0035356,T.Jackson,5,3,22.0,1,1.4693411518237531,0.2938682303647506,3,0.6,38.0,7.0,7.6,2.3333333333333335,2.0,0,1,1
2021,REG,PHI,00-0035289,G.Minshew,00-0036271,Q.Watkins,11,9,146.0,1,17.556811509304694,1.596073773573154,8,0.7272727272727273,101.0,81.0,9.181818181818182,9.0,7.0,4,0,0
2021,REG,PHI,00-0035289,G.Minshew,00-0036278,J.Huntley,1,0,0.0,0,-0.646265172399581,-0.646265172399581,0,0.0,0.0,0.0,0.0,0.0,0.0,0,0,0
2021,REG,PHI,00-0035289,G.Minshew,00-0036387,J.Reagor,4,3,26.0,0,-0.1375404273769989,-0.034385106844249724,3,0.75,20.0,10.0,5.0,3.3333333333333335,1.0,0,0,0
2021,REG,PHI,00-0035289,G.Minshew,00-0036741,J.Stoll,1,1,9.0,0,-0.303529672099597,-0.303529672099597,0,0.0,-6.0,15.0,-6.0,15.0,0.0,0,1,0
2021,REG,PHI,00-0035289,G.Minshew,00-0036912,D.Smith,8,5,56.0,0,0.4807983186328833,0.06009978982911041,3,0.375,111.0,11.0,13.875,2.2,3.0,1,0,0
2021,REG,PHI,00-0035289,G.Minshew,00-0036919,K.Gainwell,12,9,42.0,0,1.7736358436640793,0.1478029869720066,5,0.4166666666666667,2.0,46.0,0.16666666666666666,5.111111111111111,4.0,0,4,0
2021,REG,DET,00-0035544,T.Kennedy,00-0032464,K.Raymond,1,1,75.0,1,5.06959803728387,5.06959803728387,1,1.0,24.0,51.0,24.0,51.0,1.0,1,0,0
2021,REG,TEN,00-0035676,A.Brown,00-0036652,R.McMath,1,0,0.0,0,-0.741600338835269,-0.741600338835269,0,0.0,27.0,0.0,27.0,0.0,0.0,0,0,0
2021,REG,CHI,00-0035685,D.Montgomery,00-0036290,C.Kmet,1,0,0.0,0,-3.17675002466422,-3.17675002466422,0,0.0,9.0,0.0,9.0,0.0,0.0,0,1,0
2021,REG,BUF,00-0035689,D.Knox,00-0034857,J.Allen,1,0,0.0,0,1.053,1.053,1,1.0,0.0,0.0,0.0,0.0,0.0,0,1,0
2021,REG,DEN,00-0035704,D.Lock,00-0032144,M.Gordon,9,7,52.0,0,-2.877747817692582,-0.319749757521398,3,0.3333333333333333,-13.0,58.0,-1.4444444444444444,8.285714285714286,2.0,1,1,0
2021,REG,DEN,00-0035704,D.Lock,00-0033375,T.Patrick,21,11,155.0,1,8.32466163119534,0.39641245862834956,10,0.47619047619047616,275.0,32.0,13.095238095238095,2.909090909090909,8.0,3,2,0
2021,REG,DEN,00-0035704,D.Lock,00-0033576,E.Saubert,1,0,0.0,0,-0.941127443918958,-0.941127443918958,0,0.0,9.0,0.0,9.0,0.0,0.0,0,0,0
2021,REG,DEN,00-0035704,D.Lock,00-0034348,C.Sutton,19,9,138.0,0,-2.4699428225321194,-0.12999699065958523,8,0.42105263157894735,336.0,28.0,17.68421052631579,3.111111111111111,5.0,2,1,0
2021,REG,DEN,00-0035704,D.Lock,00-0035644,N.Fant,23,17,167.0,1,1.026718533554145,0.04463993624148457,11,0.4782608695652174,89.0,107.0,3.869565217391304,6.294117647058823,7.0,2,3,1
2021,REG,DEN,00-0035704,D.Lock,00-0035864,K.Hinton,8,3,36.0,0,-6.5606721629194285,-0.8200840203649286,3,0.375,70.0,11.0,8.75,3.6666666666666665,2.0,0,1,0
2021,REG,DEN,00-0035704,D.Lock,00-0036407,J.Jeudy,12,6,102.0,0,0.595716627610039,0.04964305230083658,3,0.25,223.0,26.0,18.583333333333332,4.333333333333333,3.0,2,0,0
2021,REG,DEN,00-0035704,D.Lock,00-0036423,A.Okwuegbunam,7,5,64.0,0,4.748486408381726,0.6783552011973895,4,0.5714285714285714,92.0,36.0,13.142857142857142,7.2,4.0,2,1,0
2021,REG,DEN,00-0035704,D.Lock,00-0036657,S.Williams,1,1,34.0,0,2.06591478257906,2.06591478257906,1,1.0,30.0,4.0,30.0,4.0,1.0,1,0,0
2021,REG,DEN,00-0035704,D.Lock,00-0036997,J.Williams,8,8,39.0,0,-2.3571515168587083,-0.29464393960733853,2,0.25,-9.0,48.0,-1.125,6.0,0.0,0,1,0
2021,REG,NYG,00-0035710,D.Jones,00-0027981,K.Rudolph,24,16,133.0,1,7.815187502357359,0.3256328125982233,13,0.5416666666666666,121.0,66.0,5.041666666666667,4.125,7.0,2,9,1
2021,REG,NYG,00-0035710,D.Jones,00-0032385,S.Shepard,42,31,305.0,1,10.813191689008303,0.25745694497638816,20,0.47619047619047616,298.0,93.0,7.095238095238095,3.0,16.0,3,9,0
2021,REG,NYG,00-0035710,D.Jones,00-0032813,E.Penny,6,4,9.0,0,-3.577546963177158,-0.596257827196193,1,0.16666666666666666,-9.0,17.0,-1.5,4.25,1.0,0,1,0
2021,REG,NYG,00-0035710,D.Jones,00-0032972,D.Booker,21,19,167.0,0,7.022046228870735,0.3343831537557493,10,0.47619047619047616,-10.0,185.0,-0.47619047619047616,9.736842105263158,7.0,1,0,0
2021,REG,NYG,00-0035710,D.Jones,00-0033111,P.Cooper,2,1,6.0,0,-0.592412860590444,-0.296206430295222,1,0.5,12.0,3.0,6.0,3.0,0.0,0,0,0
2021,REG,NYG,00-0035710,D.Jones,00-0033367,C.Board,3,2,44.0,0,3.046084326342681,1.015361442114227,2,0.6666666666666666,52.0,4.0,17.333333333333332,2.0,2.0,1,1,0
2021,REG,NYG,00-0035710,D.Jones,00-0033460,J.Ross,15,9,204.0,1,13.786998520488845,0.9191332346992563,9,0.6,268.0,37.0,17.866666666666667,4.111111111111111,8.0,3,0,0
2021,REG,NYG,00-0035710,D.Jones,00-0033881,E.Engram,44,28,236.0,2,-9.262167333428186,-0.21050380303245878,17,0.38636363636363635,154.0,137.0,3.5,4.892857142857143,9.0,2,3,1
2021,REG,NYG,00-0035710,D.Jones,00-0033932,K.Golladay,41,23,372.0,0,13.505864770972387,0.3294113358773753,23,0.5609756097560976,546.0,89.0,13.317073170731707,3.869565217391304,20.0,3,4,0
2021,REG,NYG,00-0035710,D.Jones,00-0034844,S.Barkley,31,24,174.0,1,0.02779008809011868,0.0008964544545199575,10,0.3225806451612903,11.0,191.0,0.3548387096774194,7.958333333333333,6.0,1,2,0
2021,REG,NYG,00-0035710,D.Jones,00-0034860,D.Pettis,16,10,87.0,1,-1.9642320835057578,-0.12276450521910987,6,0.375,103.0,38.0,6.4375,3.8,5.0,1,2,1
2021,REG,NYG,00-0035710,D.Jones,00-0034988,K.Smith,3,3,33.0,0,1.6992588230641568,0.5664196076880522,2,0.6666666666666666,22.0,11.0,7.333333333333333,3.6666666666666665,1.0,1,0,0
2021,REG,NYG,00-0035710,D.Jones,00-0035345,C.Myarick,3,2,11.0,1,-3.429009163111914,-1.143003054370638,2,0.6666666666666666,4.0,6.0,1.3333333333333333,3.0,2.0,0,1,1
2021,REG,NYG,00-0035710,D.Jones,00-0035359,D.Sills,1,0,0.0,0,-0.687351803528145,-0.687351803528145,0,0.0,9.0,0.0,9.0,0.0,0.0,0,0,0
2021,REG,NYG,00-0035710,D.Jones,00-0035535,D.Slayton,36,19,267.0,1,-5.025442518562103,-0.13959562551561397,15,0.4166666666666667,433.0,47.0,12.027777777777779,2.473684210526316,12.0,3,1,0
2021,REG,NYG,00-0035710,D.Jones,00-0036254,C.Johnson,18,10,89.0,0,-3.9322461893346374,-0.21845812162970207,9,0.5,145.0,15.0,8.055555555555555,1.5,5.0,0,1,0
2021,REG,NYG,00-0035710,D.Jones,00-0036386,A.Thomas,1,1,2.0,1,1.23117657320108,1.23117657320108,1,1.0,2.0,0.0,2.0,0.0,1.0,0,1,1
2021,REG,NYG,00-0035710,D.Jones,00-0036569,G.Brightwell,1,1,6.0,0,-0.135463208309375,-0.135463208309375,0,0.0,1.0,5.0,1.0,5.0,0.0,0,0,0
2021,REG,NYG,00-0035710,D.Jones,00-0036913,K.Toney,40,29,283.0,0,13.610889326996235,0.34027223317490585,19,0.475,282.0,154.0,7.05,5.310344827586207,14.0,3,3,0
2021,REG,SF,00-0035719,D.Samuel,00-0036259,J.Jennings,1,1,24.0,1,2.47586757922545,2.47586757922545,1,1.0,24.0,0.0,24.0,0.0,1.0,1,0,0
2021,REG,SF,00-0035719,D.Samuel,00-0036261,B.Aiyuk,1,0,0.0,0,-0.458133943437133,-0.458133943437133,0,0.0,15.0,0.0,15.0,0.0,0.0,0,1,0
2021,REG,ARI,00-0035752,C.Streveler,00-0027942,A.Green,2,0,0.0,0,-1.317401976906694,-0.658700988453347,0,0.0,21.0,0.0,10.5,0.0,0.0,0,1,0
2021,REG,ARI,00-0035752,C.Streveler,00-0030061,Z.Ertz,2,2,26.0,0,3.669991507777017,1.8349957538885084,2,1.0,11.0,15.0,5.5,7.5,1.0,0,0,0
2021,REG,ARI,00-0035752,C.Streveler,00-0033553,J.Conner,1,1,-5.0,0,-1.43350431974977,-1.43350431974977,0,0.0,-3.0,-2.0,-3.0,-2.0,0.0,0,0,0
2021,REG,ARI,00-0035752,C.Streveler,00-0034775,C.Kirk,1,1,5.0,0,0.0848436828237027,0.0848436828237027,1,1.0,4.0,1.0,4.0,1.0,0.0,0,0,0
2021,REG,ARI,00-0035752,C.Streveler,00-0036383,E.Benjamin,1,0,0.0,0,-0.535441770218313,-0.535441770218313,0,0.0,3.0,0.0,3.0,0.0,0.0,0,0,0
2021,REG,ARI,00-0035752,C.Streveler,00-0036936,R.Moore,2,2,10.0,0,-1.0361134856939318,-0.5180567428469659,1,0.5,2.0,8.0,1.0,4.0,0.0,0,0,0
2021,REG,NO,00-0035859,B.Gillikin,00-0035406,L.Humphrey,1,0,0.0,0,-2.3642861736007,-2.3642861736007,0,0.0,9.0,0.0,9.0,0.0,0.0,0,0,0
2021,REG,DEN,00-0035864,K.Hinton,00-0035704,D.Lock,1,1,1.0,0,-3.13066442887066,-3.13066442887066,0,0.0,-5.0,6.0,-5.0,6.0,0.0,0,1,0
2021,REG,KC,00-0035889,T.Townsend,00-0033481,M.Kemp,1,1,16.0,0,4.03069802792743,4.03069802792743,1,1.0,11.0,5.0,11.0,5.0,1.0,0,0,0
2021,REG,BAL,00-0035993,T.Huntley,00-0030496,L.Bell,2,1,-1.0,0,-1.555941268103198,-0.777970634051599,0,0.0,2.0,0.0,1.0,0.0,0.0,0,0,0
2021,REG,BAL,00-0035993,T.Huntley,00-0030513,L.Murray,5,3,4.0,0,-5.881756171758754,-1.1763512343517508,0,0.0,-6.0,6.0,-1.2,2.0,0.0,0,2,0
2021,REG,BAL,00-0035993,T.Huntley,00-0031285,D.Freeman,16,16,65.0,0,-1.1921664692636171,-0.07451040432897607,7,0.4375,-2.0,67.0,-0.125,4.1875,4.0,0,3,0
2021,REG,BAL,00-0035993,T.Huntley,00-0031325,S.Watkins,7,3,48.0,0,2.8661415067617755,0.40944878668025364,3,0.42857142857142855,94.0,11.0,13.428571428571429,3.6666666666666665,2.0,1,0,0
2021,REG,BAL,00-0035993,T.Huntley,00-0031598,N.Boyle,2,1,2.0,0,-2.077108619792856,-1.038554309896428,0,0.0,3.0,0.0,1.5,0.0,0.0,0,1,0
2021,REG,BAL,00-0035993,T.Huntley,00-0033376,P.Ricard,1,0,0.0,0,-0.970254614250734,-0.970254614250734,0,0.0,-1.0,0.0,-1.0,0.0,0.0,0,0,0
2021,REG,BAL,00-0035993,T.Huntley,00-0034753,M.Andrews,54,41,494.0,3,26.35240648742419,0.4880075275448924,36,0.6666666666666666,502.0,193.0,9.296296296296296,4.7073170731707314,28.0,6,9,3
2021,REG,BAL,00-0035993,T.Huntley,00-0035249,J.Oliver,6,3,17.0,0,-3.4898699175100782,-0.5816449862516797,2,0.3333333333333333,62.0,8.0,10.333333333333334,2.6666666666666665,1.0,0,0,0
2021,REG,BAL,00-0035993,T.Huntley,00-0035662,M.Brown,39,20,128.0,0,-9.573753976494972,-0.24548087119217876,14,0.358974358974359,372.0,47.0,9.538461538461538,2.35,5.0,0,7,0
2021,REG,BAL,00-0035993,T.Huntley,00-0036133,J.Proche,1,1,8.0,0,1.46621975832386,1.46621975832386,1,1.0,8.0,0.0,8.0,0.0,1.0,0,1,0
2021,REG,BAL,00-0035993,T.Huntley,00-0036331,D.Duvernay,18,12,94.0,0,-2.6063219540705376,-0.14479566411502987,5,0.2777777777777778,89.0,42.0,4.944444444444445,3.5,4.0,1,3,0
2021,REG,BAL,00-0035993,T.Huntley,00-0036550,R.Bateman,30,20,217.0,0,7.56860049815919,0.252286683271973,13,0.43333333333333335,273.0,72.0,9.1,3.6,10.0,3,2,0
2021,REG,BAL,00-0035993,T.Huntley,00-0036630,T.Wallace,2,1,5.0,0,-0.9149115738691764,-0.4574557869345882,1,0.5,1.0,0.0,0.5,0.0,0.0,0,1,0
2021,REG,NYG,00-0036197,J.Fromm,00-0027981,K.Rudolph,6,4,17.0,0,-1.410911207087338,-0.23515186784788966,2,0.3333333333333333,30.0,14.0,5.0,3.5,0.0,0,0,0
2021,REG,NYG,00-0036197,J.Fromm,00-0032385,S.Shepard,4,2,15.0,0,0.38429382466711104,0.09607345616677776,2,0.5,26.0,5.0,6.5,2.5,1.0,0,0,0
2021,REG,NYG,00-0036197,J.Fromm,00-0032813,E.Penny,2,0,0.0,0,-1.087333329371177,-0.5436666646855886,0,0.0,3.0,0.0,1.5,0.0,0.0,0,0,0
2021,REG,NYG,00-0036197,J.Fromm,00-0032972,D.Booker,3,3,20.0,0,3.10161407815759,1.0338713593858633,3,1.0,-2.0,22.0,-0.6666666666666666,7.333333333333333,2.0,0,0,0
2021,REG,NYG,00-0036197,J.Fromm,00-0033111,P.Cooper,3,0,0.0,0,-4.763924488215705,-1.587974829405235,0,0.0,22.0,0.0,7.333333333333333,0.0,0.0,0,2,0
2021,REG,NYG,00-0036197,J.Fromm,00-0033881,E.Engram,6,2,2.0,0,-13.367072980501685,-2.2278454967502808,0,0.0,2.0,4.0,0.3333333333333333,2.0,0.0,0,0,0
2021,REG,NYG,00-0036197,J.Fromm,00-0033932,K.Golladay,11,5,68.0,0,-0.7579495818354123,-0.06890450743958293,5,0.45454545454545453,188.0,12.0,17.09090909090909,2.4,3.0,1,2,0
2021,REG,NYG,00-0036197,J.Fromm,00-0034844,S.Barkley,6,5,22.0,0,1.5839291117154062,0.263988185285901,3,0.5,18.0,28.0,3.0,5.6,1.0,0,0,0
2021,REG,NYG,00-0036197,J.Fromm,00-0035359,D.Sills,3,0,0.0,0,-3.456602183607174,-1.152200727869058,0,0.0,34.0,0.0,11.333333333333334,0.0,0.0,0,1,0
2021,REG,NYG,00-0036197,J.Fromm,00-0035535,D.Slayton,8,4,50.0,1,0.25115524054854393,0.03139440506856799,2,0.25,85.0,3.0,10.625,0.75,2.0,1,0,0
2021,REG,NYG,00-0036197,J.Fromm,00-0036913,K.Toney,6,2,16.0,0,-0.639707382884807,-0.10661789714746783,2,0.3333333333333333,10.0,11.0,1.6666666666666667,5.5,1.0,0,0,0
2021,REG,MIA,00-0036212,T.Tagovailoa,00-0030669,A.Wilson,28,18,155.0,0,-6.579666138184035,-0.23498807636371555,9,0.32142857142857145,156.0,106.0,5.571428571428571,5.888888888888889,7.0,1,1,0
2021,REG,MIA,00-0036212,T.Tagovailoa,00-0031547,D.Parker,48,27,354.0,1,9.47910439125239,0.19748134148442478,23,0.4791666666666667,526.0,85.0,10.958333333333334,3.1481481481481484,19.0,5,4,1
2021,REG,MIA,00-0036212,T.Tagovailoa,00-0031806,M.Brown,2,2,6.0,0,-1.0430945517728147,-0.5215472758864074,1,0.5,2.0,4.0,1.0,2.0,0.0,0,0,0
2021,REG,MIA,00-0036212,T.Tagovailoa,00-0032257,D.Johnson,5,4,41.0,0,1.9611611475120307,0.39223222950240616,3,0.6,-8.0,51.0,-1.6,12.75,3.0,1,0,0
2021,REG,MIA,00-0036212,T.Tagovailoa,00-0032881,T.Lewis,2,1,7.0,0,0.25353055144660097,0.12676527572330049,1,0.5,6.0,11.0,3.0,11.0,1.0,0,1,0
2021,REG,MIA,00-0036212,T.Tagovailoa,00-0033338,C.Carter,1,1,8.0,0,0.341065590269864,0.341065590269864,1,1.0,1.0,7.0,1.0,7.0,0.0,0,0,0
2021,REG,MIA,00-0036212,T.Tagovailoa,00-0033471,I.Ford,12,8,80.0,2,7.669533998996496,0.639127833249708,6,0.5,92.0,25.0,7.666666666666667,3.125,5.0,1,3,2
2021,REG,MIA,00-0036212,T.Tagovailoa,00-0033555,M.Hollins,21,10,191.0,3,9.566874093495445,0.4555654330235926,9,0.42857142857142855,321.0,34.0,15.285714285714286,3.4,8.0,4,8,2
2021,REG,MIA,00-0036212,T.Tagovailoa,00-0033896,A.Shaheen,7,6,50.0,0,1.7363845337531572,0.24805493339330817,5,0.7142857142857143,32.0,21.0,4.571428571428571,3.5,1.0,0,1,0
2021,REG,MIA,00-0036212,T.Tagovailoa,00-0034109,P.Lindsay,1,1,8.0,0,0.671765530249104,0.671765530249104,1,1.0,-1.0,9.0,-1.0,9.0,0.0,0,0,0
2021,REG,MIA,00-0036212,T.Tagovailoa,00-0034798,D.Smythe,32,27,276.0,0,11.431590020336445,0.3572371881355139,21,0.65625,203.0,138.0,6.34375,5.111111111111111,12.0,2,6,0
2021,REG,MIA,00-0036212,T.Tagovailoa,00-0034829,M.Gesicki,70,47,499.0,1,10.45170382599452,0.14931005465706457,35,0.5,607.0,165.0,8.67142857142857,3.5106382978723403,23.0,8,10,1
2021,REG,MIA,00-0036212,T.Tagovailoa,00-0035231,C.Wilkins,1,1,1.0,1,0.53282988598221,0.53282988598221,1,1.0,1.0,0.0,1.0,0.0,1.0,0,1,1
2021,REG,MIA,00-0036212,T.Tagovailoa,00-0035311,M.Gaskin,35,26,107.0,2,-5.882014930877082,-0.1680575694536309,11,0.3142857142857143,4.0,118.0,0.11428571428571428,4.538461538461538,7.0,1,7,2
2021,REG,MIA,00-0036212,T.Tagovailoa,00-0035342,P.Laird,2,2,15.0,0,2.362944599823092,1.181472299911546,2,1.0,-1.0,16.0,-0.5,8.0,2.0,0,1,0
2021,REG,MIA,00-0036212,T.Tagovailoa,00-0035350,P.Williams,5,2,9.0,0,0.18927272898144692,0.037854545796289385,2,0.4,22.0,9.0,4.4,4.5,1.0,0,1,0
2021,REG,MIA,00-0036212,T.Tagovailoa,00-0036020,S.Ahmed,10,7,80.0,0,4.690986290195731,0.4690986290195731,7,0.7,23.0,96.0,2.3,13.714285714285714,3.0,0,1,0
2021,REG,MIA,00-0036212,T.Tagovailoa,00-0036613,J.Waddle,97,72,758.0,6,22.933631707136843,0.23642919285708086,59,0.6082474226804123,741.0,332.0,7.639175257731959,4.611111111111111,44.0,7,13,6
2021,REG,MIA,00-0036212,T.Tagovailoa,00-0037004,H.Long,3,1,8.0,0,-7.005879118456501,-2.3352930394855003,1,0.3333333333333333,10.0,4.0,3.3333333333333335,4.0,0.0,0,0,0
2021,REG,IND,00-0036226,J.Eason,00-0030181,J.Doyle,1,0,0.0,0,-2.62218353152275,-2.62218353152275,0,0.0,20.0,0.0,20.0,0.0,0.0,0,0,0
2021,REG,IND,00-0036226,J.Eason,00-0033251,Z.Pascal,2,1,5.0,0,-0.5012955364654776,-0.2506477682327388,0,0.0,12.0,-3.0,6.0,-3.0,1.0,0,0,0
2021,REG,IND,00-0036226,J.Eason,00-0036252,M.Pittman,2,1,10.0,0,0.020935990498401197,0.010467995249200598,1,0.5,31.0,0.0,15.5,0.0,1.0,0,0,0
2021,REG,GB,00-0036264,J.Love,00-0024243,M.Lewis,1,1,-1.0,0,-0.971014572773129,-0.971014572773129,0,0.0,-3.0,2.0,-3.0,2.0,0.0,0,0,0
2021,REG,GB,00-0036264,J.Love,00-0028002,R.Cobb,6,4,82.0,0,4.504939072416162,0.750823178736027,3,0.5,91.0,16.0,15.166666666666666,4.0,3.0,2,1,0
2021,REG,GB,00-0036264,J.Love,00-0031381,D.Adams,14,6,42.0,0,-5.0151393445651635,-0.3582242388975117,4,0.2857142857142857,162.0,15.0,11.571428571428571,2.5,4.0,0,0,0
2021,REG,GB,00-0036264,J.Love,00-0033293,A.Jones,2,0,0.0,0,-2.408725648186794,-1.204362824093397,0,0.0,2.0,0.0,1.0,0.0,0.0,0,0,0
2021,REG,GB,00-0036264,J.Love,00-0033757,R.Tonyan,1,1,3.0,0,-0.209969535237178,-0.209969535237178,0,0.0,0.0,3.0,0.0,3.0,0.0,0,0,0
2021,REG,GB,00-0036264,J.Love,00-0034272,M.Valdes-Scantling,3,2,19.0,0,-0.6036331480718251,-0.20121104935727505,1,0.3333333333333333,29.0,1.0,9.666666666666666,0.5,1.0,0,0,0
2021,REG,GB,00-0036264,J.Love,00-0034279,E.St. Brown,5,2,22.0,0,-1.0481432448723362,-0.20962864897446726,2,0.4,69.0,4.0,13.8,2.0,1.0,0,1,0
2021,REG,GB,00-0036264,J.Love,00-0034521,A.Lazard,3,2,27.0,1,5.149462922592648,1.716487640864216,2,0.6666666666666666,28.0,17.0,9.333333333333334,8.5,2.0,1,1,1
2021,REG,GB,00-0036264,J.Love,00-0035480,M.Taylor,3,2,14.0,0,-0.4294887233118079,-0.14316290777060262,2,0.6666666666666666,30.0,8.0,10.0,4.0,1.0,0,2,0
2021,REG,GB,00-0036264,J.Love,00-0035593,J.Winfree,5,4,28.0,0,-0.5306037336704335,-0.1061207467340867,3,0.6,24.0,17.0,4.8,4.25,3.0,0,1,0
2021,REG,GB,00-0036264,J.Love,00-0035973,P.Taylor,2,2,3.0,0,1.017791824939191,0.5088959124695955,1,0.5,-2.0,5.0,-1.0,2.5,1.0,0,1,0
2021,REG,GB,00-0036264,J.Love,00-0036250,T.Davis,1,0,0.0,0,-1.53186937561259,-1.53186937561259,0,0.0,16.0,0.0,16.0,0.0,0.0,0,1,0
2021,REG,GB,00-0036264,J.Love,00-0036265,A.Dillon,4,4,44.0,0,3.0090020356001346,0.7522505089000336,2,0.5,7.0,37.0,1.75,9.25,2.0,1,0,0
2021,REG,GB,00-0036264,J.Love,00-0036332,J.Deguara,4,3,78.0,1,3.7069704420864613,0.9267426105216153,2,0.5,1.0,76.0,0.25,25.333333333333332,2.0,1,0,0
2021,REG,GB,00-0036264,J.Love,00-0036456,D.Dafney,2,1,26.0,0,1.073768573114644,0.536884286557322,1,0.5,7.0,27.0,3.5,27.0,1.0,1,0,0
2021,REG,GB,00-0036264,J.Love,00-0036991,Am.Rodgers,5,2,24.0,0,-5.034225966718928,-1.0068451933437856,2,0.4,35.0,5.0,7.0,2.5,1.0,0,2,0
2021,REG,MIN,00-0036322,J.Jefferson,00-0030035,A.Thielen,1,0,0.0,0,-0.74707905179821,-0.74707905179821,0,0.0,27.0,0.0,27.0,0.0,0.0,0,0,0
2021,REG,MIN,00-0036322,J.Jefferson,00-0033893,D.Cook,1,1,24.0,0,1.72987535130233,1.72987535130233,1,1.0,-4.0,28.0,-4.0,28.0,1.0,1,0,0
2021,REG,MIN,00-0036322,J.Jefferson,00-0036345,K.Osborn,2,1,11.0,0,0.270539580262266,0.135269790131133,1,0.5,13.0,0.0,6.5,0.0,1.0,0,0,0
2021,REG,LAC,00-0036355,J.Herbert,00-0027061,J.Cook,85,48,564.0,4,6.277931714929487,0.07385802017564103,43,0.5058823529411764,685.0,238.0,8.058823529411764,4.958333333333333,31.0,7,15,4
2021,REG,LAC,00-0036355,J.Herbert,00-0030279,K.Allen,158,106,1138.0,6,30.701160211185908,0.194311140577126,84,0.5316455696202531,1306.0,341.0,8.265822784810126,3.2169811320754715,66.0,12,26,6
2021,REG,LAC,00-0036355,J.Herbert,00-0032725,S.Anderson,19,16,165.0,1,7.209891159058317,0.3794679557399114,12,0.631578947368421,67.0,115.0,3.526315789473684,7.1875,9.0,3,2,1
2021,REG,LAC,00-0036355,J.Herbert,00-0033536,M.Williams,129,76,1146.0,9,67.16174438427171,0.5206336773974551,67,0.5193798449612403,1483.0,415.0,11.496124031007753,5.4605263157894735,51.0,17,23,5
2021,REG,LAC,00-0036355,J.Herbert,00-0033699,A.Ekeler,95,70,647.0,8,-0.663806268296173,-0.00698743440311761,45,0.47368421052631576,171.0,627.0,1.8,8.957142857142857,31.0,3,17,8
2021,REG,LAC,00-0036355,J.Herbert,00-0034440,J.Jackson,25,22,178.0,0,5.932369897374882,0.2372947958949953,17,0.68,20.0,165.0,0.8,7.5,8.0,1,5,0
2021,REG,LAC,00-0036355,J.Herbert,00-0035329,D.Parham,28,20,190.0,3,7.145056688910805,0.25518059603252874,15,0.5357142857142857,121.0,138.0,4.321428571428571,6.9,13.0,1,7,2
2021,REG,LAC,00-0036355,J.Herbert,00-0035414,J.Guyton,48,31,448.0,3,26.991135289979884,0.5623153185412476,27,0.5625,503.0,149.0,10.479166666666666,4.806451612903226,21.0,5,7,1
2021,REG,LAC,00-0036355,J.Herbert,00-0035432,J.Moore,4,3,56.0,0,2.601492775778749,0.6503731939446873,3,0.75,60.0,26.0,15.0,8.666666666666666,3.0,1,0,0
2021,REG,LAC,00-0036355,J.Herbert,00-0035898,D.Bradwell,1,0,0.0,0,-0.448967255651951,-0.448967255651951,0,0.0,1.0,0.0,1.0,0.0,0.0,0,0,0
2021,REG,LAC,00-0036355,J.Herbert,00-0035908,G.Nabers,3,3,17.0,0,0.203084715292789,0.06769490509759633,2,0.6666666666666666,5.0,12.0,1.6666666666666667,4.0,0.0,0,0,0
2021,REG,LAC,00-0036355,J.Herbert,00-0036370,J.Kelley,7,5,38.0,0,1.025383074869866,0.14648329640998087,2,0.2857142857142857,13.0,31.0,1.8571428571428572,6.2,1.0,0,2,0
2021,REG,LAC,00-0036355,J.Herbert,00-0036382,K.Hill,3,3,30.0,0,1.762588310695719,0.587529436898573,2,0.6666666666666666,18.0,12.0,6.0,4.0,1.0,0,0,0
2021,REG,LAC,00-0036355,J.Herbert,00-0036650,L.Rountree,2,1,-1.0,0,-1.269028112408705,-0.6345140562043525,0,0.0,-1.0,0.0,-0.5,0.0,0.0,0,0,0
2021,REG,LAC,00-0036355,J.Herbert,00-0036988,J.Palmer,49,33,353.0,4,12.516901655180869,0.2554469725547116,27,0.5510204081632653,489.0,100.0,9.979591836734693,3.0303030303030303,18.0,3,8,2
2021,REG,LAC,00-0036355,J.Herbert,00-0037011,T.McKitty,8,6,45.0,0,1.406719565042292,0.1758399456302865,5,0.625,18.0,34.0,2.25,5.666666666666667,3.0,0,1,0
2021,REG,PHI,00-0036389,J.Hurts,00-0030061,Z.Ertz,31,18,189.0,2,2.6814326933605264,0.08649782881808149,15,0.4838709677419355,249.0,86.0,8.03225806451613,4.777777777777778,10.0,2,6,2
2021,REG,PHI,00-0036389,J.Hurts,00-0030561,L.Johnson,1,1,5.0,1,1.63749824167462,1.63749824167462,1,1.0,5.0,0.0,5.0,0.0,1.0,0,1,1
2021,REG,PHI,00-0036389,J.Hurts,00-0032780,J.Howard,5,2,19.0,0,-0.8270643803989499,-0.16541287607979,2,0.4,9.0,14.0,1.8,7.0,2.0,0,1,0
2021,REG,PHI,00-0036389,J.Hurts,00-0033733,G.Ward,9,6,93.0,3,12.05727853171992,1.3396976146355466,6,0.6666666666666666,84.0,15.0,9.333333333333334,2.5,4.0,1,6,3
2021,REG,PHI,00-0036389,J.Hurts,00-0034351,D.Goedert,71,50,725.0,2,42.928438675821766,0.6046258968425601,44,0.6197183098591549,598.0,326.0,8.422535211267606,6.52,37.0,12,8,2
2021,REG,PHI,00-0036389,J.Hurts,00-0034414,B.Scott,16,13,83.0,0,-4.4276799896484516,-0.2767299993530282,4,0.25,-9.0,96.0,-0.5625,7.384615384615385,3.0,0,1,0
2021,REG,PHI,00-0036389,J.Hurts,00-0035243,M.Sanders,31,23,136.0,0,-7.596415652379099,-0.24504566620577736,11,0.3548387096774194,-15.0,202.0,-0.4838709677419355,8.782608695652174,4.0,1,3,0
2021,REG,PHI,00-0036389,J.Hurts,00-0035246,J.Arcega-Whiteside,2,2,36.0,0,3.37918181950226,1.68959090975113,2,1.0,7.0,29.0,3.5,14.5,2.0,1,0,0
2021,REG,PHI,00-0036389,J.Hurts,00-0035356,T.Jackson,2,0,0.0,0,-1.199821613030508,-0.599910806515254,0,0.0,31.0,0.0,15.5,0.0,0.0,0,0,0
2021,REG,PHI,00-0036389,J.Hurts,00-0036271,Q.Watkins,52,34,501.0,0,13.260433957847223,0.2550083453432158,23,0.4423076923076923,645.0,172.0,12.403846153846153,5.0588235294117645,18.0,8,10,0
2021,REG,PHI,00-0036389,J.Hurts,00-0036387,J.Reagor,53,30,273.0,2,-10.66761420820693,-0.20127573977748922,19,0.3584905660377358,529.0,141.0,9.981132075471699,4.7,12.0,4,5,1
2021,REG,PHI,00-0036389,J.Hurts,00-0036741,J.Stoll,4,3,13.0,0,-0.2079885959392419,-0.051997148984810476,2,0.5,20.0,5.0,5.0,1.6666666666666667,0.0,0,1,0
2021,REG,PHI,00-0036389,J.Hurts,00-0036912,D.Smith,97,59,860.0,5,29.194192377626223,0.3009710554394456,51,0.5257731958762887,1365.0,197.0,14.072164948453608,3.3389830508474576,40.0,15,9,3
2021,REG,PHI,00-0036389,J.Hurts,00-0036919,K.Gainwell,38,24,211.0,1,2.6403601953343587,0.0694831630351147,19,0.5,91.0,180.0,2.3947368421052633,7.5,10.0,0,6,1
2021,REG,CIN,00-0036442,J.Burrow,00-0032134,C.Uzomah,63,49,493.0,5,19.423788150871765,0.30831409763288514,34,0.5396825396825397,274.0,300.0,4.349206349206349,6.122448979591836,24.0,7,7,1
2021,REG,CIN,00-0036442,J.Burrow,00-0033009,T.Boyd,95,67,828.0,5,19.297100143530233,0.2031273699318972,49,0.5157894736842106,744.0,389.0,7.831578947368421,5.8059701492537314,37.0,10,8,3
2021,REG,CIN,00-0036442,J.Burrow,00-0033114,M.Thomas,7,5,52.0,0,0.4866153690556412,0.06951648129366303,4,0.5714285714285714,64.0,13.0,9.142857142857142,2.6,3.0,0,0,0
2021,REG,CIN,00-0036442,J.Burrow,00-0033526,S.Perine,31,27,196.0,1,6.599092864264998,0.21287396336338704,13,0.41935483870967744,7.0,198.0,0.22580645161290322,7.333333333333333,9.0,1,5,1
2021,REG,CIN,00-0036442,J.Burrow,00-0033897,J.Mixon,47,41,268.0,3,5.492342668090701,0.11685835464022767,16,0.3404255319148936,-4.0,268.0,-0.0851063829787234,6.536585365853658,10.0,2,7,2
2021,REG,CIN,00-0036442,J.Burrow,00-0034686,A.Tate,3,2,32.0,0,-1.673915215418682,-0.557971738472894,2,0.6666666666666666,45.0,14.0,15.0,7.0,2.0,0,0,0
2021,REG,CIN,00-0036442,J.Burrow,00-0035341,T.Irwin,1,1,25.0,0,1.54779519932345,1.54779519932345,1,1.0,23.0,2.0,23.0,2.0,1.0,1,0,0
2021,REG,CIN,00-0036442,J.Burrow,00-0035399,S.Morgan,2,1,3.0,0,-0.981481798226014,-0.490740899113007,0,0.0,30.0,12.0,15.0,12.0,0.0,0,0,0
2021,REG,CIN,00-0036442,J.Burrow,00-0035631,D.Sample,13,9,67.0,0,0.27302737534046484,0.021002105795420372,6,0.46153846153846156,37.0,66.0,2.8461538461538463,7.333333333333333,3.0,0,0,0
2021,REG,CIN,00-0036442,J.Burrow,00-0036410,T.Higgins,111,74,1091.0,6,58.07817947462156,0.5232268421137077,71,0.6396396396396397,1323.0,285.0,11.91891891891892,3.8513513513513513,53.0,17,14,4
2021,REG,CIN,00-0036442,J.Burrow,00-0036857,C.Evans,12,11,127.0,1,10.011993838984576,0.8343328199153813,10,0.8333333333333334,57.0,82.0,4.75,7.454545454545454,5.0,1,2,0
2021,REG,CIN,00-0036442,J.Burrow,00-0036900,J.Chase,123,79,1429.0,13,66.66177851239512,0.5419656789625619,69,0.5609756097560976,1595.0,622.0,12.967479674796747,7.8734177215189876,55.0,21,15,5
2021,REG,ATL,00-0036825,F.Franks,00-0034411,R.Gage,1,0,0.0,0,-3.84049341495847,-3.84049341495847,0,0.0,2.0,0.0,2.0,0.0,0.0,0,0,0
2021,REG,HOU,00-0036898,D.Mills,00-0026035,D.Amendola,20,12,133.0,2,2.2428788290563944,0.11214394145281972,11,0.55,160.0,44.0,8.0,3.6666666666666665,5.0,3,2,1
2021,REG,HOU,00-0036898,D.Mills,00-0027691,A.Roberts,2,1,35.0,0,-0.8368861800991003,-0.41844309004955016,1,0.5,29.0,16.0,14.5,16.0,1.0,1,0,0
2021,REG,HOU,00-0036898,D.Mills,00-0027966,M.Ingram,6,6,25.0,0,0.12809311196906448,0.02134885199484408,3,0.5,-6.0,31.0,-1.0,5.166666666666667,1.0,0,1,0
2021,REG,HOU,00-0036898,D.Mills,00-0030288,R.Burkhead,26,20,138.0,0,-0.08823253808729259,-0.003393559157203561,12,0.46153846153846156,46.0,95.0,1.7692307692307692,4.75,6.0,1,3,0
2021,REG,HOU,00-0036898,D.Mills,00-0031236,B.Cooks,97,69,736.0,5,15.81736981103978,0.16306566815504928,52,0.5360824742268041,1014.0,277.0,10.45360824742268,4.0144927536231885,33.0,7,6,2
2021,REG,HOU,00-0036898,D.Mills,00-0032128,C.Conley,24,13,208.0,2,3.6742098148525226,0.1530920756188551,9,0.375,247.0,80.0,10.291666666666666,6.153846153846154,9.0,4,0,0
2021,REG,HOU,00-0036898,D.Mills,00-0032187,D.Johnson,26,21,146.0,0,-0.32404339232016754,-0.012463207396929521,12,0.46153846153846156,74.0,115.0,2.8461538461538463,5.476190476190476,8.0,0,1,0
2021,REG,HOU,00-0036898,D.Mills,00-0032208,P.Dorsett,12,6,107.0,0,0.33757584416501263,0.028131320347084387,6,0.5,190.0,22.0,15.833333333333334,3.6666666666666665,3.0,2,0,0
2021,REG,HOU,00-0036898,D.Mills,00-0032398,C.Moore,19,18,217.0,2,8.107287487771838,0.4266993414616757,10,0.5263157894736842,97.0,133.0,5.105263157894737,7.388888888888889,5.0,4,2,0
2021,REG,HOU,00-0036898,D.Mills,00-0033421,A.Auclair,3,3,24.0,1,2.5019874611753092,0.8339958203917698,3,1.0,11.0,13.0,3.6666666666666665,4.333333333333333,1.0,0,2,1
2021,REG,HOU,00-0036898,D.Mills,00-0033439,P.Brown,21,14,75.0,0,-8.807511534776589,-0.4194053111798376,6,0.2857142857142857,67.0,46.0,3.1904761904761907,3.2857142857142856,2.0,0,0,0
2021,REG,HOU,00-0036898,D.Mills,00-0034109,P.Lindsay,2,2,15.0,0,0.952134406892583,0.4760672034462915,2,1.0,-3.0,18.0,-1.5,9.0,0.0,0,0,0
2021,REG,HOU,00-0036898,D.Mills,00-0034331,J.Samuels,4,3,14.0,0,-0.24166087491903432,-0.06041521872975858,1,0.25,-4.0,17.0,-1.0,5.666666666666667,1.0,0,0,0
2021,REG,HOU,00-0036898,D.Mills,00-0034353,A.Miller,11,5,23.0,1,-10.182244869240098,-0.9256586244763725,3,0.2727272727272727,74.0,10.0,6.7272727272727275,2.0,3.0,0,1,1
2021,REG,HOU,00-0036898,D.Mills,00-0034364,J.Akins,28,22,207.0,0,-3.472567577806279,-0.12402027063593854,16,0.5714285714285714,167.0,82.0,5.964285714285714,3.727272727272727,11.0,1,2,0
2021,REG,HOU,00-0036898,D.Mills,00-0034838,R.Freeman,9,6,51.0,0,-0.16841019148705505,-0.01871224349856167,4,0.4444444444444444,2.0,53.0,0.2222222222222222,8.833333333333334,3.0,0,0,0
2021,REG,HOU,00-0036898,D.Mills,00-0035101,D.Davis,2,1,17.0,0,1.3513895303476562,0.6756947651738281,1,0.5,10.0,13.0,5.0,13.0,1.0,0,0,0
2021,REG,HOU,00-0036898,D.Mills,00-0036069,S.Phillips,3,2,9.0,0,-0.906036397063871,-0.30201213235462365,1,0.3333333333333333,2.0,7.0,0.6666666666666666,3.5,0.0,0,0,0
2021,REG,HOU,00-0036898,D.Mills,00-0036554,N.Collins,46,25,345.0,1,-1.3978370633516763,-0.030387762246775574,22,0.4782608695652174,498.0,83.0,10.826086956521738,3.32,17.0,6,4,1
2021,REG,HOU,00-0036898,D.Mills,00-0036556,B.Jordan,18,14,139.0,2,5.301895385549886,0.29454974364166037,9,0.5,90.0,77.0,5.0,5.5,8.0,2,2,2
2021,REG,NYG,00-0036913,K.Toney,00-0032385,S.Shepard,1,1,19.0,0,1.27588934404776,1.27588934404776,1,1.0,13.0,6.0,13.0,6.0,1.0,0,0,0
2021,REG,NYG,00-0036913,K.Toney,00-0032972,D.Booker,1,0,0.0,0,-0.746540951542556,-0.746540951542556,0,0.0,-4.0,0.0,-4.0,0.0,0.0,0,0,0
2021,REG,NYG,00-0036913,K.Toney,00-0035535,D.Slayton,1,0,0.0,0,-0.492931483080611,-0.492931483080611,0,0.0,44.0,0.0,44.0,0.0,0.0,0,0,0
2021,REG,NO,00-0036929,I.Book,00-0030085,K.Stills,1,1,4.0,0,-0.259720033500344,-0.259720033500344,0,0.0,4.0,0.0,4.0,0.0,0.0,0,0,0
2021,REG,NO,00-0036929,I.Book,00-0032394,N.Vannett,1,0,0.0,0,-0.636486359406263,-0.636486359406263,0,0.0,3.0,0.0,3.0,0.0,0.0,0,0,0
2021,REG,NO,00-0036929,I.Book,00-0033906,A.Kamara,4,2,7.0,0,-2.6698123679962,-0.66745309199905,1,0.25,-11.0,14.0,-2.75,7.0,1.0,0,0,0
2021,REG,NO,00-0036929,I.Book,00-0034672,E.Wolf,2,2,8.0,0,-0.390935016330331,-0.1954675081651655,0,0.0,2.0,6.0,1.0,3.0,0.0,0,0,0
2021,REG,NO,00-0036929,I.Book,00-0035406,L.Humphrey,5,3,70.0,0,-4.651102201896718,-0.9302204403793436,2,0.4,32.0,46.0,6.4,15.333333333333334,1.0,1,0,0
2021,REG,NO,00-0036929,I.Book,00-0036219,M.Callaway,5,4,46.0,0,0.5342973919468919,0.10685947838937837,3,0.6,46.0,15.0,9.2,3.75,3.0,0,0,0
2021,REG,CHI,00-0036945,J.Fields,00-0027696,J.Graham,9,4,50.0,0,-0.40727891277213013,-0.04525321253023668,2,0.2222222222222222,67.0,16.0,7.444444444444445,4.0,2.0,1,3,0
2021,REG,CHI,00-0036945,J.Fields,00-0030068,M.Goodwin,23,9,151.0,0,-0.81508899541905,-0.0354386519747413,9,0.391304347826087,294.0,41.0,12.782608695652174,4.555555555555555,5.0,3,1,0
2021,REG,CHI,00-0036945,J.Fields,00-0030874,D.Williams,8,6,42.0,0,-1.7878926096018433,-0.2234865762002304,2,0.25,-7.0,49.0,-0.875,8.166666666666666,1.0,0,0,0
2021,REG,CHI,00-0036945,J.Fields,00-0031428,A.Robinson,45,26,308.0,0,9.491192724171492,0.2109153938704776,23,0.5111111111111111,612.0,68.0,13.6,2.6153846153846154,14.0,5,4,0
2021,REG,CHI,00-0036945,J.Fields,00-0031868,D.Byrd,10,8,148.0,1,8.671759034126303,0.8671759034126303,8,0.8,79.0,76.0,7.9,9.5,7.0,2,1,0
2021,REG,CHI,00-0036945,J.Fields,00-0032135,J.James,6,6,58.0,1,3.7936618082867453,0.6322769680477909,5,0.8333333333333334,41.0,17.0,6.833333333333333,2.8333333333333335,3.0,0,1,1
2021,REG,CHI,00-0036945,J.Fields,00-0032791,J.Grant,4,2,52.0,1,3.793449794640763,0.9483624486601907,2,0.5,26.0,50.0,6.5,25.0,2.0,1,0,0
2021,REG,CHI,00-0036945,J.Fields,00-0034597,R.Nall,1,1,4.0,0,-1.88302549085347,-1.88302549085347,0,0.0,4.0,0.0,4.0,0.0,0.0,0,0,0
2021,REG,CHI,00-0036945,J.Fields,00-0035562,J.Horsted,3,2,21.0,2,5.220881963959829,1.7402939879866095,2,0.6666666666666666,31.0,0.0,10.333333333333334,0.0,2.0,0,3,2
2021,REG,CHI,00-0036945,J.Fields,00-0035685,D.Montgomery,20,16,105.0,0,-1.1602786685910376,-0.05801393342955188,8,0.4,43.0,81.0,2.15,5.0625,4.0,0,3,0
2021,REG,CHI,00-0036945,J.Fields,00-0036290,C.Kmet,52,32,330.0,0,-5.592650300347803,-0.10755096731438084,23,0.4423076923076923,461.0,110.0,8.865384615384615,3.4375,14.0,5,8,0
2021,REG,CHI,00-0036945,J.Fields,00-0036309,D.Mooney,65,35,523.0,2,0.6598476532124298,0.010151502357114305,31,0.47692307692307695,878.0,90.0,13.507692307692308,2.5714285714285716,24.0,10,6,2
2021,REG,CHI,00-0036945,J.Fields,00-0036906,K.Herbert,14,12,78.0,0,-0.19930059914997067,-0.014235757082140763,7,0.5,-7.0,85.0,-0.5,7.083333333333333,5.0,1,2,0
2021,REG,CHI,00-0036945,J.Fields,00-0036907,D.Newsome,1,0,0.0,0,-0.332756360759959,-0.332756360759959,0,0.0,10.0,0.0,10.0,0.0,0.0,0,0,0
2021,REG,MIN,00-0036946,K.Mond,00-0034972,A.Mattison,2,2,5.0,0,-0.5988106448203321,-0.29940532241016604,1,0.5,-4.0,9.0,-2.0,4.5,0.0,0,0,0
2021,REG,MIN,00-0036946,K.Mond,00-0036345,K.Osborn,1,0,0.0,0,-1.15874189767055,-1.15874189767055,0,0.0,4.0,0.0,4.0,0.0,0.0,0,0,0
2021,REG,JAX,00-0036971,T.Lawrence,00-0029293,M.Jones,120,73,832.0,4,25.553950244378107,0.21294958536981756,58,0.48333333333333334,1438.0,120.0,11.983333333333333,1.643835616438356,42.0,13,18,2
2021,REG,JAX,00-0036971,T.Lawrence,00-0030525,T.Austin,37,24,213.0,1,-9.35806463314757,-0.2529206657607451,16,0.43243243243243246,320.0,68.0,8.64864864864865,2.8333333333333335,11.0,2,3,1
2021,REG,JAX,00-0036971,T.Lawrence,00-0031045,C.Hyde,21,12,65.0,0,-6.569345206662552,-0.3128259622220263,6,0.2857142857142857,31.0,75.0,1.4761904761904763,6.25,1.0,0,1,0
2021,REG,JAX,00-0036971,T.Lawrence,00-0031051,J.Brown,2,0,0.0,0,-2.270036411704493,-1.1350182058522464,0,0.0,62.0,0.0,31.0,0.0,0.0,0,0,0
2021,REG,JAX,00-0036971,T.Lawrence,00-0031484,C.Manhertz,9,6,71.0,1,3.15351100254338,0.3503901113937089,6,0.6666666666666666,68.0,26.0,7.555555555555555,4.333333333333333,4.0,1,0,0
2021,REG,JAX,00-0036971,T.Lawrence,00-0031934,D.Smith,1,0,0.0,0,-4.46986348193605,-4.46986348193605,0,0.0,19.0,0.0,19.0,0.0,0.0,0,0,0
2021,REG,JAX,00-0036971,T.Lawrence,00-0031951,J.O'Shaughnessy,35,24,244.0,0,2.407398110552644,0.06878280315864697,19,0.5428571428571428,226.0,114.0,6.457142857142857,4.75,10.0,5,1,0
2021,REG,JAX,00-0036971,T.Lawrence,00-0032208,P.Dorsett,1,0,0.0,0,-1.08063600992318,-1.08063600992318,0,0.0,22.0,0.0,22.0,0.0,0.0,0,0,0
2021,REG,JAX,00-0036971,T.Lawrence,00-0032951,L.Treadwell,51,33,434.0,1,23.132314250343512,0.4535747892224218,29,0.5686274509803921,613.0,122.0,12.019607843137255,3.696969696969697,22.0,6,6,1
2021,REG,JAX,00-0036971,T.Lawrence,00-0033006,J.Mickens,3,2,10.0,0,0.5903129952494112,0.1967709984164704,1,0.3333333333333333,58.0,3.0,19.333333333333332,1.5,1.0,0,0,0
2021,REG,JAX,00-0036971,T.Lawrence,00-0033387,J.Hollister,15,9,55.0,1,-12.45776090519201,-0.8305173936794674,7,0.4666666666666667,66.0,31.0,4.4,3.4444444444444446,2.0,0,5,1
2021,REG,JAX,00-0036971,T.Lawrence,00-0033572,J.Agnew,40,24,229.0,1,5.7090543235795685,0.14272635808948922,19,0.475,291.0,118.0,7.275,4.916666666666667,14.0,4,4,1
2021,REG,JAX,00-0036971,T.Lawrence,00-0033854,D.Ogunbowale,21,13,114.0,1,-1.17545017547673,-0.05597381787984428,7,0.3333333333333333,31.0,100.0,1.4761904761904763,7.6923076923076925,3.0,1,3,0
2021,REG,JAX,00-0036971,T.Lawrence,00-0034011,D.Arnold,40,26,291.0,0,0.5765244017687956,0.01441311004421989,24,0.6,212.0,153.0,5.3,5.884615384615385,16.0,1,4,0
2021,REG,JAX,00-0036971,T.Lawrence,00-0034777,D.Chark,23,7,154.0,2,-0.6727991132660649,-0.029252135359394128,7,0.30434782608695654,359.0,24.0,15.608695652173912,3.4285714285714284,7.0,3,2,1
2021,REG,JAX,00-0036971,T.Lawrence,00-0035268,R.Armstead,4,3,16.0,0,-5.9000719026080315,-1.4750179756520079,2,0.5,0.0,20.0,0.0,6.666666666666667,1.0,0,0,0
2021,REG,JAX,00-0036971,T.Lawrence,00-0035457,T.Johnson,5,2,16.0,0,-3.6356850985321243,-0.7271370197064249,2,0.4,102.0,9.0,20.4,4.5,1.0,0,0,0
2021,REG,JAX,00-0036971,T.Lawrence,00-0035831,J.Robinson,46,31,222.0,0,-3.488576495350569,-0.0758386194641428,19,0.41304347826086957,40.0,230.0,0.8695652173913043,7.419354838709677,9.0,1,2,0
2021,REG,JAX,00-0036971,T.Lawrence,00-0036268,L.Shenault,100,63,619.0,0,3.5336986072479624,0.03533698607247962,49,0.49,550.0,393.0,5.5,6.238095238095238,30.0,5,10,0
2021,REG,JAX,00-0036971,T.Lawrence,00-0036698,M.Sargent,1,0,0.0,0,-0.429744546650909,-0.429744546650909,0,0.0,-4.0,0.0,-4.0,0.0,0.0,0,0,0
2021,REG,JAX,00-0036971,T.Lawrence,00-0036887,L.Farrell,11,7,56.0,0,-3.624067246099006,-0.3294606587362733,6,0.5454545454545454,73.0,28.0,6.636363636363637,4.0,3.0,1,1,0
2021,REG,NE,00-0036972,M.Jones,00-0029239,B.Bolden,48,40,390.0,2,18.937086953412404,0.3945226448627584,24,0.5,22.0,393.0,0.4583333333333333,9.825,21.0,5,9,2
2021,REG,NE,00-0036972,M.Jones,00-0031062,J.White,14,12,94.0,0,3.3795248761195853,0.2413946340085418,6,0.42857142857142855,51.0,70.0,3.642857142857143,5.833333333333333,5.0,2,1,0
2021,REG,NE,00-0036972,M.Jones,00-0031549,N.Agholor,62,35,418.0,2,-0.3732486510801476,-0.006020139533550768,27,0.43548387096774194,873.0,90.0,14.080645161290322,2.5714285714285716,21.0,7,7,2
2021,REG,NE,00-0036972,M.Jones,00-0033090,H.Henry,75,50,603.0,9,34.44438431492532,0.4592584575323376,45,0.6,726.0,144.0,9.68,2.88,34.0,8,18,9
2021,REG,NE,00-0036972,M.Jones,00-0033307,K.Bourne,66,52,698.0,5,35.20538257708728,0.5334148875316255,45,0.6818181818181818,575.0,295.0,8.712121212121213,5.673076923076923,25.0,8,6,1
2021,REG,NE,00-0036972,M.Jones,00-0033858,J.Smith,45,28,294.0,1,-9.73865688356058,-0.21641459741245733,18,0.4,249.0,232.0,5.533333333333333,8.285714285714286,15.0,5,10,1
2021,REG,NE,00-0036972,M.Jones,00-0034960,J.Meyers,127,82,855.0,1,16.771900644231195,0.13206220979709601,68,0.5354330708661418,1219.0,213.0,9.598425196850394,2.597560975609756,41.0,12,15,1
2021,REG,NE,00-0036972,M.Jones,00-0035624,N.Harry,19,10,130.0,0,2.6667936937883536,0.14035756283096598,9,0.47368421052631576,268.0,22.0,14.105263157894736,2.2,5.0,1,1,0
2021,REG,NE,00-0036972,M.Jones,00-0035645,G.Olszewski,1,0,0.0,0,-1.92866487050196,-1.92866487050196,0,0.0,12.0,0.0,12.0,0.0,0.0,0,0,0
2021,REG,NE,00-0036972,M.Jones,00-0035657,D.Harris,21,18,132.0,0,4.253627703757958,0.2025537001789504,12,0.5714285714285714,-7.0,134.0,-0.3333333333333333,7.444444444444445,4.0,1,2,0
2021,REG,NE,00-0036972,M.Jones,00-0035726,J.Johnson,3,2,5.0,0,-0.9075932197738437,-0.30253107325794787,1,0.3333333333333333,4.0,2.0,1.3333333333333333,1.0,0.0,0,1,0
2021,REG,NE,00-0036972,M.Jones,00-0035726,Jak.Johnson,1,1,9.0,0,1.02158045361284,1.02158045361284,1,1.0,4.0,5.0,4.0,5.0,1.0,0,0,0
2021,REG,NE,00-0036972,M.Jones,00-0036096,J.Taylor,4,4,8.0,0,-6.878805128275422,-1.7197012820688555,1,0.25,-2.0,10.0,-0.5,2.5,0.0,0,0,0
2021,REG,NE,00-0036972,M.Jones,00-0036183,K.Wilkerson,8,4,42.0,2,1.9433473990065928,0.2429184248758241,4,0.5,132.0,5.0,16.5,1.25,2.0,1,2,2
2021,REG,NE,00-0036972,M.Jones,00-0036875,R.Stevenson,18,14,123.0,0,-3.0374021351453857,-0.16874456306363253,4,0.2222222222222222,-5.0,145.0,-0.2777777777777778,10.357142857142858,3.0,2,2,0
2021,REG,SF,00-0037012,T.Lance,00-0029269,T.Benjamin,3,0,0.0,0,-5.773644317174329,-1.9245481057247762,0,0.0,60.0,0.0,20.0,0.0,0.0,0,0,0
2021,REG,SF,00-0037012,T.Lance,00-0029632,M.Sanu,7,5,45.0,0,6.280121468240391,0.8971602097486272,5,0.7142857142857143,55.0,16.0,7.857142857142857,3.2,4.0,0,0,0
2021,REG,SF,00-0037012,T.Lance,00-0029892,K.Juszczyk,8,7,68.0,0,2.7232322345371385,0.3404040293171423,4,0.5,51.0,58.0,6.375,8.285714285714286,4.0,0,0,0
2021,REG,SF,00-0037012,T.Lance,00-0033288,G.Kittle,4,1,29.0,0,-0.9584320845315171,-0.23960802113287927,1,0.25,68.0,2.0,17.0,2.0,1.0,1,0,0
2021,REG,SF,00-0037012,T.Lance,00-0034073,R.Dwelley,2,2,25.0,0,0.08485265448689394,0.04242632724344697,1,0.5,21.0,4.0,10.5,2.0,0.0,0,0,0
2021,REG,SF,00-0037012,T.Lance,00-0034487,T.Sherfield,4,2,17.0,1,0.5662480573519091,0.14156201433797727,2,0.5,35.0,3.0,8.75,1.5,2.0,0,1,1
2021,REG,SF,00-0037012,T.Lance,00-0035719,D.Samuel,23,10,228.0,3,7.225997531270493,0.3141738057074127,8,0.34782608695652173,216.0,115.0,9.391304347826088,11.5,7.0,4,3,1
2021,REG,SF,00-0037012,T.Lance,00-0035806,J.Hasty,1,1,6.0,0,1.10966220207047,1.10966220207047,1,1.0,1.0,5.0,1.0,5.0,1.0,0,1,0
2021,REG,SF,00-0037012,T.Lance,00-0036259,J.Jennings,2,2,25.0,0,1.148130331654104,0.574065165827052,1,0.5,25.0,0.0,12.5,0.0,1.0,0,0,0
2021,REG,SF,00-0037012,T.Lance,00-0036261,B.Aiyuk,10,6,126.0,0,6.153390447149677,0.6153390447149677,6,0.6,120.0,55.0,12.0,9.166666666666666,5.0,3,0,0
2021,REG,SF,00-0037012,T.Lance,00-0036429,C.Woerner,1,1,4.0,0,-0.241898817941546,-0.241898817941546,0,0.0,3.0,1.0,3.0,1.0,0.0,0,0,0
2021,REG,SF,00-0037012,T.Lance,00-0036567,E.Mitchell,4,4,30.0,1,2.673475144139964,0.668368786034991,2,0.5,1.0,29.0,0.25,7.25,2.0,0,1,1
2021,REG,NYJ,00-0037013,Z.Wilson,00-0030108,R.Griffin,27,18,166.0,1,-1.0545078684369606,-0.03905584697914669,13,0.48148148148148145,137.0,93.0,5.074074074074074,5.166666666666667,8.0,2,4,1
2021,REG,NYJ,00-0037013,Z.Wilson,00-0031941,J.Crowder,41,26,225.0,1,4.66780322253137,0.11384885908613099,19,0.4634146341463415,248.0,77.0,6.048780487804878,2.9615384615384617,14.0,2,9,1
2021,REG,NYJ,00-0037013,Z.Wilson,00-0032058,T.Coleman,12,8,43.0,0,-0.6230231390800284,-0.0519185949233357,5,0.4166666666666667,-10.0,74.0,-0.8333333333333334,9.25,1.0,0,6,0
2021,REG,NYJ,00-0037013,Z.Wilson,00-0032098,D.Brown,2,2,29.0,0,1.3312147059477843,0.6656073529738922,1,0.5,7.0,22.0,3.5,11.0,1.0,1,0,0
2021,REG,NYJ,00-0037013,Z.Wilson,00-0032214,T.Kroft,20,12,115.0,0,0.2240221789335488,0.01120110894667744,8,0.4,86.0,64.0,4.3,5.333333333333333,5.0,2,1,0
2021,REG,NYJ,00-0037013,Z.Wilson,00-0033300,C.McDermott,1,1,1.0,1,2.46467829169706,2.46467829169706,1,1.0,1.0,0.0,1.0,0.0,1.0,0,1,1
2021,REG,NYJ,00-0037013,Z.Wilson,00-0033681,K.Cole,30,19,340.0,1,15.908076777913609,0.5302692259304537,16,0.5333333333333333,461.0,66.0,15.366666666666667,3.473684210526316,12.0,7,1,0
2021,REG,NYJ,00-0037013,Z.Wilson,00-0033871,C.Davis,40,22,317.0,3,-1.70133656009018,-0.0425334140022545,19,0.475,529.0,83.0,13.225,3.772727272727273,14.0,6,4,1
2021,REG,NYJ,00-0037013,Z.Wilson,00-0034419,B.Berrios,56,39,372.0,1,6.451943378138832,0.11521327460962201,25,0.44642857142857145,288.0,234.0,5.142857142857143,6.0,19.0,4,6,1
2021,REG,NYJ,00-0037013,Z.Wilson,00-0034631,V.Smith,1,0,0.0,0,-0.442845940182451,-0.442845940182451,0,0.0,18.0,0.0,18.0,0.0,0.0,0,1,0
2021,REG,NYJ,00-0037013,Z.Wilson,00-0035045,D.Montgomery,6,3,36.0,0,-2.6614067054594974,-0.44356778424324955,2,0.3333333333333333,39.0,15.0,6.5,5.0,2.0,0,1,0
2021,REG,NYJ,00-0037013,Z.Wilson,00-0035187,A.Walter,3,2,9.0,0,-0.828732173424214,-0.2762440578080713,1,0.3333333333333333,-9.0,13.0,-3.0,6.5,1.0,0,0,0
2021,REG,NYJ,00-0037013,Z.Wilson,00-0035259,T.Wesco,2,1,19.0,0,0.938354352896563,0.4691771764482815,1,0.5,3.0,16.0,1.5,16.0,1.0,0,0,0
2021,REG,NYJ,00-0037013,Z.Wilson,00-0035510,J.Smith,12,4,63.0,0,-0.66748782976393,-0.05562398581366083,4,0.3333333333333333,114.0,7.0,9.5,1.75,3.0,1,0,0
2021,REG,NYJ,00-0037013,Z.Wilson,00-0035537,T.Johnson,31,17,171.0,0,-6.79571438522542,-0.21921659307178773,12,0.3870967741935484,114.0,122.0,3.6774193548387095,7.176470588235294,10.0,1,2,0
2021,REG,NYJ,00-0037013,Z.Wilson,00-0035537,Ty.Johnson,1,0,0.0,0,-1.18806307343766,-1.18806307343766,0,0.0,12.0,0.0,12.0,0.0,0.0,0,0,0
2021,REG,NYJ,00-0037013,Z.Wilson,00-0036255,D.Mims,13,4,77.0,0,-3.3609570171684,-0.2585351551668,3,0.23076923076923078,167.0,20.0,12.846153846153847,5.0,2.0,2,1,0
2021,REG,NYJ,00-0037013,Z.Wilson,00-0036491,T.Black,2,1,10.0,0,1.096435932209711,0.5482179661048555,1,0.5,18.0,0.0,9.0,0.0,1.0,0,0,0
2021,REG,NYJ,00-0037013,Z.Wilson,00-0036510,K.Yeboah,3,2,36.0,0,2.836533387133381,0.9455111290444603,2,0.6666666666666666,48.0,3.0,16.0,1.5,2.0,1,0,0
2021,REG,NYJ,00-0037013,Z.Wilson,00-0036924,M.Carter,5,3,8.0,0,-1.81954142852919,-0.363908285705838,1,0.2,4.0,7.0,0.8,2.3333333333333335,1.0,0,1,0
2021,REG,NYJ,00-0037013,Z.Wilson,00-0036924,Mi.Carter,18,10,73.0,0,-3.135551350191233,-0.17419729723284627,7,0.3888888888888889,3.0,82.0,0.16666666666666666,8.2,5.0,0,0,0
2021,REG,NYJ,00-0037013,Z.Wilson,00-0036980,E.Moore,43,19,202.0,1,-14.680936268789129,-0.34141712252997974,15,0.3488372093023256,536.0,79.0,12.465116279069768,4.157894736842105,9.0,3,5,1
2022,POST,TB,00-0019596,T.Brady,00-0027944,J.Jones,11,7,74.0,1,3.2511312914430164,0.2955573901311833,5,0.45454545454545453,72.0,17.0,6.545454545454546,2.4285714285714284,3.0,1,5,0
2022,POST,TB,00-0019596,T.Brady,00-0031273,C.Brate,3,1,8.0,1,0.565970441792158,0.18865681393071934,1,0.3333333333333333,36.0,1.0,12.0,1.0,1.0,0,1,1
2022,POST,TB,00-0019596,T.Brady,00-0031408,M.Evans,12,6,74.0,0,3.9342982357922054,0.3278581863160171,6,0.5,145.0,17.0,12.083333333333334,2.8333333333333335,4.0,1,1,0
2022,POST,TB,00-0019596,T.Brady,00-0033856,L.Fournette,1,1,6.0,0,0.583785576047376,0.583785576047376,1,1.0,-6.0,12.0,-6.0,12.0,1.0,0,0,0
2022,POST,TB,00-0019596,T.Brady,00-0033921,C.Godwin,14,10,85.0,0,1.778286317348964,0.1270204512392117,7,0.5,43.0,53.0,3.0714285714285716,5.3,5.0,0,2,0
2022,POST,TB,00-0019596,T.Brady,00-0034411,R.Gage,8,2,10.0,0,-10.09135201363824,-1.26141900170478,1,0.125,39.0,13.0,4.875,6.5,0.0,0,3,0
2022,POST,TB,00-0019596,T.Brady,00-0037256,R.White,6,4,36.0,0,2.906351414741951,0.4843919024569918,4,0.6666666666666666,-14.0,37.0,-2.3333333333333335,9.25,2.0,0,0,0
2022,POST,TB,00-0019596,T.Brady,00-0037311,K.Kieft,1,0,0.0,0,-0.596047205268405,-0.596047205268405,0,0.0,2.0,0.0,2.0,0.0,0.0,0,0,0
2022,POST,TB,00-0019596,T.Brady,00-0038129,C.Otton,7,4,58.0,0,2.354460294998716,0.3363514707141023,4,0.5714285714285714,47.0,42.0,6.714285714285714,10.5,4.0,0,1,0
2022,POST,KC,00-0026197,C.Henne,00-0030506,T.Kelce,4,4,15.0,1,2.6858656781259977,0.6714664195314994,3,0.75,8.0,7.0,2.0,1.75,2.0,0,1,1
2022,POST,KC,00-0026197,C.Henne,00-0032062,B.Bell,1,0,0.0,0,-0.44607178948354,-0.44607178948354,0,0.0,9.0,0.0,9.0,0.0,0.0,0,0,0
2022,POST,KC,00-0026197,C.Henne,00-0036637,N.Gray,1,0,0.0,0,-0.684525866061449,-0.684525866061449,0,0.0,12.0,0.0,12.0,0.0,0.0,0,0,0
2022,POST,KC,00-0026197,C.Henne,00-0036913,K.Toney,1,1,8.0,0,1.15168404905126,1.15168404905126,1,1.0,3.0,5.0,3.0,5.0,1.0,0,0,0
2022,POST,SF,00-0026300,J.Johnson,00-0033280,C.McCaffrey,3,3,19.0,0,0.9457181753823529,0.31523939179411764,2,0.6666666666666666,-8.0,27.0,-2.6666666666666665,9.0,0.0,0,0,0
2022,POST,SF,00-0026300,J.Johnson,00-0033288,G.Kittle,2,1,22.0,0,2.1981261849869096,1.0990630924934548,1,0.5,12.0,9.0,6.0,9.0,1.0,1,0,0
2022,POST,SF,00-0026300,J.Johnson,00-0035719,D.Samuel,6,3,33.0,0,-1.854394259280526,-0.3090657098800877,2,0.3333333333333333,38.0,16.0,6.333333333333333,5.333333333333333,2.0,0,0,0
2022,POST,MIN,00-0029604,K.Cousins,00-0030035,A.Thielen,4,3,50.0,0,3.408998253056774,0.8522495632641935,3,0.75,72.0,5.0,18.0,1.6666666666666667,3.0,1,0,0
2022,POST,MIN,00-0029604,K.Cousins,00-0033246,J.Mundt,1,1,12.0,0,0.787215976975858,0.787215976975858,1,1.0,0.0,12.0,0.0,12.0,1.0,0,0,0
2022,POST,MIN,00-0029604,K.Cousins,00-0033893,D.Cook,7,6,10.0,0,-2.3163645219174187,-0.3309092174167741,3,0.42857142857142855,-19.0,27.0,-2.7142857142857144,4.5,1.0,0,1,0
2022,POST,MIN,00-0029604,K.Cousins,00-0034970,I.Smith,2,1,3.0,1,0.199157071765508,0.099578535882754,1,0.5,3.0,0.0,1.5,0.0,1.0,0,1,1
2022,POST,MIN,00-0029604,K.Cousins,00-0034972,A.Mattison,1,1,2.0,0,-0.1641566734761,-0.1641566734761,0,0.0,-5.0,7.0,-5.0,7.0,0.0,0,0,0
2022,POST,MIN,00-0029604,K.Cousins,00-0035229,T.Hockenson,11,10,129.0,0,10.873560659878429,0.9885055145344026,8,0.7272727272727273,73.0,65.0,6.636363636363637,6.5,6.0,2,1,0
2022,POST,MIN,00-0029604,K.Cousins,00-0036322,J.Jefferson,9,7,47.0,0,0.5888097850256597,0.06542330944729552,6,0.6666666666666666,99.0,7.0,11.0,1.0,3.0,0,2,0
2022,POST,MIN,00-0029604,K.Cousins,00-0036345,K.Osborn,3,2,20.0,1,0.6797989271581211,0.22659964238604036,1,0.3333333333333333,30.0,4.0,10.0,2.0,1.0,0,1,1
2022,POST,SEA,00-0030565,G.Smith,00-0032211,T.Lockett,8,6,39.0,0,-1.169480791024401,-0.14618509887805012,5,0.625,56.0,6.0,7.0,1.0,3.0,0,1,0
2022,POST,SEA,00-0030565,G.Smith,00-0035640,D.Metcalf,14,10,136.0,2,11.399863517304887,0.8142759655217776,7,0.5,179.0,45.0,12.785714285714286,4.5,7.0,2,3,1
2022,POST,SEA,00-0030565,G.Smith,00-0035644,N.Fant,2,1,11.0,0,0.668660111725327,0.3343300558626635,1,0.5,10.0,11.0,5.0,11.0,1.0,0,1,0
2022,POST,SEA,00-0030565,G.Smith,00-0036244,C.Parkinson,6,3,14.0,0,-2.8821828727959606,-0.4803638121326601,2,0.3333333333333333,35.0,5.0,5.833333333333333,1.6666666666666667,0.0,0,1,0
2022,POST,SEA,00-0030565,G.Smith,00-0036810,C.Johnson,3,3,39.0,0,4.155458407767586,1.3851528025891955,2,0.6666666666666666,33.0,6.0,11.0,2.0,2.0,1,0,0
2022,POST,SEA,00-0030565,G.Smith,00-0037093,D.Young,1,1,11.0,0,0.67345079977531,0.67345079977531,1,1.0,10.0,1.0,10.0,1.0,1.0,0,0,0
2022,POST,SEA,00-0030565,G.Smith,00-0038134,K.Walker,1,1,3.0,0,-0.309929474024102,-0.309929474024102,0,0.0,0.0,3.0,0.0,3.0,0.0,0,0,0
2022,POST,DAL,00-0033077,D.Prescott,00-0029608,T.Hilton,5,3,38.0,0,2.6689643550198436,0.5337928710039688,3,0.6,86.0,12.0,17.2,4.0,2.0,0,0,0
2022,POST,DAL,00-0033077,D.Prescott,00-0033045,E.Elliott,6,3,16.0,0,-1.812009878498106,-0.302001646416351,2,0.3333333333333333,4.0,19.0,0.6666666666666666,6.333333333333333,0.0,0,1,0
2022,POST,DAL,00-0033077,D.Prescott,00-0033591,N.Brown,4,4,39.0,0,4.52164992783218,1.130412481958045,3,0.75,5.0,34.0,1.25,8.5,2.0,0,0,0
2022,POST,DAL,00-0033077,D.Prescott,00-0034383,D.Schultz,18,12,122.0,3,7.515108598629011,0.4175060332571673,10,0.5555555555555556,171.0,18.0,9.5,1.5,7.0,3,4,2
2022,POST,DAL,00-0033077,D.Prescott,00-0034764,M.Gallup,9,5,46.0,1,0.5162741957756247,0.05736379953062497,4,0.4444444444444444,121.0,9.0,13.444444444444445,1.8,4.0,0,1,1
2022,POST,DAL,00-0033077,D.Prescott,00-0035261,T.Pollard,6,5,23.0,0,-0.50275059742853,-0.08379176623808833,2,0.3333333333333333,-2.0,24.0,-0.3333333333333333,4.8,1.0,0,0,0
2022,POST,DAL,00-0033077,D.Prescott,00-0036358,C.Lamb,19,14,185.0,1,6.943012527391603,0.36542171196797907,11,0.5789473684210527,164.0,58.0,8.631578947368421,4.142857142857143,8.0,3,3,1
2022,POST,DAL,00-0033077,D.Prescott,00-0037801,K.Turpin,1,1,8.0,0,-0.0019508613913785,-0.0019508613913785,0,0.0,8.0,0.0,8.0,0.0,0.0,0,0,0
2022,POST,DAL,00-0033077,D.Prescott,00-0038041,J.Ferguson,1,1,34.0,0,2.42286023206543,2.42286023206543,1,1.0,2.0,32.0,2.0,32.0,1.0,1,0,0
2022,POST,KC,00-0033873,P.Mahomes,00-0030506,T.Kelce,27,23,242.0,3,19.749811739227884,0.731474508860292,20,0.7407407407407407,188.0,92.0,6.962962962962963,4.0,13.0,2,6,3
2022,POST,KC,00-0033873,P.Mahomes,00-0031376,J.McKinnon,7,5,32.0,0,-0.8780050535569903,-0.12542929336528433,4,0.5714285714285714,-2.0,29.0,-0.2857142857142857,5.8,1.0,0,2,0
2022,POST,KC,00-0033873,P.Mahomes,00-0032062,B.Bell,1,1,4.0,0,-0.422782864770852,-0.422782864770852,0,0.0,4.0,0.0,4.0,0.0,0.0,0,0,0
2022,POST,KC,00-0033873,P.Mahomes,00-0033481,M.Kemp,1,1,13.0,0,1.22666133241728,1.22666133241728,1,1.0,11.0,2.0,11.0,2.0,1.0,0,0,0
2022,POST,KC,00-0033873,P.Mahomes,00-0033857,J.Smith-Schuster,12,10,89.0,0,3.9016294087050416,0.3251357840587535,8,0.6666666666666666,86.0,20.0,7.166666666666667,2.0,7.0,0,2,0
2022,POST,KC,00-0033873,P.Mahomes,00-0034272,M.Valdes-Scantling,11,7,122.0,2,9.074569869262614,0.8249608972056922,7,0.6363636363636364,182.0,39.0,16.545454545454547,5.571428571428571,7.0,3,2,2
2022,POST,KC,00-0033873,P.Mahomes,00-0034386,Ju.Watson,3,3,30.0,0,3.587474777828895,1.195824925942965,3,1.0,29.0,1.0,9.666666666666666,0.3333333333333333,3.0,0,0,0
2022,POST,KC,00-0033873,P.Mahomes,00-0035140,M.Hardman,3,2,10.0,0,-0.16026290785520803,-0.05342096928506934,1,0.3333333333333333,15.0,3.0,5.0,1.5,1.0,0,0,0
2022,POST,KC,00-0033873,P.Mahomes,00-0035547,J.Fortson,1,0,0.0,0,-1.58343335262444,-1.58343335262444,0,0.0,2.0,0.0,2.0,0.0,0.0,0,0,0
2022,POST,KC,00-0033873,P.Mahomes,00-0036637,N.Gray,3,3,37.0,0,1.796533976332286,0.5988446587774287,2,0.6666666666666666,17.0,20.0,5.666666666666667,6.666666666666667,1.0,1,0,0
2022,POST,KC,00-0033873,P.Mahomes,00-0036913,K.Toney,9,6,42.0,1,2.0962364926866677,0.23291516585407418,6,0.6666666666666666,32.0,36.0,3.5555555555555554,6.0,2.0,0,1,1
2022,POST,KC,00-0033873,P.Mahomes,00-0037197,I.Pacheco,7,6,65.0,0,4.417445147642871,0.6310635925204101,5,0.7142857142857143,-21.0,89.0,-3.0,14.833333333333334,3.0,0,0,0
2022,POST,KC,00-0033873,P.Mahomes,00-0038090,S.Moore,9,5,17.0,1,-0.6539235631935312,-0.07265817368817012,2,0.2222222222222222,26.0,21.0,2.888888888888889,4.2,1.0,0,1,1
2022,POST,BUF,00-0034857,J.Allen,00-0029000,C.Beasley,9,5,68.0,1,-3.1464623663341555,-0.34960692959268397,5,0.5555555555555556,84.0,44.0,9.333333333333334,8.8,5.0,1,2,1
2022,POST,BUF,00-0034857,J.Allen,00-0031051,J.Brown,1,0,0.0,0,-5.00438558484893,-5.00438558484893,0,0.0,50.0,0.0,50.0,0.0,0.0,0,0,0
2022,POST,BUF,00-0034857,J.Allen,00-0031588,S.Diggs,19,11,149.0,0,5.693285267319758,0.29964659301682933,9,0.47368421052631576,299.0,20.0,15.736842105263158,1.8181818181818181,6.0,2,2,0
2022,POST,BUF,00-0034857,J.Allen,00-0033466,I.McKenzie,2,2,10.0,0,0.04422815982252398,0.02211407991126199,1,0.5,-6.0,16.0,-3.0,8.0,0.0,0,0,0
2022,POST,BUF,00-0034857,J.Allen,00-0034367,N.Hines,3,2,11.0,0,-0.05876888753846296,-0.019589629179487655,1,0.3333333333333333,14.0,4.0,4.666666666666667,2.0,0.0,0,1,0
2022,POST,BUF,00-0034857,J.Allen,00-0035250,D.Singletary,8,5,37.0,0,-1.9188210621359774,-0.23985263276699717,2,0.25,-9.0,45.0,-1.125,9.0,1.0,0,1,0
2022,POST,BUF,00-0034857,J.Allen,00-0035689,D.Knox,12,8,85.0,1,1.8422276194036753,0.15351896828363962,6,0.5,109.0,23.0,9.083333333333334,2.875,6.0,1,3,1
2022,POST,BUF,00-0034857,J.Allen,00-0036196,G.Davis,13,8,147.0,1,2.8776340934855393,0.22135646872965686,8,0.6153846153846154,270.0,7.0,20.76923076923077,0.875,7.0,3,1,0
2022,POST,BUF,00-0034857,J.Allen,00-0036590,Q.Morris,3,2,18.0,0,0.612418229982723,0.204139409994241,2,0.6666666666666666,0.0,12.0,0.0,6.0,1.0,0,0,0
2022,POST,BUF,00-0034857,J.Allen,00-0037261,K.Shakir,7,5,91.0,0,4.346158783184368,0.6208798261691955,4,0.5714285714285714,136.0,10.0,19.428571428571427,2.0,4.0,2,1,0
2022,POST,NYG,00-0035710,D.Jones,00-0032980,M.Johnson,1,1,17.0,0,3.01074107352179,3.01074107352179,1,1.0,17.0,0.0,17.0,0.0,1.0,0,0,0
2022,POST,NYG,00-0035710,D.Jones,00-0033308,M.Breida,1,1,19.0,0,1.15924174850807,1.15924174850807,1,1.0,19.0,0.0,19.0,0.0,1.0,0,0,0
2022,POST,NYG,00-0035710,D.Jones,00-0034286,R.James,16,11,82.0,0,0.9237402069265939,0.05773376293291212,8,0.5,77.0,44.0,4.8125,4.0,5.0,0,2,0
2022,POST,NYG,00-0035710,D.Jones,00-0034844,S.Barkley,9,7,77.0,0,5.32069693502854,0.5911885483365045,5,0.5555555555555556,-11.0,92.0,-1.2222222222222223,13.142857142857142,5.0,1,0,0
2022,POST,NYG,00-0035710,D.Jones,00-0035535,D.Slayton,13,5,92.0,0,-2.154298550536614,-0.16571527311820106,5,0.38461538461538464,146.0,45.0,11.23076923076923,9.0,4.0,2,1,0
2022,POST,NYG,00-0035710,D.Jones,00-0036145,L.Cager,3,2,20.0,0,-0.044972377178300826,-0.014990792392766942,1,0.3333333333333333,23.0,2.0,7.666666666666667,1.0,1.0,0,1,0
2022,POST,NYG,00-0035710,D.Jones,00-0036165,I.Hodgins,11,9,108.0,1,5.7152099461527515,0.5195645405593411,7,0.6363636363636364,94.0,35.0,8.545454545454545,3.888888888888889,4.0,1,3,1
2022,POST,NYG,00-0035710,D.Jones,00-0038115,D.Bellinger,5,3,21.0,1,0.9128585065482193,0.18257170130964387,1,0.2,18.0,15.0,3.6,5.0,2.0,0,1,1
2022,POST,BAL,00-0035993,T.Huntley,00-0031325,S.Watkins,3,1,12.0,0,-0.03974187394749995,-0.013247291315833317,1,0.3333333333333333,13.0,5.0,4.333333333333333,5.0,1.0,0,1,0
2022,POST,BAL,00-0035993,T.Huntley,00-0032775,D.Robinson,3,2,49.0,1,3.9797153810795836,1.3265717936931944,2,0.6666666666666666,38.0,15.0,12.666666666666666,7.5,1.0,1,1,0
2022,POST,BAL,00-0035993,T.Huntley,00-0033376,P.Ricard,2,0,0.0,0,-0.972415984084364,-0.486207992042182,0,0.0,2.0,0.0,1.0,0.0,0.0,0,1,0
2022,POST,BAL,00-0035993,T.Huntley,00-0034184,G.Edwards,1,1,13.0,0,1.37489741877653,1.37489741877653,1,1.0,-5.0,18.0,-5.0,18.0,1.0,0,0,0
2022,POST,BAL,00-0035993,T.Huntley,00-0034753,M.Andrews,10,5,73.0,0,-1.813809149200091,-0.1813809149200091,4,0.4,99.0,24.0,9.9,4.8,3.0,2,2,0
2022,POST,BAL,00-0035993,T.Huntley,00-0034975,J.Hill,2,2,10.0,0,-0.12078160361853008,-0.06039080180926504,1,0.5,1.0,9.0,0.5,4.5,0.0,0,1,0
2022,POST,BAL,00-0035993,T.Huntley,00-0035249,J.Oliver,2,2,26.0,0,2.125079292804004,1.062539646402002,2,1.0,10.0,16.0,5.0,8.0,2.0,0,0,0
2022,POST,BAL,00-0035993,T.Huntley,00-0036158,J.Dobbins,5,4,43.0,1,4.415074426971847,0.8830148853943693,3,0.6,6.0,39.0,1.2,9.75,3.0,1,1,1
2022,POST,MIN,00-0036322,J.Jefferson,00-0029604,K.Cousins,1,1,-2.0,0,-2.38019869942218,-2.38019869942218,0,0.0,-6.0,4.0,-6.0,4.0,0.0,0,0,0
2022,POST,LAC,00-0036355,J.Herbert,00-0030279,K.Allen,13,6,61.0,0,1.5475516926271484,0.11904243789439603,6,0.46153846153846156,63.0,34.0,4.846153846153846,5.666666666666667,4.0,1,4,0
2022,POST,LAC,00-0036355,J.Herbert,00-0031763,D.Carter,3,2,17.0,0,0.44894805317173514,0.14964935105724506,1,0.3333333333333333,15.0,5.0,5.0,2.5,1.0,0,1,0
2022,POST,LAC,00-0036355,J.Herbert,00-0033699,A.Ekeler,4,2,8.0,0,-3.3014705938403472,-0.8253676484600868,0,0.0,-10.0,16.0,-2.5,8.0,0.0,0,1,0
2022,POST,LAC,00-0036355,J.Herbert,00-0033895,G.Everett,8,6,109.0,1,11.113065278565067,1.3891331598206333,6,0.75,47.0,75.0,5.875,12.5,5.0,4,1,1
2022,POST,LAC,00-0036355,J.Herbert,00-0035329,D.Parham,5,4,23.0,0,0.06958467571530114,0.013916935143060227,2,0.4,34.0,2.0,6.8,0.5,1.0,0,2,0
2022,POST,LAC,00-0036355,J.Herbert,00-0036370,J.Kelley,1,1,8.0,0,0.0119268884882331,0.0119268884882331,1,1.0,4.0,4.0,4.0,4.0,0.0,0,0,0
2022,POST,LAC,00-0036355,J.Herbert,00-0036988,J.Palmer,6,2,31.0,0,-0.5921984984158193,-0.09869974973596989,2,0.3333333333333333,70.0,9.0,11.666666666666666,4.5,2.0,0,1,0
2022,POST,LAC,00-0036355,J.Herbert,00-0037011,T.McKitty,2,2,16.0,0,0.8497449388960376,0.4248724694480188,2,1.0,11.0,5.0,5.5,2.5,0.0,0,0,0
2022,POST,PHI,00-0036389,J.Hurts,00-0033251,Z.Pascal,4,3,15.0,0,0.6517276761005658,0.16293191902514145,1,0.25,21.0,2.0,5.25,0.6666666666666666,1.0,0,0,0
2022,POST,PHI,00-0036389,J.Hurts,00-0034351,D.Goedert,18,16,141.0,1,9.352843865810426,0.5196024369894681,11,0.6111111111111112,97.0,53.0,5.388888888888889,3.3125,7.0,1,4,1
2022,POST,PHI,00-0036389,J.Hurts,00-0034414,B.Scott,1,1,9.0,0,0.779435868142173,0.779435868142173,1,1.0,-5.0,14.0,-5.0,14.0,0.0,0,0,0
2022,POST,PHI,00-0036389,J.Hurts,00-0035243,M.Sanders,2,1,3.0,0,-0.9728636522777381,-0.48643182613886904,0,0.0,0.0,0.0,0.0,0.0,0.0,0,0,0
2022,POST,PHI,00-0036389,J.Hurts,00-0035676,A.Brown,22,13,146.0,1,5.198656605032745,0.23630257295603388,10,0.45454545454545453,290.0,51.0,13.181818181818182,3.923076923076923,8.0,2,0,0
2022,POST,PHI,00-0036389,J.Hurts,00-0036271,Q.Watkins,3,1,8.0,0,-1.943831019336363,-0.647943673112121,1,0.3333333333333333,68.0,7.0,22.666666666666668,7.0,0.0,0,0,0
2022,POST,PHI,00-0036389,J.Hurts,00-0036741,J.Stoll,1,1,5.0,0,-0.122301388066262,-0.122301388066262,0,0.0,5.0,0.0,5.0,0.0,0.0,0,0,0
2022,POST,PHI,00-0036389,J.Hurts,00-0036912,D.Smith,22,15,197.0,1,7.851847479883312,0.35690215817651416,9,0.4090909090909091,251.0,69.0,11.409090909090908,4.6,8.0,4,3,1
2022,POST,PHI,00-0036389,J.Hurts,00-0036919,K.Gainwell,9,7,55.0,0,4.477978044164617,0.4975531160182908,5,0.5555555555555556,-7.0,53.0,-0.7777777777777778,7.571428571428571,1.0,0,4,0
2022,POST,CIN,00-0036442,J.Burrow,00-0033009,T.Boyd,7,6,89.0,0,8.056712289107967,1.1509588984439953,5,0.7142857142857143,99.0,14.0,14.142857142857142,2.3333333333333335,5.0,2,0,0
2022,POST,CIN,00-0036442,J.Burrow,00-0033526,S.Perine,10,8,35.0,0,-4.462379373726435,-0.4462379373726435,3,0.3,-13.0,51.0,-1.3,6.375,2.0,0,0,0
2022,POST,CIN,00-0036442,J.Burrow,00-0033897,J.Mixon,10,8,50.0,0,0.6494575923425145,0.06494575923425146,7,0.7,-16.0,62.0,-1.6,7.75,1.0,0,2,0
2022,POST,CIN,00-0036442,J.Burrow,00-0034830,H.Hurst,17,13,141.0,1,4.811838824896754,0.2830493426409855,11,0.6470588235294118,103.0,60.0,6.0588235294117645,4.615384615384615,7.0,1,5,1
2022,POST,CIN,00-0036442,J.Burrow,00-0035341,T.Irwin,4,2,19.0,0,1.3910331358201782,0.34775828395504454,1,0.25,25.0,3.0,6.25,1.5,1.0,0,0,0
2022,POST,CIN,00-0036442,J.Burrow,00-0035771,M.Wilcox,4,2,19.0,0,-0.03347342787310492,-0.00836835696827623,2,0.5,11.0,18.0,2.75,9.0,1.0,0,0,0
2022,POST,CIN,00-0036442,J.Burrow,00-0036410,T.Higgins,22,13,148.0,1,3.7525232976317655,0.1705692408014439,13,0.5909090909090909,243.0,34.0,11.045454545454545,2.6153846153846154,8.0,2,3,0
2022,POST,CIN,00-0036442,J.Burrow,00-0036900,J.Chase,28,20,220.0,2,18.838537159599976,0.672804898557142,16,0.5714285714285714,249.0,99.0,8.892857142857142,4.95,11.0,2,4,1
2022,POST,JAX,00-0036971,T.Lawrence,00-0029293,M.Jones,9,4,50.0,1,4.557684905594224,0.5064094339549138,4,0.4444444444444444,132.0,14.0,14.666666666666666,3.5,4.0,1,1,1
2022,POST,JAX,00-0036971,T.Lawrence,00-0033572,J.Agnew,4,3,7.0,0,-6.788291185745038,-1.6970727964362595,0,0.0,14.0,7.0,3.5,2.3333333333333335,0.0,0,2,0
2022,POST,JAX,00-0036971,T.Lawrence,00-0033881,E.Engram,17,12,124.0,1,1.8578604333452038,0.10928590784383552,10,0.5882352941176471,65.0,88.0,3.823529411764706,7.333333333333333,9.0,2,2,1
2022,POST,JAX,00-0036971,T.Lawrence,00-0033891,Z.Jones,21,13,157.0,1,-1.4628897064393334,-0.0696614145923492,11,0.5238095238095238,217.0,20.0,10.333333333333334,1.5384615384615385,5.0,2,3,0
2022,POST,JAX,00-0036971,T.Lawrence,00-0034775,C.Kirk,28,15,130.0,2,-3.9905162019331257,-0.14251843578332593,12,0.42857142857142855,247.0,39.0,8.821428571428571,2.6,8.0,0,2,2
2022,POST,JAX,00-0036971,T.Lawrence,00-0035806,J.Hasty,2,1,7.0,0,-0.8122375895618419,-0.40611879478092094,1,0.5,3.0,13.0,1.5,13.0,1.0,0,0,0
2022,POST,JAX,00-0036971,T.Lawrence,00-0036973,T.Etienne,4,4,30.0,0,2.9667683768202533,0.7416920942050633,4,1.0,-16.0,46.0,-4.0,11.5,2.0,0,0,0
2022,POST,MIA,00-0037327,S.Thompson,00-0033040,T.Hill,16,7,69.0,0,-1.8515386194193268,-0.11572116371370793,7,0.4375,156.0,35.0,9.75,5.0,4.0,0,2,0
2022,POST,MIA,00-0037327,S.Thompson,00-0034115,J.Wilson,4,1,13.0,0,1.247926711841466,0.3119816779603665,1,0.25,9.0,16.0,2.25,16.0,1.0,0,0,0
2022,POST,MIA,00-0037327,S.Thompson,00-0034418,C.Wilson,1,1,14.0,0,1.51030576345511,1.51030576345511,1,1.0,8.0,6.0,8.0,6.0,1.0,0,0,0
2022,POST,MIA,00-0037327,S.Thompson,00-0034487,T.Sherfield,2,0,0.0,0,-3.11763972660993,-1.558819863304965,0,0.0,45.0,0.0,22.5,0.0,0.0,0,0,0
2022,POST,MIA,00-0037327,S.Thompson,00-0034798,D.Smythe,1,1,20.0,0,1.41999135643709,1.41999135643709,1,1.0,12.0,8.0,12.0,8.0,1.0,1,0,0
2022,POST,MIA,00-0037327,S.Thompson,00-0034829,M.Gesicki,6,2,15.0,1,-1.863363791751918,-0.31056063195865297,2,0.3333333333333333,80.0,3.0,13.333333333333334,1.5,2.0,0,1,1
2022,POST,MIA,00-0037327,S.Thompson,00-0036020,S.Ahmed,5,3,45.0,0,3.110939230563668,0.6221878461127336,3,0.6,16.0,32.0,3.2,10.666666666666666,2.0,1,0,0
2022,POST,MIA,00-0037327,S.Thompson,00-0036613,J.Waddle,7,3,44.0,0,-1.351551652690807,-0.19307880752725812,2,0.2857142857142857,151.0,6.0,21.571428571428573,2.0,1.0,1,1,0
2022,POST,MIA,00-0037327,S.Thompson,00-0037004,H.Long,1,0,0.0,0,-0.534184205112979,-0.534184205112979,0,0.0,3.0,0.0,3.0,0.0,0.0,0,0,0
2022,POST,SF,00-0037834,B.Purdy,00-0029892,K.Juszczyk,1,1,6.0,0,0.245518777519465,0.245518777519465,1,1.0,3.0,3.0,3.0,3.0,0.0,0,0,0
2022,POST,SF,00-0037834,B.Purdy,00-0033280,C.McCaffrey,11,9,42.0,1,-0.8160452697775209,-0.07418593361613826,5,0.45454545454545453,27.0,34.0,2.4545454545454546,3.7777777777777777,4.0,0,2,1
2022,POST,SF,00-0037834,B.Purdy,00-0033288,G.Kittle,10,9,142.0,0,9.707107652895619,0.9707107652895619,8,0.8,97.0,45.0,9.7,5.0,6.0,3,1,0
2022,POST,SF,00-0037834,B.Purdy,00-0035719,D.Samuel,16,10,178.0,1,8.966363737802586,0.5603977336126617,9,0.5625,128.0,139.0,8.0,13.9,5.0,2,1,0
2022,POST,SF,00-0037834,B.Purdy,00-0036259,J.Jennings,7,4,67.0,0,5.25851229133962,0.7512160416199457,4,0.5714285714285714,107.0,15.0,15.285714285714286,3.75,4.0,2,1,0
2022,POST,SF,00-0037834,B.Purdy,00-0036261,B.Aiyuk,10,6,109.0,0,6.0711766801463725,0.6071176680146373,6,0.6,185.0,24.0,18.5,4.0,6.0,2,2,0
2022,POST,SF,00-0037834,B.Purdy,00-0036567,E.Mitchell,3,2,25.0,1,4.008618733845646,1.3362062446152152,2,0.6666666666666666,0.0,22.0,0.0,11.0,2.0,0,3,1
2022,REG,TB,00-0019596,T.Brady,00-0027944,J.Jones,43,24,299.0,2,7.485836521878734,0.17408922143904032,19,0.4418604651162791,603.0,114.0,14.023255813953488,4.75,13.0,3,11,1
2022,REG,TB,00-0019596,T.Brady,00-0027981,K.Rudolph,5,3,28.0,1,1.939216998172927,0.3878433996345854,3,0.6,44.0,3.0,8.8,1.0,2.0,0,2,1
2022,REG,TB,00-0019596,T.Brady,00-0029000,C.Beasley,5,4,17.0,0,-0.5589322131127072,-0.11178644262254145,1,0.2,12.0,10.0,2.4,2.5,1.0,0,0,0
2022,REG,TB,00-0019596,T.Brady,00-0031273,C.Brate,38,20,174.0,0,-11.742362478903125,-0.3090095389185033,13,0.34210526315789475,251.0,65.0,6.605263157894737,3.25,8.0,1,4,0
2022,REG,TB,00-0019596,T.Brady,00-0031408,M.Evans,128,77,1124.0,6,26.09129819275416,0.20383826713089187,65,0.5078125,1677.0,216.0,13.1015625,2.8051948051948052,53.0,20,15,3
2022,REG,TB,00-0019596,T.Brady,00-0032054,B.Perriman,17,8,101.0,1,-3.0070619320146,-0.17688599600085883,4,0.23529411764705882,229.0,45.0,13.470588235294118,5.625,4.0,2,0,0
2022,REG,TB,00-0019596,T.Brady,00-0033856,L.Fournette,83,73,523.0,3,13.67501860660666,0.16475926032056218,46,0.5542168674698795,-49.0,563.0,-0.5903614457831325,7.712328767123288,26.0,3,10,3
2022,REG,TB,00-0019596,T.Brady,00-0033921,C.Godwin,145,104,1019.0,3,29.798729561303468,0.20550847973312736,84,0.5793103448275863,820.0,510.0,5.655172413793103,4.903846153846154,53.0,10,18,3
2022,REG,TB,00-0019596,T.Brady,00-0034411,R.Gage,70,49,416.0,4,17.95347665256147,0.2564782378937353,39,0.5571428571428572,381.0,163.0,5.442857142857143,3.326530612244898,30.0,3,18,4
2022,REG,TB,00-0019596,T.Brady,00-0035298,S.Miller,38,22,177.0,0,0.7778200744376065,0.020468949327305433,15,0.39473684210526316,505.0,27.0,13.289473684210526,1.2272727272727273,8.0,2,5,0
2022,REG,TB,00-0019596,T.Brady,00-0036450,K.Vaughn,3,2,11.0,0,-0.294437120694061,-0.09814570689802034,1,0.3333333333333333,-5.0,15.0,-1.6666666666666667,7.5,1.0,0,0,0
2022,REG,TB,00-0019596,T.Brady,00-0036877,J.Darden,2,2,26.0,0,0.8616639436222661,0.43083197181113303,1,0.5,10.0,16.0,5.0,8.0,1.0,1,0,0
2022,REG,TB,00-0019596,T.Brady,00-0037256,R.White,58,50,280.0,2,6.972407211520455,0.12021391744000784,29,0.5,-18.0,309.0,-0.3103448275862069,6.18,13.0,1,8,2
2022,REG,TB,00-0019596,T.Brady,00-0037311,K.Kieft,10,7,80.0,1,4.617778497631659,0.4617778497631659,7,0.7,57.0,31.0,5.7,4.428571428571429,5.0,0,1,1
2022,REG,TB,00-0019596,T.Brady,00-0037487,D.Thompkins,3,3,14.0,0,-0.43860896752448697,-0.146202989174829,1,0.3333333333333333,-3.0,17.0,-1.0,5.666666666666667,0.0,0,0,0
2022,REG,TB,00-0019596,T.Brady,00-0038129,C.Otton,65,42,391.0,2,4.972100901646489,0.07649386002533061,31,0.47692307692307695,384.0,174.0,5.907692307692308,4.142857142857143,19.0,4,16,2
2022,REG,ARI,00-0022824,A.Lee,00-0032437,K.Grugier-Hill,1,1,4.0,0,2.86447695572861,2.86447695572861,1,1.0,0.0,4.0,0.0,4.0,1.0,0,0,0
2022,REG,GB,00-0023459,A.Rodgers,00-0024243,M.Lewis,8,6,66.0,2,8.020597299488253,1.0025746624360317,6,0.75,58.0,14.0,7.25,2.3333333333333335,5.0,1,3,2
2022,REG,GB,00-0023459,A.Rodgers,00-0028002,R.Cobb,49,34,417.0,1,22.457336570660104,0.4583129912379613,27,0.5510204081632653,460.0,185.0,9.387755102040817,5.4411764705882355,19.0,7,6,1
2022,REG,GB,00-0023459,A.Rodgers,00-0030074,D.Bakhtiari,1,0,0.0,0,-5.99148989515379,-5.99148989515379,0,0.0,1.0,0.0,1.0,0.0,0.0,0,1,0
2022,REG,GB,00-0023459,A.Rodgers,00-0031325,S.Watkins,22,13,206.0,0,6.508779262485706,0.29585360284025936,13,0.5909090909090909,264.0,64.0,12.0,4.923076923076923,9.0,4,5,0
2022,REG,GB,00-0023459,A.Rodgers,00-0033293,A.Jones,72,59,395.0,5,-1.9093433186022288,-0.026518657202808733,29,0.4027777777777778,-34.0,477.0,-0.4722222222222222,8.084745762711865,19.0,5,11,3
2022,REG,GB,00-0023459,A.Rodgers,00-0033757,R.Tonyan,65,51,456.0,2,3.312788443942776,0.05096597606065809,32,0.49230769230769234,380.0,226.0,5.846153846153846,4.431372549019608,20.0,5,9,1
2022,REG,GB,00-0023459,A.Rodgers,00-0034521,A.Lazard,98,58,764.0,6,11.272169047150307,0.1150221331341868,52,0.5306122448979592,1224.0,244.0,12.489795918367347,4.206896551724138,43.0,13,19,5
2022,REG,GB,00-0023459,A.Rodgers,00-0035593,J.Winfree,4,1,17.0,0,-0.99848315183772,-0.24962078795943,1,0.25,52.0,5.0,13.0,5.0,1.0,0,0,0
2022,REG,GB,00-0023459,A.Rodgers,00-0035973,P.Taylor,1,1,17.0,0,2.6245533504989,2.6245533504989,1,1.0,0.0,17.0,0.0,17.0,1.0,0,0,0
2022,REG,GB,00-0023459,A.Rodgers,00-0036250,T.Davis,7,4,26.0,0,-6.445032238028941,-0.9207188911469916,1,0.14285714285714285,27.0,27.0,3.857142857142857,6.75,1.0,1,0,0
2022,REG,GB,00-0023459,A.Rodgers,00-0036265,A.Dillon,40,25,189.0,0,-4.5692945107412175,-0.11423236276853044,17,0.425,18.0,185.0,0.45,7.4,8.0,0,4,0
2022,REG,GB,00-0023459,A.Rodgers,00-0036332,J.Deguara,13,11,86.0,0,3.445298710488719,0.26502297772990147,7,0.5384615384615384,31.0,53.0,2.3846153846153846,4.818181818181818,2.0,1,1,0
2022,REG,GB,00-0023459,A.Rodgers,00-0036991,Am.Rodgers,8,4,56.0,0,-3.7773174136527823,-0.4721646767065978,3,0.375,94.0,17.0,11.75,4.25,3.0,1,1,0
2022,REG,GB,00-0023459,A.Rodgers,00-0037098,S.Toure,10,5,82.0,1,3.2061734193580977,0.32061734193580976,3,0.3,174.0,11.0,17.4,2.2,2.0,2,1,0
2022,REG,GB,00-0023459,A.Rodgers,00-0037816,R.Doubs,63,40,416.0,3,-1.545197074921996,-0.024526937697174542,30,0.47619047619047616,620.0,185.0,9.841269841269842,4.625,19.0,7,8,3
2022,REG,GB,00-0023459,A.Rodgers,00-0038124,C.Watson,62,38,508.0,6,25.467203181997213,0.41076134164511635,33,0.532258064516129,874.0,189.0,14.096774193548388,4.973684210526316,25.0,6,14,4
2022,REG,IND,00-0026143,M.Ryan,00-0033217,M.Alie-Cox,21,15,170.0,2,-1.099490316544466,-0.05235668174021267,10,0.47619047619047616,92.0,97.0,4.380952380952381,6.466666666666667,8.0,1,3,2
2022,REG,IND,00-0026143,M.Ryan,00-0034109,P.Lindsay,7,6,19.0,0,-0.9893926695222144,-0.14134180993174492,3,0.42857142857142855,20.0,11.0,2.857142857142857,1.8333333333333333,0.0,0,0,0
2022,REG,IND,00-0026143,M.Ryan,00-0034366,K.Coutee,1,1,20.0,0,-3.79916432953905,-3.79916432953905,0,0.0,12.0,8.0,12.0,8.0,0.0,1,0,0
2022,REG,IND,00-0026143,M.Ryan,00-0034367,N.Hines,26,23,159.0,0,5.298513171612274,0.20378896813893363,12,0.46153846153846156,20.0,141.0,0.7692307692307693,6.130434782608695,7.0,0,4,0
2022,REG,IND,00-0026143,M.Ryan,00-0035021,A.Dulin,22,15,207.0,1,8.30038729403168,0.3772903315468945,15,0.6818181818181818,252.0,35.0,11.454545454545455,2.3333333333333335,12.0,2,4,1
2022,REG,IND,00-0026143,M.Ryan,00-0035639,P.Campbell,65,48,452.0,3,11.31811066219101,0.17412477941832324,39,0.6,350.0,212.0,5.384615384615385,4.416666666666667,26.0,4,7,2
2022,REG,IND,00-0026143,M.Ryan,00-0036223,J.Taylor,41,28,143.0,0,-15.602311793225324,-0.3805441900786664,11,0.2682926829268293,-75.0,208.0,-1.829268292682927,7.428571428571429,4.0,0,5,0
2022,REG,IND,00-0026143,M.Ryan,00-0036228,D.Patmon,6,2,24.0,0,-7.643115597777069,-1.2738525996295114,2,0.3333333333333333,73.0,7.0,12.166666666666666,3.5,1.0,0,1,0
2022,REG,IND,00-0026143,M.Ryan,00-0036251,Z.Moss,1,0,0.0,0,-1.10078634042293,-1.10078634042293,0,0.0,1.0,0.0,1.0,0.0,0.0,0,0,0
2022,REG,IND,00-0026143,M.Ryan,00-0036252,M.Pittman,107,76,740.0,2,18.000522716440237,0.1682291842657966,56,0.5233644859813084,700.0,272.0,6.542056074766355,3.5789473684210527,41.0,7,8,2
2022,REG,IND,00-0026143,M.Ryan,00-0036482,M.Strachan,8,3,59.0,0,-2.1012257548775284,-0.26265321935969105,3,0.375,95.0,13.0,11.875,4.333333333333333,3.0,2,4,0
2022,REG,IND,00-0026143,M.Ryan,00-0036493,D.Jackson,20,19,112.0,1,-3.329536684846973,-0.16647683424234866,8,0.4,-28.0,136.0,-1.4,7.157894736842105,5.0,3,3,1
2022,REG,IND,00-0026143,M.Ryan,00-0036876,K.Granson,36,28,291.0,0,5.822880573159801,0.16174668258777225,19,0.5277777777777778,248.0,116.0,6.888888888888889,4.142857142857143,16.0,3,3,0
2022,REG,IND,00-0026143,M.Ryan,00-0037664,A.Pierce,58,28,422.0,2,10.18548062215483,0.17561173486473847,24,0.41379310344827586,720.0,59.0,12.413793103448276,2.107142857142857,20.0,6,5,1
2022,REG,IND,00-0026143,M.Ryan,00-0037755,J.Woods,24,17,239.0,3,16.796366568590212,0.6998486070245922,15,0.625,236.0,93.0,9.833333333333334,5.470588235294118,13.0,4,4,3
2022,REG,NYJ,00-0026158,J.Flacco,00-0032134,C.Uzomah,1,1,5.0,0,-0.25450080994051,-0.25450080994051,0,0.0,5.0,0.0,5.0,0.0,0.0,0,0,0
2022,REG,NYJ,00-0026158,J.Flacco,00-0033871,C.Davis,22,11,204.0,1,5.663536406063935,0.25743347300290614,10,0.45454545454545453,327.0,43.0,14.863636363636363,3.909090909090909,9.0,2,2,0
2022,REG,NYJ,00-0026158,J.Flacco,00-0034270,T.Conklin,29,20,153.0,1,5.183087925167432,0.17872716983335973,13,0.4482758620689655,122.0,91.0,4.206896551724138,4.55,6.0,1,1,1
2022,REG,NYJ,00-0026158,J.Flacco,00-0034419,B.Berrios,7,5,37.0,0,-4.003715493250633,-0.5719593561786619,3,0.42857142857142855,42.0,25.0,6.0,5.0,2.0,0,1,0
2022,REG,NYJ,00-0026158,J.Flacco,00-0035537,T.Johnson,6,3,17.0,0,-0.39342737232800895,-0.06557122872133482,1,0.16666666666666666,0.0,19.0,0.0,6.333333333333333,1.0,0,0,0
2022,REG,NYJ,00-0026158,J.Flacco,00-0036145,L.Cager,1,0,0.0,0,-6.81797308416572,-6.81797308416572,0,0.0,14.0,0.0,14.0,0.0,0.0,0,0,0
2022,REG,NYJ,00-0026158,J.Flacco,00-0036924,Mi.Carter,19,15,75.0,0,-6.0164063004485895,-0.3166529631815047,8,0.42105263157894735,-13.0,95.0,-0.6842105263157895,6.333333333333333,6.0,0,3,0
2022,REG,NYJ,00-0026158,J.Flacco,00-0036980,E.Moore,24,14,155.0,0,4.200050832822201,0.17500211803425836,13,0.5416666666666666,342.0,18.0,14.25,1.2857142857142858,9.0,1,2,0
2022,REG,NYJ,00-0026158,J.Flacco,00-0037740,G.Wilson,50,27,303.0,2,10.499863193783536,0.20999726387567072,21,0.42,519.0,79.0,10.38,2.925925925925926,16.0,3,9,2
2022,REG,NYJ,00-0026158,J.Flacco,00-0037805,J.Ruckert,2,1,8.0,0,0.04786110681015998,0.02393055340507999,1,0.5,7.0,1.0,3.5,1.0,0.0,0,0,0
2022,REG,NYJ,00-0026158,J.Flacco,00-0038120,Br.Hall,21,13,101.0,1,-4.805254206726259,-0.2288216288917266,8,0.38095238095238093,94.0,68.0,4.476190476190476,5.230769230769231,6.0,0,4,1
2022,REG,KC,00-0026197,C.Henne,00-0030506,T.Kelce,2,0,0.0,0,-1.891513867361939,-0.9457569336809695,0,0.0,-4.0,0.0,-2.0,0.0,0.0,0,0,0
2022,REG,SF,00-0026300,J.Johnson,00-0036259,J.Jennings,1,0,0.0,0,-2.8936459593242,-2.8936459593242,0,0.0,-4.0,0.0,-4.0,0.0,0.0,0,0,0
2022,REG,SF,00-0026300,J.Johnson,00-0037828,D.Gray,1,1,10.0,0,2.05779684073059,2.05779684073059,1,1.0,6.0,4.0,6.0,4.0,1.0,0,0,0
2022,REG,LA,00-0026498,M.Stafford,00-0031428,Al.Robinson,44,27,263.0,3,6.570418867154142,0.1493277015262305,24,0.5454545454545454,415.0,56.0,9.431818181818182,2.074074074074074,18.0,3,14,3
2022,REG,LA,00-0026498,M.Stafford,00-0031806,M.Brown,2,2,23.0,0,2.530432868166828,1.265216434083414,2,1.0,-6.0,29.0,-3.0,14.5,2.0,0,0,0
2022,REG,LA,00-0026498,M.Stafford,00-0033110,T.Higbee,62,38,333.0,0,-5.999826300304834,-0.09677139194040055,29,0.46774193548387094,208.0,216.0,3.3548387096774195,5.684210526315789,18.0,1,6,0
2022,REG,LA,00-0026498,M.Stafford,00-0033908,C.Kupp,93,72,813.0,6,20.386419426731713,0.21920881104012596,54,0.5806451612903226,694.0,408.0,7.462365591397849,5.666666666666667,42.0,11,11,4
2022,REG,LA,00-0026498,M.Stafford,00-0034646,B.Powell,12,11,82.0,0,6.178760292736107,0.5148966910613423,7,0.5833333333333334,21.0,81.0,1.75,7.363636363636363,3.0,0,4,0
2022,REG,LA,00-0026498,M.Stafford,00-0035603,K.Blanton,2,2,35.0,0,1.94552876648959,0.972764383244795,2,1.0,12.0,23.0,6.0,11.5,1.0,1,0,0
2022,REG,LA,00-0026498,M.Stafford,00-0035664,D.Henderson,21,16,91.0,0,-2.873100846511078,-0.13681432602433705,9,0.42857142857142855,26.0,101.0,1.2380952380952381,6.3125,4.0,0,2,0
2022,REG,LA,00-0026498,M.Stafford,00-0036414,C.Akers,4,2,18.0,0,-0.16558070853352502,-0.041395177133381256,2,0.5,8.0,18.0,2.0,9.0,1.0,0,1,0
2022,REG,LA,00-0026498,M.Stafford,00-0036415,V.Jefferson,10,3,41.0,0,-3.5121670500375295,-0.35121670500375296,3,0.3,199.0,5.0,19.9,1.6666666666666667,2.0,1,0,0
2022,REG,LA,00-0026498,M.Stafford,00-0036424,B.Hopkins,1,0,0.0,0,-0.896827420918271,-0.896827420918271,0,0.0,2.0,0.0,2.0,0.0,0.0,0,0,0
2022,REG,LA,00-0026498,M.Stafford,00-0036849,T.Atwell,5,2,116.0,1,4.838813734124416,0.9677627468248833,2,0.4,200.0,17.0,40.0,8.5,2.0,2,0,0
2022,REG,LA,00-0026498,M.Stafford,00-0036862,B.Skowronek,34,25,235.0,0,3.2313074149424166,0.0950384533806593,16,0.47058823529411764,263.0,102.0,7.735294117647059,4.08,10.0,2,2,0
2022,REG,LA,00-0026498,M.Stafford,00-0037557,R.Rivers,5,5,29.0,0,-0.3186214500456078,-0.06372429000912157,4,0.8,-26.0,55.0,-5.2,11.0,1.0,0,1,0
2022,REG,LA,00-0026498,M.Stafford,00-0037840,K.Williams,1,1,8.0,0,0.849427777226083,0.849427777226083,1,1.0,0.0,8.0,0.0,8.0,1.0,0,0,0
2022,REG,LAC,00-0026544,C.Daniel,00-0030279,K.Allen,2,2,7.0,1,1.3015226324205311,0.6507613162102656,1,0.5,0.0,7.0,0.0,3.5,1.0,0,2,1
2022,REG,LAC,00-0026544,C.Daniel,00-0031763,D.Carter,4,3,21.0,0,-0.332591193262487,-0.08314779831562175,2,0.5,34.0,23.0,8.5,7.666666666666667,1.0,0,1,0
2022,REG,LAC,00-0026544,C.Daniel,00-0033699,A.Ekeler,2,0,0.0,0,-0.687031343288254,-0.343515671644127,0,0.0,-10.0,0.0,-5.0,0.0,0.0,0,2,0
2022,REG,LAC,00-0026544,C.Daniel,00-0036370,J.Kelley,1,0,0.0,0,-0.931624785531312,-0.931624785531312,0,0.0,2.0,0.0,2.0,0.0,0.0,0,0,0
2022,REG,LAC,00-0026544,C.Daniel,00-0036650,L.Rountree,2,2,14.0,0,1.549587836663702,0.774793918331851,1,0.5,-17.0,31.0,-8.5,15.5,1.0,0,0,0
2022,REG,LAC,00-0026544,C.Daniel,00-0036988,J.Palmer,2,1,10.0,0,2.13991801503301,1.069959007516505,2,1.0,8.0,2.0,4.0,2.0,1.0,0,1,0
2022,REG,NE,00-0026625,B.Hoyer,00-0031547,D.Parker,1,1,-1.0,0,-0.797951445507351,-0.797951445507351,0,0.0,-2.0,1.0,-2.0,1.0,0.0,0,1,0
2022,REG,NE,00-0026625,B.Hoyer,00-0031549,N.Agholor,1,1,27.0,0,1.73750625527464,1.73750625527464,1,1.0,20.0,7.0,20.0,7.0,1.0,1,0,0
2022,REG,NE,00-0026625,B.Hoyer,00-0033090,H.Henry,1,0,0.0,0,-0.672998418708777,-0.672998418708777,0,0.0,13.0,0.0,13.0,0.0,0.0,0,1,0
2022,REG,NE,00-0026625,B.Hoyer,00-0033307,K.Bourne,1,1,7.0,0,0.742496035760269,0.742496035760269,1,1.0,-2.0,9.0,-2.0,9.0,1.0,0,0,0
2022,REG,NE,00-0026625,B.Hoyer,00-0035657,D.Harris,1,1,-2.0,0,-1.03778624325059,-1.03778624325059,0,0.0,-4.0,2.0,-4.0,2.0,0.0,0,0,0
2022,REG,NE,00-0026625,B.Hoyer,00-0036875,R.Stevenson,1,1,6.0,0,0.422474115621299,0.422474115621299,1,1.0,3.0,3.0,3.0,3.0,0.0,0,0,0
2022,REG,ARI,00-0027688,C.McCoy,00-0027942,A.Green,7,5,27.0,1,1.3623006440466345,0.19461437772094778,4,0.5714285714285714,48.0,1.0,6.857142857142857,0.2,2.0,0,1,1
2022,REG,ARI,00-0027688,C.McCoy,00-0030061,Z.Ertz,1,1,12.0,0,1.8374526075786,1.8374526075786,1,1.0,8.0,4.0,8.0,4.0,1.0,0,0,0
2022,REG,ARI,00-0027688,C.McCoy,00-0030564,D.Hopkins,43,30,300.0,0,-4.635383677086162,-0.10779962039735261,23,0.5348837209302325,366.0,74.0,8.511627906976743,2.466666666666667,17.0,2,4,0
2022,REG,ARI,00-0027688,C.McCoy,00-0031558,M.Williams,3,3,18.0,0,0.730635493062436,0.24354516435414533,3,1.0,12.0,6.0,4.0,2.0,0.0,0,0,0
2022,REG,ARI,00-0027688,C.McCoy,00-0032688,R.Anderson,5,4,50.0,0,2.820098815544115,0.5640197631088231,4,0.8,56.0,21.0,11.2,5.25,3.0,1,1,0
2022,REG,ARI,00-0027688,C.McCoy,00-0032725,S.Anderson,4,2,7.0,0,-1.478260294941719,-0.36956507373542974,1,0.25,23.0,6.0,5.75,3.0,0.0,0,0,0
2022,REG,ARI,00-0027688,C.McCoy,00-0033553,J.Conner,16,11,53.0,0,-9.700619295609904,-0.606288705975619,4,0.25,-34.0,78.0,-2.125,7.090909090909091,0.0,0,1,0
2022,REG,ARI,00-0027688,C.McCoy,00-0033725,C.Clement,1,1,21.0,0,2.44920447375625,2.44920447375625,1,1.0,4.0,17.0,4.0,17.0,1.0,1,0,0
2022,REG,ARI,00-0027688,C.McCoy,00-0035500,G.Dortch,8,7,86.0,0,2.6189085740188585,0.3273635717523573,3,0.375,14.0,75.0,1.75,10.714285714285714,2.0,1,1,0
2022,REG,ARI,00-0027688,C.McCoy,00-0035662,M.Brown,16,8,53.0,0,-10.638329885294217,-0.6648956178308886,2,0.125,147.0,28.0,9.1875,3.5,2.0,0,3,0
2022,REG,ARI,00-0027688,C.McCoy,00-0036936,R.Moore,13,9,94.0,0,3.275274082814588,0.2519441602165068,5,0.38461538461538464,110.0,35.0,8.461538461538462,3.888888888888889,4.0,1,1,0
2022,REG,ARI,00-0027688,C.McCoy,00-0037744,T.McBride,12,9,59.0,0,-2.9734155659098134,-0.24778463049248445,5,0.4166666666666667,64.0,23.0,5.333333333333333,2.5555555555555554,2.0,0,0,0
2022,REG,TB,00-0027948,B.Gabbert,00-0030456,G.Bernard,1,1,-7.0,0,-1.45253974804655,-1.45253974804655,0,0.0,-7.0,0.0,-7.0,0.0,0.0,0,0,0
2022,REG,TB,00-0027948,B.Gabbert,00-0034411,R.Gage,2,2,10.0,1,2.554288389335852,1.277144194667926,2,1.0,2.0,8.0,1.0,4.0,1.0,0,2,1
2022,REG,TB,00-0027948,B.Gabbert,00-0036450,K.Vaughn,1,1,8.0,0,-0.0714753298088908,-0.0714753298088908,0,0.0,-6.0,14.0,-6.0,14.0,0.0,0,0,0
2022,REG,TB,00-0027948,B.Gabbert,00-0037487,D.Thompkins,4,2,18.0,0,-0.815029113553469,-0.20375727838836724,1,0.25,31.0,15.0,7.75,7.5,1.0,0,0,0
2022,REG,NO,00-0027973,A.Dalton,00-0027966,M.Ingram,15,13,64.0,0,-3.015997614944354,-0.20106650766295694,6,0.4,-2.0,59.0,-0.13333333333333333,4.538461538461538,2.0,0,4,0
2022,REG,NO,00-0027973,A.Dalton,00-0030513,L.Murray,1,1,8.0,0,0.532987258397043,0.532987258397043,1,1.0,-2.0,10.0,-2.0,10.0,0.0,0,0,0
2022,REG,NO,00-0027973,A.Dalton,00-0031382,J.Landry,20,12,111.0,1,0.9871950632516675,0.04935975316258338,11,0.55,141.0,27.0,7.05,2.25,7.0,0,5,1
2022,REG,NO,00-0027973,A.Dalton,00-0031545,K.White,4,2,74.0,0,3.3149858512915684,0.8287464628228921,2,0.5,48.0,68.0,12.0,34.0,2.0,1,0,0
2022,REG,NO,00-0027973,A.Dalton,00-0032187,D.Johnson,4,4,47.0,0,4.5000076106516715,1.1250019026629179,4,1.0,1.0,46.0,0.25,11.5,3.0,1,0,0
2022,REG,NO,00-0027973,A.Dalton,00-0032394,N.Vannett,1,1,8.0,0,0.186468027532101,0.186468027532101,1,1.0,7.0,1.0,7.0,1.0,0.0,0,0,0
2022,REG,NO,00-0027973,A.Dalton,00-0032450,D.Washington,1,1,7.0,0,0.539168989285827,0.539168989285827,1,1.0,1.0,6.0,1.0,6.0,0.0,0,0,0
2022,REG,NO,00-0027973,A.Dalton,00-0033357,T.Hill,12,8,75.0,2,2.868677290298219,0.23905644085818492,6,0.5,73.0,37.0,6.083333333333333,4.625,5.0,1,3,1
2022,REG,NO,00-0027973,A.Dalton,00-0033906,A.Kamara,63,50,462.0,2,1.78447441536682,0.028324990720108252,32,0.5079365079365079,53.0,423.0,0.8412698412698413,8.46,15.0,3,9,1
2022,REG,NO,00-0027973,A.Dalton,00-0034317,K.Kirkwood,4,2,18.0,0,-1.6444360294844982,-0.41110900737112455,1,0.25,55.0,4.0,13.75,2.0,1.0,0,0,0
2022,REG,NO,00-0027973,A.Dalton,00-0034765,T.Smith,22,15,173.0,1,0.5622447012340176,0.025556577328818983,14,0.6363636363636364,205.0,39.0,9.318181818181818,2.6,10.0,1,2,1
2022,REG,NO,00-0027973,A.Dalton,00-0036040,J.Johnson,49,34,396.0,7,17.53418109201702,0.3578404304493269,28,0.5714285714285714,410.0,150.0,8.36734693877551,4.411764705882353,20.0,6,9,5
2022,REG,NO,00-0027973,A.Dalton,00-0036219,M.Callaway,29,13,138.0,0,-8.865667877144547,-0.3057126854187775,11,0.3793103448275862,376.0,28.0,12.96551724137931,2.1538461538461537,8.0,2,4,0
2022,REG,NO,00-0027973,A.Dalton,00-0036383,E.Benjamin,1,1,9.0,0,-0.765888781519607,-0.765888781519607,0,0.0,-3.0,12.0,-3.0,12.0,0.0,0,0,0
2022,REG,NO,00-0027973,A.Dalton,00-0036422,A.Trautman,20,16,176.0,0,5.160028409736698,0.25800142048683494,12,0.6,92.0,118.0,4.6,7.375,8.0,1,3,0
2022,REG,NO,00-0027973,A.Dalton,00-0036727,A.Prentice,2,2,7.0,0,0.18412865954451296,0.09206432977225648,1,0.5,-12.0,19.0,-6.0,9.5,1.0,0,0,0
2022,REG,NO,00-0027973,A.Dalton,00-0037239,C.Olave,84,50,678.0,4,17.127712106135736,0.203901334596854,47,0.5595238095238095,1062.0,131.0,12.642857142857142,2.62,36.0,7,8,2
2022,REG,NO,00-0027973,A.Dalton,00-0037545,R.Shaheed,33,27,420.0,1,25.86759868576816,0.7838666268414595,20,0.6060606060606061,364.0,140.0,11.030303030303031,5.185185185185185,17.0,5,1,0
2022,REG,NYG,00-0028118,T.Taylor,00-0032394,N.Vannett,1,1,9.0,0,0.255146766663529,0.255146766663529,1,1.0,0.0,9.0,0.0,9.0,0.0,0,0,0
2022,REG,NYG,00-0028118,T.Taylor,00-0033308,M.Breida,1,1,2.0,0,-0.488500734558329,-0.488500734558329,0,0.0,1.0,1.0,1.0,1.0,0.0,0,0,0
2022,REG,NYG,00-0028118,T.Taylor,00-0034286,R.James,2,2,24.0,1,3.170927037193901,1.5854635185969506,2,1.0,23.0,1.0,11.5,0.5,1.0,0,1,1
2022,REG,NYG,00-0028118,T.Taylor,00-0035359,D.Sills,1,0,0.0,0,-0.791996280662715,-0.791996280662715,0,0.0,9.0,0.0,9.0,0.0,0.0,0,0,0
2022,REG,NYG,00-0028118,T.Taylor,00-0035535,D.Slayton,2,1,11.0,0,0.06654528807849003,0.033272644039245014,1,0.5,63.0,6.0,31.5,6.0,1.0,0,0,0
2022,REG,NYG,00-0028118,T.Taylor,00-0036165,I.Hodgins,1,0,0.0,0,1.053,1.053,1,1.0,0.0,0.0,0.0,0.0,0.0,0,1,0
2022,REG,NYG,00-0028118,T.Taylor,00-0036569,G.Brightwell,1,1,12.0,0,0.643503938685171,0.643503938685171,1,1.0,3.0,9.0,3.0,9.0,1.0,0,0,0
2022,REG,BUF,00-0028986,C.Keenum,00-0033633,T.Gentry,1,0,0.0,0,-0.789629820268601,-0.789629820268601,0,0.0,7.0,0.0,7.0,0.0,0.0,0,0,0
2022,REG,BUF,00-0028986,C.Keenum,00-0036165,I.Hodgins,4,2,8.0,0,-3.103503458201883,-0.7758758645504708,0,0.0,25.0,5.0,6.25,2.5,0.0,0,0,0
2022,REG,BUF,00-0028986,C.Keenum,00-0037261,K.Shakir,2,0,0.0,0,-1.893140638945622,-0.946570319472811,0,0.0,25.0,0.0,12.5,0.0,0.0,0,0,0
2022,REG,DEN,00-0029263,R.Wilson,00-0029263,R.Wilson,1,1,1.0,0,-0.384637877810746,-0.384637877810746,0,0.0,-1.0,2.0,-1.0,2.0,0.0,0,0,0
2022,REG,DEN,00-0029263,R.Wilson,00-0030513,L.Murray,30,23,113.0,0,-7.344502877502241,-0.24481676258340804,7,0.23333333333333334,-56.0,166.0,-1.8666666666666667,7.217391304347826,4.0,0,0,0
2022,REG,DEN,00-0029263,R.Wilson,00-0031690,E.Tomlinson,6,3,26.0,1,2.344815339834896,0.3908025566391493,3,0.5,44.0,4.0,7.333333333333333,1.3333333333333333,2.0,0,2,1
2022,REG,DEN,00-0029263,R.Wilson,00-0032144,M.Gordon,28,23,206.0,0,2.133198913022156,0.076185675465077,13,0.4642857142857143,14.0,195.0,0.5,8.478260869565217,10.0,3,2,0
2022,REG,DEN,00-0029263,R.Wilson,00-0033576,E.Saubert,21,14,143.0,1,2.945710090096241,0.14027190905220197,9,0.42857142857142855,157.0,72.0,7.476190476190476,5.142857142857143,6.0,3,3,0
2022,REG,DEN,00-0029263,R.Wilson,00-0033951,M.Mack,5,4,73.0,1,3.502163621131334,0.7004327242262668,2,0.4,-11.0,80.0,-2.2,20.0,1.0,1,0,0
2022,REG,DEN,00-0029263,R.Wilson,00-0034208,M.Boone,15,9,96.0,0,-7.148676039576872,-0.47657840263845813,2,0.13333333333333333,45.0,81.0,3.0,9.0,2.0,2,2,0
2022,REG,DEN,00-0029263,R.Wilson,00-0034348,C.Sutton,99,60,794.0,2,28.277627183793552,0.28563259781609646,52,0.5252525252525253,1196.0,139.0,12.080808080808081,2.316666666666667,36.0,11,14,2
2022,REG,DEN,00-0029263,R.Wilson,00-0034681,C.Edmonds,5,4,39.0,0,1.940415659628342,0.3880831319256684,2,0.4,6.0,33.0,1.2,8.25,2.0,1,0,0
2022,REG,DEN,00-0029263,R.Wilson,00-0034959,A.Beck,9,5,69.0,0,-2.5592426962684796,-0.2843602995853866,4,0.4444444444444444,44.0,47.0,4.888888888888889,9.4,2.0,2,0,0
2022,REG,DEN,00-0029263,R.Wilson,00-0035184,D.Ozigbo,1,1,3.0,0,-0.180052295094356,-0.180052295094356,0,0.0,-4.0,7.0,-4.0,7.0,0.0,0,0,0
2022,REG,DEN,00-0029263,R.Wilson,00-0035864,K.Hinton,31,22,297.0,0,16.456687714759024,0.5308608940244847,17,0.5483870967741935,289.0,139.0,9.32258064516129,6.318181818181818,13.0,5,3,0
2022,REG,DEN,00-0029263,R.Wilson,00-0036247,F.Swain,3,2,54.0,0,3.4251300919568197,1.1417100306522732,1,0.3333333333333333,51.0,10.0,17.0,5.0,1.0,1,0,0
2022,REG,DEN,00-0029263,R.Wilson,00-0036407,J.Jeudy,77,51,788.0,5,36.8049153125054,0.4779859131494208,37,0.4805194805194805,951.0,306.0,12.35064935064935,6.0,32.0,13,10,4
2022,REG,DEN,00-0029263,R.Wilson,00-0036412,K.Hamler,10,6,161.0,0,1.822786080443456,0.1822786080443456,5,0.5,258.0,23.0,25.8,3.8333333333333335,3.0,3,0,0
2022,REG,DEN,00-0029263,R.Wilson,00-0036423,A.Okwuegbunam,18,10,95.0,1,-2.286850997523091,-0.12704727764017174,8,0.4444444444444444,99.0,59.0,5.5,5.9,4.0,1,2,0
2022,REG,DEN,00-0029263,R.Wilson,00-0036439,T.Cleveland,7,2,28.0,0,-4.32991943752827,-0.6185599196468957,2,0.2857142857142857,99.0,17.0,14.142857142857142,8.5,1.0,0,1,0
2022,REG,DEN,00-0029263,R.Wilson,00-0036997,J.Williams,23,16,76.0,0,-6.40975114382293,-0.2786848323401274,7,0.30434782608695654,-24.0,118.0,-1.0434782608695652,7.375,4.0,0,7,0
2022,REG,DEN,00-0029263,R.Wilson,00-0037085,T.Badie,1,1,24.0,1,2.3305268624099,2.3305268624099,1,1.0,-7.0,31.0,-7.0,31.0,1.0,1,0,0
2022,REG,DEN,00-0029263,R.Wilson,00-0037252,G.Dulcich,44,26,349.0,2,2.5488838979884596,0.05792917949973772,22,0.5,545.0,129.0,12.386363636363637,4.961538461538462,15.0,6,2,1
2022,REG,DEN,00-0029263,R.Wilson,00-0037272,M.Washington,9,4,2.0,0,-7.784386477782393,-0.8649318308647103,0,0.0,153.0,13.0,17.0,3.25,0.0,0,0,0
2022,REG,DEN,00-0029263,R.Wilson,00-0037382,B.Johnson,8,3,12.0,1,-10.881082133826576,-1.360135266728322,1,0.125,86.0,6.0,10.75,2.0,1.0,0,1,1
2022,REG,DEN,00-0029263,R.Wilson,00-0037387,J.Virgil,4,2,75.0,1,6.164994601043875,1.5412486502609688,2,0.5,63.0,43.0,15.75,21.5,2.0,1,0,0
2022,REG,IND,00-0029567,N.Foles,00-0033217,M.Alie-Cox,2,1,2.0,0,-2.365245678229254,-1.182622839114627,0,0.0,27.0,0.0,13.5,0.0,0.0,0,0,0
2022,REG,IND,00-0029567,N.Foles,00-0034400,J.Wilkins,3,2,14.0,0,-0.9363891396643569,-0.3121297132214523,1,0.3333333333333333,-8.0,18.0,-2.6666666666666665,9.0,1.0,0,1,0
2022,REG,IND,00-0029567,N.Foles,00-0035639,P.Campbell,9,4,69.0,0,-10.999510530498812,-1.2221678367220903,3,0.3333333333333333,98.0,6.0,10.88888888888889,1.5,2.0,1,1,0
2022,REG,IND,00-0029567,N.Foles,00-0036251,Z.Moss,1,1,5.0,0,0.0037419849541038,0.0037419849541038,1,1.0,-1.0,6.0,-1.0,6.0,0.0,0,0,0
2022,REG,IND,00-0029567,N.Foles,00-0036252,M.Pittman,9,4,39.0,0,-2.910010926250833,-0.3233345473612037,3,0.3333333333333333,108.0,7.0,12.0,1.75,1.0,0,1,0
2022,REG,IND,00-0029567,N.Foles,00-0036493,D.Jackson,3,3,9.0,0,-2.43384324351791,-0.8112810811726366,1,0.3333333333333333,-10.0,19.0,-3.3333333333333335,6.333333333333333,0.0,0,0,0
2022,REG,IND,00-0029567,N.Foles,00-0037664,A.Pierce,6,4,24.0,0,2.7668925846228363,0.46114876410380606,3,0.5,25.0,11.0,4.166666666666667,2.75,2.0,0,0,0
2022,REG,IND,00-0029567,N.Foles,00-0037755,J.Woods,8,6,62.0,0,-4.676791987032638,-0.5845989983790798,4,0.5,94.0,23.0,11.75,3.8333333333333335,3.0,0,0,0
2022,REG,MIN,00-0029604,K.Cousins,00-0030035,A.Thielen,108,69,705.0,6,10.542714344648587,0.09761772541341285,57,0.5277777777777778,1028.0,149.0,9.518518518518519,2.1594202898550723,44.0,7,24,5
2022,REG,MIN,00-0029604,K.Cousins,00-0032918,C.Ham,11,9,76.0,0,5.173209145548757,0.47029174050443245,9,0.8181818181818182,58.0,51.0,5.2727272727272725,5.666666666666667,6.0,0,2,0
2022,REG,MIN,00-0029604,K.Cousins,00-0033246,J.Mundt,21,19,140.0,1,5.403240559603466,0.257297169504927,12,0.5714285714285714,29.0,117.0,1.380952380952381,6.157894736842105,9.0,0,3,1
2022,REG,MIN,00-0029604,K.Cousins,00-0033893,D.Cook,55,38,272.0,2,4.064008531183017,0.07389106420332758,22,0.4,-29.0,303.0,-0.5272727272727272,7.973684210526316,15.0,1,11,1
2022,REG,MIN,00-0029604,K.Cousins,00-0034970,I.Smith,34,23,176.0,2,-3.9506260985948973,-0.11619488525279109,16,0.47058823529411764,159.0,90.0,4.676470588235294,3.9130434782608696,9.0,0,7,2
2022,REG,MIN,00-0029604,K.Cousins,00-0034972,A.Mattison,17,14,83.0,1,3.8536216987752057,0.22668362933971797,8,0.47058823529411764,-27.0,107.0,-1.588235294117647,7.642857142857143,4.0,0,5,1
2022,REG,MIN,00-0029604,K.Cousins,00-0035229,T.Hockenson,86,59,512.0,3,7.265509798004681,0.08448267206982187,41,0.47674418604651164,648.0,191.0,7.534883720930233,3.23728813559322,27.0,1,13,3
2022,REG,MIN,00-0029604,K.Cousins,00-0035823,B.Ellefson,3,3,26.0,0,0.7453874025959519,0.24846246753198398,2,0.6666666666666666,15.0,11.0,5.0,3.6666666666666665,2.0,0,1,0
2022,REG,MIN,00-0029604,K.Cousins,00-0036322,J.Jefferson,185,128,1809.0,8,75.37003681422588,0.407405604401221,109,0.5891891891891892,1867.0,613.0,10.091891891891892,4.7890625,80.0,29,31,6
2022,REG,MIN,00-0029604,K.Cousins,00-0036345,K.Osborn,85,56,618.0,4,18.65923984152964,0.21952046872387812,46,0.5411764705882353,713.0,276.0,8.388235294117647,4.928571428571429,30.0,6,10,3
2022,REG,MIN,00-0029604,K.Cousins,00-0036387,J.Reagor,10,5,73.0,1,-4.863680526148533,-0.48636805261485333,4,0.4,146.0,27.0,14.6,5.4,3.0,2,1,1
2022,REG,MIN,00-0029604,K.Cousins,00-0037291,J.Nailor,1,1,47.0,1,4.2235959332902,4.2235959332902,1,1.0,28.0,19.0,28.0,19.0,1.0,1,0,0
2022,REG,TEN,00-0029701,R.Tannehill,00-0030431,R.Woods,66,37,386.0,1,1.633887575930211,0.024755872362578955,31,0.4696969696969697,532.0,111.0,8.06060606060606,3.0,23.0,3,10,1
2022,REG,TEN,00-0029701,R.Tannehill,00-0032128,C.Conley,2,2,32.0,0,2.155797091545532,1.077898545772766,2,1.0,32.0,0.0,16.0,0.0,1.0,1,0,0
2022,REG,TEN,00-0029701,R.Tannehill,00-0032141,G.Swaim,13,9,50.0,1,-0.991466467356083,-0.07626665133508331,5,0.38461538461538464,32.0,37.0,2.4615384615384617,4.111111111111111,3.0,0,5,1
2022,REG,TEN,00-0029701,R.Tannehill,00-0032392,A.Hooper,40,30,338.0,1,24.71393502931459,0.6178483757328648,26,0.65,317.0,110.0,7.925,3.6666666666666665,20.0,2,5,1
2022,REG,TEN,00-0029701,R.Tannehill,00-0032764,D.Henry,37,29,370.0,0,14.069024381729886,0.38024390220891585,20,0.5405405405405406,-3.0,365.0,-0.08108108108108109,12.586206896551724,10.0,6,6,0
2022,REG,TEN,00-0029701,R.Tannehill,00-0033386,C.Hollister,3,3,54.0,0,2.1816558532300383,0.7272186177433461,2,0.6666666666666666,46.0,8.0,15.333333333333334,2.6666666666666665,2.0,2,1,0
2022,REG,TEN,00-0029701,R.Tannehill,00-0034253,D.Hilliard,23,18,159.0,4,9.243266983708502,0.40188117320471745,10,0.43478260869565216,38.0,134.0,1.6521739130434783,7.444444444444445,7.0,3,6,3
2022,REG,TEN,00-0029701,R.Tannehill,00-0036176,M.Kinsey,1,1,3.0,0,0.0048524462617933,0.0048524462617933,1,1.0,3.0,0.0,3.0,0.0,0.0,0,0,0
2022,REG,TEN,00-0029701,R.Tannehill,00-0036182,N.Westbrook-Ikhine,41,22,370.0,3,7.473988221585093,0.1822923956484169,21,0.5121951219512195,542.0,99.0,13.21951219512195,4.5,17.0,5,6,2
2022,REG,TEN,00-0029701,R.Tannehill,00-0036652,R.McMath,6,1,1.0,0,-8.389314496074803,-1.3982190826791339,0,0.0,140.0,4.0,23.333333333333332,4.0,0.0,0,1,0
2022,REG,TEN,00-0029701,R.Tannehill,00-0037273,K.Philips,13,8,78.0,0,-1.9355736239813353,-0.148890278767795,5,0.38461538461538464,100.0,21.0,7.6923076923076925,2.625,3.0,2,0,0
2022,REG,TEN,00-0029701,R.Tannehill,00-0037594,J.Chestnut,2,2,8.0,0,-1.219370313221589,-0.6096851566107945,0,0.0,4.0,4.0,2.0,2.0,0.0,0,0,0
2022,REG,TEN,00-0029701,R.Tannehill,00-0037617,H.Haskins,4,4,12.0,0,-2.911894454504367,-0.7279736136260917,1,0.25,-13.0,25.0,-3.25,6.25,0.0,0,0,0
2022,REG,TEN,00-0029701,R.Tannehill,00-0037742,T.Burks,36,24,358.0,1,13.82105509077337,0.38391819696592694,20,0.5555555555555556,447.0,115.0,12.416666666666666,4.791666666666667,14.0,6,3,0
2022,REG,TEN,00-0029701,R.Tannehill,00-0037809,C.Okonkwo,31,22,317.0,2,18.061581058448475,0.582631647046725,19,0.6129032258064516,248.0,146.0,8.0,6.636363636363637,16.0,5,7,2
2022,REG,HOU,00-0030288,R.Burkhead,00-0034364,J.Akins,1,0,0.0,0,-0.451972615905106,-0.451972615905106,0,0.0,7.0,0.0,7.0,0.0,0.0,0,1,0
2022,REG,SEA,00-0030565,G.Smith,00-0030068,M.Goodwin,42,27,387.0,4,20.900176979249803,0.4976232614107096,22,0.5238095238095238,442.0,114.0,10.523809523809524,4.222222222222222,18.0,9,5,2
2022,REG,SEA,00-0030565,G.Smith,00-0032211,T.Lockett,117,84,1033.0,9,38.2528815277913,0.32694770536573764,73,0.6239316239316239,1242.0,272.0,10.615384615384615,3.238095238095238,50.0,14,9,2
2022,REG,SEA,00-0030565,G.Smith,00-0032951,L.Treadwell,10,6,42.0,0,-3.0994316795549803,-0.30994316795549803,3,0.3,52.0,11.0,5.2,1.8333333333333333,3.0,0,2,0
2022,REG,SEA,00-0030565,G.Smith,00-0034159,W.Dissly,38,34,349.0,3,26.388054174371067,0.6944224782729228,28,0.7368421052631579,206.0,184.0,5.421052631578948,5.411764705882353,20.0,1,6,2
2022,REG,SEA,00-0030565,G.Smith,00-0034614,G.Igwebuike,1,1,3.0,0,-2.79434635909274,-2.79434635909274,0,0.0,3.0,0.0,3.0,0.0,0.0,0,0,0
2022,REG,SEA,00-0030565,G.Smith,00-0034750,R.Penny,5,4,16.0,0,1.069136429636268,0.21382728592725359,3,0.6,-12.0,28.0,-2.4,7.0,2.0,0,1,0
2022,REG,SEA,00-0030565,G.Smith,00-0035022,P.Hart,5,3,20.0,0,-1.8254061666228838,-0.36508123332457676,1,0.2,31.0,12.0,6.2,4.0,1.0,0,1,0
2022,REG,SEA,00-0030565,G.Smith,00-0035594,T.Homer,18,16,157.0,1,-5.407553273020313,-0.3004196262789063,7,0.3888888888888889,31.0,129.0,1.7222222222222223,8.0625,7.0,3,1,1
2022,REG,SEA,00-0030565,G.Smith,00-0035640,D.Metcalf,141,90,1048.0,6,11.915818418228405,0.0845093504838894,74,0.524822695035461,1573.0,216.0,11.156028368794326,2.4,47.0,11,28,5
2022,REG,SEA,00-0030565,G.Smith,00-0035644,N.Fant,63,50,486.0,4,19.09036410652692,0.30302165248455426,33,0.5238095238095238,406.0,221.0,6.444444444444445,4.42,24.0,4,9,4
2022,REG,SEA,00-0030565,G.Smith,00-0035860,T.Jones,6,3,18.0,0,-5.412149513838815,-0.9020249189731359,2,0.3333333333333333,-20.0,20.0,-3.3333333333333335,6.666666666666667,0.0,0,0,0
2022,REG,SEA,00-0030565,G.Smith,00-0036059,T.Mabry,1,1,7.0,1,1.96141375257866,1.96141375257866,1,1.0,6.0,1.0,6.0,1.0,1.0,0,1,1
2022,REG,SEA,00-0030565,G.Smith,00-0036244,C.Parkinson,34,25,322.0,2,10.221434430830412,0.3006304244361886,19,0.5588235294117647,278.0,150.0,8.176470588235293,6.0,14.0,5,6,1
2022,REG,SEA,00-0030565,G.Smith,00-0036425,D.Dallas,19,17,126.0,0,0.11279492192709273,0.005936574838268038,10,0.5263157894736842,10.0,126.0,0.5263157894736842,7.411764705882353,5.0,1,2,0
2022,REG,SEA,00-0030565,G.Smith,00-0036620,D.Eskridge,13,7,58.0,0,-1.964823661281783,-0.15114028163706023,5,0.38461538461538464,54.0,46.0,4.153846153846154,6.571428571428571,4.0,0,2,0
2022,REG,SEA,00-0030565,G.Smith,00-0036810,C.Johnson,4,2,21.0,0,-0.389096442493603,-0.09727411062340074,1,0.25,36.0,6.0,9.0,3.0,2.0,0,0,0
2022,REG,SEA,00-0030565,G.Smith,00-0037093,D.Young,2,2,24.0,0,2.090640461887229,1.0453202309436145,2,1.0,1.0,23.0,0.5,11.5,2.0,0,0,0
2022,REG,SEA,00-0030565,G.Smith,00-0038134,K.Walker,35,27,165.0,0,-11.958612450398501,-0.3416746414399572,13,0.37142857142857144,-75.0,221.0,-2.142857142857143,8.185185185185185,6.0,2,1,0
2022,REG,MIA,00-0031237,T.Bridgewater,00-0031687,R.Mostert,8,6,46.0,1,2.5467673162918363,0.31834591453647954,4,0.5,9.0,44.0,1.125,7.333333333333333,3.0,1,1,1
2022,REG,MIA,00-0031237,T.Bridgewater,00-0033040,T.Hill,24,18,309.0,0,19.144834953103718,0.7977014563793215,17,0.7083333333333334,317.0,102.0,13.208333333333334,5.666666666666667,14.0,4,1,0
2022,REG,MIA,00-0031237,T.Bridgewater,00-0034054,R.Cracraft,1,0,0.0,0,-1.04640489583835,-1.04640489583835,0,0.0,16.0,0.0,16.0,0.0,0.0,0,0,0
2022,REG,MIA,00-0031237,T.Bridgewater,00-0034115,J.Wilson,3,2,22.0,0,1.968886655173263,0.656295551724421,2,0.6666666666666666,11.0,13.0,3.6666666666666665,6.5,1.0,0,0,0
2022,REG,MIA,00-0031237,T.Bridgewater,00-0034487,T.Sherfield,11,5,57.0,0,-10.361865605240244,-0.9419877822945676,3,0.2727272727272727,133.0,4.0,12.090909090909092,0.8,2.0,0,1,0
2022,REG,MIA,00-0031237,T.Bridgewater,00-0034681,C.Edmonds,3,3,35.0,1,3.429095931060147,1.143031977020049,3,1.0,6.0,29.0,2.0,9.666666666666666,1.0,0,2,1
2022,REG,MIA,00-0031237,T.Bridgewater,00-0034798,D.Smythe,1,1,9.0,0,0.767106293817051,0.767106293817051,1,1.0,3.0,6.0,3.0,6.0,1.0,0,0,0
2022,REG,MIA,00-0031237,T.Bridgewater,00-0034829,M.Gesicki,10,7,67.0,2,-0.2033757075404239,-0.02033757075404239,6,0.6,94.0,19.0,9.4,2.7142857142857144,6.0,0,5,2
2022,REG,MIA,00-0031237,T.Bridgewater,00-0035125,A.Ingold,1,1,2.0,0,-0.456613222137094,-0.456613222137094,0,0.0,0.0,2.0,0.0,2.0,0.0,0,0,0
2022,REG,MIA,00-0031237,T.Bridgewater,00-0036613,J.Waddle,14,6,136.0,0,-5.801304835105663,-0.4143789167932616,5,0.35714285714285715,138.0,88.0,9.857142857142858,14.666666666666666,4.0,2,0,0
2022,REG,LV,00-0031280,D.Carr,00-0029239,B.Bolden,9,9,57.0,1,1.0231501434346801,0.11368334927052001,3,0.3333333333333333,30.0,27.0,3.3333333333333335,3.0,2.0,0,1,1
2022,REG,LV,00-0031280,D.Carr,00-0031381,D.Adams,161,88,1290.0,12,37.063280425199046,0.23020671071552204,72,0.4472049689440994,1844.0,436.0,11.453416149068323,4.954545454545454,56.0,20,21,3
2022,REG,LV,00-0031280,D.Carr,00-0031610,D.Waller,33,23,281.0,2,2.121781885950358,0.06429642078637449,15,0.45454545454545453,389.0,59.0,11.787878787878787,2.5652173913043477,13.0,5,8,1
2022,REG,LV,00-0031280,D.Carr,00-0032104,A.Abdullah,27,22,191.0,1,2.638314554798077,0.09771535388141027,8,0.2962962962962963,82.0,181.0,3.037037037037037,8.227272727272727,7.0,1,4,1
2022,REG,LV,00-0031280,D.Carr,00-0033555,M.Hollins,83,48,603.0,4,28.27694671830846,0.34068610503986096,42,0.5060240963855421,1091.0,164.0,13.144578313253012,3.4166666666666665,29.0,8,9,2
2022,REG,LV,00-0031280,D.Carr,00-0033681,K.Cole,15,7,106.0,1,4.325358366244465,0.28835722441629763,6,0.4,268.0,2.0,17.866666666666667,0.2857142857142857,6.0,3,2,0
2022,REG,LV,00-0031280,D.Carr,00-0034981,F.Moreau,48,29,355.0,2,5.971963668329387,0.12441590975686223,24,0.5,405.0,192.0,8.4375,6.620689655172414,20.0,5,5,2
2022,REG,LV,00-0031280,D.Carr,00-0034983,H.Renfrow,40,26,248.0,1,-7.540214922630209,-0.18850537306575524,21,0.525,301.0,99.0,7.525,3.8076923076923075,14.0,3,4,1
2022,REG,LV,00-0031280,D.Carr,00-0035562,J.Horsted,4,3,19.0,0,0.026683711330405924,0.006670927832601481,2,0.5,26.0,6.0,6.5,2.0,0.0,0,0,0
2022,REG,LV,00-0031280,D.Carr,00-0035700,J.Jacobs,55,46,365.0,0,2.6143540173185524,0.047533709405791866,27,0.4909090909090909,32.0,338.0,0.5818181818181818,7.3478260869565215,14.0,2,3,0
2022,REG,LV,00-0031280,D.Carr,00-0035726,J.Johnson,5,4,7.0,0,-3.266313994769007,-0.6532627989538013,0,0.0,6.0,5.0,1.2,1.25,0.0,0,0,0
2022,REG,LV,00-0031280,D.Carr,00-0036527,D.Turner,1,0,0.0,0,-0.894917232049039,-0.894917232049039,0,0.0,-3.0,0.0,-3.0,0.0,0.0,0,1,0
2022,REG,SF,00-0031345,J.Garoppolo,00-0029892,K.Juszczyk,15,13,155.0,0,7.407455014559671,0.4938303343039781,9,0.6,48.0,112.0,3.2,8.615384615384615,7.0,2,1,0
2022,REG,SF,00-0031345,J.Garoppolo,00-0032058,T.Coleman,3,3,44.0,1,5.230903412215417,1.7436344707384723,2,0.6666666666666666,24.0,20.0,8.0,6.666666666666667,2.0,1,1,1
2022,REG,SF,00-0031345,J.Garoppolo,00-0032214,T.Kroft,1,1,6.0,0,0.152560367016122,0.152560367016122,1,1.0,6.0,0.0,6.0,0.0,0.0,0,0,0
2022,REG,SF,00-0031345,J.Garoppolo,00-0033280,C.McCaffrey,31,26,235.0,1,12.564879066026808,0.4053186795492519,21,0.6774193548387096,84.0,204.0,2.7096774193548385,7.846153846153846,15.0,2,3,1
2022,REG,SF,00-0031345,J.Garoppolo,00-0033288,G.Kittle,52,36,450.0,4,16.53982100769318,0.3180734809171766,28,0.5384615384615384,308.0,237.0,5.923076923076923,6.583333333333333,20.0,7,9,2
2022,REG,SF,00-0031345,J.Garoppolo,00-0034073,R.Dwelley,3,2,94.0,1,6.94193258916494,2.313977529721647,2,0.6666666666666666,54.0,43.0,18.0,21.5,2.0,2,0,0
2022,REG,SF,00-0031345,J.Garoppolo,00-0034115,J.Wilson,10,7,78.0,0,-0.7748765523698062,-0.07748765523698062,5,0.5,29.0,59.0,2.9,8.428571428571429,3.0,0,2,0
2022,REG,SF,00-0031345,J.Garoppolo,00-0034407,R.McCloud,13,7,97.0,1,5.26229936047456,0.40479225849804307,6,0.46153846153846156,195.0,27.0,15.0,3.857142857142857,4.0,1,1,1
2022,REG,SF,00-0031345,J.Garoppolo,00-0035719,D.Samuel,68,42,497.0,2,8.283323817907881,0.12181358555746884,31,0.45588235294117646,332.0,381.0,4.882352941176471,9.071428571428571,19.0,7,11,1
2022,REG,SF,00-0031345,J.Garoppolo,00-0036259,J.Jennings,29,20,207.0,1,17.95004162957776,0.6189669527440608,19,0.6551724137931034,206.0,114.0,7.103448275862069,5.7,15.0,1,2,1
2022,REG,SF,00-0031345,J.Garoppolo,00-0036261,B.Aiyuk,70,47,567.0,5,23.56659525331817,0.33666564647597386,38,0.5428571428571428,643.0,230.0,9.185714285714285,4.8936170212765955,27.0,8,12,5
2022,REG,SF,00-0031345,J.Garoppolo,00-0036429,C.Woerner,2,0,0.0,0,-1.4161579795181751,-0.7080789897590876,0,0.0,43.0,0.0,21.5,0.0,0.0,0,0,0
2022,REG,SF,00-0031345,J.Garoppolo,00-0036567,E.Mitchell,4,3,7.0,0,-2.012903657741849,-0.5032259144354623,1,0.25,-7.0,16.0,-1.75,5.333333333333333,0.0,0,1,0
2022,REG,SF,00-0031345,J.Garoppolo,00-0037828,D.Gray,5,0,0.0,0,-4.641898075118656,-0.9283796150237311,0,0.0,136.0,0.0,27.2,0.0,0.0,0,0,0
2022,REG,NO,00-0031503,J.Winston,00-0027966,M.Ingram,3,3,4.0,0,-5.750477659166791,-1.9168258863889305,0,0.0,-15.0,19.0,-5.0,6.333333333333333,0.0,0,1,0
2022,REG,NO,00-0031503,J.Winston,00-0031382,J.Landry,19,13,161.0,0,-8.256369358408602,-0.4345457557057159,10,0.5263157894736842,220.0,34.0,11.578947368421053,2.6153846153846154,5.0,2,1,0
2022,REG,NO,00-0031503,J.Winston,00-0032394,N.Vannett,1,1,5.0,0,0.0254392996430397,0.0254392996430397,1,1.0,3.0,2.0,3.0,2.0,0.0,0,0,0
2022,REG,NO,00-0031503,J.Winston,00-0032765,M.Thomas,22,16,171.0,3,16.696307317644806,0.7589230598929457,15,0.6818181818181818,237.0,21.0,10.772727272727273,1.3125,13.0,2,3,3
2022,REG,NO,00-0031503,J.Winston,00-0033357,T.Hill,1,1,2.0,0,-0.273274828447029,-0.273274828447029,0,0.0,2.0,0.0,2.0,0.0,0.0,0,0,0
2022,REG,NO,00-0031503,J.Winston,00-0033906,A.Kamara,11,5,19.0,0,-4.75330598978326,-0.4321187263439327,2,0.18181818181818182,23.0,22.0,2.090909090909091,4.4,1.0,0,2,0
2022,REG,NO,00-0031503,J.Winston,00-0034765,T.Smith,5,4,105.0,0,6.823417894542214,1.3646835789084428,4,0.8,126.0,27.0,25.2,6.75,4.0,3,0,0
2022,REG,NO,00-0031503,J.Winston,00-0035215,D.Harty,2,2,13.0,0,-1.210729691607415,-0.6053648458037075,1,0.5,5.0,8.0,2.5,4.0,0.0,0,0,0
2022,REG,NO,00-0031503,J.Winston,00-0035860,T.Jones,2,2,12.0,0,-0.10358733183238603,-0.05179366591619301,1,0.5,-2.0,14.0,-1.0,7.0,0.0,0,1,0
2022,REG,NO,00-0031503,J.Winston,00-0036040,J.Johnson,13,6,83.0,0,-3.4876138196559543,-0.2682779861273811,5,0.38461538461538464,139.0,15.0,10.692307692307692,2.5,3.0,2,2,0
2022,REG,NO,00-0031503,J.Winston,00-0036219,M.Callaway,1,1,4.0,1,1.02379933930933,1.02379933930933,1,1.0,4.0,0.0,4.0,0.0,1.0,0,1,1
2022,REG,NO,00-0031503,J.Winston,00-0036422,A.Trautman,1,1,9.0,0,0.717726896516979,0.717726896516979,1,1.0,9.0,0.0,9.0,0.0,0.0,0,0,0
2022,REG,NO,00-0031503,J.Winston,00-0036727,A.Prentice,1,1,2.0,0,-0.511197311803699,-0.511197311803699,0,0.0,3.0,-1.0,3.0,-1.0,0.0,0,0,0
2022,REG,NO,00-0031503,J.Winston,00-0037239,C.Olave,30,17,268.0,0,1.3825269611982574,0.046084232039941914,16,0.5333333333333333,536.0,41.0,17.866666666666667,2.411764705882353,8.0,4,4,0
2022,REG,CLE,00-0031544,A.Cooper,00-0037300,M.Woods,1,0,0.0,0,-4.98050244455226,-4.98050244455226,0,0.0,18.0,0.0,18.0,0.0,0.0,0,0,0
2022,REG,WAS,00-0031800,T.Heinicke,00-0031260,L.Thomas,25,14,115.0,0,-7.715563784250019,-0.3086225513700008,10,0.4,170.0,47.0,6.8,3.357142857142857,4.0,0,3,0
2022,REG,WAS,00-0031800,T.Heinicke,00-0032602,J.McKissic,7,3,14.0,0,-14.657079152368196,-2.093868450338314,0,0.0,-2.0,22.0,-0.2857142857142857,7.333333333333333,0.0,0,2,0
2022,REG,WAS,00-0031800,T.Heinicke,00-0033282,C.Samuel,36,25,330.0,1,18.81450827350852,0.5226252298196811,19,0.5277777777777778,307.0,109.0,8.527777777777779,4.36,15.0,7,3,0
2022,REG,WAS,00-0031800,T.Heinicke,00-0034104,C.Sims,9,5,60.0,0,-2.8429367041098823,-0.31588185601220914,4,0.4444444444444444,72.0,19.0,8.0,3.8,4.0,1,1,0
2022,REG,WAS,00-0031800,T.Heinicke,00-0035659,T.McLaurin,71,49,716.0,3,38.5104814149239,0.542401146689069,43,0.6056338028169014,927.0,212.0,13.056338028169014,4.326530612244898,35.0,9,6,2
2022,REG,WAS,00-0031800,T.Heinicke,00-0036328,A.Gibson,33,26,189.0,2,2.943721507110271,0.08920368203364458,14,0.42424242424242425,39.0,171.0,1.1818181818181819,6.576923076923077,11.0,0,4,2
2022,REG,WAS,00-0031800,T.Heinicke,00-0036626,D.Brown,5,2,32.0,0,0.9473839967395221,0.18947679934790443,2,0.4,132.0,0.0,26.4,0.0,2.0,0,0,0
2022,REG,WAS,00-0031800,T.Heinicke,00-0036628,J.Bates,8,5,35.0,1,-0.12463053199462676,-0.015578816499328345,4,0.5,60.0,19.0,7.5,3.8,2.0,0,2,1
2022,REG,WAS,00-0031800,T.Heinicke,00-0036671,D.Milne,3,3,14.0,1,1.5930689981323707,0.5310229993774569,1,0.3333333333333333,9.0,5.0,3.0,1.6666666666666667,1.0,0,1,1
2022,REG,WAS,00-0031800,T.Heinicke,00-0037078,C.Turner,4,0,0.0,0,-5.205345635387511,-1.3013364088468777,0,0.0,31.0,0.0,7.75,0.0,0.0,0,1,0
2022,REG,WAS,00-0031800,T.Heinicke,00-0037168,A.Rogers,5,4,41.0,0,2.2830026628216746,0.4566005325643349,3,0.6,17.0,30.0,3.4,7.5,3.0,0,0,0
2022,REG,WAS,00-0031800,T.Heinicke,00-0037741,J.Dotson,26,16,253.0,3,12.833399111774739,0.4935922735297976,14,0.5384615384615384,337.0,66.0,12.961538461538462,4.125,13.0,3,4,2
2022,REG,WAS,00-0031800,T.Heinicke,00-0037746,B.Robinson,11,9,60.0,1,-1.5148361027822732,-0.13771237298020667,6,0.5454545454545454,-7.0,72.0,-0.6363636363636364,8.0,3.0,0,1,1
2022,REG,CHI,00-0032156,T.Siemian,00-0034279,E.St. Brown,2,1,7.0,0,-1.801543967099863,-0.9007719835499315,0,0.0,16.0,10.0,8.0,10.0,0.0,0,0,0
2022,REG,CHI,00-0032156,T.Siemian,00-0034297,B.Pringle,2,2,12.0,1,3.2687472030520404,1.6343736015260202,2,1.0,10.0,2.0,5.0,1.0,1.0,0,1,1
2022,REG,CHI,00-0032156,T.Siemian,00-0034860,D.Pettis,2,1,12.0,0,-0.48885044641793096,-0.24442522320896548,1,0.5,18.0,-1.0,9.0,-1.0,1.0,0,0,0
2022,REG,CHI,00-0032156,T.Siemian,00-0035099,K.Blasingame,1,0,0.0,0,-0.555493432795629,-0.555493432795629,0,0.0,-4.0,0.0,-4.0,0.0,0.0,0,0,0
2022,REG,CHI,00-0032156,T.Siemian,00-0035259,T.Wesco,1,1,3.0,0,-0.463268676598091,-0.463268676598091,0,0.0,1.0,2.0,1.0,2.0,0.0,0,1,0
2022,REG,CHI,00-0032156,T.Siemian,00-0035685,D.Montgomery,4,3,34.0,0,1.7663119942881091,0.4415779985720273,2,0.5,0.0,38.0,0.0,12.666666666666666,1.0,1,0,0
2022,REG,CHI,00-0032156,T.Siemian,00-0036290,C.Kmet,6,3,27.0,0,-6.0988216730766,-1.0164702788461,2,0.3333333333333333,42.0,19.0,7.0,6.333333333333333,1.0,0,1,0
2022,REG,CHI,00-0032156,T.Siemian,00-0036297,D.Evans,1,1,33.0,0,2.5792727979715,2.5792727979715,1,1.0,2.0,31.0,2.0,31.0,1.0,1,0,0
2022,REG,CHI,00-0032156,T.Siemian,00-0036326,C.Claypool,5,2,51.0,0,-1.3593324034712786,-0.27186648069425573,2,0.4,87.0,9.0,17.4,4.5,2.0,2,1,0
2022,REG,CHI,00-0032156,T.Siemian,00-0037745,V.Jones,1,1,5.0,0,-0.105541437165812,-0.105541437165812,0,0.0,-1.0,6.0,-1.0,6.0,0.0,0,0,0
2022,REG,ATL,00-0032268,M.Mariota,00-0030578,C.Patterson,16,11,65.0,0,-13.318284067056304,-0.832392754191019,6,0.375,33.0,48.0,2.0625,4.363636363636363,3.0,0,2,0
2022,REG,ATL,00-0032268,M.Mariota,00-0030968,K.Smith,2,1,8.0,0,-1.607379971508165,-0.8036899857540825,1,0.5,2.0,8.0,1.0,8.0,0.0,0,1,0
2022,REG,ATL,00-0032268,M.Mariota,00-0031585,M.Pruitt,8,7,47.0,3,5.023908845556437,0.6279886056945546,7,0.875,28.0,29.0,3.5,4.142857142857143,5.0,0,4,3
2022,REG,ATL,00-0032268,M.Mariota,00-0031868,D.Byrd,17,10,241.0,2,9.979302038613236,0.5870177669772492,9,0.5294117647058824,369.0,99.0,21.705882352941178,9.9,8.0,3,0,0
2022,REG,ATL,00-0032268,M.Mariota,00-0033455,A.Firkser,7,6,79.0,0,4.274590866925337,0.6106558381321909,5,0.7142857142857143,63.0,20.0,9.0,3.3333333333333335,4.0,1,1,0
2022,REG,ATL,00-0032268,M.Mariota,00-0034854,K.Hodge,20,12,197.0,1,13.226153204144918,0.6613076602072459,13,0.65,263.0,61.0,13.15,5.083333333333333,7.0,2,1,0
2022,REG,ATL,00-0032268,M.Mariota,00-0035208,O.Zaccheaus,44,32,478.0,2,24.548624999897974,0.5579232954522267,25,0.5681818181818182,539.0,161.0,12.25,5.03125,22.0,9,2,2
2022,REG,ATL,00-0032268,M.Mariota,00-0035572,P.Hesse,9,7,75.0,0,7.760557700938079,0.8622841889931199,7,0.7777777777777778,60.0,27.0,6.666666666666667,3.857142857142857,5.0,1,2,0
2022,REG,ATL,00-0032268,M.Mariota,00-0036365,B.Edwards,5,3,15.0,0,-5.950993755433973,-1.1901987510867946,1,0.2,39.0,9.0,7.8,3.0,0.0,0,3,0
2022,REG,ATL,00-0032268,M.Mariota,00-0036825,F.Franks,2,0,0.0,0,-1.094847114291042,-0.547423557145521,0,0.0,56.0,0.0,28.0,0.0,0.0,0,0,0
2022,REG,ATL,00-0032268,M.Mariota,00-0036829,C.Huntley,2,2,3.0,0,-0.764543658588082,-0.382271829294041,0,0.0,-6.0,9.0,-3.0,4.5,0.0,0,0,0
2022,REG,ATL,00-0032268,M.Mariota,00-0036950,A.Williams,9,8,35.0,0,-2.7985829898033097,-0.3109536655337011,3,0.3333333333333333,-22.0,54.0,-2.4444444444444446,6.75,1.0,0,1,0
2022,REG,ATL,00-0032268,M.Mariota,00-0036970,K.Pitts,59,28,356.0,2,3.377594560885452,0.05724736543873648,25,0.423728813559322,812.0,130.0,13.76271186440678,4.642857142857143,20.0,5,5,2
2022,REG,ATL,00-0032268,M.Mariota,00-0037238,D.London,82,47,533.0,4,-1.1954020003275359,-0.014578073174726047,42,0.5121951219512195,822.0,150.0,10.024390243902438,3.1914893617021276,31.0,6,13,4
2022,REG,ATL,00-0032268,M.Mariota,00-0037263,T.Allgeier,10,10,87.0,1,2.836344911018386,0.2836344911018386,5,0.5,-20.0,107.0,-2.0,10.7,5.0,3,0,0
2022,REG,CIN,00-0032434,B.Allen,00-0033009,T.Boyd,1,1,4.0,0,-0.418814421631396,-0.418814421631396,0,0.0,3.0,1.0,3.0,1.0,0.0,0,0,0
2022,REG,CIN,00-0032434,B.Allen,00-0033292,T.Taylor,1,1,5.0,0,-0.725848262632094,-0.725848262632094,0,0.0,-4.0,9.0,-4.0,9.0,0.0,0,0,0
2022,REG,CIN,00-0032434,B.Allen,00-0034830,H.Hurst,1,1,13.0,0,2.01607133913785,2.01607133913785,1,1.0,11.0,2.0,11.0,2.0,1.0,0,0,0
2022,REG,HOU,00-0032436,J.Driskel,00-0031236,B.Cooks,1,1,5.0,0,-0.0286815736908466,-0.0286815736908466,0,0.0,-3.0,8.0,-3.0,8.0,0.0,0,0,0
2022,REG,HOU,00-0032436,J.Driskel,00-0032208,P.Dorsett,1,0,0.0,0,-0.737881198758259,-0.737881198758259,0,0.0,4.0,0.0,4.0,0.0,0.0,0,1,0
2022,REG,HOU,00-0032436,J.Driskel,00-0032398,C.Moore,7,7,42.0,0,1.733139410556758,0.24759134436525113,5,0.7142857142857143,16.0,26.0,2.2857142857142856,3.7142857142857144,2.0,0,2,0
2022,REG,HOU,00-0032436,J.Driskel,00-0033854,D.Ogunbowale,1,1,2.0,0,-0.513317101402208,-0.513317101402208,0,0.0,-4.0,6.0,-4.0,6.0,0.0,0,0,0
2022,REG,HOU,00-0032436,J.Driskel,00-0034364,J.Akins,1,0,0.0,0,-0.907920339377597,-0.907920339377597,0,0.0,7.0,0.0,7.0,0.0,0.0,0,0,0
2022,REG,HOU,00-0032436,J.Driskel,00-0036556,B.Jordan,1,1,15.0,0,1.49119025771506,1.49119025771506,1,1.0,0.0,15.0,0.0,15.0,1.0,0,0,0
2022,REG,HOU,00-0032436,J.Driskel,00-0036991,A.Rodgers,6,4,44.0,1,1.0330994434189047,0.17218324056981746,2,0.3333333333333333,20.0,24.0,3.3333333333333335,6.0,2.0,1,0,0
2022,REG,HOU,00-0032436,J.Driskel,00-0037277,T.Quitoriano,1,0,0.0,0,-0.451921662548557,-0.451921662548557,0,0.0,4.0,0.0,4.0,0.0,0.0,0,1,0
2022,REG,TEN,00-0032764,D.Henry,00-0032392,A.Hooper,1,1,3.0,1,1.34590664959978,1.34590664959978,1,1.0,3.0,0.0,3.0,0.0,1.0,0,1,1
2022,REG,TEN,00-0032764,D.Henry,00-0037742,T.Burks,1,1,1.0,0,-0.879450048843864,-0.879450048843864,0,0.0,-4.0,5.0,-4.0,5.0,0.0,0,0,0
2022,REG,LA,00-0032943,R.Dixon,00-0035609,J.Gervase,1,1,12.0,0,2.61605842690915,2.61605842690915,1,1.0,6.0,6.0,6.0,6.0,1.0,0,0,0
2022,REG,LA,00-0032943,R.Dixon,00-0036918,J.Harris,1,1,6.0,0,2.77069555688649,2.77069555688649,1,1.0,4.0,2.0,4.0,2.0,1.0,0,0,0
2022,REG,WAS,00-0032950,C.Wentz,00-0031260,L.Thomas,33,23,192.0,1,0.46807024715235745,0.01418394688340477,15,0.45454545454545453,250.0,73.0,7.575757575757576,3.1739130434782608,11.0,2,5,1
2022,REG,WAS,00-0032950,C.Wentz,00-0032602,J.McKissic,35,24,159.0,0,-3.139159939343158,-0.08969028398123309,15,0.42857142857142855,52.0,130.0,1.4857142857142858,5.416666666666667,7.0,0,4,0
2022,REG,WAS,00-0032950,C.Wentz,00-0032975,J.Williams,8,5,31.0,0,-1.820416391815321,-0.2275520489769151,3,0.375,-4.0,32.0,-0.5,6.4,2.0,1,0,0
2022,REG,WAS,00-0032950,C.Wentz,00-0033282,C.Samuel,56,38,328.0,3,6.8418004020644485,0.1221750071797223,24,0.42857142857142855,311.0,179.0,5.553571428571429,4.7105263157894735,21.0,3,9,3
2022,REG,WAS,00-0032950,C.Wentz,00-0034104,C.Sims,8,3,29.0,0,0.19573655846761984,0.02446706980845248,3,0.375,155.0,-1.0,19.375,-0.3333333333333333,1.0,0,1,0
2022,REG,WAS,00-0032950,C.Wentz,00-0035659,T.McLaurin,43,25,401.0,1,7.0640601810491175,0.16428046932672366,22,0.5116279069767442,543.0,157.0,12.627906976744185,6.28,18.0,6,5,0
2022,REG,WAS,00-0032950,C.Wentz,00-0036328,A.Gibson,25,20,164.0,0,0.09225513844285882,0.003690205537714353,12,0.48,30.0,126.0,1.2,6.3,7.0,2,2,0
2022,REG,WAS,00-0032950,C.Wentz,00-0036626,D.Brown,9,3,111.0,2,4.000872994423855,0.4445414438248727,3,0.3333333333333333,229.0,31.0,25.444444444444443,10.333333333333334,3.0,2,0,0
2022,REG,WAS,00-0032950,C.Wentz,00-0036628,J.Bates,14,9,73.0,0,-2.728735135751777,-0.19490965255369835,6,0.42857142857142855,54.0,35.0,3.857142857142857,3.888888888888889,2.0,1,0,0
2022,REG,WAS,00-0032950,C.Wentz,00-0036671,D.Milne,4,3,23.0,0,0.8975759019958807,0.22439397549897017,1,0.25,29.0,8.0,7.25,2.6666666666666665,1.0,0,2,0
2022,REG,WAS,00-0032950,C.Wentz,00-0037078,C.Turner,5,2,23.0,0,-1.5440367666305999,-0.30880735332611997,1,0.2,37.0,7.0,7.4,3.5,1.0,0,0,0
2022,REG,WAS,00-0032950,C.Wentz,00-0037168,A.Rogers,1,1,23.0,0,1.33785294892732,1.33785294892732,1,1.0,-4.0,27.0,-4.0,27.0,1.0,1,0,0
2022,REG,WAS,00-0032950,C.Wentz,00-0037741,J.Dotson,33,16,198.0,4,5.1962236528345285,0.15746132281316752,14,0.42424242424242425,456.0,22.0,13.818181818181818,1.375,10.0,4,6,3
2022,REG,WAS,00-0032950,C.Wentz,00-0037746,B.Robinson,1,0,0.0,0,-0.54563112417236,-0.54563112417236,0,0.0,-4.0,0.0,-4.0,0.0,0.0,0,0,0
2022,REG,CIN,00-0033009,T.Boyd,00-0036900,J.Chase,1,1,23.0,0,3.21794571680948,3.21794571680948,1,1.0,21.0,2.0,21.0,2.0,1.0,1,0,0
2022,REG,DAL,00-0033077,D.Prescott,00-0029608,T.Hilton,10,7,121.0,0,10.084503951016815,1.0084503951016814,7,0.7,175.0,33.0,17.5,4.714285714285714,5.0,2,0,0
2022,REG,DAL,00-0033077,D.Prescott,00-0033045,E.Elliott,16,12,57.0,0,-3.0473304439219637,-0.19045815274512273,6,0.375,12.0,43.0,0.75,3.5833333333333335,2.0,0,2,0
2022,REG,DAL,00-0033077,D.Prescott,00-0033591,N.Brown,49,26,310.0,2,-17.337160431352387,-0.35381960063984463,20,0.40816326530612246,547.0,73.0,11.16326530612245,2.8076923076923075,13.0,3,6,2
2022,REG,DAL,00-0033077,D.Prescott,00-0034383,D.Schultz,79,53,541.0,5,5.506332281229137,0.06970040862315363,44,0.5569620253164557,594.0,189.0,7.518987341772152,3.5660377358490565,26.0,5,14,5
2022,REG,DAL,00-0033077,D.Prescott,00-0034676,J.Washington,1,0,0.0,0,-0.320639211684465,-0.320639211684465,0,0.0,6.0,0.0,6.0,0.0,0.0,0,0,0
2022,REG,DAL,00-0033077,D.Prescott,00-0034764,M.Gallup,58,31,338.0,3,1.5967443066073106,0.02753007425185018,26,0.4482758620689655,633.0,97.0,10.913793103448276,3.129032258064516,21.0,3,11,3
2022,REG,DAL,00-0033077,D.Prescott,00-0035261,T.Pollard,40,31,296.0,3,10.553120722273198,0.2638280180568299,23,0.575,73.0,277.0,1.825,8.935483870967742,15.0,2,7,1
2022,REG,DAL,00-0033077,D.Prescott,00-0036032,S.McKeon,2,1,1.0,0,-0.557991240057163,-0.2789956200285815,0,0.0,-2.0,0.0,-1.0,0.0,0.0,0,0,0
2022,REG,DAL,00-0033077,D.Prescott,00-0036358,C.Lamb,105,76,979.0,7,56.51540509366204,0.5382419532729718,64,0.6095238095238096,1068.0,330.0,10.17142857142857,4.342105263157895,48.0,19,12,4
2022,REG,DAL,00-0033077,D.Prescott,00-0037563,M.Davis,5,5,49.0,0,6.236819135694523,1.2473638271389045,5,1.0,-1.0,50.0,-0.2,10.0,4.0,0,2,0
2022,REG,DAL,00-0033077,D.Prescott,00-0037569,P.Hendershot,7,5,40.0,2,-0.127077202952945,-0.018153886136135,4,0.5714285714285714,44.0,20.0,6.285714285714286,4.0,4.0,1,2,2
2022,REG,DAL,00-0033077,D.Prescott,00-0037570,D.Houston,4,2,16.0,0,-3.265532359713692,-0.816383089928423,1,0.25,35.0,6.0,8.75,3.0,0.0,0,0,0
2022,REG,DAL,00-0033077,D.Prescott,00-0037801,K.Turpin,1,1,9.0,0,-0.0237210412160493,-0.0237210412160493,0,0.0,4.0,5.0,4.0,5.0,0.0,0,0,0
2022,REG,DAL,00-0033077,D.Prescott,00-0038041,J.Ferguson,11,11,103.0,1,6.352036853058964,0.5774578957326331,8,0.7272727272727273,14.0,89.0,1.2727272727272727,8.090909090909092,4.0,2,1,1
2022,REG,DET,00-0033106,J.Goff,00-0032464,K.Raymond,64,47,616.0,0,21.02153123925591,0.3284614256133736,34,0.53125,638.0,218.0,9.96875,4.638297872340425,24.0,10,9,0
2022,REG,DET,00-0033106,J.Goff,00-0033106,J.Goff,1,1,5.0,0,-0.100160441885237,-0.100160441885237,0,0.0,-4.0,9.0,-4.0,9.0,0.0,0,0,0
2022,REG,DET,00-0033106,J.Goff,00-0033943,J.Reynolds,59,38,479.0,3,11.604702909754558,0.19668987982634845,33,0.559322033898305,704.0,115.0,11.932203389830509,3.026315789473684,25.0,8,13,3
2022,REG,DET,00-0033106,J.Goff,00-0033948,Ja.Williams,16,12,73.0,0,-1.9740925854421136,-0.1233807865901321,6,0.375,29.0,65.0,1.8125,5.416666666666667,4.0,0,2,0
2022,REG,DET,00-0033106,J.Goff,00-0034171,J.Cabinda,4,1,5.0,0,-1.1664513428695509,-0.2916128357173877,1,0.25,13.0,2.0,3.25,2.0,1.0,0,1,0
2022,REG,DET,00-0033106,J.Goff,00-0034440,J.Jackson,19,12,101.0,1,3.8189392282890444,0.20099680148889706,8,0.42105263157894735,19.0,110.0,1.0,9.166666666666666,7.0,0,4,1
2022,REG,DET,00-0033106,J.Goff,00-0034777,D.Chark,52,30,502.0,3,21.15313317053698,0.4067910225103265,26,0.5,799.0,132.0,15.365384615384615,4.4,24.0,9,4,1
2022,REG,DET,00-0033106,J.Goff,00-0035229,T.Hockenson,44,26,395.0,3,-0.7743032667057163,-0.017597801516039006,22,0.5,339.0,209.0,7.704545454545454,8.038461538461538,17.0,4,8,2
2022,REG,DET,00-0033106,J.Goff,00-0035544,T.Kennedy,15,8,141.0,0,7.931223585629748,0.5287482390419832,8,0.5333333333333333,134.0,73.0,8.933333333333334,9.125,7.0,2,1,0
2022,REG,DET,00-0033106,J.Goff,00-0035567,C.Reynolds,10,9,116.0,0,5.9975022743052655,0.5997502274305265,7,0.7,12.0,108.0,1.2,12.0,5.0,2,0,0
2022,REG,DET,00-0033106,J.Goff,00-0036275,D.Swift,70,48,375.0,3,8.104379366221771,0.11577684808888244,29,0.4142857142857143,32.0,440.0,0.45714285714285713,9.166666666666666,17.0,5,14,1
2022,REG,DET,00-0033106,J.Goff,00-0036277,Q.Cephus,2,1,9.0,0,0.019960910140070953,0.009980455070035477,1,0.5,8.0,4.0,4.0,4.0,0.0,0,0,0
2022,REG,DET,00-0033106,J.Goff,00-0036534,S.Zylstra,15,11,60.0,4,3.4359968112548818,0.22906645408365878,6,0.4,78.0,13.0,5.2,1.1818181818181819,6.0,0,4,4
2022,REG,DET,00-0033106,J.Goff,00-0036754,B.Wright,24,18,216.0,4,16.810105709970237,0.7004210712487599,15,0.625,72.0,165.0,3.0,9.166666666666666,13.0,3,5,3
2022,REG,DET,00-0033106,J.Goff,00-0036880,P.Sewell,1,1,9.0,0,1.06044869002653,1.06044869002653,1,1.0,3.0,6.0,3.0,6.0,1.0,0,0,0
2022,REG,DET,00-0033106,J.Goff,00-0036963,A.St. Brown,146,106,1161.0,6,57.190098798057576,0.3917130054661478,88,0.6027397260273972,933.0,531.0,6.390410958904109,5.009433962264151,68.0,11,22,6
2022,REG,DET,00-0033106,J.Goff,00-0037240,J.Williams,9,1,41.0,1,-1.3496521239867398,-0.14996134710963777,1,0.1111111111111111,148.0,5.0,16.444444444444443,5.0,1.0,1,0,0
2022,REG,DET,00-0033106,J.Goff,00-0037282,J.Mitchell,11,11,113.0,1,10.009731887665113,0.909975626151374,10,0.9090909090909091,51.0,62.0,4.636363636363637,5.636363636363637,7.0,2,1,1
2022,REG,DET,00-0033106,J.Goff,00-0037708,M.Alexander,1,1,7.0,0,-0.663192750299413,-0.663192750299413,0,0.0,3.0,4.0,3.0,4.0,0.0,0,0,0
2022,REG,CLE,00-0033119,J.Brissett,00-0031544,A.Cooper,94,57,792.0,7,36.649109026315486,0.38988413857782434,49,0.5212765957446809,1208.0,161.0,12.851063829787234,2.824561403508772,43.0,11,13,6
2022,REG,CLE,00-0033119,J.Brissett,00-0033439,P.Brown,9,4,34.0,0,-3.849915833762917,-0.42776842597365744,3,0.3333333333333333,69.0,20.0,7.666666666666667,5.0,2.0,0,2,0
2022,REG,CLE,00-0033119,J.Brissett,00-0033885,D.Njoku,52,41,464.0,2,17.797276804223632,0.3422553231581468,31,0.5961538461538461,365.0,249.0,7.019230769230769,6.073170731707317,25.0,7,10,2
2022,REG,CLE,00-0033119,J.Brissett,00-0033923,K.Hunt,28,23,155.0,1,0.7006316090055407,0.025022557464483595,11,0.39285714285714285,-16.0,178.0,-0.5714285714285714,7.739130434782608,9.0,1,7,1
2022,REG,CLE,00-0033119,J.Brissett,00-0034791,N.Chubb,23,17,152.0,0,3.3245947932591644,0.1445475997069202,12,0.5217391304347826,-17.0,182.0,-0.7391304347826086,10.705882352941176,7.0,1,0,0
2022,REG,CLE,00-0033119,J.Brissett,00-0035628,D.Johnson,3,3,7.0,0,-0.9645693320198909,-0.321523110673297,1,0.3333333333333333,-1.0,8.0,-0.3333333333333333,2.6666666666666665,0.0,0,0,0
2022,REG,CLE,00-0033119,J.Brissett,00-0036232,H.Bryant,34,23,179.0,1,0.6098197242201908,0.017935874241770317,16,0.47058823529411764,213.0,77.0,6.264705882352941,3.347826086956522,10.0,1,8,1
2022,REG,CLE,00-0033119,J.Brissett,00-0036233,D.Peoples-Jones,66,42,593.0,1,17.385715135796335,0.2634199262999445,35,0.5303030303030303,781.0,109.0,11.833333333333334,2.5952380952380953,24.0,10,7,1
2022,REG,CLE,00-0033119,J.Brissett,00-0036654,D.Felton,2,1,3.0,0,-0.959796268260106,-0.479898134130053,0,0.0,9.0,6.0,4.5,6.0,0.0,0,0,0
2022,REG,CLE,00-0033119,J.Brissett,00-0036692,M.Forristall,1,0,0.0,0,-0.508618170628324,-0.508618170628324,0,0.0,5.0,0.0,5.0,0.0,0.0,0,0,0
2022,REG,CLE,00-0033119,J.Brissett,00-0036999,A.Schwartz,9,3,39.0,0,-2.9034416300710086,-0.3226046255634454,2,0.2222222222222222,137.0,20.0,15.222222222222221,6.666666666666667,2.0,0,0,0
2022,REG,CLE,00-0033119,J.Brissett,00-0037257,Dav.Bell,27,20,169.0,0,1.8256428717868323,0.06761640265877157,11,0.4074074074074074,193.0,45.0,7.148148148148148,2.25,5.0,1,1,0
2022,REG,CLE,00-0033119,J.Brissett,00-0037300,M.Woods,5,2,21.0,0,-1.2347761669079818,-0.24695523338159636,2,0.4,122.0,8.0,24.4,4.0,2.0,0,0,0
2022,REG,CAR,00-0033275,P.Walker,00-0033280,C.McCaffrey,6,5,35.0,0,-2.196169041227644,-0.36602817353794065,2,0.3333333333333333,-20.0,49.0,-3.3333333333333335,9.8,2.0,0,0,0
2022,REG,CAR,00-0033275,P.Walker,00-0033925,D.Foreman,4,2,27.0,0,-7.553362549939061,-1.8883406374847653,2,0.5,-2.0,27.0,-0.5,13.5,1.0,1,0,0
2022,REG,CAR,00-0033275,P.Walker,00-0034365,I.Thomas,4,4,27.0,0,0.17652016109786905,0.044130040274467264,2,0.5,-17.0,44.0,-4.25,11.0,1.0,0,0,0
2022,REG,CAR,00-0033275,P.Walker,00-0034827,D.Moore,35,19,252.0,2,0.8125382500875138,0.023215378573928965,12,0.34285714285714286,477.0,61.0,13.628571428571428,3.210526315789474,11.0,6,1,1
2022,REG,CAR,00-0033275,P.Walker,00-0035956,G.Ricci,3,3,23.0,0,0.7284959349199199,0.24283197830663997,2,0.6666666666666666,11.0,12.0,3.6666666666666665,4.0,0.0,0,0,0
2022,REG,CAR,00-0033275,P.Walker,00-0036268,L.Shenault,12,9,51.0,0,-1.0717605024110517,-0.08931337520092097,5,0.4166666666666667,-7.0,71.0,-0.5833333333333334,7.888888888888889,1.0,0,0,0
2022,REG,CAR,00-0033275,P.Walker,00-0036438,S.Sullivan,2,1,33.0,0,2.719401647918858,1.359700823959429,1,0.5,11.0,21.0,5.5,21.0,1.0,1,0,0
2022,REG,CAR,00-0033275,P.Walker,00-0036543,S.Brown,3,1,1.0,0,-3.0928503663744795,-1.0309501221248265,0,0.0,-2.0,4.0,-0.6666666666666666,4.0,0.0,0,0,0
2022,REG,CAR,00-0033275,P.Walker,00-0036555,C.Hubbard,4,3,11.0,0,-4.392356259282674,-1.0980890648206685,0,0.0,-2.0,19.0,-0.5,6.333333333333333,0.0,0,0,0
2022,REG,CAR,00-0033275,P.Walker,00-0036572,S.Smith,5,2,39.0,0,1.6485667715896821,0.3297133543179364,2,0.4,62.0,4.0,12.4,2.0,2.0,1,0,0
2022,REG,CAR,00-0033275,P.Walker,00-0036955,T.Marshall,17,9,178.0,0,5.902533005256271,0.34720782383860416,9,0.5294117647058824,199.0,81.0,11.705882352941176,9.0,9.0,4,2,0
2022,REG,CAR,00-0033275,P.Walker,00-0037005,T.Tremble,9,4,49.0,1,-3.176870805982819,-0.3529856451092021,2,0.2222222222222222,115.0,7.0,12.777777777777779,1.75,2.0,1,0,0
2022,REG,CAR,00-0033275,P.Walker,00-0037429,R.Blackshear,1,1,5.0,0,0.144188764272258,0.144188764272258,1,1.0,-3.0,8.0,-3.0,8.0,0.0,0,0,0
2022,REG,SF,00-0033280,C.McCaffrey,00-0036261,B.Aiyuk,1,1,34.0,1,3.77113624417689,3.77113624417689,1,1.0,31.0,3.0,31.0,3.0,1.0,1,0,0
2022,REG,MIN,00-0033319,N.Mullens,00-0032918,C.Ham,1,1,10.0,0,0.517533218953759,0.517533218953759,1,1.0,5.0,5.0,5.0,5.0,1.0,0,0,0
2022,REG,MIN,00-0033319,N.Mullens,00-0034970,I.Smith,2,2,6.0,0,-0.38029296342320595,-0.19014648171160298,1,0.5,5.0,1.0,2.5,0.5,0.0,0,0,0
2022,REG,MIN,00-0033319,N.Mullens,00-0034972,A.Mattison,1,1,8.0,0,0.436691879061982,0.436691879061982,1,1.0,-6.0,14.0,-6.0,14.0,0.0,0,0,0
2022,REG,MIN,00-0033319,N.Mullens,00-0035229,T.Hockenson,1,1,-3.0,0,-1.01253695221385,-1.01253695221385,0,0.0,-6.0,3.0,-6.0,3.0,0.0,0,1,0
2022,REG,MIN,00-0033319,N.Mullens,00-0036345,K.Osborn,5,4,32.0,1,3.174809098883994,0.6349618197767988,3,0.6,40.0,24.0,8.0,6.0,2.0,0,1,1
2022,REG,MIN,00-0033319,N.Mullens,00-0036387,J.Reagor,3,3,31.0,0,4.726310385391116,1.575436795130372,3,1.0,30.0,1.0,10.0,0.3333333333333333,2.0,0,0,0
2022,REG,MIN,00-0033319,N.Mullens,00-0036842,K.Nwangwu,2,2,21.0,0,1.0926053479779474,0.5463026739889737,1,0.5,0.0,21.0,0.0,10.5,1.0,0,0,0
2022,REG,MIN,00-0033319,N.Mullens,00-0037291,J.Nailor,10,7,119.0,0,3.882375126180719,0.3882375126180719,6,0.6,102.0,48.0,10.2,6.857142857142857,5.0,2,1,0
2022,REG,NO,00-0033357,T.Hill,00-0031382,J.Landry,1,0,0.0,0,-0.472168329521082,-0.472168329521082,0,0.0,13.0,0.0,13.0,0.0,0.0,0,1,0
2022,REG,NO,00-0033357,T.Hill,00-0031545,K.White,1,0,0.0,0,-0.801163247786462,-0.801163247786462,0,0.0,43.0,0.0,43.0,0.0,0.0,0,0,0
2022,REG,NO,00-0033357,T.Hill,00-0033906,A.Kamara,3,2,9.0,0,-0.432256429106928,-0.144085476368976,1,0.3333333333333333,-3.0,16.0,-1.0,8.0,1.0,0,0,0
2022,REG,NO,00-0033357,T.Hill,00-0036040,J.Johnson,3,2,29.0,0,1.725735374260696,0.5752451247535654,2,0.6666666666666666,51.0,1.0,17.0,0.5,2.0,0,0,0
2022,REG,NO,00-0033357,T.Hill,00-0036219,M.Callaway,2,2,16.0,0,1.648272123537029,0.8241360617685145,2,1.0,9.0,7.0,4.5,3.5,2.0,0,0,0
2022,REG,NO,00-0033357,T.Hill,00-0036422,A.Trautman,1,1,22.0,1,2.65514448541217,2.65514448541217,1,1.0,17.0,5.0,17.0,5.0,1.0,1,0,0
2022,REG,NO,00-0033357,T.Hill,00-0037239,C.Olave,6,5,96.0,0,6.346110843936911,1.0576851406561518,5,0.8333333333333334,88.0,38.0,14.666666666666666,7.6,4.0,2,0,0
2022,REG,NO,00-0033357,T.Hill,00-0037545,R.Shaheed,1,1,68.0,1,5.18750533182174,5.18750533182174,1,1.0,33.0,35.0,33.0,35.0,1.0,1,0,0
2022,REG,CLE,00-0033537,D.Watson,00-0031544,A.Cooper,39,21,368.0,2,15.868878014511635,0.4068943080644009,20,0.5128205128205128,434.0,138.0,11.128205128205128,6.571428571428571,18.0,7,6,0
2022,REG,CLE,00-0033537,D.Watson,00-0033057,J.Conklin,1,0,0.0,0,-1.5234388965182,-1.5234388965182,0,0.0,-9.0,0.0,-9.0,0.0,0.0,0,0,0
2022,REG,CLE,00-0033537,D.Watson,00-0033439,P.Brown,1,1,11.0,0,0.725880336249247,0.725880336249247,1,1.0,-1.0,12.0,-1.0,12.0,1.0,0,0,0
2022,REG,CLE,00-0033537,D.Watson,00-0033885,D.Njoku,28,17,164.0,2,6.860296297009182,0.2450105820360422,15,0.5357142857142857,170.0,83.0,6.071428571428571,4.882352941176471,11.0,1,10,2
2022,REG,CLE,00-0033537,D.Watson,00-0033923,K.Hunt,16,12,55.0,0,-3.17559313237415,-0.19847457077338437,4,0.25,4.0,57.0,0.25,4.75,2.0,0,1,0
2022,REG,CLE,00-0033537,D.Watson,00-0034791,N.Chubb,14,10,87.0,1,4.640031602961245,0.33143082878294605,8,0.5714285714285714,17.0,77.0,1.2142857142857142,7.7,5.0,0,1,1
2022,REG,CLE,00-0033537,D.Watson,00-0036232,H.Bryant,9,8,60.0,0,2.2690566782257564,0.2521174086917507,5,0.5555555555555556,25.0,36.0,2.7777777777777777,4.5,2.0,0,1,0
2022,REG,CLE,00-0033537,D.Watson,00-0036233,D.Peoples-Jones,30,19,246.0,2,1.0267143903363896,0.03422381301121299,15,0.5,326.0,82.0,10.866666666666667,4.315789473684211,9.0,4,6,2
2022,REG,CLE,00-0033537,D.Watson,00-0036654,D.Felton,2,1,5.0,0,-0.5031652241013942,-0.2515826120506971,1,0.5,7.0,5.0,3.5,5.0,0.0,0,0,0
2022,REG,CLE,00-0033537,D.Watson,00-0036999,A.Schwartz,1,1,12.0,0,-5.08719740051311,-5.08719740051311,0,0.0,5.0,7.0,5.0,7.0,0.0,0,0,0
2022,REG,CLE,00-0033537,D.Watson,00-0037257,Dav.Bell,8,4,45.0,0,-12.92477691898239,-1.6155971148727988,4,0.5,63.0,24.0,7.875,6.0,2.0,0,1,0
2022,REG,CLE,00-0033537,D.Watson,00-0037300,M.Woods,4,3,24.0,0,-1.5214597196027122,-0.38036492990067805,2,0.5,19.0,9.0,4.75,3.0,1.0,0,2,0
2022,REG,CLE,00-0033537,D.Watson,00-0038147,D.Baldwin,2,2,25.0,0,1.7913616475998388,0.8956808237999194,2,1.0,25.0,0.0,12.5,0.0,2.0,0,0,0
2022,REG,NYG,00-0033550,D.Webb,00-0032394,N.Vannett,4,2,18.0,0,-0.025158688862574996,-0.006289672215643749,2,0.5,15.0,7.0,3.75,3.5,0.0,0,1,0
2022,REG,NYG,00-0033550,D.Webb,00-0032980,M.Johnson,7,3,36.0,0,0.7962827333395808,0.11375467619136868,3,0.42857142857142855,96.0,10.0,13.714285714285714,3.3333333333333335,3.0,0,1,0
2022,REG,NYG,00-0033550,D.Webb,00-0033308,M.Breida,8,7,12.0,0,-4.099505755206343,-0.5124382194007929,1,0.125,1.0,15.0,0.125,2.142857142857143,1.0,0,0,0
2022,REG,NYG,00-0033550,D.Webb,00-0033932,K.Golladay,7,2,30.0,1,0.4909448890764265,0.07013498415377521,2,0.2857142857142857,64.0,0.0,9.142857142857142,0.0,2.0,1,1,0
2022,REG,NYG,00-0033550,D.Webb,00-0036145,L.Cager,10,8,69.0,0,4.48603522183839,0.448603522183839,6,0.6,42.0,42.0,4.2,5.25,5.0,0,0,0
2022,REG,NYG,00-0033550,D.Webb,00-0036569,G.Brightwell,3,1,3.0,0,-1.0480276236485229,-0.3493425412161743,0,0.0,4.0,2.0,1.3333333333333333,2.0,0.0,0,1,0
2022,REG,LV,00-0033555,M.Hollins,00-0035700,J.Jacobs,1,1,4.0,0,0.0511495949467644,0.0511495949467644,1,1.0,-6.0,10.0,-6.0,10.0,0.0,0,0,0
2022,REG,DAL,00-0033662,C.Rush,00-0033045,E.Elliott,7,5,35.0,0,-0.6321337576373424,-0.09030482251962034,2,0.2857142857142857,-12.0,45.0,-1.7142857142857142,9.0,2.0,1,0,0
2022,REG,DAL,00-0033662,C.Rush,00-0033591,N.Brown,25,17,245.0,1,14.757415498035465,0.5902966199214186,16,0.64,253.0,55.0,10.12,3.235294117647059,12.0,3,7,1
2022,REG,DAL,00-0033662,C.Rush,00-0034383,D.Schultz,10,4,36.0,0,-5.84587987783488,-0.5845879877834881,2,0.2,46.0,15.0,4.6,3.75,1.0,0,2,0
2022,REG,DAL,00-0033662,C.Rush,00-0034764,M.Gallup,16,8,86.0,1,-2.0740835689027532,-0.12963022305642208,7,0.4375,186.0,10.0,11.625,1.25,4.0,1,2,1
2022,REG,DAL,00-0033662,C.Rush,00-0035261,T.Pollard,15,8,75.0,0,-4.312215217406729,-0.28748101449378194,3,0.2,2.0,70.0,0.13333333333333333,8.75,3.0,1,2,0
2022,REG,DAL,00-0033662,C.Rush,00-0036032,S.McKeon,1,1,10.0,0,0.708229230949655,0.708229230949655,1,1.0,3.0,7.0,3.0,7.0,1.0,0,0,0
2022,REG,DAL,00-0033662,C.Rush,00-0036358,C.Lamb,51,31,380.0,2,5.28166791947046,0.10356211606804824,23,0.45098039215686275,497.0,164.0,9.745098039215685,5.290322580645161,19.0,5,3,1
2022,REG,DAL,00-0033662,C.Rush,00-0036646,S.Fehoko,4,3,24.0,0,-1.1463221836526913,-0.28658054591317283,2,0.5,51.0,10.0,12.75,3.3333333333333335,1.0,0,0,0
2022,REG,DAL,00-0033662,C.Rush,00-0037563,M.Davis,2,1,14.0,0,0.5542030617361897,0.27710153086809486,1,0.5,-6.0,15.0,-3.0,15.0,1.0,0,0,0
2022,REG,DAL,00-0033662,C.Rush,00-0037569,P.Hendershot,9,6,63.0,0,-3.052927753131375,-0.339214194792375,4,0.4444444444444444,65.0,27.0,7.222222222222222,4.5,4.0,1,0,0
2022,REG,DAL,00-0033662,C.Rush,00-0037570,D.Houston,2,0,0.0,0,-1.788089818321171,-0.8940449091605855,0,0.0,44.0,0.0,22.0,0.0,0.0,0,0,0
2022,REG,DAL,00-0033662,C.Rush,00-0037666,J.Tolbert,3,2,12.0,0,-0.6873334759147799,-0.22911115863825995,1,0.3333333333333333,45.0,2.0,15.0,1.0,0.0,0,1,0
2022,REG,DAL,00-0033662,C.Rush,00-0037801,K.Turpin,1,0,0.0,0,-1.615222149631,-1.615222149631,0,0.0,9.0,0.0,9.0,0.0,0.0,0,0,0
2022,REG,DAL,00-0033662,C.Rush,00-0038041,J.Ferguson,11,8,71.0,1,1.5382387917677929,0.13983989016070844,4,0.36363636363636365,63.0,35.0,5.7272727272727275,4.375,4.0,1,2,1
2022,REG,TB,00-0033856,L.Fournette,00-0019596,T.Brady,1,0,0.0,0,-4.7260164351901,-4.7260164351901,0,0.0,16.0,0.0,16.0,0.0,0.0,0,0,0
2022,REG,PIT,00-0033869,M.Trubisky,00-0034928,S.Sims,6,5,40.0,0,-0.3518481606151904,-0.05864136010253174,3,0.5,38.0,14.0,6.333333333333333,2.8,2.0,0,0,0
2022,REG,PIT,00-0033869,M.Trubisky,00-0035216,D.Johnson,55,37,376.0,0,2.7507478997592463,0.05001359817744084,30,0.5454545454545454,620.0,53.0,11.272727272727273,1.4324324324324325,21.0,2,2,0
2022,REG,PIT,00-0033869,M.Trubisky,00-0035222,Z.Gentry,4,3,44.0,0,1.0984894652501696,0.2746223663125424,1,0.25,8.0,46.0,2.0,15.333333333333334,1.0,1,0,0
2022,REG,PIT,00-0033869,M.Trubisky,00-0035645,G.Olszewski,3,2,10.0,0,-0.664054823748302,-0.22135160791610067,1,0.3333333333333333,24.0,0.0,8.0,0.0,0.0,0,0,0
2022,REG,PIT,00-0033869,M.Trubisky,00-0035703,M.Boykin,2,1,0.0,0,-1.7435904052108482,-0.8717952026054241,0,0.0,35.0,0.0,17.5,0.0,0.0,0,0,0
2022,REG,PIT,00-0033869,M.Trubisky,00-0036326,C.Claypool,24,16,161.0,1,9.300652350751333,0.38752718128130553,13,0.5416666666666666,233.0,32.0,9.708333333333334,2.0,8.0,2,2,1
2022,REG,PIT,00-0033869,M.Trubisky,00-0036893,N.Harris,15,12,69.0,1,-0.07379075356123499,-0.0049193835707489995,7,0.4666666666666667,22.0,67.0,1.4666666666666666,5.583333333333333,7.0,0,2,1
2022,REG,PIT,00-0033869,M.Trubisky,00-0036894,P.Freiermuth,32,18,220.0,2,-2.7226415845005265,-0.08508254951564145,15,0.46875,268.0,75.0,8.375,4.166666666666667,13.0,4,4,2
2022,REG,PIT,00-0033869,M.Trubisky,00-0037228,J.Warren,7,6,34.0,0,-0.72090855226204,-0.10298693603743428,2,0.2857142857142857,-16.0,45.0,-2.2857142857142856,7.5,2.0,0,2,0
2022,REG,PIT,00-0033869,M.Trubisky,00-0037247,G.Pickens,26,14,246.0,0,8.36525870236801,0.32174071932184656,10,0.38461538461538464,453.0,25.0,17.423076923076923,1.7857142857142858,9.0,6,0,0
2022,REG,PIT,00-0033869,M.Trubisky,00-0037304,Co.Heyward,4,3,62.0,0,2.7913808510056706,0.6978452127514176,2,0.5,33.0,31.0,8.25,10.333333333333334,2.0,1,0,0
2022,REG,KC,00-0033873,P.Mahomes,00-0030506,T.Kelce,151,110,1338.0,12,67.92840057373725,0.4498569574419685,93,0.6158940397350994,1078.0,657.0,7.139072847682119,5.972727272727273,78.0,19,32,10
2022,REG,KC,00-0033873,P.Mahomes,00-0031376,J.McKinnon,72,56,512.0,9,23.65451935874823,0.3285349910937254,40,0.5555555555555556,48.0,541.0,0.6666666666666666,9.660714285714286,28.0,6,17,8
2022,REG,KC,00-0033873,P.Mahomes,00-0031595,M.Burton,3,2,11.0,0,-0.2581659673014649,-0.08605532243382163,1,0.3333333333333333,-2.0,8.0,-0.6666666666666666,4.0,0.0,0,0,0
2022,REG,KC,00-0033873,P.Mahomes,00-0032062,B.Bell,2,2,20.0,1,1.8368982071406212,0.9184491035703106,1,0.5,12.0,8.0,6.0,4.0,1.0,0,1,1
2022,REG,KC,00-0033873,P.Mahomes,00-0033857,J.Smith-Schuster,102,78,933.0,3,48.64216226915334,0.4768839438152288,68,0.6666666666666666,750.0,457.0,7.352941176470588,5.858974358974359,47.0,9,17,1
2022,REG,KC,00-0033873,P.Mahomes,00-0033873,P.Mahomes,1,1,6.0,0,0.351020903792232,0.351020903792232,1,1.0,-9.0,15.0,-9.0,15.0,0.0,0,0,0
2022,REG,KC,00-0033873,P.Mahomes,00-0034272,M.Valdes-Scantling,81,42,687.0,2,17.297868028928434,0.21355392628306707,38,0.4691358024691358,1153.0,122.0,14.234567901234568,2.9047619047619047,32.0,13,11,2
2022,REG,KC,00-0033873,P.Mahomes,00-0034386,Ju.Watson,34,15,315.0,2,7.577325679885103,0.22286251999662068,14,0.4117647058823529,637.0,60.0,18.735294117647058,4.0,12.0,6,3,1
2022,REG,KC,00-0033873,P.Mahomes,00-0034816,R.Jones,1,1,22.0,0,1.84964593237964,1.84964593237964,1,1.0,-1.0,23.0,-1.0,23.0,1.0,1,0,0
2022,REG,KC,00-0033873,P.Mahomes,00-0035140,M.Hardman,34,25,297.0,4,18.58551685886645,0.5466328487901897,19,0.5588235294117647,275.0,160.0,8.088235294117647,6.4,14.0,5,10,4
2022,REG,KC,00-0033873,P.Mahomes,00-0035547,J.Fortson,13,9,108.0,2,8.23036413447699,0.6331049334213069,8,0.6153846153846154,88.0,40.0,6.769230769230769,4.444444444444445,6.0,2,5,2
2022,REG,KC,00-0033873,P.Mahomes,00-0036360,C.Edwards-Helaire,23,17,151.0,3,10.229611164977548,0.4447657028251108,14,0.6086956521739131,10.0,144.0,0.43478260869565216,8.470588235294118,11.0,2,6,3
2022,REG,KC,00-0033873,P.Mahomes,00-0036637,N.Gray,33,28,299.0,1,16.501938085100857,0.5000587298515411,21,0.6363636363636364,169.0,182.0,5.121212121212121,6.5,14.0,3,4,1
2022,REG,KC,00-0033873,P.Mahomes,00-0036913,K.Toney,17,14,171.0,2,9.139858444897492,0.5376387320527937,10,0.5882352941176471,82.0,102.0,4.823529411764706,7.285714285714286,8.0,4,5,2
2022,REG,KC,00-0033873,P.Mahomes,00-0037197,I.Pacheco,14,13,130.0,0,5.313610231271008,0.37954358794792914,8,0.5714285714285714,-9.0,157.0,-0.6428571428571429,12.076923076923077,7.0,1,1,0
2022,REG,KC,00-0033873,P.Mahomes,00-0038090,S.Moore,33,22,250.0,0,5.4860924515979805,0.1662452258059994,19,0.5757575757575758,258.0,151.0,7.818181818181818,6.863636363636363,13.0,2,1,0
2022,REG,LA,00-0033908,C.Kupp,00-0036414,C.Akers,1,0,0.0,0,-0.467520276433788,-0.467520276433788,0,0.0,25.0,0.0,25.0,0.0,0.0,0,0,0
2022,REG,JAX,00-0033936,C.Beathard,00-0029293,M.Jones,1,0,0.0,0,-4.15775399317499,-4.15775399317499,0,0.0,11.0,0.0,11.0,0.0,0.0,0,0,0
2022,REG,JAX,00-0033936,C.Beathard,00-0033572,J.Agnew,1,0,0.0,0,-0.758419966208749,-0.758419966208749,0,0.0,4.0,0.0,4.0,0.0,0.0,0,0,0
2022,REG,JAX,00-0033936,C.Beathard,00-0033891,Z.Jones,3,2,21.0,0,0.6126800137572,0.20422667125240002,2,0.6666666666666666,17.0,10.0,5.666666666666667,5.0,1.0,0,0,0
2022,REG,JAX,00-0033936,C.Beathard,00-0034011,D.Arnold,1,0,0.0,0,-0.97574750892818,-0.97574750892818,0,0.0,21.0,0.0,21.0,0.0,0.0,0,0,0
2022,REG,JAX,00-0033936,C.Beathard,00-0035806,J.Hasty,3,3,8.0,0,-1.62568535494198,-0.5418951183139934,1,0.3333333333333333,-2.0,10.0,-0.6666666666666666,3.3333333333333335,1.0,0,0,0
2022,REG,JAX,00-0033936,C.Beathard,00-0036497,T.Jones,1,1,3.0,0,-0.105786926695146,-0.105786926695146,0,0.0,3.0,0.0,3.0,0.0,0.0,0,0,0
2022,REG,JAX,00-0033936,C.Beathard,00-0036887,L.Farrell,1,1,3.0,0,-3.32043949398212,-3.32043949398212,0,0.0,3.0,0.0,3.0,0.0,0.0,0,0,0
2022,REG,TEN,00-0033949,J.Dobbs,00-0030431,R.Woods,14,9,79.0,1,4.863518321165259,0.3473941657975185,8,0.5714285714285714,115.0,21.0,8.214285714285714,2.3333333333333335,6.0,0,3,1
2022,REG,TEN,00-0033949,J.Dobbs,00-0032141,G.Swaim,2,2,9.0,0,-0.17104167735669795,-0.08552083867834898,1,0.5,6.0,3.0,3.0,1.5,1.0,0,0,0
2022,REG,TEN,00-0033949,J.Dobbs,00-0032392,A.Hooper,10,5,44.0,0,2.154868733370684,0.21548687333706842,5,0.5,71.0,9.0,7.1,1.8,4.0,0,0,0
2022,REG,TEN,00-0033949,J.Dobbs,00-0032764,D.Henry,1,1,19.0,0,1.27866762503982,1.27866762503982,1,1.0,-5.0,24.0,-5.0,24.0,1.0,0,0,0
2022,REG,TEN,00-0033949,J.Dobbs,00-0035924,J.Ward,3,2,7.0,0,-0.6592039366951261,-0.21973464556504205,1,0.3333333333333333,4.0,4.0,1.3333333333333333,2.0,1.0,0,1,0
2022,REG,TEN,00-0033949,J.Dobbs,00-0036182,N.Westbrook-Ikhine,4,1,4.0,0,-2.289996906823945,-0.5724992267059863,0,0.0,62.0,0.0,15.5,0.0,0.0,0,0,0
2022,REG,TEN,00-0033949,J.Dobbs,00-0036652,R.McMath,2,1,39.0,0,2.826520943082869,1.4132604715414345,1,0.5,36.0,3.0,18.0,3.0,1.0,1,0,0
2022,REG,TEN,00-0033949,J.Dobbs,00-0037594,J.Chestnut,1,1,33.0,0,2.00052324822173,2.00052324822173,1,1.0,-2.0,35.0,-2.0,35.0,1.0,1,0,0
2022,REG,TEN,00-0033949,J.Dobbs,00-0037617,H.Haskins,5,4,26.0,0,-0.13826359517406703,-0.027652719034813405,1,0.2,-1.0,22.0,-0.2,5.5,1.0,0,0,0
2022,REG,TEN,00-0033949,J.Dobbs,00-0037742,T.Burks,15,8,85.0,0,-3.1333352336147087,-0.2088890155743139,5,0.3333333333333333,175.0,45.0,11.666666666666666,5.625,5.0,2,1,0
2022,REG,TEN,00-0033949,J.Dobbs,00-0037809,C.Okonkwo,8,6,66.0,1,4.842263395199554,0.6052829243999442,5,0.625,52.0,47.0,6.5,7.833333333333333,4.0,1,0,0
2022,REG,CHI,00-0033958,N.Peterman,00-0034279,E.St. Brown,1,1,3.0,0,-0.31949406536296,-0.31949406536296,0,0.0,4.0,-1.0,4.0,-1.0,0.0,0,0,0
2022,REG,CHI,00-0033958,N.Peterman,00-0034297,B.Pringle,2,2,19.0,0,-0.160184161155485,-0.0800920805777425,1,0.5,19.0,0.0,9.5,0.0,1.0,0,0,0
2022,REG,CHI,00-0033958,N.Peterman,00-0034860,D.Pettis,4,2,19.0,0,-3.6906520351767598,-0.9226630087941899,1,0.25,34.0,8.0,8.5,4.0,1.0,0,0,0
2022,REG,CHI,00-0033958,N.Peterman,00-0035621,N.Webster,1,0,0.0,0,-0.886665027588606,-0.886665027588606,0,0.0,12.0,0.0,12.0,0.0,0.0,0,0,0
2022,REG,CHI,00-0033958,N.Peterman,00-0035624,N.Harry,2,1,7.0,0,0.697751379339025,0.3488756896695125,1,0.5,44.0,0.0,22.0,0.0,1.0,0,0,0
2022,REG,CHI,00-0033958,N.Peterman,00-0036290,C.Kmet,5,4,35.0,1,2.4168593542417516,0.4833718708483503,2,0.4,17.0,27.0,3.4,6.75,3.0,0,1,1
2022,REG,CHI,00-0033958,N.Peterman,00-0036326,C.Claypool,3,2,29.0,0,2.3909203709335998,0.7969734569778666,2,0.6666666666666666,49.0,6.0,16.333333333333332,3.0,2.0,1,0,0
2022,REG,CHI,00-0033958,N.Peterman,00-0036906,K.Herbert,2,1,-1.0,0,-1.674622160149734,-0.837311080074867,0,0.0,-8.0,3.0,-4.0,3.0,0.0,0,0,0
2022,REG,CHI,00-0033958,N.Peterman,00-0037087,T.Ebner,1,0,0.0,0,-0.828358493978158,-0.828358493978158,0,0.0,1.0,0.0,1.0,0.0,0.0,0,0,0
2022,REG,CHI,00-0033958,N.Peterman,00-0037745,V.Jones,2,1,28.0,0,-0.10928465647156993,-0.054642328235784965,1,0.5,43.0,1.0,21.5,1.0,1.0,1,0,0
2022,REG,CHI,00-0034177,T.Boyle,00-0034860,D.Pettis,2,0,0.0,0,-0.870722502353602,-0.435361251176801,0,0.0,11.0,0.0,5.5,0.0,0.0,0,0,0
2022,REG,CHI,00-0034177,T.Boyle,00-0036290,C.Kmet,3,2,33.0,0,0.9312503948314121,0.31041679827713736,2,0.6666666666666666,1.0,32.0,0.3333333333333333,16.0,2.0,0,1,0
2022,REG,CHI,00-0034177,T.Boyle,00-0036326,C.Claypool,3,0,0.0,0,-4.8199959438061315,-1.6066653146020438,0,0.0,92.0,0.0,30.666666666666668,0.0,0.0,0,0,0
2022,REG,CHI,00-0034177,T.Boyle,00-0037087,T.Ebner,1,0,0.0,0,-0.69701092550531,-0.69701092550531,0,0.0,-3.0,0.0,-3.0,0.0,0.0,0,0,0
2022,REG,NYJ,00-0034401,M.White,00-0032134,C.Uzomah,13,8,79.0,0,1.530654162750576,0.11774262790389046,7,0.5384615384615384,103.0,35.0,7.923076923076923,4.375,4.0,1,0,0
2022,REG,NYJ,00-0034401,M.White,00-0033871,C.Davis,20,10,154.0,0,1.3248369480829303,0.06624184740414651,10,0.5,219.0,37.0,10.95,3.7,10.0,2,4,0
2022,REG,NYJ,00-0034401,M.White,00-0034270,T.Conklin,23,16,167.0,0,-0.5492733986459137,-0.02388145211503973,10,0.43478260869565216,151.0,78.0,6.565217391304348,4.875,6.0,2,1,0
2022,REG,NYJ,00-0034401,M.White,00-0034419,B.Berrios,8,5,62.0,0,-2.492734052677294,-0.31159175658466176,3,0.375,46.0,34.0,5.75,6.8,3.0,2,3,0
2022,REG,NYJ,00-0034401,M.White,00-0035537,T.Johnson,14,8,65.0,0,-7.065711488776885,-0.5046936777697775,5,0.35714285714285715,14.0,53.0,1.0,6.625,2.0,0,0,0
2022,REG,NYJ,00-0034401,M.White,00-0036255,D.Mims,8,4,46.0,0,-4.200945248089022,-0.5251181560111278,4,0.5,102.0,9.0,12.75,2.25,2.0,0,0,0
2022,REG,NYJ,00-0034401,M.White,00-0036924,Mi.Carter,11,7,33.0,0,-3.576066572160929,-0.325096961105539,3,0.2727272727272727,7.0,22.0,0.6363636363636364,3.142857142857143,0.0,0,2,0
2022,REG,NYJ,00-0034401,M.White,00-0036980,E.Moore,18,11,148.0,1,3.6389093841443874,0.20216163245246596,7,0.3888888888888889,203.0,44.0,11.277777777777779,4.0,6.0,3,4,0
2022,REG,NYJ,00-0034401,M.White,00-0037157,Z.Knight,13,12,85.0,0,2.9691605771658978,0.22839696747429983,8,0.6153846153846154,-33.0,120.0,-2.5384615384615383,10.0,4.0,0,2,0
2022,REG,NYJ,00-0034401,M.White,00-0037740,G.Wilson,41,22,353.0,2,16.087381331381,0.39237515442392684,21,0.5121951219512195,498.0,136.0,12.146341463414634,6.181818181818182,19.0,3,7,1
2022,REG,NYJ,00-0034419,B.Berrios,00-0037013,Z.Wilson,1,1,2.0,1,1.18445269513177,1.18445269513177,1,1.0,2.0,0.0,2.0,0.0,1.0,0,1,1
2022,REG,HOU,00-0034577,K.Allen,00-0030288,R.Burkhead,2,1,5.0,0,-0.5054605371551586,-0.2527302685775793,1,0.5,4.0,3.0,2.0,3.0,0.0,0,1,0
2022,REG,HOU,00-0034577,K.Allen,00-0031236,B.Cooks,5,5,59.0,0,2.857214328949347,0.5714428657898694,2,0.4,47.0,12.0,9.4,2.4,2.0,1,1,0
2022,REG,HOU,00-0034577,K.Allen,00-0032208,P.Dorsett,5,3,23.0,0,0.16583414882188602,0.0331668297643772,2,0.4,28.0,9.0,5.6,3.0,1.0,0,0,0
2022,REG,HOU,00-0034577,K.Allen,00-0032380,L.Tunsil,1,0,0.0,0,-0.947,-0.947,0,0.0,0.0,0.0,0.0,0.0,0.0,0,1,0
2022,REG,HOU,00-0034577,K.Allen,00-0032398,C.Moore,6,5,53.0,0,1.1720813516294557,0.19534689193824262,2,0.3333333333333333,50.0,28.0,8.333333333333334,5.6,2.0,1,0,0
2022,REG,HOU,00-0034577,K.Allen,00-0033854,D.Ogunbowale,5,3,19.0,0,-9.349682205240239,-1.8699364410480477,1,0.2,-12.0,20.0,-2.4,6.666666666666667,1.0,0,0,0
2022,REG,HOU,00-0034577,K.Allen,00-0033879,O.Howard,2,0,0.0,0,-2.89845282863825,-1.449226414319125,0,0.0,34.0,0.0,17.0,0.0,0.0,0,0,0
2022,REG,HOU,00-0034577,K.Allen,00-0034364,J.Akins,12,8,82.0,1,-4.445903145140493,-0.3704919287617077,6,0.5,27.0,64.0,2.25,8.0,5.0,1,3,0
2022,REG,HOU,00-0034577,K.Allen,00-0036554,N.Collins,19,9,79.0,1,-3.432707697473842,-0.18066882618283378,6,0.3157894736842105,219.0,38.0,11.526315789473685,4.222222222222222,5.0,0,3,1
2022,REG,HOU,00-0034577,K.Allen,00-0036556,B.Jordan,5,4,46.0,0,2.278651682310735,0.455730336462147,4,0.8,32.0,15.0,6.4,3.75,2.0,1,0,0
2022,REG,HOU,00-0034577,K.Allen,00-0037258,D.Pierce,9,6,30.0,0,-7.651877093652735,-0.850208565961415,3,0.3333333333333333,1.0,37.0,0.1111111111111111,6.166666666666667,1.0,0,0,0
2022,REG,HOU,00-0034577,K.Allen,00-0037277,T.Quitoriano,5,2,20.0,0,-3.88743973727105,-0.77748794745421,1,0.2,57.0,13.0,11.4,6.5,0.0,0,1,0
2022,REG,HOU,00-0034577,K.Allen,00-0037456,T.Hairston,1,0,0.0,0,-4.33838192501571,-4.33838192501571,0,0.0,0.0,0.0,0.0,0.0,0.0,0,1,0
2022,REG,JAX,00-0034775,C.Kirk,00-0036973,T.Etienne,1,0,0.0,0,-0.326806403230876,-0.326806403230876,0,0.0,1.0,0.0,1.0,0.0,0.0,0,0,0
2022,REG,BAL,00-0034796,L.Jackson,00-0026189,D.Jackson,6,4,95.0,0,5.242358126677581,0.8737263544462635,3,0.5,146.0,7.0,24.333333333333332,1.75,3.0,1,0,0
2022,REG,BAL,00-0034796,L.Jackson,00-0032063,M.Davis,2,2,4.0,0,-1.0404177822638339,-0.5202088911319169,1,0.5,-7.0,11.0,-3.5,5.5,0.0,0,0,0
2022,REG,BAL,00-0034796,L.Jackson,00-0032775,D.Robinson,42,26,297.0,1,8.065838671134195,0.1920437778841475,22,0.5238095238095238,423.0,105.0,10.071428571428571,4.038461538461538,14.0,3,7,1
2022,REG,BAL,00-0034796,L.Jackson,00-0033118,K.Drake,16,11,52.0,1,-2.112538454576235,-0.1320336534110147,5,0.3125,-39.0,83.0,-2.4375,7.545454545454546,5.0,0,3,1
2022,REG,BAL,00-0034796,L.Jackson,00-0033376,P.Ricard,12,10,74.0,0,-4.1867598878617525,-0.3488966573218127,6,0.5,2.0,72.0,0.16666666666666666,7.2,1.0,0,1,0
2022,REG,BAL,00-0034796,L.Jackson,00-0034184,G.Edwards,2,0,0.0,0,-1.012467852095142,-0.506233926047571,0,0.0,6.0,0.0,3.0,0.0,0.0,0,0,0
2022,REG,BAL,00-0034796,L.Jackson,00-0034753,M.Andrews,81,52,601.0,5,20.928542420244476,0.25837706691659845,47,0.5802469135802469,845.0,172.0,10.432098765432098,3.3076923076923075,34.0,5,17,5
2022,REG,BAL,00-0034796,L.Jackson,00-0034975,J.Hill,8,8,35.0,0,1.2159957731491906,0.15199947164364883,4,0.5,-14.0,49.0,-1.75,6.125,1.0,0,0,0
2022,REG,BAL,00-0034796,L.Jackson,00-0035249,J.Oliver,18,11,130.0,2,8.288542431631383,0.4604745795350768,9,0.5,111.0,60.0,6.166666666666667,5.454545454545454,7.0,1,8,2
2022,REG,BAL,00-0034796,L.Jackson,00-0036133,J.Proche,10,6,53.0,0,-0.9597883883398055,-0.09597883883398055,5,0.5,74.0,11.0,7.4,1.8333333333333333,3.0,0,2,0
2022,REG,BAL,00-0034796,L.Jackson,00-0036158,J.Dobbins,6,6,39.0,1,1.6661835570121195,0.2776972595020199,3,0.5,3.0,36.0,0.5,6.0,3.0,1,1,1
2022,REG,BAL,00-0034796,L.Jackson,00-0036331,D.Duvernay,41,31,350.0,3,17.140891401068085,0.41807052197727035,25,0.6097560975609756,389.0,134.0,9.487804878048781,4.32258064516129,17.0,6,7,2
2022,REG,BAL,00-0034796,L.Jackson,00-0036550,R.Bateman,28,15,285.0,2,2.647617057504504,0.09455775205373229,12,0.42857142857142855,374.0,133.0,13.357142857142858,8.866666666666667,7.0,5,1,0
2022,REG,BAL,00-0034796,L.Jackson,00-0036630,T.Wallace,6,3,21.0,0,-3.7234375850530372,-0.6205729308421729,2,0.3333333333333333,87.0,4.0,14.5,1.3333333333333333,0.0,0,0,0
2022,REG,BAL,00-0034796,L.Jackson,00-0037838,I.Likely,33,18,206.0,2,-2.526129274148549,-0.07654937194389543,11,0.3333333333333333,236.0,97.0,7.151515151515151,5.388888888888889,10.0,2,6,1
2022,REG,LA,00-0034855,B.Mayfield,00-0031806,M.Brown,4,3,14.0,0,-1.313009709590614,-0.3282524273976535,1,0.25,4.0,8.0,1.0,2.6666666666666665,0.0,0,2,0
2022,REG,CAR,00-0034855,B.Mayfield,00-0032688,R.Anderson,27,13,206.0,1,-0.8036765289725701,-0.02976579736935445,9,0.3333333333333333,325.0,68.0,12.037037037037036,5.230769230769231,5.0,2,2,0
2022,REG,LA,00-0034855,B.Mayfield,00-0033110,T.Higbee,30,22,176.0,3,9.5676263802817,0.31892087934272334,16,0.5333333333333333,55.0,127.0,1.8333333333333333,5.7727272727272725,11.0,1,7,3
2022,REG,CAR,00-0034855,B.Mayfield,00-0033280,C.McCaffrey,35,26,188.0,1,-5.514642260027366,-0.1575612074293533,14,0.4,15.0,195.0,0.42857142857142855,7.5,6.0,2,3,1
2022,REG,CAR,00-0034855,B.Mayfield,00-0033925,D.Foreman,4,2,-2.0,0,-2.914513062569308,-0.728628265642327,0,0.0,-2.0,0.0,-0.5,0.0,0.0,0,1,0
2022,REG,CAR,00-0034855,B.Mayfield,00-0034365,I.Thomas,18,11,117.0,0,1.4420561336737658,0.08011422964854255,8,0.4444444444444444,79.0,85.0,4.388888888888889,7.7272727272727275,3.0,1,0,0
2022,REG,LA,00-0034855,B.Mayfield,00-0034646,B.Powell,12,6,21.0,0,-6.460404705616039,-0.5383670588013366,3,0.25,10.0,35.0,0.8333333333333334,5.833333333333333,1.0,0,1,0
2022,REG,CAR,00-0034855,B.Mayfield,00-0034827,D.Moore,46,22,249.0,1,-6.955381957041088,-0.15120395558784974,17,0.3695652173913043,426.0,73.0,9.26086956521739,3.3181818181818183,14.0,3,3,1
2022,REG,CAR,00-0034855,B.Mayfield,00-0035956,G.Ricci,5,4,45.0,0,0.23975198349380877,0.047950396698761756,3,0.6,22.0,30.0,4.4,7.5,2.0,0,0,0
2022,REG,CAR,00-0034855,B.Mayfield,00-0036268,L.Shenault,6,6,97.0,1,6.34984173229896,1.0583069553831599,2,0.3333333333333333,-7.0,104.0,-1.1666666666666667,17.333333333333332,2.0,2,0,0
2022,REG,LA,00-0034855,B.Mayfield,00-0036414,C.Akers,11,10,99.0,0,5.825496041325276,0.5295905492113887,7,0.6363636363636364,-5.0,118.0,-0.45454545454545453,11.8,7.0,0,2,0
2022,REG,LA,00-0034855,B.Mayfield,00-0036415,V.Jefferson,21,13,233.0,1,16.051416214089834,0.7643531530518969,12,0.5714285714285714,345.0,22.0,16.428571428571427,1.6923076923076923,11.0,5,2,0
2022,REG,LA,00-0034855,B.Mayfield,00-0036424,B.Hopkins,6,5,86.0,0,3.151126729344874,0.5251877882241457,4,0.6666666666666666,83.0,18.0,13.833333333333334,3.6,4.0,2,0,0
2022,REG,CAR,00-0034855,B.Mayfield,00-0036438,S.Sullivan,1,1,13.0,0,0.78127619496081,0.78127619496081,1,1.0,13.0,0.0,13.0,0.0,1.0,0,0,0
2022,REG,CAR,00-0034855,B.Mayfield,00-0036543,S.Brown,1,1,9.0,0,0.70303728163708,0.70303728163708,1,1.0,1.0,8.0,1.0,8.0,0.0,0,0,0
2022,REG,CAR,00-0034855,B.Mayfield,00-0036555,C.Hubbard,3,2,25.0,0,-0.04538856889121201,-0.015129522963737338,1,0.3333333333333333,5.0,17.0,1.6666666666666667,8.5,1.0,0,0,0
2022,REG,CAR,00-0034855,B.Mayfield,00-0036572,S.Smith,24,12,129.0,0,-10.922845528279222,-0.4551185636783009,7,0.2916666666666667,177.0,60.0,7.375,5.0,6.0,3,3,0
2022,REG,LA,00-0034855,B.Mayfield,00-0036841,A.Trammell,2,1,5.0,0,1.522549282293769,0.7612746411468845,1,0.5,16.0,0.0,8.0,0.0,1.0,0,0,0
2022,REG,LA,00-0034855,B.Mayfield,00-0036849,T.Atwell,23,12,111.0,0,-3.944858856404851,-0.1715156024523848,7,0.30434782608695654,290.0,26.0,12.608695652173912,2.1666666666666665,5.0,2,2,0
2022,REG,LA,00-0034855,B.Mayfield,00-0036862,B.Skowronek,11,8,92.0,0,2.435659252223563,0.2214235683839603,4,0.36363636363636365,102.0,23.0,9.272727272727273,2.875,5.0,2,0,0
2022,REG,CAR,00-0034855,B.Mayfield,00-0036955,T.Marshall,13,8,142.0,1,8.432932686875562,0.6486871297596586,7,0.5384615384615384,173.0,23.0,13.307692307692308,2.875,6.0,3,2,0
2022,REG,CAR,00-0034855,B.Mayfield,00-0037005,T.Tremble,10,6,50.0,1,1.6134181543665056,0.16134181543665055,4,0.4,67.0,21.0,6.7,3.5,2.0,0,2,1
2022,REG,LA,00-0034855,B.Mayfield,00-0037055,L.McCutcheon,1,0,0.0,0,-1.56096798367798,-1.56096798367798,0,0.0,28.0,0.0,28.0,0.0,0.0,0,0,0
2022,REG,CAR,00-0034855,B.Mayfield,00-0037429,R.Blackshear,6,5,49.0,0,-0.7326671952032455,-0.12211119920054092,2,0.3333333333333333,-4.0,43.0,-0.6666666666666666,8.6,1.0,1,1,0
2022,REG,LA,00-0034855,B.Mayfield,00-0037840,K.Williams,3,2,13.0,0,-0.7877282571280371,-0.2625760857093457,1,0.3333333333333333,-10.0,27.0,-3.3333333333333335,13.5,0.0,0,0,0
2022,REG,BUF,00-0034857,J.Allen,00-0029000,C.Beasley,2,2,18.0,0,0.8846796371508394,0.4423398185754197,2,1.0,14.0,4.0,7.0,2.0,0.0,0,0,0
2022,REG,BUF,00-0034857,J.Allen,00-0031051,J.Brown,2,1,42.0,1,3.659234477207064,1.829617238603532,1,0.5,86.0,0.0,43.0,0.0,1.0,1,0,0
2022,REG,BUF,00-0034857,J.Allen,00-0031588,S.Diggs,154,108,1429.0,11,75.10441460938806,0.4876910039570653,93,0.6038961038961039,1729.0,419.0,11.227272727272727,3.8796296296296298,72.0,17,24,7
2022,REG,BUF,00-0034857,J.Allen,00-0031787,J.Kumerow,7,4,64.0,0,2.8402738700387964,0.4057534100055423,4,0.5714285714285714,90.0,17.0,12.857142857142858,4.25,4.0,1,0,0
2022,REG,BUF,00-0034857,J.Allen,00-0031941,J.Crowder,13,6,60.0,0,-1.0964831524179361,-0.08434485787830279,6,0.46153846153846156,121.0,30.0,9.307692307692308,5.0,4.0,0,1,0
2022,REG,BUF,00-0034857,J.Allen,00-0033466,I.McKenzie,65,42,423.0,4,11.355487141730393,0.17469980218046757,36,0.5538461538461539,564.0,128.0,8.676923076923076,3.0476190476190474,27.0,4,12,4
2022,REG,BUF,00-0034857,J.Allen,00-0034367,N.Hines,9,5,53.0,1,5.269358497339175,0.5854842774821305,4,0.4444444444444444,71.0,45.0,7.888888888888889,9.0,3.0,1,4,1
2022,REG,BUF,00-0034857,J.Allen,00-0035250,D.Singletary,52,38,280.0,1,6.9432423922615305,0.13352389215887558,22,0.4230769230769231,8.0,261.0,0.15384615384615385,6.868421052631579,15.0,1,8,1
2022,REG,BUF,00-0034857,J.Allen,00-0035308,T.Sweeney,1,1,7.0,0,0.801076786592603,0.801076786592603,1,1.0,-1.0,8.0,-1.0,8.0,1.0,0,0,0
2022,REG,BUF,00-0034857,J.Allen,00-0035689,D.Knox,65,48,517.0,6,20.46416198347318,0.31483326128420275,39,0.6,507.0,193.0,7.8,4.020833333333333,25.0,8,11,5
2022,REG,BUF,00-0034857,J.Allen,00-0036165,I.Hodgins,2,2,33.0,0,3.458865521592088,1.729432760796044,2,1.0,19.0,14.0,9.5,7.0,2.0,1,1,0
2022,REG,BUF,00-0034857,J.Allen,00-0036187,R.Gilliam,10,8,69.0,1,3.9299601676175344,0.39299601676175344,6,0.6,58.0,54.0,5.8,6.75,4.0,0,2,1
2022,REG,BUF,00-0034857,J.Allen,00-0036196,G.Davis,93,48,836.0,7,14.690057833794762,0.1579576111160727,45,0.4838709677419355,1428.0,142.0,15.35483870967742,2.9583333333333335,35.0,11,16,3
2022,REG,BUF,00-0034857,J.Allen,00-0036251,Z.Moss,8,7,27.0,0,-3.666988941375167,-0.4583736176718959,2,0.25,-5.0,29.0,-0.625,4.142857142857143,1.0,0,0,0
2022,REG,BUF,00-0034857,J.Allen,00-0036590,Q.Morris,11,8,84.0,1,-0.1558389728277252,-0.014167179347975017,7,0.6363636363636364,77.0,38.0,7.0,4.75,6.0,1,2,1
2022,REG,BUF,00-0034857,J.Allen,00-0037248,J.Cook,32,21,180.0,1,3.872736415770765,0.12102301299283641,16,0.5,82.0,132.0,2.5625,6.285714285714286,5.0,1,6,1
2022,REG,BUF,00-0034857,J.Allen,00-0037261,K.Shakir,19,10,161.0,1,9.639414821591387,0.5073376221890203,10,0.5263157894736842,179.0,74.0,9.421052631578947,7.4,7.0,4,1,0
2022,REG,CAR,00-0034869,S.Darnold,00-0033925,D.Foreman,1,1,1.0,0,-0.464341893093661,-0.464341893093661,0,0.0,1.0,0.0,1.0,0.0,0.0,0,0,0
2022,REG,CAR,00-0034869,S.Darnold,00-0034365,I.Thomas,8,6,53.0,0,2.389760815247432,0.298720101905929,5,0.625,7.0,53.0,0.875,8.833333333333334,4.0,0,2,0
2022,REG,CAR,00-0034869,S.Darnold,00-0034827,D.Moore,36,21,386.0,4,23.237582736469022,0.6454884093463618,20,0.5555555555555556,618.0,56.0,17.166666666666668,2.6666666666666665,19.0,8,6,3
2022,REG,CAR,00-0034869,S.Darnold,00-0035956,G.Ricci,1,1,32.0,0,2.77404320077039,2.77404320077039,1,1.0,22.0,10.0,22.0,10.0,1.0,1,0,0
2022,REG,CAR,00-0034869,S.Darnold,00-0036268,L.Shenault,14,12,124.0,0,5.047868920373725,0.3605620657409804,10,0.7142857142857143,-8.0,155.0,-0.5714285714285714,12.916666666666666,7.0,1,2,0
2022,REG,CAR,00-0034869,S.Darnold,00-0036438,S.Sullivan,3,0,0.0,0,-5.9592614406719795,-1.986420480223993,0,0.0,63.0,0.0,21.0,0.0,0.0,0,0,0
2022,REG,CAR,00-0034869,S.Darnold,00-0036555,C.Hubbard,10,9,111.0,0,6.206479432094386,0.6206479432094386,8,0.8,6.0,106.0,0.6,11.777777777777779,4.0,1,1,0
2022,REG,CAR,00-0034869,S.Darnold,00-0036572,S.Smith,12,8,128.0,2,6.304749755276136,0.525395812939678,6,0.5,105.0,33.0,8.75,4.125,6.0,2,2,2
2022,REG,CAR,00-0034869,S.Darnold,00-0036955,T.Marshall,16,11,170.0,0,7.7567060942594885,0.48479413089121803,8,0.5,210.0,28.0,13.125,2.5454545454545454,9.0,4,1,0
2022,REG,CAR,00-0034869,S.Darnold,00-0037005,T.Tremble,13,9,75.0,1,-0.1114399026873269,-0.008572300206717454,6,0.46153846153846156,63.0,34.0,4.846153846153846,3.7777777777777777,5.0,0,5,1
2022,REG,CAR,00-0034869,S.Darnold,00-0037429,R.Blackshear,5,4,39.0,0,1.509144435607598,0.3018288871215196,2,0.4,-15.0,54.0,-3.0,13.5,2.0,0,0,0
2022,REG,LA,00-0034899,J.Wolford,00-0031428,Al.Robinson,6,4,44.0,0,1.2160661079687978,0.2026776846614663,3,0.5,64.0,6.0,10.666666666666666,1.5,3.0,0,0,0
2022,REG,LA,00-0034899,J.Wolford,00-0033110,T.Higbee,13,10,87.0,0,1.3523813850770283,0.10402933731361756,7,0.5384615384615384,41.0,57.0,3.1538461538461537,5.7,2.0,1,2,0
2022,REG,LA,00-0034899,J.Wolford,00-0033908,C.Kupp,4,2,2.0,0,-2.92446774803102,-0.731116937007755,0,0.0,22.0,5.0,5.5,2.5,0.0,0,0,0
2022,REG,LA,00-0034899,J.Wolford,00-0034646,B.Powell,5,4,39.0,0,0.862615930440372,0.1725231860880744,3,0.6,19.0,52.0,3.8,13.0,2.0,0,1,0
2022,REG,LA,00-0034899,J.Wolford,00-0035664,D.Henderson,1,1,11.0,0,0.61173500737641,0.61173500737641,1,1.0,2.0,9.0,2.0,9.0,1.0,0,0,0
2022,REG,LA,00-0034899,J.Wolford,00-0036414,C.Akers,2,1,0.0,0,-1.07152420503553,-0.535762102517765,0,0.0,6.0,0.0,3.0,0.0,0.0,0,0,0
2022,REG,LA,00-0034899,J.Wolford,00-0036415,V.Jefferson,7,5,66.0,1,7.321999012026932,1.0459998588609902,5,0.7142857142857143,94.0,11.0,13.428571428571429,2.2,5.0,1,1,1
2022,REG,LA,00-0034899,J.Wolford,00-0036424,B.Hopkins,2,1,11.0,0,-0.9210281259147447,-0.46051406295737235,1,0.5,16.0,7.0,8.0,7.0,0.0,0,1,0
2022,REG,LA,00-0034899,J.Wolford,00-0036841,A.Trammell,2,1,8.0,0,-1.1670209941221419,-0.5835104970610709,1,0.5,14.0,0.0,7.0,0.0,0.0,0,0,0
2022,REG,LA,00-0034899,J.Wolford,00-0036849,T.Atwell,5,2,48.0,0,-1.649329585055133,-0.32986591701102663,2,0.4,112.0,14.0,22.4,7.0,2.0,1,0,0
2022,REG,LA,00-0034899,J.Wolford,00-0036862,B.Skowronek,10,4,44.0,0,-6.155015096592257,-0.6155015096592258,4,0.4,87.0,16.0,8.7,4.0,1.0,1,1,0
2022,REG,LA,00-0034899,J.Wolford,00-0037840,K.Williams,4,3,30.0,0,-2.4980172092327892,-0.6245043023081973,3,0.75,27.0,21.0,6.75,7.0,3.0,0,0,0
2022,REG,DEN,00-0034955,B.Rypien,00-0030513,L.Murray,4,3,11.0,0,-2.151714211107232,-0.537928552776808,1,0.25,-5.0,12.0,-1.25,4.0,0.0,0,0,0
2022,REG,DEN,00-0034955,B.Rypien,00-0031690,E.Tomlinson,7,6,53.0,1,4.917527387442535,0.7025039124917907,5,0.7142857142857143,15.0,40.0,2.142857142857143,6.666666666666667,3.0,0,2,1
2022,REG,DEN,00-0034955,B.Rypien,00-0032144,M.Gordon,4,2,17.0,0,-1.13281929702498,-0.283204824256245,1,0.25,9.0,11.0,2.25,5.5,1.0,0,0,0
2022,REG,DEN,00-0034955,B.Rypien,00-0033576,E.Saubert,3,1,5.0,0,-5.8235991887039145,-1.9411997295679715,0,0.0,45.0,3.0,15.0,3.0,0.0,0,0,0
2022,REG,DEN,00-0034955,B.Rypien,00-0033951,M.Mack,5,4,26.0,0,-0.056550886203047046,-0.011310177240609409,3,0.6,-5.0,34.0,-1.0,8.5,1.0,0,0,0
2022,REG,DEN,00-0034955,B.Rypien,00-0034348,C.Sutton,10,4,35.0,0,-4.446965314738917,-0.4446965314738917,3,0.3,147.0,8.0,14.7,2.0,2.0,0,0,0
2022,REG,DEN,00-0034955,B.Rypien,00-0034681,C.Edmonds,2,2,22.0,0,0.6632608138606899,0.33163040693034496,1,0.5,3.0,19.0,1.5,9.5,1.0,0,0,0
2022,REG,DEN,00-0034955,B.Rypien,00-0034959,A.Beck,2,0,0.0,0,-2.223077798029408,-1.111538899014704,0,0.0,2.0,0.0,1.0,0.0,0.0,0,0,0
2022,REG,DEN,00-0034955,B.Rypien,00-0035864,K.Hinton,2,2,14.0,0,0.055795537366067016,0.027897768683033508,1,0.5,14.0,0.0,7.0,0.0,1.0,0,1,0
2022,REG,DEN,00-0034955,B.Rypien,00-0036247,F.Swain,3,2,20.0,0,-7.325555633811744,-2.441851877937248,2,0.6666666666666666,11.0,17.0,3.6666666666666665,8.5,2.0,0,0,0
2022,REG,DEN,00-0034955,B.Rypien,00-0036407,J.Jeudy,23,16,184.0,1,10.577430494828164,0.4598882823838332,12,0.5217391304347826,195.0,90.0,8.478260869565217,5.625,9.0,1,1,1
2022,REG,DEN,00-0034955,B.Rypien,00-0036412,K.Hamler,4,1,4.0,0,-2.32946949603502,-0.582367374008755,0,0.0,109.0,0.0,27.25,0.0,0.0,0,0,0
2022,REG,DEN,00-0034955,B.Rypien,00-0037252,G.Dulcich,11,7,62.0,0,-2.0805756797199115,-0.18914324361090104,6,0.5454545454545454,79.0,26.0,7.181818181818182,3.7142857142857144,3.0,0,0,0
2022,REG,DEN,00-0034955,B.Rypien,00-0037382,B.Johnson,6,3,30.0,0,-1.998744595504831,-0.33312409925080516,2,0.3333333333333333,94.0,7.0,15.666666666666666,2.3333333333333335,1.0,0,1,0
2022,REG,DEN,00-0034955,B.Rypien,00-0037387,J.Virgil,1,0,0.0,0,-0.558833777613472,-0.558833777613472,0,0.0,7.0,0.0,7.0,0.0,0.0,0,0,0
2022,REG,ARI,00-0035040,D.Blough,00-0027942,A.Green,4,3,94.0,1,7.445835595077364,1.861458898769341,3,0.75,62.0,39.0,15.5,13.0,1.0,1,0,0
2022,REG,ARI,00-0035040,D.Blough,00-0032688,R.Anderson,1,1,13.0,0,1.32945638499223,1.32945638499223,1,1.0,12.0,1.0,12.0,1.0,1.0,0,0,0
2022,REG,ARI,00-0035040,D.Blough,00-0033111,P.Cooper,2,2,6.0,0,-0.779109605588019,-0.3895548027940095,0,0.0,-6.0,12.0,-3.0,6.0,0.0,0,0,0
2022,REG,ARI,00-0035040,D.Blough,00-0033553,J.Conner,3,3,31.0,0,2.3815452839480757,0.793848427982692,3,1.0,0.0,31.0,0.0,10.333333333333334,3.0,0,0,0
2022,REG,ARI,00-0035040,D.Blough,00-0033725,C.Clement,5,3,25.0,0,-1.4457354842452288,-0.28914709684904577,1,0.2,-8.0,36.0,-1.6,12.0,1.0,0,0,0
2022,REG,ARI,00-0035040,D.Blough,00-0035500,G.Dortch,14,8,45.0,0,-5.677433961957534,-0.405530997282681,3,0.21428571428571427,102.0,28.0,7.285714285714286,3.5,1.0,0,3,0
2022,REG,ARI,00-0035040,D.Blough,00-0035662,M.Brown,12,7,68.0,0,-3.082271040591876,-0.256855920049323,5,0.4166666666666667,187.0,21.0,15.583333333333334,3.0,3.0,0,1,0
2022,REG,ARI,00-0035040,D.Blough,00-0035876,A.Baccellia,2,1,7.0,0,-0.7282899269164739,-0.36414496345823694,1,0.5,25.0,0.0,12.5,0.0,1.0,0,1,0
2022,REG,ARI,00-0035040,D.Blough,00-0037299,K.Ingram,1,1,1.0,0,-0.542222865857184,-0.542222865857184,0,0.0,-3.0,4.0,-3.0,4.0,0.0,0,0,0
2022,REG,ARI,00-0035040,D.Blough,00-0037744,T.McBride,12,9,112.0,1,8.867515666027938,0.7389596388356615,7,0.5833333333333334,102.0,53.0,8.5,5.888888888888889,7.0,2,1,1
2022,REG,ARI,00-0035146,T.McSorley,00-0027942,A.Green,11,5,54.0,0,-12.82669858209556,-1.1660635074632326,4,0.36363636363636365,118.0,3.0,10.727272727272727,0.6,4.0,0,2,0
2022,REG,ARI,00-0035146,T.McSorley,00-0030564,D.Hopkins,16,4,32.0,0,-9.000518209955656,-0.5625323881222285,2,0.125,184.0,10.0,11.5,2.5,1.0,0,1,0
2022,REG,ARI,00-0035146,T.McSorley,00-0032688,R.Anderson,1,0,0.0,0,-1.12267559487373,-1.12267559487373,0,0.0,45.0,0.0,45.0,0.0,0.0,0,0,0
2022,REG,ARI,00-0035146,T.McSorley,00-0032725,S.Anderson,2,0,0.0,0,-1.346887963649351,-0.6734439818246755,0,0.0,11.0,0.0,5.5,0.0,0.0,0,0,0
2022,REG,ARI,00-0035146,T.McSorley,00-0033553,J.Conner,11,9,65.0,0,-1.8246961452532573,-0.1658814677502961,3,0.2727272727272727,-14.0,83.0,-1.2727272727272727,9.222222222222221,3.0,1,0,0
2022,REG,ARI,00-0035146,T.McSorley,00-0035500,G.Dortch,13,12,115.0,0,4.05510696716374,0.3119313051664415,7,0.5384615384615384,67.0,62.0,5.153846153846154,5.166666666666667,4.0,1,0,0
2022,REG,ARI,00-0035146,T.McSorley,00-0035527,A.Isabella,2,1,10.0,0,0.16083945822901996,0.08041972911450998,1,0.5,11.0,4.0,5.5,4.0,1.0,0,0,0
2022,REG,ARI,00-0035146,T.McSorley,00-0035662,M.Brown,8,4,59.0,0,0.3755354028488145,0.04694192535610181,3,0.375,116.0,9.0,14.5,2.25,2.0,1,1,0
2022,REG,ARI,00-0035146,T.McSorley,00-0035876,A.Baccellia,1,1,6.0,0,0.210049910005182,0.210049910005182,1,1.0,6.0,0.0,6.0,0.0,0.0,0,0,0
2022,REG,ARI,00-0035146,T.McSorley,00-0036383,E.Benjamin,1,0,0.0,0,-0.254407703178003,-0.254407703178003,0,0.0,4.0,0.0,4.0,0.0,0.0,0,0,0
2022,REG,ARI,00-0035146,T.McSorley,00-0036457,T.Williams,1,1,5.0,0,-0.326953217387199,-0.326953217387199,0,0.0,-1.0,6.0,-1.0,6.0,0.0,0,0,0
2022,REG,ARI,00-0035146,T.McSorley,00-0037299,K.Ingram,2,1,-3.0,0,-3.832697335048578,-1.916348667524289,0,0.0,-4.0,1.0,-2.0,1.0,0.0,0,0,0
2022,REG,ARI,00-0035146,T.McSorley,00-0037744,T.McBride,9,7,69.0,0,2.5791102830553387,0.286567809228371,4,0.4444444444444444,48.0,29.0,5.333333333333333,4.142857142857143,2.0,1,0,0
2022,REG,DET,00-0035156,J.Fox,00-0036277,Q.Cephus,1,1,6.0,0,2.95259860344231,2.95259860344231,1,1.0,6.0,0.0,6.0,0.0,1.0,0,0,0
2022,REG,ARI,00-0035228,K.Murray,00-0027942,A.Green,27,11,61.0,0,-13.948360170098699,-0.5166059322258777,7,0.25925925925925924,287.0,13.0,10.62962962962963,1.1818181818181819,4.0,0,5,0
2022,REG,ARI,00-0035228,K.Murray,00-0030061,Z.Ertz,70,46,394.0,4,6.543475746831437,0.0934782249547348,36,0.5142857142857142,540.0,126.0,7.714285714285714,2.739130434782609,23.0,2,17,4
2022,REG,ARI,00-0035228,K.Murray,00-0030564,D.Hopkins,39,30,385.0,3,20.407619843103323,0.523272303669316,24,0.6153846153846154,426.0,81.0,10.923076923076923,2.7,17.0,6,3,1
2022,REG,ARI,00-0035228,K.Murray,00-0032688,R.Anderson,10,2,13.0,0,-9.367799000174283,-0.9367799000174284,1,0.1,187.0,2.0,18.7,1.0,1.0,0,0,0
2022,REG,ARI,00-0035228,K.Murray,00-0032725,S.Anderson,1,1,2.0,0,-0.470388481160626,-0.470388481160626,0,0.0,2.0,0.0,2.0,0.0,0.0,0,0,0
2022,REG,ARI,00-0035228,K.Murray,00-0033553,J.Conner,28,23,151.0,1,3.090481793701805,0.11037434977506447,13,0.4642857142857143,1.0,184.0,0.03571428571428571,8.0,7.0,1,3,1
2022,REG,ARI,00-0035228,K.Murray,00-0033725,C.Clement,1,1,8.0,0,1.60073205840308,1.60073205840308,1,1.0,0.0,8.0,0.0,8.0,1.0,0,0,0
2022,REG,ARI,00-0035228,K.Murray,00-0034301,D.Williams,8,4,9.0,0,-5.26019918196835,-0.6575248977460437,1,0.125,-24.0,15.0,-3.0,3.75,0.0,0,1,0
2022,REG,ARI,00-0035228,K.Murray,00-0035500,G.Dortch,29,25,221.0,2,11.06531671988514,0.3815626455132807,15,0.5172413793103449,133.0,128.0,4.586206896551724,5.12,12.0,3,3,2
2022,REG,ARI,00-0035228,K.Murray,00-0035527,A.Isabella,3,1,11.0,0,0.19251621822103604,0.06417207274034535,1,0.3333333333333333,59.0,1.0,19.666666666666668,1.0,1.0,0,0,0
2022,REG,ARI,00-0035228,K.Murray,00-0035662,M.Brown,71,48,529.0,3,10.013165629090526,0.14103050181817642,37,0.5211267605633803,755.0,178.0,10.633802816901408,3.7083333333333335,26.0,8,7,1
2022,REG,ARI,00-0035228,K.Murray,00-0035876,A.Baccellia,7,5,32.0,0,1.9453380173072161,0.27790543104388804,3,0.42857142857142855,60.0,11.0,8.571428571428571,2.2,3.0,0,0,0
2022,REG,ARI,00-0035228,K.Murray,00-0036383,E.Benjamin,32,24,184.0,0,4.447613870093374,0.13898793344041793,14,0.4375,-43.0,222.0,-1.34375,9.25,10.0,1,5,0
2022,REG,ARI,00-0035228,K.Murray,00-0036936,R.Moore,43,32,320.0,1,8.099946961578304,0.18837085957158847,17,0.3953488372093023,199.0,246.0,4.627906976744186,7.6875,12.0,5,6,0
2022,REG,ARI,00-0035228,K.Murray,00-0037299,K.Ingram,2,2,23.0,0,1.155369499581865,0.5776847497909325,1,0.5,-4.0,27.0,-2.0,13.5,1.0,1,1,0
2022,REG,ARI,00-0035228,K.Murray,00-0037744,T.McBride,6,4,25.0,0,-0.776602036086841,-0.12943367268114017,3,0.5,27.0,12.0,4.5,3.0,1.0,0,0,0
2022,REG,LV,00-0035264,J.Stidham,00-0031381,D.Adams,20,12,226.0,2,-3.038695029856182,-0.1519347514928091,10,0.5,285.0,57.0,14.25,4.75,9.0,4,2,1
2022,REG,LV,00-0035264,J.Stidham,00-0031610,D.Waller,11,5,107.0,1,2.777583775168745,0.2525076159244314,5,0.45454545454545453,188.0,21.0,17.09090909090909,4.2,5.0,4,4,0
2022,REG,LV,00-0035264,J.Stidham,00-0032104,A.Abdullah,5,3,20.0,0,-4.422167974524201,-0.8844335949048402,2,0.4,13.0,14.0,2.6,4.666666666666667,1.0,0,3,0
2022,REG,LV,00-0035264,J.Stidham,00-0033555,M.Hollins,11,9,87.0,0,3.157741157058067,0.28706737791436976,7,0.6363636363636364,105.0,28.0,9.545454545454545,3.111111111111111,5.0,1,3,0
2022,REG,LV,00-0035264,J.Stidham,00-0033681,K.Cole,6,3,35.0,0,1.990932581713417,0.33182209695223613,3,0.5,77.0,18.0,12.833333333333334,6.0,2.0,0,1,0
2022,REG,LV,00-0035264,J.Stidham,00-0034981,F.Moreau,6,4,65.0,0,2.443513755046295,0.40725229250771583,4,0.6666666666666666,46.0,45.0,7.666666666666667,11.25,4.0,2,0,0
2022,REG,LV,00-0035264,J.Stidham,00-0034983,H.Renfrow,11,10,82.0,1,10.638129884727913,0.9671027167934466,6,0.5454545454545454,38.0,50.0,3.4545454545454546,5.0,4.0,0,2,1
2022,REG,LV,00-0035264,J.Stidham,00-0035700,J.Jacobs,8,6,31.0,0,-0.3576328640920112,-0.0447041080115014,4,0.5,9.0,26.0,1.125,4.333333333333333,2.0,0,1,0
2022,REG,LV,00-0035264,J.Stidham,00-0035726,J.Johnson,1,1,3.0,0,-0.309560557128862,-0.309560557128862,0,0.0,1.0,2.0,1.0,2.0,0.0,0,0,0
2022,REG,PHI,00-0035289,G.Minshew,00-0033251,Z.Pascal,4,3,40.0,0,2.437319655902685,0.6093299139756713,2,0.5,30.0,23.0,7.5,7.666666666666667,2.0,1,0,0
2022,REG,PHI,00-0035289,G.Minshew,00-0034351,D.Goedert,9,6,112.0,0,5.495828380924645,0.6106475978805161,6,0.6666666666666666,121.0,26.0,13.444444444444445,4.333333333333333,6.0,3,0,0
2022,REG,PHI,00-0035289,G.Minshew,00-0034414,B.Scott,1,0,0.0,0,-0.607120339991525,-0.607120339991525,0,0.0,-5.0,0.0,-5.0,0.0,0.0,0,0,0
2022,REG,PHI,00-0035289,G.Minshew,00-0035243,M.Sanders,1,1,6.0,0,0.1334618445253,0.1334618445253,1,1.0,0.0,6.0,0.0,6.0,0.0,0,0,0
2022,REG,PHI,00-0035289,G.Minshew,00-0035676,A.Brown,17,10,200.0,1,1.5348117378348045,0.09028304340204732,9,0.5294117647058824,194.0,80.0,11.411764705882353,8.0,7.0,2,1,0
2022,REG,PHI,00-0035289,G.Minshew,00-0036271,Q.Watkins,6,1,19.0,0,-8.873079542710915,-1.478846590451819,1,0.16666666666666666,68.0,0.0,11.333333333333334,0.0,1.0,0,0,0
2022,REG,PHI,00-0035289,G.Minshew,00-0036741,J.Stoll,1,0,0.0,0,-0.667147847940214,-0.667147847940214,0,0.0,13.0,0.0,13.0,0.0,0.0,0,0,0
2022,REG,PHI,00-0035289,G.Minshew,00-0036912,D.Smith,25,17,228.0,2,14.641894705186136,0.5856757882074455,12,0.48,274.0,63.0,10.96,3.7058823529411766,12.0,4,3,2
2022,REG,PHI,00-0035289,G.Minshew,00-0036919,K.Gainwell,6,6,58.0,0,2.877148248488083,0.4795247080813472,3,0.5,5.0,53.0,0.8333333333333334,8.833333333333334,2.0,1,0,0
2022,REG,NYG,00-0035710,D.Jones,00-0032385,S.Shepard,24,13,154.0,1,-3.1267536524625883,-0.13028140218594117,7,0.2916666666666667,225.0,55.0,9.375,4.230769230769231,4.0,1,1,0
2022,REG,NYG,00-0035710,D.Jones,00-0032394,N.Vannett,2,1,15.0,0,0.849700052291159,0.4248500261455795,1,0.5,6.0,13.0,3.0,13.0,1.0,0,0,0
2022,REG,NYG,00-0035710,D.Jones,00-0032980,M.Johnson,16,6,63.0,0,-6.908870569663121,-0.4318044106039451,5,0.3125,137.0,26.0,8.5625,4.333333333333333,3.0,0,3,0
2022,REG,NYG,00-0035710,D.Jones,00-0033308,M.Breida,16,12,104.0,0,3.4001875526231555,0.21251172203894722,10,0.625,45.0,84.0,2.8125,7.0,4.0,0,0,0
2022,REG,NYG,00-0035710,D.Jones,00-0033932,K.Golladay,10,4,51.0,0,-2.248331137263448,-0.2248331137263448,4,0.4,100.0,11.0,10.0,2.75,2.0,0,0,0
2022,REG,NYG,00-0035710,D.Jones,00-0034286,R.James,68,55,545.0,3,21.324878270714958,0.31360115103992586,42,0.6176470588235294,486.0,175.0,7.147058823529412,3.1818181818181817,28.0,3,6,3
2022,REG,NYG,00-0035710,D.Jones,00-0034613,T.Hudson,15,10,132.0,0,2.84544072509743,0.18969604833982867,8,0.5333333333333333,110.0,59.0,7.333333333333333,5.9,8.0,1,0,0
2022,REG,NYG,00-0035710,D.Jones,00-0034844,S.Barkley,77,57,338.0,0,-12.599243431137797,-0.16362653806672464,30,0.38961038961038963,-16.0,434.0,-0.2077922077922078,7.614035087719298,10.0,2,3,0
2022,REG,NYG,00-0035710,D.Jones,00-0035345,C.Myarick,8,7,65.0,1,7.242674909415655,0.9053343636769569,6,0.75,23.0,38.0,2.875,5.428571428571429,5.0,1,2,1
2022,REG,NYG,00-0035710,D.Jones,00-0035359,D.Sills,16,11,106.0,0,5.694421918684376,0.3559013699177735,9,0.5625,124.0,40.0,7.75,3.6363636363636362,7.0,1,2,0
2022,REG,NYG,00-0035710,D.Jones,00-0035535,D.Slayton,69,45,713.0,2,35.187620086507934,0.509965508500115,37,0.5362318840579711,821.0,256.0,11.898550724637682,5.688888888888889,29.0,12,3,0
2022,REG,NYG,00-0035710,D.Jones,00-0036145,L.Cager,9,5,49.0,1,-2.885807400059888,-0.3206452666733209,4,0.4444444444444444,54.0,36.0,6.0,7.2,3.0,1,2,1
2022,REG,NYG,00-0035710,D.Jones,00-0036165,I.Hodgins,42,33,351.0,4,9.162517303136072,0.2181551738841922,28,0.6666666666666666,391.0,69.0,9.30952380952381,2.090909090909091,22.0,3,5,4
2022,REG,NYG,00-0035710,D.Jones,00-0036569,G.Brightwell,4,3,24.0,0,1.844368880672843,0.4610922201682108,3,0.75,0.0,24.0,0.0,8.0,3.0,0,2,0
2022,REG,NYG,00-0035710,D.Jones,00-0036913,K.Toney,3,2,0.0,0,-1.685289814369753,-0.5617632714565843,0,0.0,-7.0,6.0,-2.3333333333333335,3.0,0.0,0,1,0
2022,REG,NYG,00-0035710,D.Jones,00-0038115,D.Bellinger,36,30,268.0,2,10.749765491651583,0.29860459699032177,22,0.6111111111111112,140.0,144.0,3.888888888888889,4.8,14.0,2,7,2
2022,REG,NYG,00-0035710,D.Jones,00-0038117,W.Robinson,31,23,227.0,1,11.781825616408783,0.3800588908518962,19,0.6129032258064516,192.0,126.0,6.193548387096774,5.478260869565218,13.0,0,2,1
2022,REG,NYJ,00-0035752,C.Streveler,00-0032134,C.Uzomah,1,1,30.0,0,2.36590846558102,2.36590846558102,1,1.0,29.0,1.0,29.0,1.0,1.0,1,0,0
2022,REG,NYJ,00-0035752,C.Streveler,00-0033871,C.Davis,2,0,0.0,0,-2.007873679744076,-1.003936839872038,0,0.0,21.0,0.0,10.5,0.0,0.0,0,0,0
2022,REG,NYJ,00-0035752,C.Streveler,00-0034270,T.Conklin,1,1,1.0,0,-0.45690485968953,-0.45690485968953,0,0.0,1.0,0.0,1.0,0.0,0.0,0,0,0
2022,REG,NYJ,00-0035752,C.Streveler,00-0036924,Mi.Carter,3,3,27.0,0,1.417710887093563,0.47257029569785436,3,1.0,17.0,10.0,5.666666666666667,3.3333333333333335,2.0,0,0,0
2022,REG,NYJ,00-0035752,C.Streveler,00-0036980,E.Moore,3,2,15.0,0,-0.016362750669941972,-0.0054542502233139905,1,0.3333333333333333,13.0,5.0,4.333333333333333,2.5,1.0,0,0,0
2022,REG,NYJ,00-0035752,C.Streveler,00-0037740,G.Wilson,5,3,17.0,0,-5.267164234595835,-1.0534328469191672,2,0.4,50.0,1.0,10.0,0.3333333333333333,1.0,0,1,0
2022,REG,KC,00-0035889,T.Townsend,00-0036637,N.Gray,1,0,0.0,0,-3.51758591609541,-3.51758591609541,0,0.0,1.0,0.0,1.0,0.0,0.0,0,0,0
2022,REG,LA,00-0035939,B.Perkins,00-0031428,Al.Robinson,2,2,32.0,0,1.21671999769751,0.608359998848755,2,1.0,23.0,9.0,11.5,4.5,2.0,0,0,0
2022,REG,LA,00-0035939,B.Perkins,00-0033110,T.Higbee,3,2,24.0,0,-0.03500260651344389,-0.011667535504481297,1,0.3333333333333333,23.0,4.0,7.666666666666667,2.0,1.0,1,1,0
2022,REG,LA,00-0035939,B.Perkins,00-0033908,C.Kupp,1,1,-3.0,0,-1.11988419946283,-1.11988419946283,0,0.0,-3.0,0.0,-3.0,0.0,0.0,0,0,0
2022,REG,LA,00-0035939,B.Perkins,00-0034646,B.Powell,3,3,14.0,0,-0.478211515583103,-0.159403838527701,2,0.6666666666666666,-2.0,16.0,-0.6666666666666666,5.333333333333333,1.0,0,0,0
2022,REG,LA,00-0035939,B.Perkins,00-0036415,V.Jefferson,6,3,29.0,1,-8.060457883751958,-1.343409647291993,2,0.3333333333333333,57.0,0.0,9.5,0.0,2.0,0,2,1
2022,REG,LA,00-0035939,B.Perkins,00-0036424,B.Hopkins,2,1,12.0,0,-0.38633444957668,-0.19316722478834,0,0.0,12.0,8.0,6.0,8.0,1.0,0,0,0
2022,REG,LA,00-0035939,B.Perkins,00-0036849,T.Atwell,2,2,23.0,0,4.80227502062917,2.401137510314585,2,1.0,20.0,3.0,10.0,1.5,2.0,0,0,0
2022,REG,LA,00-0035939,B.Perkins,00-0036862,B.Skowronek,6,2,5.0,0,-5.000571252196097,-0.8334285420326828,0,0.0,23.0,1.0,3.8333333333333335,0.5,0.0,0,0,0
2022,REG,LA,00-0035939,B.Perkins,00-0037055,L.McCutcheon,4,0,0.0,0,-2.440629426389931,-0.6101573565974827,0,0.0,43.0,0.0,10.75,0.0,0.0,0,1,0
2022,REG,LA,00-0035939,B.Perkins,00-0037840,K.Williams,4,3,25.0,0,0.7635128821290933,0.19087822053227332,2,0.5,0.0,24.0,0.0,8.0,1.0,0,1,0
2022,REG,BAL,00-0035993,T.Huntley,00-0026189,D.Jackson,11,5,58.0,0,-3.608531348751024,-0.3280483044319113,5,0.45454545454545453,156.0,16.0,14.181818181818182,3.2,2.0,1,2,0
2022,REG,BAL,00-0035993,T.Huntley,00-0031325,S.Watkins,1,1,40.0,0,2.24965105223237,2.24965105223237,1,1.0,26.0,14.0,26.0,14.0,1.0,1,0,0
2022,REG,BAL,00-0035993,T.Huntley,00-0032775,D.Robinson,21,18,128.0,1,2.6146489636739667,0.12450709350828412,10,0.47619047619047616,154.0,32.0,7.333333333333333,1.7777777777777777,7.0,1,2,1
2022,REG,BAL,00-0035993,T.Huntley,00-0033118,K.Drake,4,4,18.0,0,0.7348813074640947,0.1837203268660237,2,0.5,-4.0,22.0,-1.0,5.5,1.0,0,2,0
2022,REG,BAL,00-0035993,T.Huntley,00-0033376,P.Ricard,1,1,0.0,0,-0.574193819891661,-0.574193819891661,0,0.0,0.0,0.0,0.0,0.0,0.0,0,0,0
2022,REG,BAL,00-0035993,T.Huntley,00-0034753,M.Andrews,32,20,239.0,0,2.9723905066513554,0.09288720333285486,17,0.53125,257.0,67.0,8.03125,3.35,13.0,2,2,0
2022,REG,BAL,00-0035993,T.Huntley,00-0034975,J.Hill,4,4,23.0,0,0.8637167722918087,0.21592919307295216,2,0.5,-11.0,34.0,-2.75,8.5,1.0,0,0,0
2022,REG,BAL,00-0035993,T.Huntley,00-0035249,J.Oliver,6,3,19.0,0,-2.8067396323313005,-0.4677899387218834,2,0.3333333333333333,97.0,14.0,16.166666666666668,4.666666666666667,0.0,0,2,0
2022,REG,BAL,00-0035993,T.Huntley,00-0036133,J.Proche,4,2,9.0,0,-4.994421596697065,-1.2486053991742663,1,0.25,32.0,5.0,8.0,2.5,0.0,0,0,0
2022,REG,BAL,00-0035993,T.Huntley,00-0036158,J.Dobbins,2,1,3.0,0,-1.547951920195353,-0.7739759600976766,0,0.0,1.0,3.0,0.5,3.0,0.0,0,1,0
2022,REG,BAL,00-0035993,T.Huntley,00-0036331,D.Duvernay,7,6,57.0,0,2.959335106250363,0.42276215803576617,4,0.5714285714285714,37.0,25.0,5.285714285714286,4.166666666666667,2.0,0,1,0
2022,REG,BAL,00-0035993,T.Huntley,00-0037838,I.Likely,14,10,64.0,1,0.2409328531025301,0.017209489507323577,6,0.42857142857142855,53.0,22.0,3.7857142857142856,2.2,4.0,0,3,1
2022,REG,BAL,00-0036133,J.Proche,00-0033118,K.Drake,1,0,0.0,0,-4.04289167502429,-4.04289167502429,0,0.0,29.0,0.0,29.0,0.0,0.0,0,0,0
2022,REG,MIA,00-0036212,T.Tagovailoa,00-0031687,R.Mostert,24,17,130.0,1,-1.7405931541633013,-0.07252471475680422,10,0.4166666666666667,29.0,114.0,1.2083333333333333,6.705882352941177,6.0,1,4,1
2022,REG,MIA,00-0036212,T.Tagovailoa,00-0033040,T.Hill,126,88,1299.0,7,47.64248026243809,0.37811492271776265,69,0.5476190476190477,1577.0,353.0,12.515873015873016,4.011363636363637,56.0,21,9,3
2022,REG,MIA,00-0036212,T.Tagovailoa,00-0034054,R.Cracraft,10,8,97.0,2,7.977193218714089,0.7977193218714089,8,0.8,86.0,26.0,8.6,3.25,8.0,1,3,2
2022,REG,MIA,00-0036212,T.Tagovailoa,00-0034115,J.Wilson,14,7,61.0,1,-2.0324833450814865,-0.14517738179153475,5,0.35714285714285715,41.0,47.0,2.9285714285714284,6.714285714285714,3.0,0,2,1
2022,REG,MIA,00-0036212,T.Tagovailoa,00-0034418,C.Wilson,13,9,110.0,0,4.521505061245993,0.3478080816343071,8,0.6153846153846154,120.0,28.0,9.23076923076923,3.111111111111111,6.0,2,0,0
2022,REG,MIA,00-0036212,T.Tagovailoa,00-0034487,T.Sherfield,33,23,332.0,2,20.714302674585575,0.6277061416541083,20,0.6060606060606061,344.0,125.0,10.424242424242424,5.434782608695652,15.0,4,7,1
2022,REG,MIA,00-0036212,T.Tagovailoa,00-0034681,C.Edmonds,12,7,61.0,0,0.27527751521364163,0.022939792934470137,6,0.5,34.0,32.0,2.8333333333333335,4.571428571428571,3.0,0,2,0
2022,REG,MIA,00-0036212,T.Tagovailoa,00-0034798,D.Smythe,13,10,73.0,1,-2.942213892055498,-0.22632414554273061,6,0.46153846153846156,40.0,30.0,3.076923076923077,3.0,4.0,0,3,1
2022,REG,MIA,00-0036212,T.Tagovailoa,00-0034829,M.Gesicki,31,18,197.0,2,0.7092393890594058,0.02287868996965825,14,0.45161290322580644,272.0,57.0,8.774193548387096,3.1666666666666665,9.0,3,7,2
2022,REG,MIA,00-0036212,T.Tagovailoa,00-0035125,A.Ingold,19,12,78.0,1,-1.79844857985153,-0.09465518841323842,8,0.42105263157894735,43.0,75.0,2.263157894736842,6.25,3.0,0,2,1
2022,REG,MIA,00-0036212,T.Tagovailoa,00-0035311,M.Gaskin,1,1,4.0,0,0.0067773793125525,0.0067773793125525,1,1.0,3.0,1.0,3.0,1.0,0.0,0,0,0
2022,REG,MIA,00-0036212,T.Tagovailoa,00-0036613,J.Waddle,89,57,1089.0,8,74.2157602816191,0.8338849469844842,52,0.5842696629213483,1123.0,383.0,12.617977528089888,6.719298245614035,49.0,18,9,4
2022,REG,MIA,00-0036212,T.Tagovailoa,00-0037355,B.Sanders,3,2,17.0,0,-5.94891308806837,-1.9829710293561231,0,0.0,42.0,3.0,14.0,1.5,0.0,0,0,0
2022,REG,CAR,00-0036226,J.Eason,00-0033280,C.McCaffrey,2,2,54.0,0,4.74360307454481,2.371801537272405,2,1.0,4.0,50.0,2.0,25.0,2.0,1,1,0
2022,REG,CAR,00-0036226,J.Eason,00-0034827,D.Moore,1,1,5.0,0,0.0507389293634333,0.0507389293634333,1,1.0,5.0,0.0,5.0,0.0,0.0,0,1,0
2022,REG,CAR,00-0036226,J.Eason,00-0036572,S.Smith,1,0,0.0,0,-6.36362605195609,-6.36362605195609,0,0.0,7.0,0.0,7.0,0.0,0.0,0,1,0
2022,REG,CAR,00-0036226,J.Eason,00-0036955,T.Marshall,1,0,0.0,0,-0.69199775159359,-0.69199775159359,0,0.0,4.0,0.0,4.0,0.0,0.0,0,1,0
2022,REG,GB,00-0036264,J.Love,00-0028002,R.Cobb,1,0,0.0,0,0.1075012431382,0.1075012431382,1,1.0,15.0,0.0,15.0,0.0,0.0,0,1,0
2022,REG,GB,00-0036264,J.Love,00-0033293,A.Jones,1,0,0.0,0,-0.352930246735923,-0.352930246735923,0,0.0,18.0,0.0,18.0,0.0,0.0,0,0,0
2022,REG,GB,00-0036264,J.Love,00-0033757,R.Tonyan,2,2,14.0,0,0.549105819722172,0.274552909861086,2,1.0,10.0,4.0,5.0,2.0,0.0,0,0,0
2022,REG,GB,00-0036264,J.Love,00-0034521,A.Lazard,3,2,24.0,0,0.0390316867269499,0.013010562242316634,2,0.6666666666666666,25.0,4.0,8.333333333333334,2.0,2.0,0,0,0
2022,REG,GB,00-0036264,J.Love,00-0036265,A.Dillon,3,3,17.0,0,-1.260867049917578,-0.42028901663919266,0,0.0,-1.0,18.0,-0.3333333333333333,6.0,1.0,0,0,0
2022,REG,GB,00-0036264,J.Love,00-0036332,J.Deguara,2,2,28.0,0,0.02938701299717649,0.014693506498588246,1,0.5,18.0,10.0,9.0,5.0,2.0,0,0,0
2022,REG,GB,00-0036264,J.Love,00-0037816,R.Doubs,4,2,9.0,0,-0.834599042660555,-0.20864976066513874,1,0.25,17.0,6.0,4.25,3.0,1.0,0,0,0
2022,REG,GB,00-0036264,J.Love,00-0038124,C.Watson,4,3,103.0,1,5.243398815131517,1.3108497037828792,2,0.5,49.0,75.0,12.25,25.0,3.0,2,0,0
2022,REG,NYJ,00-0036313,B.Mann,00-0035510,J.Smith,1,1,17.0,0,3.81002646801062,3.81002646801062,1,1.0,8.0,9.0,8.0,9.0,1.0,0,0,0
2022,REG,MIN,00-0036322,J.Jefferson,00-0030035,A.Thielen,1,1,11.0,0,0.641668995609507,0.641668995609507,1,1.0,8.0,3.0,8.0,3.0,1.0,0,0,0
2022,REG,MIN,00-0036322,J.Jefferson,00-0033893,D.Cook,1,1,23.0,0,2.41141737415455,2.41141737415455,1,1.0,-5.0,28.0,-5.0,28.0,1.0,1,0,0
2022,REG,PIT,00-0036326,C.Claypool,00-0032897,D.Watt,1,1,1.0,1,2.55321136768907,2.55321136768907,1,1.0,1.0,0.0,1.0,0.0,1.0,0,1,1
2022,REG,LAC,00-0036355,J.Herbert,00-0030279,K.Allen,87,64,745.0,3,25.840751140502764,0.2970201280517559,46,0.5287356321839081,770.0,250.0,8.850574712643677,3.90625,38.0,8,14,2
2022,REG,LAC,00-0036355,J.Herbert,00-0031384,R.Rodgers,4,1,4.0,0,-2.890156998968452,-0.722539249742113,0,0.0,-4.0,3.0,-1.0,3.0,0.0,0,2,0
2022,REG,LAC,00-0036355,J.Herbert,00-0031763,D.Carter,61,43,517.0,3,14.14751512864677,0.2319264775187995,31,0.5081967213114754,542.0,183.0,8.885245901639344,4.255813953488372,28.0,10,8,0
2022,REG,LAC,00-0036355,J.Herbert,00-0033536,M.Williams,93,63,895.0,4,31.58431950041042,0.3396163387140905,54,0.5806451612903226,1111.0,324.0,11.946236559139784,5.142857142857143,39.0,11,14,4
2022,REG,LAC,00-0036355,J.Herbert,00-0033699,A.Ekeler,125,107,708.0,5,13.273096935831271,0.10618477548665017,59,0.472,-91.0,843.0,-0.728,7.878504672897196,36.0,4,23,5
2022,REG,LAC,00-0036355,J.Herbert,00-0033895,G.Everett,88,58,555.0,4,2.2993771053494116,0.026129285288061497,43,0.48863636363636365,491.0,326.0,5.579545454545454,5.620689655172414,29.0,4,18,4
2022,REG,LAC,00-0036355,J.Herbert,00-0034845,S.Michel,13,9,53.0,0,-6.602370128559409,-0.5078746252738007,5,0.38461538461538464,22.0,46.0,1.6923076923076923,5.111111111111111,1.0,0,0,0
2022,REG,LAC,00-0036355,J.Herbert,00-0035329,D.Parham,12,10,130.0,1,8.140817218900926,0.6784014349084105,10,0.8333333333333334,124.0,42.0,10.333333333333334,4.2,5.0,2,2,1
2022,REG,LAC,00-0036355,J.Herbert,00-0035414,J.Guyton,4,2,64.0,0,4.264032681277689,1.0660081703194222,2,0.5,115.0,7.0,28.75,3.5,2.0,1,0,0
2022,REG,LAC,00-0036355,J.Herbert,00-0035432,J.Moore,2,1,5.0,0,-0.7422923792619259,-0.37114618963096296,0,0.0,24.0,0.0,12.0,0.0,0.0,0,0,0
2022,REG,LAC,00-0036355,J.Herbert,00-0036355,J.Herbert,2,2,-10.0,0,-2.787758179299998,-1.393879089649999,0,0.0,-15.0,5.0,-7.5,2.5,0.0,0,1,0
2022,REG,LAC,00-0036355,J.Herbert,00-0036370,J.Kelley,24,14,101.0,0,-4.626463329710527,-0.19276930540460527,11,0.4583333333333333,46.0,88.0,1.9166666666666667,6.285714285714286,4.0,1,1,0
2022,REG,LAC,00-0036355,J.Herbert,00-0036959,M.Bandy,21,10,89.0,0,-2.3061191533342864,-0.10981519777782316,8,0.38095238095238093,184.0,25.0,8.761904761904763,2.5,5.0,2,1,0
2022,REG,LAC,00-0036355,J.Herbert,00-0036988,J.Palmer,106,71,759.0,3,21.488565577712208,0.20272231677086988,54,0.5094339622641509,921.0,250.0,8.68867924528302,3.5211267605633805,38.0,7,8,2
2022,REG,LAC,00-0036355,J.Herbert,00-0037011,T.McKitty,18,10,72.0,0,-5.634286644111855,-0.3130159246728808,4,0.2222222222222222,57.0,52.0,3.1666666666666665,5.2,0.0,0,4,0
2022,REG,LAC,00-0036355,J.Herbert,00-0037331,Z.Horvath,8,5,8.0,2,-0.6216207318939304,-0.0777025914867413,3,0.375,6.0,1.0,0.75,0.2,2.0,0,2,2
2022,REG,LAC,00-0036355,J.Herbert,00-0037475,S.Smartt,5,4,17.0,0,-0.4008315834216819,-0.08016631668433638,2,0.4,23.0,7.0,4.6,1.75,1.0,0,0,0
2022,REG,LAC,00-0036355,J.Herbert,00-0038045,I.Spiller,3,3,13.0,0,-0.15103341505164303,-0.05034447168388101,1,0.3333333333333333,-10.0,23.0,-3.3333333333333335,7.666666666666667,0.0,0,0,0
2022,REG,DAL,00-0036358,C.Lamb,00-0033591,N.Brown,1,0,0.0,0,-0.947,-0.947,0,0.0,0.0,0.0,0.0,0.0,0.0,0,1,0
2022,REG,PHI,00-0036389,J.Hurts,00-0033251,Z.Pascal,15,12,110.0,1,-2.1351096678990795,-0.1423406445266053,9,0.6,85.0,63.0,5.666666666666667,5.25,7.0,1,2,0
2022,REG,PHI,00-0036389,J.Hurts,00-0034351,D.Goedert,60,49,590.0,3,39.69215869189251,0.6615359781982085,44,0.7333333333333333,303.0,394.0,5.05,8.040816326530612,34.0,8,10,2
2022,REG,PHI,00-0036389,J.Hurts,00-0034414,B.Scott,5,5,15.0,0,-3.335394153604289,-0.6670788307208577,0,0.0,-5.0,20.0,-1.0,4.0,0.0,0,0,0
2022,REG,PHI,00-0036389,J.Hurts,00-0035243,M.Sanders,25,19,72.0,0,-11.41845238069073,-0.4567380952276292,10,0.4,23.0,97.0,0.92,5.105263157894737,2.0,0,0,0
2022,REG,PHI,00-0036389,J.Hurts,00-0035676,A.Brown,128,78,1296.0,10,54.33521540065441,0.4244938703176126,67,0.5234375,1556.0,472.0,12.15625,6.051282051282051,52.0,21,15,4
2022,REG,PHI,00-0036389,J.Hurts,00-0036005,N.Togiai,1,0,0.0,0,-0.640563539229333,-0.640563539229333,0,0.0,4.0,0.0,4.0,0.0,0.0,0,0,0
2022,REG,PHI,00-0036389,J.Hurts,00-0036271,Q.Watkins,45,32,335.0,3,-3.8998743325891496,-0.08666387405753666,16,0.35555555555555557,408.0,146.0,9.066666666666666,4.5625,12.0,5,4,0
2022,REG,PHI,00-0036389,J.Hurts,00-0036741,J.Stoll,13,11,123.0,0,8.57947688925196,0.6599597607116893,9,0.6923076923076923,77.0,49.0,5.923076923076923,4.454545454545454,5.0,2,1,0
2022,REG,PHI,00-0036389,J.Hurts,00-0036912,D.Smith,112,78,982.0,5,45.05347188515798,0.4022631418317677,56,0.5,1041.0,427.0,9.294642857142858,5.4743589743589745,45.0,14,12,3
2022,REG,PHI,00-0036389,J.Hurts,00-0036919,K.Gainwell,23,17,111.0,0,-8.249278098034932,-0.35866426513195354,8,0.34782608695652173,30.0,93.0,1.3043478260869565,5.470588235294118,5.0,0,3,0
2022,REG,PHI,00-0036389,J.Hurts,00-0037086,G.Calcaterra,9,5,81.0,0,2.077996706034736,0.23088852289274847,4,0.4444444444444444,81.0,41.0,9.0,8.2,3.0,1,3,0
2022,REG,SEA,00-0036425,D.Dallas,00-0035640,D.Metcalf,1,0,0.0,0,-4.86711246607592,-4.86711246607592,0,0.0,8.0,0.0,8.0,0.0,0.0,0,1,0
2022,REG,CIN,00-0036442,J.Burrow,00-0033009,T.Boyd,84,57,758.0,5,29.409434627464858,0.35011231699362927,51,0.6071428571428571,752.0,248.0,8.952380952380953,4.350877192982456,41.0,10,14,3
2022,REG,CIN,00-0036442,J.Burrow,00-0033114,Mi.Thomas,11,2,38.0,0,-3.882994758387105,-0.35299952348973684,2,0.18181818181818182,122.0,24.0,11.090909090909092,12.0,1.0,1,4,0
2022,REG,CIN,00-0036442,J.Burrow,00-0033292,T.Taylor,9,5,57.0,0,0.386799412139224,0.042977712459913775,3,0.3333333333333333,49.0,34.0,5.444444444444445,6.8,1.0,1,0,0
2022,REG,CIN,00-0036442,J.Burrow,00-0033526,S.Perine,51,38,287.0,4,6.449811524648905,0.1264668926401746,19,0.37254901960784315,12.0,321.0,0.23529411764705882,8.447368421052632,11.0,2,8,3
2022,REG,CIN,00-0036442,J.Burrow,00-0033897,J.Mixon,75,60,441.0,2,11.331125587833585,0.1510816745044478,34,0.4533333333333333,-15.0,468.0,-0.2,7.8,17.0,4,13,2
2022,REG,CIN,00-0036442,J.Burrow,00-0034830,H.Hurst,67,51,401.0,2,18.718081746789117,0.27937435442968833,37,0.5522388059701493,329.0,184.0,4.91044776119403,3.607843137254902,24.0,4,9,2
2022,REG,CIN,00-0036442,J.Burrow,00-0035291,T.Williams,3,2,30.0,0,1.5880261220445409,0.5293420406815136,1,0.3333333333333333,20.0,8.0,6.666666666666667,4.0,1.0,1,0,0
2022,REG,CIN,00-0036442,J.Burrow,00-0035341,T.Irwin,23,15,231.0,4,19.67878938527382,0.8555995384901661,15,0.6521739130434783,259.0,59.0,11.26086956521739,3.933333333333333,12.0,3,5,2
2022,REG,CIN,00-0036442,J.Burrow,00-0035399,S.Morgan,1,0,0.0,0,-3.1803987219464,-3.1803987219464,0,0.0,0.0,0.0,0.0,0.0,0.0,0,1,0
2022,REG,CIN,00-0036442,J.Burrow,00-0035631,D.Sample,2,2,-2.0,0,-3.01596434186873,-1.507982170934365,0,0.0,-2.0,0.0,-1.0,0.0,0.0,0,1,0
2022,REG,CIN,00-0036442,J.Burrow,00-0035771,M.Wilcox,18,17,139.0,1,9.272113411920145,0.5151174117733414,12,0.6666666666666666,81.0,74.0,4.5,4.352941176470588,6.0,0,2,1
2022,REG,CIN,00-0036442,J.Burrow,00-0036194,D.Asiasi,4,2,5.0,0,-1.4640743777854368,-0.3660185944463592,1,0.25,59.0,0.0,14.75,0.0,0.0,0,0,0
2022,REG,CIN,00-0036442,J.Burrow,00-0036410,T.Higgins,110,74,1029.0,7,54.5683294738776,0.4960757224897963,71,0.6454545454545455,1185.0,286.0,10.772727272727273,3.864864864864865,46.0,14,13,4
2022,REG,CIN,00-0036442,J.Burrow,00-0036857,C.Evans,4,3,38.0,1,2.3098250172333836,0.5774562543083459,2,0.5,55.0,8.0,13.75,2.6666666666666665,2.0,1,1,1
2022,REG,CIN,00-0036442,J.Burrow,00-0036900,J.Chase,133,86,1023.0,9,27.085538423272258,0.20365066483663352,73,0.5488721804511278,1199.0,419.0,9.015037593984962,4.872093023255814,57.0,12,26,5
2022,REG,IND,00-0036879,S.Ehlinger,00-0033217,M.Alie-Cox,5,3,17.0,1,1.8792979731806545,0.3758595946361309,3,0.6,32.0,2.0,6.4,0.6666666666666666,1.0,0,1,1
2022,REG,IND,00-0036879,S.Ehlinger,00-0034109,P.Lindsay,1,0,0.0,0,-0.529101408319548,-0.529101408319548,0,0.0,-3.0,0.0,-3.0,0.0,0.0,0,0,0
2022,REG,IND,00-0036879,S.Ehlinger,00-0034367,N.Hines,2,2,29.0,0,1.782221940171441,0.8911109700857205,2,1.0,25.0,4.0,12.5,2.0,1.0,1,0,0
2022,REG,IND,00-0036879,S.Ehlinger,00-0034400,J.Wilkins,5,4,15.0,0,-1.8132892083958732,-0.36265784167917464,0,0.0,-10.0,26.0,-2.0,6.5,0.0,0,1,0
2022,REG,IND,00-0036879,S.Ehlinger,00-0035639,P.Campbell,18,11,102.0,0,-8.313061238217458,-0.4618367354565254,4,0.2222222222222222,134.0,58.0,7.444444444444445,5.2727272727272725,4.0,2,2,0
2022,REG,IND,00-0036879,S.Ehlinger,00-0036223,J.Taylor,1,0,0.0,0,-1.94409951101989,-1.94409951101989,0,0.0,2.0,0.0,2.0,0.0,0.0,0,0,0
2022,REG,IND,00-0036879,S.Ehlinger,00-0036251,Z.Moss,3,3,7.0,0,-1.646461201307828,-0.5488204004359426,1,0.3333333333333333,0.0,7.0,0.0,2.3333333333333335,1.0,0,0,0
2022,REG,IND,00-0036879,S.Ehlinger,00-0036252,M.Pittman,26,19,146.0,2,5.523757220536949,0.21245220078988267,14,0.5384615384615384,177.0,65.0,6.8076923076923075,3.4210526315789473,9.0,1,6,2
2022,REG,IND,00-0036879,S.Ehlinger,00-0036482,M.Strachan,1,0,0.0,0,-0.564819168299437,-0.564819168299437,0,0.0,34.0,0.0,34.0,0.0,0.0,0,0,0
2022,REG,IND,00-0036879,S.Ehlinger,00-0036493,D.Jackson,11,8,88.0,0,-2.783069411932963,-0.2530063101757239,6,0.5454545454545454,21.0,73.0,1.9090909090909092,9.125,5.0,1,0,0
2022,REG,IND,00-0036879,S.Ehlinger,00-0036876,K.Granson,4,3,11.0,0,-6.546792022767479,-1.6366980056918699,1,0.25,11.0,11.0,2.75,3.6666666666666665,1.0,0,0,0
2022,REG,IND,00-0036879,S.Ehlinger,00-0037664,A.Pierce,14,9,147.0,0,6.476458596938768,0.46260418549562626,8,0.5714285714285714,169.0,43.0,12.071428571428571,4.777777777777778,6.0,2,1,0
2022,REG,IND,00-0036879,S.Ehlinger,00-0037755,J.Woods,8,2,11.0,0,-6.850269048882181,-0.8562836311102726,0,0.0,68.0,4.0,8.5,2.0,0.0,0,2,0
2022,REG,PIT,00-0036893,N.Harris,00-0035216,D.Johnson,1,1,4.0,0,-0.0647925575613044,-0.0647925575613044,0,0.0,-4.0,8.0,-4.0,8.0,0.0,0,1,0
2022,REG,HOU,00-0036898,D.Mills,00-0030288,R.Burkhead,49,36,199.0,1,-23.384922146624497,-0.47724330911478563,12,0.24489795918367346,71.0,211.0,1.4489795918367347,5.861111111111111,8.0,0,8,1
2022,REG,HOU,00-0036898,D.Mills,00-0031236,B.Cooks,87,51,635.0,3,2.2153027091921413,0.025463249530944154,37,0.42528735632183906,969.0,185.0,11.137931034482758,3.627450980392157,27.0,12,9,3
2022,REG,HOU,00-0036898,D.Mills,00-0032128,C.Conley,2,0,0.0,0,-2.070628738496449,-1.0353143692482245,0,0.0,18.0,0.0,9.0,0.0,0.0,0,0,0
2022,REG,HOU,00-0036898,D.Mills,00-0032208,P.Dorsett,34,17,234.0,1,-3.1377444558121246,-0.09228660164153307,15,0.4411764705882353,413.0,53.0,12.147058823529411,3.1176470588235294,10.0,5,1,0
2022,REG,HOU,00-0036898,D.Mills,00-0032398,C.Moore,61,36,453.0,2,4.223106647838183,0.06923125652193741,26,0.4262295081967213,573.0,213.0,9.39344262295082,5.916666666666667,20.0,8,9,2
2022,REG,HOU,00-0036898,D.Mills,00-0032436,J.Driskel,1,1,4.0,0,-0.106663251994178,-0.106663251994178,0,0.0,-3.0,7.0,-3.0,7.0,0.0,0,0,0
2022,REG,HOU,00-0036898,D.Mills,00-0033439,P.Brown,10,7,72.0,0,0.6352898812837005,0.06352898812837005,3,0.3,60.0,51.0,6.0,7.285714285714286,3.0,1,0,0
2022,REG,HOU,00-0036898,D.Mills,00-0033798,M.Schreck,2,2,6.0,0,-0.6555010332958771,-0.32775051664793853,1,0.5,6.0,0.0,3.0,0.0,0.0,0,0,0
2022,REG,HOU,00-0036898,D.Mills,00-0033854,D.Ogunbowale,20,16,83.0,0,-2.3746518953703384,-0.11873259476851691,8,0.4,5.0,98.0,0.25,6.125,4.0,1,2,0
2022,REG,HOU,00-0036898,D.Mills,00-0033879,O.Howard,21,10,145.0,2,0.8554296042333006,0.0407347430587286,8,0.38095238095238093,219.0,60.0,10.428571428571429,6.0,6.0,4,3,1
2022,REG,HOU,00-0036898,D.Mills,00-0034364,J.Akins,42,29,413.0,4,27.269606254456548,0.6492763393918226,23,0.5476190476190477,291.0,206.0,6.928571428571429,7.103448275862069,18.0,7,9,3
2022,REG,HOU,00-0036898,D.Mills,00-0034838,R.Freeman,8,6,33.0,0,-1.4656290366547182,-0.18320362958183978,2,0.25,-6.0,39.0,-0.75,6.5,0.0,0,0,0
2022,REG,HOU,00-0036898,D.Mills,00-0035457,T.Johnson,1,1,8.0,0,0.633759932476096,0.633759932476096,1,1.0,-2.0,10.0,-2.0,10.0,0.0,0,0,0
2022,REG,HOU,00-0036898,D.Mills,00-0036554,N.Collins,47,28,402.0,1,2.105652034684967,0.044801107120956744,23,0.48936170212765956,556.0,105.0,11.829787234042554,3.75,16.0,8,5,1
2022,REG,HOU,00-0036898,D.Mills,00-0036556,B.Jordan,22,9,67.0,0,-17.461107186479918,-0.7936866902945418,5,0.22727272727272727,173.0,48.0,7.863636363636363,5.333333333333333,4.0,1,2,0
2022,REG,HOU,00-0036898,D.Mills,00-0036858,J.Camp,1,1,7.0,0,0.510851916798856,0.510851916798856,1,1.0,7.0,0.0,7.0,0.0,1.0,0,0,0
2022,REG,HOU,00-0036898,D.Mills,00-0036991,A.Rodgers,12,8,110.0,0,6.499641081362032,0.5416367567801693,7,0.5833333333333334,126.0,28.0,10.5,3.5,7.0,1,1,0
2022,REG,HOU,00-0036898,D.Mills,00-0037258,D.Pierce,30,24,135.0,1,-1.1722533967404125,-0.039075113224680415,12,0.4,-12.0,160.0,-0.4,6.666666666666667,6.0,0,2,1
2022,REG,HOU,00-0036898,D.Mills,00-0037277,T.Quitoriano,8,5,93.0,2,6.535655321436927,0.8169569151796159,5,0.625,114.0,40.0,14.25,8.0,5.0,2,3,2
2022,REG,HOU,00-0036898,D.Mills,00-0037456,T.Hairston,7,5,19.0,0,-1.8464434019988412,-0.2637776288569773,2,0.2857142857142857,8.0,10.0,1.1428571428571428,2.0,0.0,0,0,0
2022,REG,TB,00-0036928,K.Trask,00-0030456,G.Bernard,1,1,6.0,0,-0.684742106357589,-0.684742106357589,0,0.0,-1.0,7.0,-1.0,7.0,0.0,0,0,0
2022,REG,TB,00-0036928,K.Trask,00-0032054,B.Perriman,2,1,9.0,0,0.5813662613509191,0.29068313067545953,1,0.5,40.0,7.0,20.0,7.0,1.0,0,0,0
2022,REG,TB,00-0036928,K.Trask,00-0035298,S.Miller,2,1,8.0,0,-0.07073078956455003,-0.03536539478227502,1,0.5,7.0,6.0,3.5,6.0,0.0,0,0,0
2022,REG,TB,00-0036928,K.Trask,00-0037487,D.Thompkins,3,0,0.0,0,-4.726363061345181,-1.575454353781727,0,0.0,51.0,0.0,17.0,0.0,0.0,0,0,0
2022,REG,CHI,00-0036945,J.Fields,00-0030108,R.Griffin,8,4,26.0,0,-7.944319605303463,-0.9930399506629328,2,0.25,53.0,9.0,6.625,2.25,1.0,0,2,0
2022,REG,CHI,00-0036945,J.Fields,00-0034279,E.St. Brown,35,19,304.0,1,5.090703000249777,0.1454486571499936,16,0.45714285714285713,475.0,80.0,13.571428571428571,4.2105263157894735,14.0,5,4,1
2022,REG,CHI,00-0036945,J.Fields,00-0034297,B.Pringle,12,6,104.0,1,5.782633686030757,0.4818861405025631,6,0.5,196.0,12.0,16.333333333333332,2.0,6.0,3,0,0
2022,REG,CHI,00-0036945,J.Fields,00-0034860,D.Pettis,34,16,214.0,3,-11.265999536208568,-0.3313529275355461,11,0.3235294117647059,308.0,56.0,9.058823529411764,3.5,7.0,2,6,1
2022,REG,CHI,00-0036945,J.Fields,00-0035259,T.Wesco,4,1,23.0,0,1.189922150617466,0.2974805376543665,2,0.5,22.0,10.0,5.5,10.0,1.0,1,2,0
2022,REG,CHI,00-0036945,J.Fields,00-0035621,N.Webster,2,2,14.0,0,1.2679950223537189,0.6339975111768594,2,1.0,10.0,4.0,5.0,2.0,1.0,0,0,0
2022,REG,CHI,00-0036945,J.Fields,00-0035624,N.Harry,7,6,109.0,1,7.886479773616886,1.126639967659555,6,0.8571428571428571,109.0,16.0,15.571428571428571,2.6666666666666665,3.0,1,1,1
2022,REG,CHI,00-0036945,J.Fields,00-0035685,D.Montgomery,36,31,282.0,1,4.955991729990731,0.13766643694418698,18,0.5,51.0,245.0,1.4166666666666667,7.903225806451613,9.0,4,3,1
2022,REG,CHI,00-0036945,J.Fields,00-0036290,C.Kmet,56,41,449.0,6,13.982356224975154,0.24968493258884203,33,0.5892857142857143,403.0,208.0,7.196428571428571,5.073170731707317,21.0,6,8,5
2022,REG,CHI,00-0036945,J.Fields,00-0036309,D.Mooney,62,40,493.0,2,14.498919421473008,0.23385353905601627,31,0.5,727.0,168.0,11.725806451612904,4.2,20.0,7,8,2
2022,REG,CHI,00-0036945,J.Fields,00-0036326,C.Claypool,18,10,60.0,0,-7.723248471738768,-0.42906935954104264,5,0.2777777777777778,116.0,29.0,6.444444444444445,2.9,3.0,0,1,0
2022,REG,CHI,00-0036945,J.Fields,00-0036635,I.Smith-Marsette,4,1,15.0,0,-8.025093835021831,-2.006273458755458,0,0.0,28.0,5.0,7.0,5.0,0.0,0,1,0
2022,REG,CHI,00-0036945,J.Fields,00-0036906,K.Herbert,10,8,58.0,1,0.8107723779011037,0.08107723779011036,3,0.3,-21.0,78.0,-2.1,9.75,2.0,2,2,0
2022,REG,CHI,00-0036945,J.Fields,00-0037087,T.Ebner,6,2,8.0,0,-2.525171723719187,-0.42086195395319786,0,0.0,10.0,-1.0,1.6666666666666667,-0.5,0.0,0,0,0
2022,REG,CHI,00-0036945,J.Fields,00-0037112,J.Tonges,1,0,0.0,0,-0.568823910318315,-0.568823910318315,0,0.0,13.0,0.0,13.0,0.0,0.0,0,0,0
2022,REG,CHI,00-0036945,J.Fields,00-0037745,V.Jones,11,5,74.0,1,-1.2889944363851091,-0.11718131239864628,3,0.2727272727272727,192.0,30.0,17.454545454545453,6.0,3.0,1,2,1
2022,REG,JAX,00-0036971,T.Lawrence,00-0029293,M.Jones,80,46,529.0,3,15.637221948579153,0.19546527435723943,41,0.5125,1060.0,95.0,13.25,2.0652173913043477,30.0,6,11,3
2022,REG,JAX,00-0036971,T.Lawrence,00-0031484,C.Manhertz,8,6,42.0,0,-0.692976174643263,-0.08662202183040787,3,0.375,21.0,35.0,2.625,5.833333333333333,2.0,1,1,0
2022,REG,JAX,00-0036971,T.Lawrence,00-0033572,J.Agnew,30,23,187.0,3,8.54243569599085,0.2847478565330283,17,0.5666666666666667,174.0,125.0,5.8,5.434782608695652,9.0,1,7,3
2022,REG,JAX,00-0036971,T.Lawrence,00-0033881,E.Engram,101,73,766.0,4,33.791922311072334,0.33457348822843896,60,0.594059405940594,614.0,465.0,6.079207920792079,6.36986301369863,33.0,10,12,2
2022,REG,JAX,00-0036971,T.Lawrence,00-0033891,Z.Jones,119,80,813.0,5,40.871182211741385,0.3434553127037091,66,0.5546218487394958,1001.0,283.0,8.411764705882353,3.5375,43.0,7,20,4
2022,REG,JAX,00-0036971,T.Lawrence,00-0034011,D.Arnold,12,9,135.0,0,6.824444003868836,0.5687036669890696,8,0.6666666666666666,66.0,70.0,5.5,7.777777777777778,5.0,3,2,0
2022,REG,JAX,00-0036971,T.Lawrence,00-0034775,C.Kirk,134,84,1102.0,8,31.983595938659253,0.2386835517810392,70,0.5223880597014925,1216.0,365.0,9.074626865671641,4.345238095238095,54.0,18,24,7
2022,REG,JAX,00-0036971,T.Lawrence,00-0035806,J.Hasty,23,17,118.0,1,7.19709559664196,0.31291719985399824,9,0.391304347826087,-32.0,124.0,-1.391304347826087,7.294117647058823,6.0,2,1,0
2022,REG,JAX,00-0036971,T.Lawrence,00-0035831,J.Robinson,11,9,46.0,1,1.7754532624385309,0.16140484203986644,6,0.5454545454545454,9.0,49.0,0.8181818181818182,5.444444444444445,4.0,0,2,1
2022,REG,JAX,00-0036971,T.Lawrence,00-0036497,T.Jones,3,2,27.0,0,1.2945293761440502,0.4315097920480167,1,0.3333333333333333,4.0,21.0,1.3333333333333333,10.5,1.0,1,0,0
2022,REG,JAX,00-0036971,T.Lawrence,00-0036887,L.Farrell,3,3,37.0,0,2.631089786707891,0.8770299289026303,3,1.0,1.0,36.0,0.3333333333333333,12.0,3.0,0,0,0
2022,REG,JAX,00-0036971,T.Lawrence,00-0036973,T.Etienne,44,35,314.0,0,5.058717451682248,0.11497085117459654,23,0.5227272727272727,3.0,352.0,0.06818181818181818,10.057142857142857,16.0,6,6,0
2022,REG,NE,00-0036972,M.Jones,00-0031547,D.Parker,34,22,383.0,2,7.164678545427867,0.21072583957140784,21,0.6176470588235294,570.0,73.0,16.764705882352942,3.3181818181818183,18.0,7,3,1
2022,REG,NE,00-0036972,M.Jones,00-0031549,N.Agholor,47,28,316.0,2,-6.556726458947095,-0.1395048182754701,16,0.3404255319148936,581.0,140.0,12.361702127659575,5.0,10.0,4,3,0
2022,REG,NE,00-0036972,M.Jones,00-0032200,T.Montgomery,4,3,15.0,1,2.1808464441564843,0.5452116110391211,2,0.5,13.0,7.0,3.25,2.3333333333333335,1.0,0,1,1
2022,REG,NE,00-0036972,M.Jones,00-0033090,H.Henry,42,31,381.0,1,12.207193551829407,0.2906474655197478,21,0.5,345.0,150.0,8.214285714285714,4.838709677419355,16.0,8,3,0
2022,REG,NE,00-0036972,M.Jones,00-0033307,K.Bourne,43,31,393.0,1,10.52651849129762,0.24480275561157258,22,0.5116279069767442,465.0,119.0,10.813953488372093,3.838709677419355,19.0,6,4,1
2022,REG,NE,00-0036972,M.Jones,00-0033858,J.Smith,34,24,180.0,0,-3.949970835645218,-0.11617561281309464,14,0.4117647058823529,96.0,147.0,2.823529411764706,6.125,8.0,2,4,0
2022,REG,NE,00-0036972,M.Jones,00-0034960,J.Meyers,84,54,599.0,4,20.945523223531183,0.2493514669467998,39,0.4642857142857143,774.0,178.0,9.214285714285714,3.2962962962962963,28.0,9,10,3
2022,REG,NE,00-0036972,M.Jones,00-0035406,L.Humphrey,3,1,11.0,0,-0.4992975314380601,-0.16643251047935337,1,0.3333333333333333,29.0,4.0,9.666666666666666,4.0,0.0,0,0,0
2022,REG,NE,00-0036972,M.Jones,00-0035657,D.Harris,21,15,98.0,0,-3.507524655520682,-0.16702498359622295,10,0.47619047619047616,34.0,78.0,1.619047619047619,5.2,4.0,0,6,0
2022,REG,NE,00-0036972,M.Jones,00-0036096,J.Taylor,1,1,8.0,0,0.887669721618295,0.887669721618295,1,1.0,3.0,5.0,3.0,5.0,0.0,0,0,0
2022,REG,NE,00-0036972,M.Jones,00-0036875,R.Stevenson,71,52,309.0,1,-13.582087034223033,-0.19129700048201453,23,0.323943661971831,-4.0,359.0,-0.056338028169014086,6.903846153846154,8.0,2,6,1
2022,REG,NE,00-0036972,M.Jones,00-0037253,Ma.Jones,4,4,78.0,1,6.378046023222847,1.5945115058057118,3,0.75,-17.0,95.0,-4.25,23.75,3.0,1,0,0
2022,REG,NE,00-0036972,M.Jones,00-0038098,P.Strong,7,7,42.0,0,1.0002188019570912,0.14288840027958447,3,0.42857142857142855,4.0,38.0,0.5714285714285714,5.428571428571429,3.0,0,0,0
2022,REG,NE,00-0036972,M.Jones,00-0038104,T.Thornton,33,15,184.0,1,-1.2627544416081116,-0.038265286109336716,11,0.3333333333333333,539.0,38.0,16.333333333333332,2.533333333333333,9.0,3,3,1
2022,REG,SF,00-0037012,T.Lance,00-0029892,K.Juszczyk,2,0,0.0,0,-2.384867831133303,-1.1924339155666515,0,0.0,7.0,0.0,3.5,0.0,0.0,0,0,0
2022,REG,SF,00-0037012,T.Lance,00-0032214,T.Kroft,2,1,9.0,0,-0.3242325395112859,-0.16211626975564294,1,0.5,33.0,3.0,16.5,3.0,0.0,0,0,0
2022,REG,SF,00-0037012,T.Lance,00-0034073,R.Dwelley,2,1,11.0,0,1.4009164285380358,0.7004582142690179,1,0.5,15.0,0.0,7.5,0.0,1.0,0,0,0
2022,REG,SF,00-0037012,T.Lance,00-0034115,J.Wilson,3,3,13.0,0,-2.587343331456061,-0.8624477771520204,0,0.0,5.0,8.0,1.6666666666666667,2.6666666666666665,0.0,0,1,0
2022,REG,SF,00-0037012,T.Lance,00-0034407,R.McCloud,2,1,20.0,0,0.26147788774687997,0.13073894387343998,1,0.5,32.0,0.0,16.0,0.0,1.0,1,0,0
2022,REG,SF,00-0037012,T.Lance,00-0035719,D.Samuel,8,2,14.0,0,-2.331108055135702,-0.2913885068919628,2,0.25,4.0,16.0,0.5,8.0,0.0,0,0,0
2022,REG,SF,00-0037012,T.Lance,00-0036259,J.Jennings,6,4,62.0,0,-0.2731485154654465,-0.045524752577574414,3,0.5,60.0,18.0,10.0,4.5,2.0,1,0,0
2022,REG,SF,00-0037012,T.Lance,00-0036261,B.Aiyuk,4,3,65.0,0,1.697719713731207,0.42442992843280175,3,0.75,61.0,35.0,15.25,11.666666666666666,2.0,2,0,0
2022,REG,NYJ,00-0037013,Z.Wilson,00-0032134,C.Uzomah,12,11,118.0,2,7.607268983207182,0.6339390819339318,7,0.5833333333333334,59.0,69.0,4.916666666666667,6.2727272727272725,5.0,2,1,1
2022,REG,NYJ,00-0037013,Z.Wilson,00-0033871,C.Davis,20,11,178.0,1,6.842225169006318,0.3421112584503159,10,0.5,294.0,29.0,14.7,2.6363636363636362,9.0,3,2,1
2022,REG,NYJ,00-0037013,Z.Wilson,00-0034270,T.Conklin,34,21,231.0,2,-1.761607549677144,-0.051811986755210114,14,0.4117647058823529,343.0,115.0,10.088235294117647,5.476190476190476,13.0,3,2,2
2022,REG,NYJ,00-0037013,Z.Wilson,00-0034419,B.Berrios,17,8,46.0,0,-2.5026435478660294,-0.14721432634506054,6,0.35294117647058826,130.0,33.0,7.647058823529412,4.125,3.0,0,1,0
2022,REG,NYJ,00-0037013,Z.Wilson,00-0035510,J.Smith,10,7,117.0,0,2.826747225888539,0.2826747225888539,6,0.6,136.0,28.0,13.6,4.0,4.0,2,1,0
2022,REG,NYJ,00-0037013,Z.Wilson,00-0035537,T.Johnson,4,1,6.0,0,-3.99323495879071,-0.9983087396976775,1,0.25,34.0,1.0,8.5,1.0,0.0,0,0,0
2022,REG,NYJ,00-0037013,Z.Wilson,00-0035831,J.Robinson,3,2,5.0,1,-0.18019992631161208,-0.06006664210387069,1,0.3333333333333333,-8.0,14.0,-2.6666666666666665,7.0,1.0,0,1,1
2022,REG,NYJ,00-0037013,Z.Wilson,00-0036255,D.Mims,17,7,140.0,0,1.358857148647067,0.07993277344982748,5,0.29411764705882354,211.0,66.0,12.411764705882353,9.428571428571429,5.0,2,1,0
2022,REG,NYJ,00-0037013,Z.Wilson,00-0036924,Mi.Carter,21,16,153.0,0,3.6900749733613436,0.17571785587434968,10,0.47619047619047616,20.0,147.0,0.9523809523809523,9.1875,4.0,1,3,0
2022,REG,NYJ,00-0037013,Z.Wilson,00-0036980,E.Moore,20,10,132.0,0,-6.353169980624405,-0.31765849903122023,7,0.35,227.0,30.0,11.35,3.0,6.0,4,1,0
2022,REG,NYJ,00-0037013,Z.Wilson,00-0037157,Z.Knight,1,1,15.0,0,1.03742350172251,1.03742350172251,1,1.0,3.0,12.0,3.0,12.0,1.0,0,0,0
2022,REG,NYJ,00-0037013,Z.Wilson,00-0037740,G.Wilson,51,31,430.0,0,12.19916593319606,0.23919933202345214,28,0.5490196078431373,481.0,168.0,9.431372549019608,5.419354838709677,20.0,7,2,0
2022,REG,NYJ,00-0037013,Z.Wilson,00-0038120,Br.Hall,10,6,117.0,0,3.37256190188216,0.337256190188216,3,0.3,58.0,98.0,5.8,16.333333333333332,2.0,2,1,0
2022,REG,WAS,00-0037077,S.Howell,00-0031260,L.Thomas,3,2,16.0,0,-1.2828906143308765,-0.42763020477695884,1,0.3333333333333333,10.0,6.0,3.3333333333333335,3.0,0.0,0,1,0
2022,REG,WAS,00-0037077,S.Howell,00-0032975,J.Williams,2,2,9.0,0,-1.045424508396537,-0.5227122541982685,0,0.0,3.0,6.0,1.5,3.0,0.0,0,0,0
2022,REG,WAS,00-0037077,S.Howell,00-0033282,C.Samuel,1,1,-2.0,0,-0.919550255639479,-0.919550255639479,0,0.0,-3.0,1.0,-3.0,1.0,0.0,0,0,0
2022,REG,WAS,00-0037077,S.Howell,00-0034104,C.Sims,1,0,0.0,0,-5.95650884934003,-5.95650884934003,0,0.0,5.0,0.0,5.0,0.0,0.0,0,1,0
2022,REG,WAS,00-0037077,S.Howell,00-0035659,T.McLaurin,6,3,74.0,1,3.08547347847625,0.5142455797460417,3,0.5,79.0,13.0,13.166666666666666,4.333333333333333,3.0,1,3,1
2022,REG,WAS,00-0037077,S.Howell,00-0036755,J.Patterson,1,0,0.0,0,-0.790954421740025,-0.790954421740025,0,0.0,4.0,0.0,4.0,0.0,0.0,0,0,0
2022,REG,WAS,00-0037077,S.Howell,00-0037741,J.Dotson,4,3,72.0,0,3.8431877959519696,0.9607969489879924,3,0.75,60.0,49.0,15.0,16.333333333333332,3.0,3,0,0
2022,REG,BAL,00-0037175,A.Brown,00-0031325,S.Watkins,4,2,79.0,0,1.4511987060832385,0.36279967652080963,1,0.25,64.0,48.0,16.0,24.0,1.0,2,0,0
2022,REG,BAL,00-0037175,A.Brown,00-0032775,D.Robinson,12,4,33.0,0,-7.081887176085722,-0.5901572646738101,2,0.16666666666666666,99.0,13.0,8.25,3.25,2.0,0,1,0
2022,REG,BAL,00-0037175,A.Brown,00-0033118,K.Drake,5,2,19.0,0,-0.5031732481438673,-0.10063464962877347,2,0.4,-2.0,20.0,-0.4,10.0,1.0,0,1,0
2022,REG,BAL,00-0037175,A.Brown,00-0034753,M.Andrews,1,1,7.0,0,1.28752125892788,1.28752125892788,1,1.0,3.0,4.0,3.0,4.0,1.0,0,0,0
2022,REG,BAL,00-0037175,A.Brown,00-0035249,J.Oliver,1,0,0.0,0,-0.592467793612741,-0.592467793612741,0,0.0,5.0,0.0,5.0,0.0,0.0,0,0,0
2022,REG,BAL,00-0037175,A.Brown,00-0036133,J.Proche,3,0,0.0,0,-3.6734727658040356,-1.2244909219346785,0,0.0,49.0,0.0,16.333333333333332,0.0,0.0,0,0,0
2022,REG,BAL,00-0037175,A.Brown,00-0036331,D.Duvernay,1,0,0.0,0,-0.427533315494657,-0.427533315494657,0,0.0,11.0,0.0,11.0,0.0,0.0,0,0,0
2022,REG,BAL,00-0037175,A.Brown,00-0036630,T.Wallace,1,1,12.0,0,0.772240191698074,0.772240191698074,1,1.0,7.0,5.0,7.0,5.0,1.0,0,0,0
2022,REG,BAL,00-0037175,A.Brown,00-0037838,I.Likely,13,8,103.0,0,-3.068036035819423,-0.23600277198610947,4,0.3076923076923077,116.0,32.0,8.923076923076923,4.0,4.0,2,2,0
2022,REG,BAL,00-0037175,A.Brown,00-0038046,C.Kolar,6,4,49.0,0,2.571820084481442,0.42863668074690703,3,0.5,49.0,20.0,8.166666666666666,5.0,3.0,0,1,0
2022,REG,MIA,00-0037327,S.Thompson,00-0031687,R.Mostert,10,8,26.0,0,0.6290561864734581,0.06290561864734581,3,0.3,10.0,21.0,1.0,2.625,2.0,0,2,0
2022,REG,MIA,00-0037327,S.Thompson,00-0033040,T.Hill,20,13,102.0,0,-2.724877757930628,-0.13624388789653138,10,0.5,213.0,27.0,10.65,2.076923076923077,7.0,0,1,0
2022,REG,MIA,00-0037327,S.Thompson,00-0034054,R.Cracraft,3,1,5.0,0,-5.474771202192646,-1.8249237340642155,0,0.0,20.0,0.0,6.666666666666667,0.0,0.0,0,0,0
2022,REG,MIA,00-0037327,S.Thompson,00-0034115,J.Wilson,7,3,11.0,0,-5.311744429348517,-0.7588206327640739,0,0.0,6.0,14.0,0.8571428571428571,4.666666666666667,0.0,0,1,0
2022,REG,MIA,00-0037327,S.Thompson,00-0034418,C.Wilson,5,3,26.0,0,2.3763657353702037,0.4752731470740407,3,0.6,69.0,17.0,13.8,5.666666666666667,2.0,0,0,0
2022,REG,MIA,00-0037327,S.Thompson,00-0034487,T.Sherfield,7,2,28.0,0,-3.816024094179734,-0.5451462991685334,1,0.14285714285714285,84.0,9.0,12.0,4.5,1.0,1,0,0
2022,REG,MIA,00-0037327,S.Thompson,00-0034681,C.Edmonds,2,0,0.0,0,-1.248475593165494,-0.624237796582747,0,0.0,1.0,0.0,0.5,0.0,0.0,0,0,0
2022,REG,MIA,00-0037327,S.Thompson,00-0034798,D.Smythe,6,4,47.0,0,1.4100138919311598,0.23500231532185997,3,0.5,36.0,11.0,6.0,2.75,2.0,1,0,0
2022,REG,MIA,00-0037327,S.Thompson,00-0034829,M.Gesicki,12,7,98.0,1,1.5228814169398337,0.12690678474498615,4,0.3333333333333333,124.0,21.0,10.333333333333334,3.0,4.0,2,2,1
2022,REG,MIA,00-0037327,S.Thompson,00-0035125,A.Ingold,3,2,25.0,0,0.736529513902496,0.24550983796749867,2,0.6666666666666666,11.0,16.0,3.6666666666666665,8.0,1.0,0,0,0
2022,REG,MIA,00-0037327,S.Thompson,00-0035311,M.Gaskin,5,3,24.0,0,-4.276670328166805,-0.855334065633361,2,0.4,14.0,19.0,2.8,6.333333333333333,0.0,0,3,0
2022,REG,MIA,00-0037327,S.Thompson,00-0036020,S.Ahmed,1,1,8.0,0,0.170607615320478,0.170607615320478,1,1.0,1.0,7.0,1.0,7.0,0.0,0,0,0
2022,REG,MIA,00-0037327,S.Thompson,00-0036613,J.Waddle,15,12,131.0,0,7.543131810817149,0.5028754540544766,9,0.6,154.0,39.0,10.266666666666667,3.25,7.0,1,0,0
2022,REG,MIA,00-0037327,S.Thompson,00-0037348,T.Conner,3,0,0.0,0,-2.659545708331277,-0.8865152361104256,0,0.0,20.0,0.0,6.666666666666667,0.0,0.0,0,0,0
2022,REG,MIA,00-0037327,S.Thompson,00-0038092,E.Ezukanma,1,1,3.0,0,-1.01252259360626,-1.01252259360626,0,0.0,-4.0,7.0,-4.0,7.0,0.0,0,0,0
2022,REG,MIN,00-0037500,R.Wright,00-0037291,J.Nailor,2,1,13.0,0,-0.40921337925828993,-0.20460668962914497,1,0.5,21.0,0.0,10.5,0.0,1.0,0,0,0
2022,REG,SF,00-0037834,B.Purdy,00-0029892,K.Juszczyk,6,6,45.0,1,1.550570016523124,0.25842833608718735,3,0.5,8.0,37.0,1.3333333333333333,6.166666666666667,2.0,1,1,1
2022,REG,SF,00-0037834,B.Purdy,00-0032214,T.Kroft,2,2,42.0,0,2.8942037650849697,1.4471018825424848,2,1.0,31.0,11.0,15.5,5.5,2.0,1,0,0
2022,REG,SF,00-0037834,B.Purdy,00-0033280,C.McCaffrey,34,26,229.0,3,10.97388876018792,0.32276143412317415,17,0.5,50.0,197.0,1.4705882352941178,7.576923076923077,11.0,3,6,1
2022,REG,SF,00-0037834,B.Purdy,00-0033288,G.Kittle,34,24,315.0,7,23.067465449153886,0.6784548661515849,19,0.5588235294117647,242.0,149.0,7.117647058823529,6.208333333333333,16.0,5,7,3
2022,REG,SF,00-0037834,B.Purdy,00-0034407,R.McCloud,10,6,126.0,0,6.868716075841795,0.6868716075841795,6,0.6,68.0,65.0,6.8,10.833333333333334,6.0,3,0,0
2022,REG,SF,00-0037834,B.Purdy,00-0035719,D.Samuel,18,12,121.0,0,2.990516070363806,0.1661397816868781,11,0.6111111111111112,60.0,96.0,3.3333333333333335,8.0,6.0,0,2,0
2022,REG,SF,00-0037834,B.Purdy,00-0036259,J.Jennings,20,11,147.0,0,-0.8279202966839949,-0.041396014834199746,9,0.45,206.0,44.0,10.3,4.0,6.0,1,1,0
2022,REG,SF,00-0037834,B.Purdy,00-0036261,B.Aiyuk,39,27,349.0,2,12.925995258422697,0.33143577585699224,21,0.5384615384615384,408.0,107.0,10.461538461538462,3.962962962962963,17.0,6,3,1
2022,REG,SF,00-0037834,B.Purdy,00-0037827,T.Davis-Price,2,0,0.0,0,-0.932838922657538,-0.466419461328769,0,0.0,0.0,0.0,0.0,0.0,0.0,0,0,0
2022,REG,SF,00-0037834,B.Purdy,00-0037828,D.Gray,1,0,0.0,0,-0.362881785084028,-0.362881785084028,0,0.0,18.0,0.0,18.0,0.0,0.0,0,0,0
2022,REG,PIT,00-0038102,K.Pickett,00-0032897,D.Watt,4,4,10.0,0,-0.964245530834887,-0.24106138270872174,1,0.25,6.0,4.0,1.5,1.0,0.0,0,1,0
2022,REG,PIT,00-0038102,K.Pickett,00-0034928,S.Sims,17,9,64.0,0,-5.441631364889715,-0.3200959626405715,5,0.29411764705882354,91.0,46.0,5.352941176470588,5.111111111111111,3.0,1,1,0
2022,REG,PIT,00-0038102,K.Pickett,00-0035216,D.Johnson,93,48,502.0,0,-7.491253085006708,-0.08055110844093234,40,0.43010752688172044,883.0,175.0,9.494623655913978,3.6458333333333335,24.0,5,17,0
2022,REG,PIT,00-0038102,K.Pickett,00-0035217,B.Snell,2,2,17.0,0,1.5642406260012631,0.7821203130006316,1,0.5,-1.0,18.0,-0.5,9.0,1.0,0,0,0
2022,REG,PIT,00-0038102,K.Pickett,00-0035222,Z.Gentry,19,16,88.0,0,-2.53454788176239,-0.13339725693486262,7,0.3684210526315789,56.0,56.0,2.9473684210526314,3.5,5.0,1,2,0
2022,REG,PIT,00-0038102,K.Pickett,00-0035645,G.Olszewski,4,3,43.0,0,1.659631249291123,0.41490781232278073,2,0.5,33.0,13.0,8.25,4.333333333333333,1.0,1,1,0
2022,REG,PIT,00-0038102,K.Pickett,00-0035703,M.Boykin,1,1,11.0,0,0.863214521261398,0.863214521261398,1,1.0,11.0,0.0,11.0,0.0,1.0,0,0,0
2022,REG,PIT,00-0038102,K.Pickett,00-0035891,C.White,1,1,2.0,0,-0.415927316527814,-0.415927316527814,0,0.0,0.0,2.0,0.0,2.0,0.0,0,0,0
2022,REG,PIT,00-0038102,K.Pickett,00-0036326,C.Claypool,26,16,156.0,0,-3.7014859941933187,-0.14236484593051227,14,0.5384615384615384,240.0,73.0,9.23076923076923,4.5625,9.0,2,2,0
2022,REG,PIT,00-0038102,K.Pickett,00-0036336,A.McFarland,2,2,11.0,0,-0.45270952244754503,-0.22635476122377252,1,0.5,-4.0,15.0,-2.0,7.5,1.0,0,0,0
2022,REG,PIT,00-0038102,K.Pickett,00-0036893,N.Harris,38,29,164.0,2,2.525131814570524,0.0664508372255401,16,0.42105263157894735,73.0,144.0,1.9210526315789473,4.9655172413793105,9.0,0,5,2
2022,REG,PIT,00-0038102,K.Pickett,00-0036894,P.Freiermuth,66,45,512.0,0,11.613089461004833,0.17595590092431565,36,0.5454545454545454,553.0,206.0,8.378787878787879,4.5777777777777775,24.0,5,9,0
2022,REG,PIT,00-0038102,K.Pickett,00-0037228,J.Warren,26,22,180.0,0,11.332080696175975,0.4358492575452298,15,0.5769230769230769,0.0,180.0,0.0,8.181818181818182,12.0,1,3,0
2022,REG,PIT,00-0038102,K.Pickett,00-0037247,G.Pickens,59,38,555.0,4,36.983850819936194,0.626844929151461,33,0.559322033898305,787.0,79.0,13.338983050847459,2.0789473684210527,29.0,11,8,2
2022,REG,PIT,00-0038102,K.Pickett,00-0037304,Co.Heyward,13,9,89.0,1,1.259744743030741,0.09690344177159546,8,0.6153846153846154,59.0,31.0,4.538461538461538,3.4444444444444446,4.0,1,3,1
2022,REG,NE,00-0038108,B.Zappe,00-0031547,D.Parker,12,8,157.0,1,9.280813994642818,0.7734011662202348,7,0.5833333333333334,177.0,31.0,14.75,3.875,7.0,3,0,0
2022,REG,NE,00-0038108,B.Zappe,00-0031549,N.Agholor,5,2,19.0,0,-7.672687101876363,-1.5345374203752726,1,0.2,52.0,0.0,10.4,0.0,1.0,1,0,0
2022,REG,NE,00-0038108,B.Zappe,00-0033090,H.Henry,16,10,128.0,1,2.1304031968287287,0.13315019980179554,7,0.4375,96.0,53.0,6.0,5.3,7.0,2,3,0
2022,REG,NE,00-0038108,B.Zappe,00-0033307,K.Bourne,4,3,34.0,0,2.108391555883713,0.5270978889709282,2,0.5,30.0,17.0,7.5,5.666666666666667,2.0,0,1,0
2022,REG,NE,00-0038108,B.Zappe,00-0033858,J.Smith,4,3,65.0,0,4.490814556833361,1.1227036392083403,2,0.5,20.0,53.0,5.0,17.666666666666668,1.0,1,0,0
2022,REG,NE,00-0038108,B.Zappe,00-0034960,J.Meyers,14,13,205.0,2,16.09962083247956,1.1499729166056827,12,0.8571428571428571,176.0,60.0,12.571428571428571,4.615384615384615,10.0,5,0,0
2022,REG,NE,00-0038108,B.Zappe,00-0035406,L.Humphrey,1,1,9.0,0,0.818911687005311,0.818911687005311,1,1.0,-2.0,11.0,-2.0,11.0,0.0,0,0,0
2022,REG,NE,00-0038108,B.Zappe,00-0035657,D.Harris,1,1,1.0,0,-0.649376176181249,-0.649376176181249,0,0.0,-5.0,6.0,-5.0,6.0,0.0,0,1,0
2022,REG,NE,00-0038108,B.Zappe,00-0036875,R.Stevenson,18,16,106.0,0,1.3860773603664702,0.07700429779813724,10,0.5555555555555556,-13.0,126.0,-0.7222222222222222,7.875,5.0,1,3,0
2022,REG,NE,00-0038108,B.Zappe,00-0038104,T.Thornton,12,7,63.0,1,-1.6305710737942745,-0.13588092281618955,4,0.3333333333333333,107.0,25.0,8.916666666666666,3.5714285714285716,4.0,1,2,1
2022,REG,NE,00-0038108,B.Zappe,00-0038108,B.Zappe,1,1,-6.0,0,-1.24259237432852,-1.24259237432852,0,0.0,-8.0,2.0,-8.0,2.0,0.0,0,0,0
2022,REG,ATL,00-0038122,D.Ridder,00-0030578,C.Patterson,15,10,57.0,0,-4.818990623285703,-0.3212660415523802,5,0.3333333333333333,42.0,68.0,2.8,6.8,3.0,0,2,0
2022,REG,ATL,00-0038122,D.Ridder,00-0031585,M.Pruitt,13,9,103.0,1,3.1267072244663767,0.24051594034356744,5,0.38461538461538464,90.0,46.0,6.923076923076923,5.111111111111111,5.0,2,4,1
2022,REG,ATL,00-0038122,D.Ridder,00-0031868,D.Byrd,6,3,27.0,0,-2.420821601699565,-0.4034702669499275,2,0.3333333333333333,99.0,6.0,16.5,2.0,1.0,0,0,0
2022,REG,ATL,00-0038122,D.Ridder,00-0033455,A.Firkser,6,3,21.0,0,-1.760839208029211,-0.2934732013382018,1,0.16666666666666666,45.0,0.0,7.5,0.0,1.0,0,0,0
2022,REG,ATL,00-0038122,D.Ridder,00-0034854,K.Hodge,1,1,5.0,0,0.336773650022224,0.336773650022224,1,1.0,5.0,0.0,5.0,0.0,0.0,0,0,0
2022,REG,ATL,00-0038122,D.Ridder,00-0035208,O.Zaccheaus,17,8,55.0,1,-0.8710660866706919,-0.05123918156886423,6,0.35294117647058826,179.0,32.0,10.529411764705882,4.0,3.0,0,4,1
2022,REG,ATL,00-0038122,D.Ridder,00-0035572,P.Hesse,2,2,14.0,0,0.8073562332428991,0.40367811662144953,2,1.0,5.0,9.0,2.5,4.5,1.0,0,0,0
2022,REG,ATL,00-0038122,D.Ridder,00-0036950,A.Williams,5,5,26.0,0,1.709975172270792,0.3419950344541584,3,0.6,-5.0,31.0,-1.0,6.2,2.0,0,2,0
2022,REG,ATL,00-0038122,D.Ridder,00-0036951,F.Darby,1,1,15.0,0,1.2657943648519,1.2657943648519,1,1.0,14.0,1.0,14.0,1.0,1.0,0,0,0
2022,REG,ATL,00-0038122,D.Ridder,00-0037238,D.London,36,25,333.0,0,13.990756318380605,0.3886321199550168,21,0.5833333333333334,397.0,74.0,11.027777777777779,2.96,17.0,4,4,0
2022,REG,ATL,00-0038122,D.Ridder,00-0037263,T.Allgeier,7,6,52.0,0,4.288974316266826,0.6127106166095465,4,0.5714285714285714,-12.0,61.0,-1.7142857142857142,10.166666666666666,3.0,1,0,0
2022,REG,ATL,00-0038122,D.Ridder,00-0038149,J.Ali,1,0,0.0,0,-0.519019901752472,-0.519019901752472,0,0.0,45.0,0.0,45.0,0.0,0.0,0,0,0
2022,REG,TEN,00-0038128,M.Willis,00-0029664,J.Gordon,1,0,0.0,0,-0.488447367679328,-0.488447367679328,0,0.0,12.0,0.0,12.0,0.0,0.0,0,0,0
2022,REG,TEN,00-0038128,M.Willis,00-0030431,R.Woods,11,7,62.0,0,2.449232419603502,0.22265749269122745,6,0.5454545454545454,69.0,24.0,6.2727272727272725,3.4285714285714284,2.0,0,1,0
2022,REG,TEN,00-0038128,M.Willis,00-0032128,C.Conley,3,2,14.0,0,0.339977059862574,0.113325686620858,2,0.6666666666666666,37.0,3.0,12.333333333333334,1.5,1.0,0,0,0
2022,REG,TEN,00-0038128,M.Willis,00-0032141,G.Swaim,1,1,-1.0,0,-0.669825925957412,-0.669825925957412,0,0.0,-4.0,3.0,-4.0,3.0,0.0,0,0,0
2022,REG,TEN,00-0038128,M.Willis,00-0032392,A.Hooper,9,5,59.0,0,-2.064009364141385,-0.22933437379348723,4,0.4444444444444444,89.0,11.0,9.88888888888889,2.2,3.0,0,1,0
2022,REG,TEN,00-0038128,M.Willis,00-0032764,D.Henry,3,3,9.0,0,-1.223475881561169,-0.407825293853723,1,0.3333333333333333,1.0,8.0,0.3333333333333333,2.6666666666666665,0.0,0,0,0
2022,REG,TEN,00-0038128,M.Willis,00-0033367,C.Board,1,1,6.0,0,0.208609085937496,0.208609085937496,1,1.0,6.0,0.0,6.0,0.0,0.0,0,0,0
2022,REG,TEN,00-0038128,M.Willis,00-0033386,C.Hollister,2,0,0.0,0,-6.565243943041422,-3.282621971520711,0,0.0,32.0,0.0,16.0,0.0,0.0,0,0,0
2022,REG,TEN,00-0038128,M.Willis,00-0034253,D.Hilliard,3,3,18.0,0,-3.5127601816202447,-1.1709200605400816,1,0.3333333333333333,1.0,17.0,0.3333333333333333,5.666666666666667,1.0,0,1,0
2022,REG,TEN,00-0038128,M.Willis,00-0036182,N.Westbrook-Ikhine,5,2,23.0,0,-2.6641117688850464,-0.5328223537770093,1,0.2,58.0,8.0,11.6,4.0,1.0,0,1,0
2022,REG,TEN,00-0038128,M.Willis,00-0037617,H.Haskins,3,3,19.0,0,-0.5911638964898883,-0.1970546321632961,1,0.3333333333333333,8.0,11.0,2.6666666666666665,3.6666666666666665,1.0,0,0,0
2022,REG,TEN,00-0038128,M.Willis,00-0037742,T.Burks,2,0,0.0,0,-5.906030459154861,-2.9530152295774306,0,0.0,6.0,0.0,3.0,0.0,0.0,0,0,0
2022,REG,TEN,00-0038128,M.Willis,00-0037809,C.Okonkwo,8,4,67.0,0,0.9327497449703459,0.11659371812129324,2,0.25,53.0,59.0,6.625,14.75,2.0,1,0,0
2023,POST,CLE,00-0026158,J.Flacco,00-0030068,M.Goodwin,1,0,0.0,0,-0.902222552802414,-0.902222552802414,0,0.0,13.0,0.0,13.0,0.0,0.0,0,0,0
2023,POST,CLE,00-0026158,J.Flacco,00-0031544,A.Cooper,5,4,59.0,0,3.8982284186640763,0.7796456837328153,4,0.8,66.0,7.0,13.2,1.75,4.0,0,0,0
2023,POST,CLE,00-0026158,J.Flacco,00-0033885,D.Njoku,11,7,93.0,0,1.9344398261746338,0.1758581660158758,5,0.45454545454545453,135.0,19.0,12.272727272727273,2.7142857142857144,4.0,1,0,0
2023,POST,CLE,00-0026158,J.Flacco,00-0033923,K.Hunt,6,5,9.0,1,-3.893805719970257,-0.6489676199950428,1,0.16666666666666666,-9.0,19.0,-1.5,3.8,1.0,0,1,1
2023,POST,CLE,00-0026158,J.Flacco,00-0036232,H.Bryant,6,4,65.0,0,-2.251341144787154,-0.3752235241311923,4,0.6666666666666666,46.0,36.0,7.666666666666667,9.0,2.0,1,1,0
2023,POST,CLE,00-0026158,J.Flacco,00-0036980,E.Moore,2,2,12.0,0,0.057262713089585304,0.028631356544792652,1,0.5,3.0,9.0,1.5,4.5,0.0,0,0,0
2023,POST,CLE,00-0026158,J.Flacco,00-0037257,Dav.Bell,8,8,54.0,0,3.445737739035395,0.43071721737942437,4,0.5,39.0,15.0,4.875,1.875,2.0,0,1,0
2023,POST,CLE,00-0026158,J.Flacco,00-0037267,J.Ford,4,4,15.0,0,-0.9304388306336521,-0.23260970765841302,1,0.25,-10.0,25.0,-2.5,6.25,1.0,0,0,0
2023,POST,LA,00-0026498,M.Stafford,00-0032775,D.Robinson,6,3,44.0,0,1.733956184878477,0.28899269747974615,3,0.5,126.0,2.0,21.0,0.6666666666666666,3.0,0,0,0
2023,POST,LA,00-0026498,M.Stafford,00-0033110,T.Higbee,1,0,0.0,0,-0.47049276670441,-0.47049276670441,0,0.0,10.0,0.0,10.0,0.0,0.0,0,0,0
2023,POST,LA,00-0026498,M.Stafford,00-0033908,C.Kupp,9,5,27.0,0,-1.173747704982749,-0.13041641166474988,1,0.1111111111111111,68.0,5.0,7.555555555555555,1.0,2.0,0,4,0
2023,POST,LA,00-0026498,M.Stafford,00-0036849,T.Atwell,1,1,38.0,1,3.59008170856396,3.59008170856396,1,1.0,16.0,22.0,16.0,22.0,1.0,1,0,0
2023,POST,LA,00-0026498,M.Stafford,00-0036862,B.Skowronek,1,1,5.0,0,-0.202467282710131,-0.202467282710131,0,0.0,4.0,1.0,4.0,1.0,0.0,0,0,0
2023,POST,LA,00-0026498,M.Stafford,00-0037557,R.Rivers,3,3,35.0,0,2.110367275308821,0.7034557584362737,2,0.6666666666666666,-12.0,47.0,-4.0,15.666666666666666,2.0,0,1,0
2023,POST,LA,00-0026498,M.Stafford,00-0037840,K.Williams,1,1,9.0,0,0.824996235547587,0.824996235547587,1,1.0,1.0,8.0,1.0,8.0,0.0,0,0,0
2023,POST,LA,00-0026498,M.Stafford,00-0039074,D.Allen,2,2,28.0,0,2.188752084970469,1.0943760424852345,2,1.0,9.0,19.0,4.5,9.5,1.0,1,0,0
2023,POST,LA,00-0026498,M.Stafford,00-0039075,P.Nacua,10,9,181.0,1,14.605058333487245,1.4605058333487244,9,0.9,96.0,103.0,9.6,11.444444444444445,6.0,5,0,0
2023,POST,DAL,00-0033077,D.Prescott,00-0031236,B.Cooks,8,6,47.0,0,-1.0547198624117247,-0.13183998280146558,6,0.75,93.0,1.0,11.625,0.16666666666666666,4.0,0,0,0
2023,POST,DAL,00-0033077,D.Prescott,00-0034764,M.Gallup,6,6,103.0,0,6.12355017813388,1.0205916963556467,6,1.0,66.0,37.0,11.0,6.166666666666667,4.0,1,0,0
2023,POST,DAL,00-0033077,D.Prescott,00-0035261,T.Pollard,9,7,29.0,0,-1.8671629812451949,-0.20746255347168832,3,0.3333333333333333,14.0,33.0,1.5555555555555556,4.714285714285714,1.0,0,2,0
2023,POST,DAL,00-0033077,D.Prescott,00-0036139,R.Dowdle,3,2,14.0,0,1.461886224802584,0.487295408267528,2,0.6666666666666666,13.0,13.0,4.333333333333333,6.5,2.0,0,2,0
2023,POST,DAL,00-0033077,D.Prescott,00-0036358,C.Lamb,17,9,110.0,0,-6.36652562319071,-0.3745015072465123,7,0.4117647058823529,204.0,35.0,12.0,3.888888888888889,7.0,1,2,0
2023,POST,DAL,00-0033077,D.Prescott,00-0037666,J.Tolbert,2,0,0.0,0,-4.28642712208687,-2.143213561043435,0,0.0,24.0,0.0,12.0,0.0,0.0,0,1,0
2023,POST,DAL,00-0033077,D.Prescott,00-0038041,J.Ferguson,12,10,93.0,3,10.3524350063526,0.86270291719605,8,0.6666666666666666,75.0,27.0,6.25,2.7,7.0,1,4,3
2023,POST,DAL,00-0033077,D.Prescott,00-0038547,L.Schoonmaker,1,1,7.0,0,0.596730084042065,0.596730084042065,1,1.0,2.0,5.0,2.0,5.0,0.0,0,0,0
2023,POST,DET,00-0033106,J.Goff,00-0033455,A.Firkser,1,1,8.0,0,1.17163440826698,1.17163440826698,1,1.0,4.0,4.0,4.0,4.0,0.0,0,1,0
2023,POST,DET,00-0033106,J.Goff,00-0033943,J.Reynolds,14,8,132.0,1,3.042472480097778,0.217319462864127,7,0.5,169.0,36.0,12.071428571428571,4.5,7.0,3,3,1
2023,POST,DET,00-0033106,J.Goff,00-0034171,J.Cabinda,1,1,0.0,0,-0.819128350587562,-0.819128350587562,0,0.0,-3.0,3.0,-3.0,3.0,0.0,0,0,0
2023,POST,DET,00-0033106,J.Goff,00-0035685,D.Montgomery,7,6,45.0,0,2.743006223405249,0.39185803191503554,5,0.7142857142857143,7.0,35.0,1.0,5.833333333333333,4.0,0,0,0
2023,POST,DET,00-0033106,J.Goff,00-0036754,B.Wright,1,1,29.0,0,2.2748972872505,2.2748972872505,1,1.0,2.0,27.0,2.0,27.0,1.0,1,0,0
2023,POST,DET,00-0033106,J.Goff,00-0036963,A.St. Brown,34,22,274.0,1,13.59188665222608,0.39976137212429647,20,0.5882352941176471,250.0,123.0,7.352941176470588,5.590909090909091,18.0,3,7,1
2023,POST,DET,00-0033106,J.Goff,00-0037240,J.Williams,9,6,79.0,1,7.721726634365036,0.8579696260405596,6,0.6666666666666666,157.0,4.0,17.444444444444443,0.6666666666666666,5.0,2,1,1
2023,POST,DET,00-0033106,J.Goff,00-0039065,S.LaPorta,27,21,176.0,1,9.141696251244962,0.3385813426387023,16,0.5925925925925926,170.0,95.0,6.296296296296297,4.523809523809524,11.0,0,6,1
2023,POST,DET,00-0033106,J.Goff,00-0039139,J.Gibbs,14,11,94.0,0,0.1275419337063872,0.0091101381218848,5,0.35714285714285715,4.0,113.0,0.2857142857142857,10.272727272727273,4.0,1,3,0
2023,POST,KC,00-0033873,P.Mahomes,00-0030506,T.Kelce,37,32,355.0,3,29.618779395057018,0.8005075512177573,27,0.7297297297297297,243.0,158.0,6.5675675675675675,4.9375,19.0,5,6,2
2023,POST,KC,00-0033873,P.Mahomes,00-0031376,J.McKinnon,2,2,15.0,0,0.3137959445011799,0.15689797225058996,1,0.5,1.0,14.0,0.5,7.0,1.0,0,0,0
2023,POST,KC,00-0033873,P.Mahomes,00-0034272,M.Valdes-Scantling,13,8,128.0,1,5.184591497935372,0.3988147306104132,7,0.5384615384615384,237.0,7.0,18.23076923076923,0.875,5.0,3,2,1
2023,POST,KC,00-0033873,P.Mahomes,00-0034286,R.James,4,1,6.0,0,-1.6253606661921363,-0.40634016654803407,1,0.25,19.0,0.0,4.75,0.0,1.0,0,0,0
2023,POST,KC,00-0033873,P.Mahomes,00-0034386,Ju.Watson,10,6,90.0,0,4.113228139344006,0.4113228139344006,6,0.6,132.0,24.0,13.2,4.0,4.0,2,1,0
2023,POST,KC,00-0033873,P.Mahomes,00-0035140,M.Hardman,7,5,62.0,1,-4.6587258943074055,-0.6655322706153436,2,0.2857142857142857,107.0,16.0,15.285714285714286,3.2,2.0,1,2,1
2023,POST,KC,00-0033873,P.Mahomes,00-0036360,C.Edwards-Helaire,4,4,7.0,0,-0.6112958749290521,-0.15282396873226303,1,0.25,-12.0,19.0,-3.0,4.75,1.0,0,1,0
2023,POST,KC,00-0033873,P.Mahomes,00-0036637,N.Gray,11,8,66.0,0,-0.38957339676563596,-0.03541576334233054,5,0.45454545454545453,73.0,28.0,6.636363636363637,3.5,3.0,1,1,0
2023,POST,KC,00-0033873,P.Mahomes,00-0037197,I.Pacheco,12,12,60.0,0,0.25413920186110994,0.021178266821759162,6,0.5,-15.0,75.0,-1.25,6.25,2.0,0,2,0
2023,POST,KC,00-0033873,P.Mahomes,00-0039067,R.Rice,33,26,262.0,1,17.7627702385915,0.538265764805803,20,0.6060606060606061,125.0,195.0,3.787878787878788,7.5,15.0,4,6,1
2023,POST,PIT,00-0034771,M.Rudolph,00-0031428,A.Robinson,3,2,12.0,0,-1.3083889323752391,-0.4361296441250797,1,0.3333333333333333,4.0,13.0,1.3333333333333333,6.5,1.0,0,0,0
2023,POST,PIT,00-0034771,M.Rudolph,00-0035216,D.Johnson,7,4,48.0,1,-0.5125412510242295,-0.07322017871774708,4,0.5714285714285714,75.0,18.0,10.714285714285714,4.5,4.0,0,3,1
2023,POST,PIT,00-0034771,M.Rudolph,00-0036893,N.Harris,3,2,15.0,0,-0.09071317355847028,-0.030237724519490094,1,0.3333333333333333,8.0,10.0,2.6666666666666665,5.0,1.0,0,0,0
2023,POST,PIT,00-0034771,M.Rudolph,00-0036894,P.Freiermuth,8,5,76.0,0,2.8319875849993004,0.35399844812491255,5,0.625,64.0,34.0,8.0,6.8,3.0,1,0,0
2023,POST,PIT,00-0034771,M.Rudolph,00-0037228,J.Warren,2,2,16.0,0,0.64985698601231,0.324928493006155,1,0.5,-5.0,21.0,-2.5,10.5,1.0,0,0,0
2023,POST,PIT,00-0034771,M.Rudolph,00-0037247,G.Pickens,11,5,50.0,0,-7.123236958224231,-0.6475669962022028,3,0.2727272727272727,120.0,2.0,10.909090909090908,0.4,3.0,0,2,0
2023,POST,PIT,00-0034771,M.Rudolph,00-0037304,Co.Heyward,1,1,5.0,0,0.0615463452413678,0.0615463452413678,1,1.0,5.0,0.0,5.0,0.0,0.0,0,0,0
2023,POST,PIT,00-0034771,M.Rudolph,00-0037837,C.Austin,2,1,7.0,1,1.9275955990888192,0.9637977995444096,1,0.5,11.0,1.0,5.5,1.0,1.0,0,1,1
2023,POST,PIT,00-0034771,M.Rudolph,00-0038558,D.Washington,1,0,0.0,0,-0.572819796390832,-0.572819796390832,0,0.0,0.0,0.0,0.0,0.0,0.0,0,0,0
2023,POST,BAL,00-0034796,L.Jackson,00-0031235,O.Beckham,7,4,34.0,0,2.688505842408629,0.3840722632012327,4,0.5714285714285714,111.0,2.0,15.857142857142858,0.5,2.0,0,0,0
2023,POST,BAL,00-0034796,L.Jackson,00-0031549,N.Agholor,7,3,51.0,1,0.5395915176486552,0.07708450252123646,3,0.42857142857142855,80.0,23.0,11.428571428571429,7.666666666666667,2.0,1,1,1
2023,POST,BAL,00-0034796,L.Jackson,00-0034184,G.Edwards,3,2,15.0,0,-0.572353684110563,-0.19078456137018765,1,0.3333333333333333,7.0,15.0,2.3333333333333335,7.5,1.0,0,0,0
2023,POST,BAL,00-0034796,L.Jackson,00-0034753,M.Andrews,2,2,15.0,0,0.7598862063605341,0.37994310318026703,1,0.5,15.0,0.0,7.5,0.0,0.0,0,0,0
2023,POST,BAL,00-0034796,L.Jackson,00-0034796,L.Jackson,1,1,13.0,0,1.15970350394491,1.15970350394491,1,1.0,-1.0,14.0,-1.0,14.0,1.0,0,0,0
2023,POST,BAL,00-0034796,L.Jackson,00-0034975,J.Hill,9,6,45.0,0,2.545217319799124,0.28280192442212493,5,0.5555555555555556,-5.0,41.0,-0.5555555555555556,6.833333333333333,4.0,0,0,0
2023,POST,BAL,00-0034796,L.Jackson,00-0036550,R.Bateman,6,4,41.0,0,0.22469386883673892,0.03744897813945649,2,0.3333333333333333,90.0,5.0,15.0,1.25,2.0,1,1,0
2023,POST,BAL,00-0034796,L.Jackson,00-0037838,I.Likely,6,4,50.0,1,-0.5249305477482271,-0.08748842462470452,4,0.6666666666666666,67.0,23.0,11.166666666666666,5.75,3.0,0,2,1
2023,POST,BAL,00-0034796,L.Jackson,00-0038046,C.Kolar,1,1,4.0,0,-0.117344471684191,-0.117344471684191,0,0.0,4.0,0.0,4.0,0.0,0.0,0,0,0
2023,POST,BAL,00-0034796,L.Jackson,00-0039064,Z.Flowers,13,9,156.0,1,1.0235025217407445,0.0787309632108265,8,0.6153846153846154,132.0,48.0,10.153846153846153,5.333333333333333,6.0,2,1,0
2023,POST,TB,00-0034855,B.Mayfield,00-0031408,M.Evans,20,11,195.0,1,7.889639624743742,0.3944819812371871,10,0.5,312.0,35.0,15.6,3.1818181818181817,7.0,5,2,1
2023,POST,TB,00-0034855,B.Mayfield,00-0033589,D.Moore,4,3,77.0,1,7.225981687736689,1.8064954219341722,3,0.75,47.0,42.0,11.75,14.0,3.0,2,0,0
2023,POST,TB,00-0034855,B.Mayfield,00-0033921,C.Godwin,13,8,85.0,1,3.9104641670517113,0.3008049359270547,7,0.5384615384615384,130.0,30.0,10.0,3.75,4.0,1,1,0
2023,POST,TB,00-0034855,B.Mayfield,00-0034681,C.Edmonds,4,3,26.0,0,1.2187908868072541,0.30469772170181353,2,0.5,-13.0,32.0,-3.25,10.666666666666666,1.0,0,0,0
2023,POST,TB,00-0034855,B.Mayfield,00-0037256,R.White,8,5,39.0,1,3.46994885196909,0.43374360649613625,4,0.5,6.0,48.0,0.75,9.6,3.0,0,2,1
2023,POST,TB,00-0034855,B.Mayfield,00-0037487,D.Thompkins,2,1,4.0,0,-0.618624809547328,-0.309312404773664,0,0.0,-5.0,8.0,-2.5,8.0,0.0,0,1,0
2023,POST,TB,00-0034855,B.Mayfield,00-0038129,C.Otton,19,13,154.0,1,5.302784622763285,0.27909392751385714,11,0.5789473684210527,121.0,79.0,6.368421052631579,6.076923076923077,10.0,2,3,1
2023,POST,TB,00-0034855,B.Mayfield,00-0039050,P.Durham,1,1,18.0,0,1.10971551062539,1.10971551062539,1,1.0,7.0,11.0,7.0,11.0,1.0,0,0,0
2023,POST,TB,00-0034855,B.Mayfield,00-0039052,T.Palmer,4,3,88.0,1,4.494467957887496,1.123616989471874,2,0.5,38.0,60.0,9.5,20.0,2.0,2,1,0
2023,POST,BUF,00-0034857,J.Allen,00-0030513,L.Murray,6,5,40.0,0,-0.6069837160424478,-0.1011639526737413,3,0.5,4.0,35.0,0.6666666666666666,7.0,1.0,0,1,0
2023,POST,BUF,00-0034857,J.Allen,00-0031588,S.Diggs,17,10,73.0,0,0.32537228854337874,0.019139546384904633,7,0.4117647058823529,144.0,57.0,8.470588235294118,5.7,5.0,0,0,0
2023,POST,BUF,00-0034857,J.Allen,00-0034487,T.Sherfield,3,1,7.0,0,-0.607131367898546,-0.20237712263284868,1,0.3333333333333333,81.0,4.0,27.0,4.0,1.0,0,0,0
2023,POST,BUF,00-0034857,J.Allen,00-0035215,D.Harty,2,2,37.0,0,1.704744685092014,0.852372342546007,1,0.5,9.0,28.0,4.5,14.0,1.0,1,0,0
2023,POST,BUF,00-0034857,J.Allen,00-0035527,A.Isabella,1,0,0.0,0,-0.428989585954696,-0.428989585954696,0,0.0,-6.0,0.0,-6.0,0.0,0.0,0,0,0
2023,POST,BUF,00-0034857,J.Allen,00-0035537,T.Johnson,3,1,14.0,0,-0.46177237853407793,-0.15392412617802598,1,0.3333333333333333,24.0,11.0,8.0,11.0,1.0,0,0,0
2023,POST,BUF,00-0034857,J.Allen,00-0035689,D.Knox,3,2,13.0,1,2.262376187834893,0.7541253959449644,2,0.6666666666666666,18.0,5.0,6.0,2.5,2.0,0,1,1
2023,POST,BUF,00-0034857,J.Allen,00-0037248,J.Cook,9,8,26.0,0,-2.894714214082346,-0.32163491267581623,3,0.3333333333333333,-18.0,46.0,-2.0,5.75,1.0,0,2,0
2023,POST,BUF,00-0034857,J.Allen,00-0037261,K.Shakir,12,10,75.0,2,9.371596349898017,0.7809663624915014,8,0.6666666666666666,54.0,53.0,4.5,5.3,6.0,0,3,2
2023,POST,BUF,00-0034857,J.Allen,00-0038933,D.Kincaid,11,8,104.0,1,4.954634198918942,0.45042129081081295,8,0.7272727272727273,98.0,43.0,8.909090909090908,5.375,5.0,2,0,0
2023,POST,MIA,00-0036212,T.Tagovailoa,00-0031687,R.Mostert,2,1,-3.0,0,-2.5241897447849597,-1.2620948723924799,0,0.0,-12.0,3.0,-6.0,3.0,0.0,0,0,0
2023,POST,MIA,00-0036212,T.Tagovailoa,00-0033040,T.Hill,8,5,62.0,1,-2.4443343782331866,-0.3055417972791483,2,0.25,83.0,31.0,10.375,6.2,1.0,1,0,0
2023,POST,MIA,00-0036212,T.Tagovailoa,00-0034054,R.Cracraft,3,2,33.0,0,1.396124143793712,0.46537471459790397,2,0.6666666666666666,30.0,14.0,10.0,7.0,2.0,0,0,0
2023,POST,MIA,00-0036212,T.Tagovailoa,00-0034115,J.Wilson,2,1,6.0,0,-0.754996514646337,-0.3774982573231685,0,0.0,-1.0,9.0,-0.5,9.0,0.0,0,0,0
2023,POST,MIA,00-0036212,T.Tagovailoa,00-0034418,C.Wilson,7,3,37.0,0,0.9437732805963621,0.13482475437090888,2,0.2857142857142857,86.0,4.0,12.285714285714286,1.3333333333333333,2.0,0,0,0
2023,POST,MIA,00-0036212,T.Tagovailoa,00-0034419,B.Berrios,1,0,0.0,0,-1.07413911819458,-1.07413911819458,0,0.0,15.0,0.0,15.0,0.0,0.0,0,0,0
2023,POST,MIA,00-0036212,T.Tagovailoa,00-0034798,D.Smythe,4,3,12.0,0,-3.6111499324324523,-0.9027874831081131,1,0.25,8.0,3.0,2.0,1.0,0.0,0,0,0
2023,POST,MIA,00-0036212,T.Tagovailoa,00-0036613,J.Waddle,5,2,31.0,0,-0.9790174799272777,-0.19580349598545554,2,0.4,86.0,0.0,17.2,0.0,2.0,0,0,0
2023,POST,MIA,00-0036212,T.Tagovailoa,00-0039040,D.Achane,6,3,21.0,0,-1.0874443865614,-0.18124073109356667,2,0.3333333333333333,-10.0,26.0,-1.6666666666666667,8.666666666666666,1.0,0,0,0
2023,POST,SF,00-0036259,J.Jennings,00-0033280,C.McCaffrey,1,1,21.0,1,2.94651336665265,2.94651336665265,1,1.0,-5.0,26.0,-5.0,26.0,1.0,1,0,0
2023,POST,GB,00-0036264,J.Love,00-0033293,A.Jones,8,4,21.0,0,-2.7382535045761602,-0.34228168807202003,2,0.25,-9.0,26.0,-1.125,6.5,1.0,0,3,0
2023,POST,GB,00-0036264,J.Love,00-0037091,B.Melton,3,2,26.0,1,2.188345654227309,0.729448551409103,2,0.6666666666666666,66.0,1.0,22.0,0.5,1.0,0,1,1
2023,POST,GB,00-0036264,J.Love,00-0037816,R.Doubs,12,10,234.0,1,23.16229109929086,1.930190924940905,10,0.8333333333333334,180.0,76.0,15.0,7.6,8.0,6,4,1
2023,POST,GB,00-0036264,J.Love,00-0038124,C.Watson,3,2,20.0,0,-1.573727760172913,-0.5245759200576376,2,0.6666666666666666,26.0,16.0,8.666666666666666,8.0,1.0,0,0,0
2023,POST,GB,00-0036264,J.Love,00-0038393,D.Wicks,4,2,25.0,1,1.9013703508623516,0.4753425877155879,2,0.5,40.0,0.0,10.0,0.0,1.0,1,1,1
2023,POST,GB,00-0036264,J.Love,00-0038797,E.Wilson,1,1,11.0,0,1.63490967452526,1.63490967452526,1,1.0,-5.0,16.0,-5.0,16.0,1.0,0,0,0
2023,POST,GB,00-0036264,J.Love,00-0038809,B.Sims,1,1,4.0,0,-0.307846887269989,-0.307846887269989,0,0.0,2.0,2.0,2.0,2.0,0.0,0,1,0
2023,POST,GB,00-0036264,J.Love,00-0038996,T.Kraft,9,5,24.0,1,-4.230131731064765,-0.4700146367849739,3,0.3333333333333333,26.0,16.0,2.888888888888889,3.2,2.0,0,3,1
2023,POST,GB,00-0036264,J.Love,00-0039144,L.Musgrave,7,6,66.0,1,6.530255899066105,0.9328936998665863,5,0.7142857142857143,59.0,29.0,8.428571428571429,4.833333333333333,5.0,1,1,0
2023,POST,GB,00-0036264,J.Love,00-0039146,J.Reed,7,4,35.0,0,-2.3403954833629474,-0.3343422119089925,2,0.2857142857142857,41.0,20.0,5.857142857142857,5.0,1.0,1,1,0
2023,POST,PHI,00-0036389,J.Hurts,00-0027944,J.Jones,3,3,22.0,0,1.307977638090964,0.43599254603032134,1,0.3333333333333333,22.0,0.0,7.333333333333333,0.0,1.0,0,0,0
2023,POST,PHI,00-0036389,J.Hurts,00-0034351,D.Goedert,6,4,21.0,1,-1.6885711378126909,-0.2814285229687818,2,0.3333333333333333,37.0,7.0,6.166666666666667,1.75,1.0,0,1,1
2023,POST,PHI,00-0036389,J.Hurts,00-0035208,O.Zaccheaus,1,1,5.0,0,-0.223590387031436,-0.223590387031436,0,0.0,5.0,0.0,5.0,0.0,0.0,0,0,0
2023,POST,PHI,00-0036389,J.Hurts,00-0036271,Q.Watkins,4,3,12.0,0,-1.2936579388333493,-0.32341448470833734,1,0.25,25.0,15.0,6.25,5.0,0.0,0,0,0
2023,POST,PHI,00-0036389,J.Hurts,00-0036275,D.Swift,4,4,32.0,0,0.7233465801691631,0.18083664504229077,3,0.75,6.0,26.0,1.5,6.5,1.0,0,0,0
2023,POST,PHI,00-0036389,J.Hurts,00-0036912,D.Smith,12,8,148.0,0,4.2258499045068865,0.3521541587089072,6,0.5,160.0,43.0,13.333333333333334,5.375,6.0,2,1,0
2023,POST,PHI,00-0036389,J.Hurts,00-0036919,K.Gainwell,2,2,10.0,0,-0.9430040969746221,-0.47150204848731103,1,0.5,-1.0,11.0,-0.5,5.5,0.0,0,0,0
2023,POST,HOU,00-0036898,D.Mills,00-0037614,J.Metchie,1,1,6.0,0,-1.182842053473,-1.182842053473,0,0.0,0.0,6.0,0.0,6.0,0.0,0,0,0
2023,POST,SF,00-0037834,B.Purdy,00-0029892,K.Juszczyk,5,4,64.0,0,4.3768525827908835,0.8753705165581767,4,0.8,45.0,23.0,9.0,5.75,4.0,1,0,0
2023,POST,SF,00-0037834,B.Purdy,00-0032128,C.Conley,2,2,35.0,0,3.67936285043834,1.83968142521917,2,1.0,34.0,1.0,17.0,0.5,2.0,0,0,0
2023,POST,SF,00-0037834,B.Purdy,00-0033280,C.McCaffrey,24,18,131.0,0,-1.6113089969773415,-0.0671378748740559,6,0.25,43.0,116.0,1.7916666666666667,6.444444444444445,4.0,2,1,0
2023,POST,SF,00-0037834,B.Purdy,00-0033288,G.Kittle,13,8,112.0,1,7.629368169349619,0.5868744745653554,6,0.46153846153846156,143.0,56.0,11.0,7.0,4.0,3,1,0
2023,POST,SF,00-0037834,B.Purdy,00-0034407,R.McCloud,3,2,26.0,0,-0.04629291954915793,-0.015430973183052643,2,0.6666666666666666,48.0,1.0,16.0,0.5,1.0,0,0,0
2023,POST,SF,00-0037834,B.Purdy,00-0035719,D.Samuel,22,13,146.0,0,-0.7321281410696334,-0.033278551866801516,10,0.45454545454545453,164.0,114.0,7.454545454545454,8.76923076923077,6.0,1,0,0
2023,POST,SF,00-0037834,B.Purdy,00-0036259,J.Jennings,13,10,111.0,1,7.630214093758081,0.5869395456736985,9,0.6923076923076923,112.0,39.0,8.615384615384615,3.9,8.0,2,1,1
2023,POST,SF,00-0037834,B.Purdy,00-0036261,B.Aiyuk,20,9,149.0,1,8.292306588380585,0.41461532941902923,9,0.45,281.0,27.0,14.05,3.0,9.0,2,2,1
2023,POST,HOU,00-0039163,C.Stroud,00-0030431,R.Woods,6,2,17.0,0,-3.4883186922266383,-0.5813864487044397,1,0.16666666666666666,42.0,5.0,7.0,2.5,1.0,0,1,0
2023,POST,HOU,00-0039163,C.Stroud,00-0033591,N.Brown,1,0,0.0,0,-1.83332138112746,-1.83332138112746,0,0.0,17.0,0.0,17.0,0.0,0.0,0,0,0
2023,POST,HOU,00-0039163,C.Stroud,00-0033854,D.Ogunbowale,1,1,13.0,0,-0.013762243790552,-0.013762243790552,0,0.0,5.0,8.0,5.0,8.0,0.0,0,0,0
2023,POST,HOU,00-0039163,C.Stroud,00-0034383,D.Schultz,9,6,80.0,1,3.2323231368209266,0.35914701520232517,5,0.5555555555555556,128.0,4.0,14.222222222222221,0.6666666666666666,3.0,2,0,0
2023,POST,HOU,00-0039163,C.Stroud,00-0034959,A.Beck,1,0,0.0,0,-0.393070996622555,-0.393070996622555,0,0.0,-4.0,0.0,-4.0,0.0,0.0,0,1,0
2023,POST,HOU,00-0039163,C.Stroud,00-0035250,D.Singletary,9,8,52.0,0,1.655657127848829,0.18396190309431434,4,0.4444444444444444,26.0,42.0,2.888888888888889,5.25,2.0,1,0,0
2023,POST,HOU,00-0039163,C.Stroud,00-0036554,N.Collins,17,11,164.0,1,7.605291799285263,0.4473701058403096,9,0.5294117647058824,184.0,92.0,10.823529411764707,8.363636363636363,9.0,3,1,1
2023,POST,HOU,00-0039163,C.Stroud,00-0036556,B.Jordan,2,1,76.0,1,5.087478200206536,2.543739100103268,1,0.5,6.0,72.0,3.0,72.0,1.0,1,0,0
2023,POST,HOU,00-0039163,C.Stroud,00-0037614,J.Metchie,2,2,38.0,0,2.9338551701512197,1.4669275850756098,2,1.0,29.0,9.0,14.5,4.5,2.0,1,0,0
2023,POST,HOU,00-0039163,C.Stroud,00-0038618,X.Hutchinson,4,4,9.0,0,-1.6338483876897976,-0.4084620969224494,1,0.25,-9.0,18.0,-2.25,4.5,0.0,0,0,0
2023,REG,CLE,00-0026158,J.Flacco,00-0030068,M.Goodwin,2,1,57.0,0,2.1050513401278304,1.0525256700639152,1,0.5,93.0,12.0,46.5,12.0,1.0,1,0,0
2023,REG,CLE,00-0026158,J.Flacco,00-0031544,A.Cooper,43,25,485.0,3,24.356856184618806,0.5664385159213676,23,0.5348837209302325,618.0,118.0,14.372093023255815,4.72,17.0,8,6,1
2023,REG,CLE,00-0026158,J.Flacco,00-0033885,D.Njoku,45,30,390.0,4,-6.895417352083458,-0.15323149671296574,18,0.4,284.0,230.0,6.311111111111111,7.666666666666667,13.0,8,6,1
2023,REG,CLE,00-0026158,J.Flacco,00-0033923,K.Hunt,8,5,20.0,0,-3.5441852491931005,-0.44302315614913756,2,0.25,7.0,19.0,0.875,3.8,2.0,0,1,0
2023,REG,CLE,00-0026158,J.Flacco,00-0034364,J.Akins,6,6,63.0,0,2.629038158454934,0.4381730264091557,4,0.6666666666666666,50.0,13.0,8.333333333333334,2.1666666666666665,2.0,1,0,0
2023,REG,CLE,00-0026158,J.Flacco,00-0036232,H.Bryant,10,8,69.0,1,4.251018761307933,0.4251018761307933,7,0.7,47.0,29.0,4.7,3.625,2.0,1,2,1
2023,REG,CLE,00-0026158,J.Flacco,00-0036980,E.Moore,31,16,222.0,1,5.190003691310601,0.1674194739132452,15,0.4838709677419355,467.0,51.0,15.064516129032258,3.1875,10.0,5,5,1
2023,REG,CLE,00-0026158,J.Flacco,00-0037257,Dav.Bell,9,5,60.0,1,2.3921559010632314,0.26579510011813684,2,0.2222222222222222,40.0,43.0,4.444444444444445,8.6,2.0,1,1,0
2023,REG,CLE,00-0026158,J.Flacco,00-0037267,J.Ford,18,14,125.0,3,2.1911143044708314,0.12172857247060175,8,0.4444444444444444,-4.0,113.0,-0.2222222222222222,8.071428571428571,5.0,2,2,1
2023,REG,CLE,00-0026158,J.Flacco,00-0038098,P.Strong,2,2,9.0,0,-1.255643327021972,-0.627821663510986,0,0.0,-4.0,13.0,-2.0,6.5,0.0,0,0,0
2023,REG,CLE,00-0026158,J.Flacco,00-0038979,C.Tillman,24,11,116.0,0,-20.600635423150386,-0.8583598092979328,11,0.4583333333333333,258.0,37.0,10.75,3.3636363636363638,6.0,0,4,0
2023,REG,LA,00-0026498,M.Stafford,00-0032775,D.Robinson,38,25,356.0,4,15.137982021339882,0.3983679479299969,20,0.5263157894736842,472.0,80.0,12.421052631578947,3.2,19.0,7,9,3
2023,REG,LA,00-0026498,M.Stafford,00-0033110,T.Higbee,67,46,482.0,2,20.355791108073586,0.30381777773244156,34,0.5074626865671642,378.0,236.0,5.641791044776119,5.130434782608695,25.0,6,5,2
2023,REG,LA,00-0026498,M.Stafford,00-0033908,C.Kupp,85,56,684.0,5,18.50411939079562,0.21769552224465435,47,0.5529411764705883,621.0,304.0,7.305882352941176,5.428571428571429,31.0,9,21,4
2023,REG,LA,00-0026498,M.Stafford,00-0035664,D.Henderson,11,7,77.0,0,0.2666716086186478,0.024242873510786165,4,0.36363636363636365,-13.0,112.0,-1.1818181818181819,16.0,3.0,1,3,0
2023,REG,LA,00-0026498,M.Stafford,00-0036415,V.Jefferson,15,8,108.0,0,-0.4538331262623734,-0.030255541750824892,8,0.5333333333333333,264.0,8.0,17.6,1.0,4.0,1,0,0
2023,REG,LA,00-0026498,M.Stafford,00-0036424,B.Hopkins,4,3,31.0,0,0.48181242489954623,0.12045310622488656,2,0.5,13.0,19.0,3.25,6.333333333333333,1.0,1,1,0
2023,REG,LA,00-0026498,M.Stafford,00-0036841,A.Trammell,6,3,23.0,0,-2.43108748027589,-0.4051812467126483,3,0.5,20.0,34.0,3.3333333333333335,11.333333333333334,2.0,0,0,0
2023,REG,LA,00-0026498,M.Stafford,00-0036849,T.Atwell,55,32,462.0,3,16.55164619419576,0.3009390217126502,28,0.509090909090909,692.0,93.0,12.581818181818182,2.90625,24.0,8,4,2
2023,REG,LA,00-0026498,M.Stafford,00-0036862,B.Skowronek,10,6,44.0,1,-1.3390706871868958,-0.13390706871868957,3,0.3,75.0,21.0,7.5,3.5,2.0,1,3,1
2023,REG,LA,00-0026498,M.Stafford,00-0037557,R.Rivers,5,5,22.0,0,-0.6381978864083068,-0.12763957728166136,1,0.2,-19.0,41.0,-3.8,8.2,0.0,0,0,0
2023,REG,LA,00-0026498,M.Stafford,00-0037840,K.Williams,48,32,204.0,3,-15.600401715665091,-0.32500836907635605,18,0.375,10.0,275.0,0.20833333333333334,8.59375,9.0,2,13,3
2023,REG,LA,00-0026498,M.Stafford,00-0039074,D.Allen,7,6,70.0,1,6.135588423174348,0.8765126318820498,5,0.7142857142857143,12.0,61.0,1.7142857142857142,10.166666666666666,5.0,1,2,1
2023,REG,LA,00-0026498,M.Stafford,00-0039075,P.Nacua,146,97,1400.0,5,58.47469494676743,0.40051160922443446,80,0.547945205479452,1369.0,611.0,9.376712328767123,6.298969072164948,62.0,25,15,2
2023,REG,LV,00-0026625,B.Hoyer,00-0031381,D.Adams,14,8,78.0,0,-5.492378799963765,-0.3923127714259832,7,0.5,110.0,28.0,7.857142857142857,3.5,5.0,1,3,0
2023,REG,LV,00-0026625,B.Hoyer,00-0032392,A.Hooper,2,2,24.0,0,2.57691094942856,1.28845547471428,2,1.0,5.0,19.0,2.5,9.5,2.0,0,0,0
2023,REG,LV,00-0026625,B.Hoyer,00-0034960,J.Meyers,13,6,41.0,0,-2.135656853264667,-0.16428129640497438,5,0.38461538461538464,117.0,7.0,9.0,1.1666666666666667,4.0,0,1,0
2023,REG,LV,00-0026625,B.Hoyer,00-0035700,J.Jacobs,5,2,10.0,0,-6.209205559338439,-1.241841111867688,1,0.2,15.0,9.0,3.0,4.5,0.0,0,2,0
2023,REG,LV,00-0026625,B.Hoyer,00-0038563,T.Tucker,2,2,57.0,0,4.033004098106177,2.0165020490530887,2,1.0,46.0,11.0,23.0,5.5,1.0,1,0,0
2023,REG,LV,00-0026625,B.Hoyer,00-0039066,M.Mayer,6,3,21.0,0,-0.1236423342418691,-0.020607055706978183,2,0.3333333333333333,51.0,6.0,8.5,2.0,2.0,0,2,0
2023,REG,NYJ,00-0027114,T.Morstead,00-0036504,B.Echols,1,1,18.0,0,2.67090002633631,2.67090002633631,1,1.0,10.0,8.0,10.0,8.0,1.0,0,0,0
2023,REG,KC,00-0027948,B.Gabbert,00-0032062,B.Bell,2,1,3.0,0,-1.995902439113711,-0.9979512195568555,0,0.0,12.0,4.0,6.0,4.0,0.0,0,0,0
2023,REG,KC,00-0027948,B.Gabbert,00-0034286,R.James,2,2,15.0,0,-0.591839414555579,-0.2959197072777895,0,0.0,8.0,7.0,4.0,3.5,0.0,0,0,0
2023,REG,KC,00-0027948,B.Gabbert,00-0034386,Ju.Watson,1,0,0.0,0,-0.835379979806021,-0.835379979806021,0,0.0,4.0,0.0,4.0,0.0,0.0,0,0,0
2023,REG,KC,00-0027948,B.Gabbert,00-0035140,M.Hardman,11,6,77.0,0,2.427699745458099,0.22069997685982717,5,0.45454545454545453,83.0,48.0,7.545454545454546,8.0,4.0,1,0,0
2023,REG,KC,00-0027948,B.Gabbert,00-0036269,L.Perine,4,3,33.0,0,0.34185382997384006,0.08546345749346002,1,0.25,1.0,32.0,0.25,10.666666666666666,1.0,1,0,0
2023,REG,KC,00-0027948,B.Gabbert,00-0036360,C.Edwards-Helaire,2,1,9.0,0,-2.004534431527584,-1.002267215763792,0,0.0,-11.0,13.0,-5.5,13.0,0.0,0,1,0
2023,REG,KC,00-0027948,B.Gabbert,00-0036637,N.Gray,3,0,0.0,0,-4.190089679323134,-1.3966965597743781,0,0.0,6.0,0.0,2.0,0.0,0.0,0,0,0
2023,REG,KC,00-0027948,B.Gabbert,00-0037216,J.Ross,4,2,17.0,0,0.4726519419345981,0.11816298548364952,2,0.5,68.0,5.0,17.0,2.5,1.0,0,0,0
2023,REG,KC,00-0027948,B.Gabbert,00-0038090,S.Moore,2,1,11.0,0,-5.21352912671864,-2.60676456335932,1,0.5,15.0,1.0,7.5,1.0,1.0,0,0,0
2023,REG,KC,00-0027948,B.Gabbert,00-0039067,R.Rice,3,2,20.0,0,-1.4925162704894288,-0.49750542349647625,2,0.6666666666666666,16.0,8.0,5.333333333333333,4.0,1.0,0,0,0
2023,REG,CAR,00-0027973,A.Dalton,00-0030035,A.Thielen,14,11,145.0,1,13.13485954137113,0.9382042529550807,9,0.6428571428571429,138.0,40.0,9.857142857142858,3.6363636363636362,9.0,3,1,1
2023,REG,CAR,00-0027973,A.Dalton,00-0034365,I.Thomas,1,1,8.0,0,-0.522815666161478,-0.522815666161478,0,0.0,-1.0,9.0,-1.0,9.0,0.0,0,0,0
2023,REG,CAR,00-0027973,A.Dalton,00-0034777,D.Chark,11,4,86.0,1,2.869673473294822,0.26087940666316567,3,0.2727272727272727,188.0,24.0,17.09090909090909,6.0,2.0,2,0,0
2023,REG,CAR,00-0027973,A.Dalton,00-0034830,H.Hurst,3,1,11.0,0,0.47516999812797106,0.15838999937599035,1,0.3333333333333333,27.0,0.0,9.0,0.0,1.0,0,0,0
2023,REG,CAR,00-0027973,A.Dalton,00-0035243,M.Sanders,9,5,38.0,0,-1.6920246154460208,-0.18800273504955786,3,0.3333333333333333,12.0,24.0,1.3333333333333333,4.8,2.0,0,0,0
2023,REG,CAR,00-0027973,A.Dalton,00-0036268,L.Shenault,1,1,0.0,0,-0.751297451555729,-0.751297451555729,0,0.0,-1.0,1.0,-1.0,1.0,0.0,0,0,0
2023,REG,CAR,00-0027973,A.Dalton,00-0036555,C.Hubbard,3,2,2.0,0,-1.5693426521029332,-0.5231142173676444,0,0.0,-18.0,17.0,-6.0,8.5,0.0,0,0,0
2023,REG,CAR,00-0027973,A.Dalton,00-0036955,T.Marshall,8,5,35.0,0,0.709844149794651,0.08873051872433138,5,0.625,60.0,9.0,7.5,1.8,3.0,0,0,0
2023,REG,CAR,00-0027973,A.Dalton,00-0037005,T.Tremble,1,1,15.0,0,1.16254279902205,1.16254279902205,1,1.0,16.0,-1.0,16.0,-1.0,0.0,0,0,0
2023,REG,CAR,00-0027973,A.Dalton,00-0039062,J.Mingo,6,3,21.0,0,-1.6343310271622595,-0.2723885045270433,3,0.5,46.0,5.0,7.666666666666667,1.6666666666666667,0.0,0,0,0
2023,REG,NYG,00-0028118,T.Taylor,00-0031610,D.Waller,36,28,304.0,1,13.153884512503298,0.3653856809028694,23,0.6388888888888888,285.0,101.0,7.916666666666667,3.607142857142857,14.0,4,2,1
2023,REG,NYG,00-0028118,T.Taylor,00-0032385,S.Shepard,8,4,21.0,0,-7.70758958373988,-0.963448697967485,2,0.25,35.0,20.0,4.375,5.0,1.0,0,1,0
2023,REG,NYG,00-0028118,T.Taylor,00-0033308,M.Breida,5,3,17.0,0,-1.8172536481288262,-0.36345072962576525,1,0.2,2.0,19.0,0.4,6.333333333333333,0.0,0,0,0
2023,REG,NYG,00-0028118,T.Taylor,00-0034844,S.Barkley,23,15,117.0,1,-3.290037090245854,-0.14304509088025452,7,0.30434782608695654,85.0,101.0,3.6956521739130435,6.733333333333333,4.0,2,3,0
2023,REG,NYG,00-0028118,T.Taylor,00-0035535,D.Slayton,26,18,359.0,3,18.980810807269457,0.7300311848949791,15,0.5769230769230769,376.0,130.0,14.461538461538462,7.222222222222222,10.0,6,3,1
2023,REG,NYG,00-0028118,T.Taylor,00-0035639,P.Campbell,2,2,23.0,0,1.8138268082402669,0.9069134041201334,2,1.0,11.0,12.0,5.5,6.0,1.0,0,0,0
2023,REG,NYG,00-0028118,T.Taylor,00-0036165,I.Hodgins,10,7,71.0,0,2.42169903900417,0.24216990390041698,6,0.6,76.0,15.0,7.6,2.142857142857143,3.0,0,1,0
2023,REG,NYG,00-0028118,T.Taylor,00-0036569,G.Brightwell,2,2,6.0,0,-0.544656885205768,-0.272328442602884,0,0.0,-10.0,16.0,-5.0,8.0,0.0,0,0,0
2023,REG,NYG,00-0028118,T.Taylor,00-0038115,D.Bellinger,5,5,59.0,0,2.1277044503949565,0.4255408900789913,2,0.4,37.0,22.0,7.4,4.4,1.0,1,1,0
2023,REG,NYG,00-0028118,T.Taylor,00-0038117,W.Robinson,32,22,236.0,0,12.38377873561347,0.38699308548792094,19,0.59375,238.0,122.0,7.4375,5.545454545454546,14.0,4,1,0
2023,REG,NYG,00-0028118,T.Taylor,00-0038396,E.Gray,2,2,7.0,0,-0.629212696338073,-0.3146063481690365,0,0.0,-4.0,11.0,-2.0,5.5,0.0,0,0,0
2023,REG,NYG,00-0028118,T.Taylor,00-0038938,J.Hyatt,14,8,121.0,0,-1.021236238886512,-0.07294544563475085,7,0.5,334.0,9.0,23.857142857142858,1.125,4.0,2,0,0
2023,REG,CAR,00-0028872,J.Hekker,00-0036268,L.Shenault,1,1,7.0,0,-1.94108840171248,-1.94108840171248,0,0.0,-4.0,11.0,-4.0,11.0,0.0,0,0,0
2023,REG,HOU,00-0028986,C.Keenum,00-0030431,R.Woods,6,3,30.0,0,-0.1574528774362985,-0.02624214623938308,3,0.5,61.0,12.0,10.166666666666666,4.0,1.0,0,0,0
2023,REG,HOU,00-0028986,C.Keenum,00-0033591,N.Brown,11,8,82.0,1,8.131000927673117,0.7391819025157379,8,0.7272727272727273,120.0,19.0,10.909090909090908,2.375,5.0,2,3,1
2023,REG,HOU,00-0028986,C.Keenum,00-0033854,D.Ogunbowale,2,0,0.0,0,-8.61200839024968,-4.30600419512484,0,0.0,13.0,0.0,6.5,0.0,0.0,0,0,0
2023,REG,HOU,00-0028986,C.Keenum,00-0034383,D.Schultz,11,9,88.0,0,1.072795642887898,0.09752687662617254,6,0.5454545454545454,83.0,22.0,7.545454545454546,2.4444444444444446,5.0,0,2,0
2023,REG,HOU,00-0028986,C.Keenum,00-0034928,S.Sims,1,1,0.0,0,-0.744004111271352,-0.744004111271352,0,0.0,-2.0,2.0,-2.0,2.0,0.0,0,0,0
2023,REG,HOU,00-0028986,C.Keenum,00-0034959,A.Beck,1,1,-5.0,0,-1.41375695727766,-1.41375695727766,0,0.0,-8.0,3.0,-8.0,3.0,0.0,0,0,0
2023,REG,HOU,00-0028986,C.Keenum,00-0035250,D.Singletary,8,7,68.0,0,0.3854240484070032,0.0481780060508754,4,0.5,-1.0,71.0,-0.125,10.142857142857142,1.0,1,0,0
2023,REG,HOU,00-0028986,C.Keenum,00-0036554,N.Collins,5,3,13.0,0,-5.045046848943452,-1.0090093697886904,0,0.0,39.0,10.0,7.8,3.3333333333333335,1.0,0,0,0
2023,REG,HOU,00-0028986,C.Keenum,00-0036556,B.Jordan,1,1,14.0,0,1.42240488139214,1.42240488139214,1,1.0,10.0,4.0,10.0,4.0,1.0,0,0,0
2023,REG,HOU,00-0028986,C.Keenum,00-0037614,J.Metchie,2,1,1.0,0,-1.545980633003637,-0.7729903165018185,0,0.0,19.0,3.0,9.5,3.0,0.0,0,0,0
2023,REG,HOU,00-0028986,C.Keenum,00-0038618,X.Hutchinson,3,0,0.0,0,-2.4398988102329877,-0.8132996034109959,0,0.0,33.0,0.0,11.0,0.0,0.0,0,0,0
2023,REG,DEN,00-0029263,R.Wilson,00-0031484,C.Manhertz,4,2,16.0,0,0.05109756410820199,0.012774391027050497,2,0.5,12.0,10.0,3.0,5.0,1.0,0,1,0
2023,REG,DEN,00-0029263,R.Wilson,00-0031595,M.Burton,3,3,8.0,0,0.5167685634223751,0.17225618780745836,2,0.6666666666666666,2.0,6.0,0.6666666666666666,2.0,2.0,0,1,0
2023,REG,DEN,00-0029263,R.Wilson,00-0032208,P.Dorsett,1,0,0.0,0,-0.820321997161955,-0.820321997161955,0,0.0,21.0,0.0,21.0,0.0,0.0,0,0,0
2023,REG,DEN,00-0029263,R.Wilson,00-0033526,S.Perine,50,45,416.0,0,12.091506475492375,0.2418301295098475,31,0.62,-3.0,413.0,-0.06,9.177777777777777,20.0,3,3,0
2023,REG,DEN,00-0029263,R.Wilson,00-0034348,C.Sutton,87,58,770.0,10,24.693788590005486,0.2838366504598332,44,0.5057471264367817,1021.0,155.0,11.735632183908047,2.6724137931034484,36.0,14,18,8
2023,REG,DEN,00-0029263,R.Wilson,00-0035406,L.Humphrey,14,11,93.0,2,8.907957589777661,0.6362826849841187,9,0.6428571428571429,86.0,57.0,6.142857142857143,5.181818181818182,7.0,0,4,2
2023,REG,DEN,00-0029263,R.Wilson,00-0036407,J.Jeudy,75,48,625.0,1,14.700094083342112,0.19600125444456148,38,0.5066666666666667,949.0,243.0,12.653333333333334,5.0625,25.0,7,10,1
2023,REG,DEN,00-0029263,R.Wilson,00-0036422,A.Trautman,32,20,174.0,3,-2.7440709191580117,-0.08575221622368787,14,0.4375,208.0,81.0,6.5,4.05,9.0,1,12,3
2023,REG,DEN,00-0029263,R.Wilson,00-0036997,J.Williams,47,37,168.0,2,-6.527526889563777,-0.1388835508417825,18,0.3829787234042553,-95.0,246.0,-2.021276595744681,6.648648648648648,8.0,0,4,2
2023,REG,DEN,00-0029263,R.Wilson,00-0037252,G.Dulcich,4,3,25.0,0,-4.157561154861468,-1.039390288715367,2,0.5,23.0,5.0,5.75,1.6666666666666667,2.0,0,0,0
2023,REG,DEN,00-0029263,R.Wilson,00-0037382,B.Johnson,20,11,169.0,4,15.356872618388186,0.7678436309194093,11,0.55,211.0,59.0,10.55,5.363636363636363,8.0,3,6,2
2023,REG,DEN,00-0029263,R.Wilson,00-0037539,L.Krull,11,6,81.0,1,1.1731705541023922,0.10665186855476293,5,0.45454545454545453,98.0,33.0,8.909090909090908,5.5,4.0,1,2,1
2023,REG,DEN,00-0029263,R.Wilson,00-0038783,N.Adkins,5,4,22.0,0,1.5452797129400981,0.3090559425880196,2,0.4,-5.0,24.0,-1.0,6.0,1.0,0,0,0
2023,REG,DEN,00-0029263,R.Wilson,00-0038794,J.McLaughlin,33,28,142.0,2,0.6056281378825735,0.01835236781462344,14,0.42424242424242425,-129.0,261.0,-3.909090909090909,9.321428571428571,4.0,1,7,1
2023,REG,DEN,00-0029263,R.Wilson,00-0038976,M.Mims,32,21,361.0,1,6.400568283125935,0.20001775884768547,13,0.40625,495.0,140.0,15.46875,6.666666666666667,8.0,6,1,0
2023,REG,MIN,00-0029604,K.Cousins,00-0032918,C.Ham,5,4,16.0,0,1.9964827585499738,0.3992965517099948,3,0.6,5.0,14.0,1.0,3.5,1.0,0,0,0
2023,REG,MIN,00-0029604,K.Cousins,00-0033246,J.Mundt,2,2,19.0,0,1.530001845268998,0.765000922634499,2,1.0,-3.0,22.0,-1.5,11.0,1.0,0,1,0
2023,REG,MIN,00-0029604,K.Cousins,00-0034646,B.Powell,19,13,142.0,0,4.73871989466877,0.24940631024572474,10,0.5263157894736842,145.0,41.0,7.631578947368421,3.1538461538461537,9.0,2,3,0
2023,REG,MIN,00-0029604,K.Cousins,00-0034972,A.Mattison,32,21,109.0,2,-6.158239669339857,-0.19244498966687054,10,0.3125,17.0,111.0,0.53125,5.285714285714286,3.0,0,9,2
2023,REG,MIN,00-0029604,K.Cousins,00-0035229,T.Hockenson,66,52,462.0,3,8.624071104278626,0.1306677440042216,31,0.4696969696969697,446.0,173.0,6.757575757575758,3.326923076923077,26.0,6,9,3
2023,REG,MIN,00-0029604,K.Cousins,00-0035249,J.Oliver,12,10,70.0,1,-3.578454306116333,-0.2982045255096944,5,0.4166666666666667,34.0,52.0,2.8333333333333335,5.2,4.0,0,2,1
2023,REG,MIN,00-0029604,K.Cousins,00-0035934,T.Jackson,1,1,7.0,0,-0.606949644026502,-0.606949644026502,0,0.0,4.0,3.0,4.0,3.0,0.0,0,0,0
2023,REG,MIN,00-0029604,K.Cousins,00-0036322,J.Jefferson,53,36,571.0,3,21.564572492963677,0.4068787262823335,31,0.5849056603773585,566.0,182.0,10.679245283018869,5.055555555555555,28.0,14,5,1
2023,REG,MIN,00-0029604,K.Cousins,00-0036345,K.Osborn,45,28,353.0,2,0.2882181663754408,0.006404848141676462,21,0.4666666666666667,390.0,127.0,8.666666666666666,4.535714285714286,16.0,5,8,1
2023,REG,MIN,00-0029604,K.Cousins,00-0036414,C.Akers,9,8,57.0,0,1.7274384727934426,0.1919376080881603,4,0.4444444444444444,-7.0,59.0,-0.7777777777777778,7.375,1.0,1,1,0
2023,REG,MIN,00-0029604,K.Cousins,00-0037276,T.Chandler,6,5,43.0,0,1.2723780203377828,0.21206300338963047,2,0.3333333333333333,-11.0,59.0,-1.8333333333333333,11.8,2.0,0,0,0
2023,REG,MIN,00-0029604,K.Cousins,00-0038994,J.Addison,52,36,482.0,7,29.26203364729626,0.5627314162941588,27,0.5192307692307693,587.0,153.0,11.288461538461538,4.25,21.0,6,12,4
2023,REG,DAL,00-0029692,B.Anger,00-0036982,C.Golston,1,0,0.0,0,1.053,1.053,1,1.0,0.0,0.0,0.0,0.0,0.0,0,1,0
2023,REG,TEN,00-0029701,R.Tannehill,00-0030564,D.Hopkins,64,41,498.0,1,14.128873240290297,0.22076364437953588,32,0.5,729.0,107.0,11.390625,2.6097560975609757,25.0,6,9,1
2023,REG,TEN,00-0029701,R.Tannehill,00-0032398,C.Moore,16,10,211.0,0,7.7761866925094125,0.4860116682818383,9,0.5625,281.0,27.0,17.5625,2.7,8.0,4,1,0
2023,REG,TEN,00-0029701,R.Tannehill,00-0032764,D.Henry,15,12,128.0,0,3.9901329935819367,0.26600886623879577,9,0.6,-58.0,173.0,-3.8666666666666667,14.416666666666666,3.0,1,1,0
2023,REG,TEN,00-0029701,R.Tannehill,00-0034193,K.Rader,3,1,6.0,0,-1.121324737323448,-0.37377491244114935,1,0.3333333333333333,32.0,4.0,10.666666666666666,4.0,0.0,0,1,0
2023,REG,TEN,00-0029701,R.Tannehill,00-0035259,T.Wesco,2,1,21.0,0,0.8712592022493441,0.43562960112467203,1,0.5,13.0,12.0,6.5,12.0,1.0,1,0,0
2023,REG,TEN,00-0029701,R.Tannehill,00-0036176,M.Kinsey,1,1,6.0,0,-1.06638630223461,-1.06638630223461,0,0.0,-2.0,8.0,-2.0,8.0,0.0,0,0,0
2023,REG,TEN,00-0029701,R.Tannehill,00-0036182,N.Westbrook-Ikhine,22,15,159.0,2,7.007964172224322,0.3185438260101965,12,0.5454545454545454,179.0,73.0,8.136363636363637,4.866666666666666,8.0,3,5,2
2023,REG,TEN,00-0029701,R.Tannehill,00-0037273,K.Philips,5,2,15.0,0,-0.714382569654835,-0.142876513930967,2,0.4,67.0,7.0,13.4,3.5,2.0,0,0,0
2023,REG,TEN,00-0029701,R.Tannehill,00-0037742,T.Burks,18,10,135.0,0,2.3400336400211477,0.13000186889006377,7,0.3888888888888889,252.0,49.0,14.0,4.9,5.0,1,1,0
2023,REG,TEN,00-0029701,R.Tannehill,00-0037809,C.Okonkwo,38,26,232.0,0,-4.9450258676007985,-0.13013225967370523,13,0.34210526315789475,220.0,126.0,5.7894736842105265,4.846153846153846,11.0,3,3,0
2023,REG,TEN,00-0029701,R.Tannehill,00-0038589,J.Whyle,3,3,42.0,0,2.95310313714435,0.98436771238145,3,1.0,27.0,15.0,9.0,5.0,3.0,1,0,0
2023,REG,TEN,00-0029701,R.Tannehill,00-0038632,C.Dowell,2,1,3.0,0,-2.6527392360731037,-1.3263696180365518,0,0.0,40.0,0.0,20.0,0.0,0.0,0,0,0
2023,REG,TEN,00-0029701,R.Tannehill,00-0039032,T.Spears,33,26,160.0,1,1.1069625115094017,0.03354431853058793,13,0.3939393939393939,17.0,194.0,0.5151515151515151,7.461538461538462,8.0,1,4,0
2023,REG,LAC,00-0030279,K.Allen,00-0032543,A.Erickson,1,0,0.0,0,-0.453515473229345,-0.453515473229345,0,0.0,17.0,0.0,17.0,0.0,0.0,0,0,0
2023,REG,LAC,00-0030279,K.Allen,00-0033536,M.Williams,1,1,49.0,1,3.968392387731,3.968392387731,1,1.0,22.0,27.0,22.0,27.0,1.0,1,0,0
2023,REG,TEN,00-0030564,D.Hopkins,00-0029701,R.Tannehill,1,0,0.0,0,-0.418015068164095,-0.418015068164095,0,0.0,-1.0,0.0,-1.0,0.0,0.0,0,0,0
2023,REG,SEA,00-0030565,G.Smith,00-0030565,G.Smith,1,1,-2.0,0,-1.44152006786317,-1.44152006786317,0,0.0,-8.0,6.0,-8.0,6.0,0.0,0,0,0
2023,REG,SEA,00-0030565,G.Smith,00-0032211,T.Lockett,107,70,784.0,5,34.107038798466135,0.31875737194828163,67,0.6261682242990654,1094.0,184.0,10.22429906542056,2.6285714285714286,41.0,7,15,4
2023,REG,SEA,00-0030565,G.Smith,00-0034159,W.Dissly,18,14,160.0,1,9.969596121110953,0.5538664511728307,11,0.6111111111111112,68.0,111.0,3.7777777777777777,7.928571428571429,8.0,2,2,1
2023,REG,SEA,00-0030565,G.Smith,00-0035164,C.Thompson,1,1,10.0,0,0.412861474789679,0.412861474789679,1,1.0,6.0,4.0,6.0,4.0,0.0,0,0,0
2023,REG,SEA,00-0030565,G.Smith,00-0035640,D.Metcalf,107,58,972.0,7,36.68003060714617,0.34280402436585206,54,0.5046728971962616,1347.0,327.0,12.588785046728972,5.637931034482759,46.0,16,22,6
2023,REG,SEA,00-0030565,G.Smith,00-0035644,N.Fant,32,25,308.0,0,8.36715503592858,0.2614735948727681,20,0.625,249.0,113.0,7.78125,4.52,14.0,5,2,0
2023,REG,SEA,00-0030565,G.Smith,00-0036244,C.Parkinson,31,22,213.0,1,5.621212783736244,0.18132944463665301,15,0.4838709677419355,205.0,65.0,6.612903225806452,2.9545454545454546,10.0,4,8,1
2023,REG,SEA,00-0030565,G.Smith,00-0036425,D.Dallas,9,6,26.0,0,-7.687290642526924,-0.8541434047252138,2,0.2222222222222222,-15.0,31.0,-1.6666666666666667,5.166666666666667,1.0,0,0,0
2023,REG,SEA,00-0030565,G.Smith,00-0036620,D.Eskridge,1,0,0.0,0,-1.20908493676689,-1.20908493676689,0,0.0,17.0,0.0,17.0,0.0,0.0,0,0,0
2023,REG,SEA,00-0030565,G.Smith,00-0038134,K.Walker,29,22,200.0,1,2.7375575762707816,0.09439853711278558,13,0.4482758620689655,-49.0,233.0,-1.6896551724137931,10.590909090909092,7.0,2,1,0
2023,REG,SEA,00-0030565,G.Smith,00-0038543,J.Smith-Njigba,77,54,556.0,3,16.024942660309453,0.2081161384455773,41,0.5324675324675324,382.0,321.0,4.961038961038961,5.944444444444445,26.0,6,9,2
2023,REG,SEA,00-0030565,G.Smith,00-0038752,J.Bobo,23,18,192.0,2,10.75346690561854,0.4675420393747191,12,0.5217391304347826,159.0,81.0,6.913043478260869,4.5,9.0,3,4,2
2023,REG,SEA,00-0030565,G.Smith,00-0039165,Z.Charbonnet,38,32,205.0,0,-3.463420358663872,-0.09114264101747031,16,0.42105263157894735,-38.0,238.0,-1.0,7.4375,7.0,1,1,0
2023,REG,NO,00-0031280,D.Carr,00-0027696,J.Graham,7,6,39.0,4,8.155974590627016,1.1651392272324308,6,0.8571428571428571,42.0,3.0,6.0,0.5,6.0,0,5,4
2023,REG,NO,00-0031280,D.Carr,00-0032765,M.Thomas,54,31,381.0,1,11.992866957141851,0.22209012883596022,30,0.5555555555555556,586.0,86.0,10.851851851851851,2.774193548387097,19.0,4,9,1
2023,REG,NO,00-0031280,D.Carr,00-0033357,T.Hill,38,33,291.0,2,11.499138549724949,0.30260890920328815,25,0.6578947368421053,202.0,133.0,5.315789473684211,4.03030303030303,11.0,2,5,1
2023,REG,NO,00-0031280,D.Carr,00-0033906,A.Kamara,81,70,441.0,1,6.506503206839194,0.0803272000844345,36,0.4444444444444444,-2.0,477.0,-0.024691358024691357,6.814285714285714,22.0,3,9,1
2023,REG,NO,00-0031280,D.Carr,00-0033948,J.Williams,20,18,62.0,0,-7.3957535330124475,-0.3697876766506224,4,0.2,-27.0,87.0,-1.35,4.833333333333333,1.0,0,1,0
2023,REG,NO,00-0031280,D.Carr,00-0034317,K.Kirkwood,9,5,37.0,1,2.2577621507807644,0.2508624611978627,4,0.4444444444444444,91.0,1.0,10.11111111111111,0.2,3.0,0,3,1
2023,REG,NO,00-0031280,D.Carr,00-0034981,F.Moreau,25,21,193.0,1,8.405415190608624,0.33621660762434497,13,0.52,122.0,96.0,4.88,4.571428571428571,9.0,1,4,1
2023,REG,NO,00-0031280,D.Carr,00-0035860,T.Jones,6,4,21.0,0,-1.6313612774148396,-0.2718935462358066,2,0.3333333333333333,-5.0,22.0,-0.8333333333333334,5.5,1.0,0,1,0
2023,REG,NO,00-0031280,D.Carr,00-0036040,J.Johnson,49,32,339.0,3,-2.514078424467188,-0.05130772294830996,25,0.5102040816326531,389.0,131.0,7.938775510204081,4.09375,21.0,7,6,2
2023,REG,NO,00-0031280,D.Carr,00-0036364,L.Bowden,14,10,71.0,0,-2.1993669983618807,-0.15709764274013432,3,0.21428571428571427,63.0,55.0,4.5,5.5,2.0,0,0,0
2023,REG,NO,00-0031280,D.Carr,00-0036727,A.Prentice,3,2,12.0,0,-2.027483863290397,-0.6758279544301323,0,0.0,11.0,8.0,3.6666666666666665,4.0,0.0,0,0,0
2023,REG,NO,00-0031280,D.Carr,00-0037239,C.Olave,121,78,968.0,4,39.08515584050011,0.32301781686363723,70,0.5785123966942148,1494.0,301.0,12.347107438016529,3.858974358974359,50.0,12,11,3
2023,REG,NO,00-0031280,D.Carr,00-0037545,R.Shaheed,69,44,675.0,5,16.262722422356926,0.23569162930952067,30,0.43478260869565216,944.0,148.0,13.681159420289855,3.3636363636363638,26.0,11,7,1
2023,REG,NO,00-0031280,D.Carr,00-0038551,K.Miller,11,10,117.0,0,5.604395734902937,0.5094905213548124,6,0.5454545454545454,-8.0,128.0,-0.7272727272727273,12.8,5.0,2,0,0
2023,REG,NO,00-0031280,D.Carr,00-0038612,A.Perry,16,11,231.0,3,16.290065972332602,1.0181291232707876,10,0.625,258.0,20.0,16.125,1.8181818181818181,9.0,5,3,2
2023,REG,NO,00-0031280,D.Carr,00-0038678,J.Mims,2,0,0.0,0,-1.3712282797787338,-0.6856141398893669,0,0.0,10.0,0.0,5.0,0.0,0.0,0,1,0
2023,REG,CIN,00-0031288,A.McCarron,00-0034613,T.Hudson,1,1,3.0,0,-1.10930083831772,-1.10930083831772,0,0.0,-3.0,6.0,-3.0,6.0,0.0,0,0,0
2023,REG,CIN,00-0031288,A.McCarron,00-0035291,T.Williams,1,1,-1.0,0,-1.69313193671405,-1.69313193671405,0,0.0,-1.0,0.0,-1.0,0.0,0.0,0,0,0
2023,REG,CIN,00-0031288,A.McCarron,00-0038576,C.Jones,1,1,7.0,0,0.211979681625962,0.211979681625962,1,1.0,5.0,2.0,5.0,2.0,0.0,0,0,0
2023,REG,CIN,00-0031288,A.McCarron,00-0038597,C.Brown,2,1,10.0,0,-0.585521788801998,-0.292760894400999,1,0.5,-9.0,12.0,-4.5,12.0,0.0,0,0,0
2023,REG,LV,00-0031345,J.Garoppolo,00-0031381,D.Adams,51,31,386.0,3,13.277336362167244,0.26033992866994593,28,0.5490196078431373,610.0,98.0,11.96078431372549,3.161290322580645,22.0,4,8,2
2023,REG,LV,00-0031345,J.Garoppolo,00-0031763,D.Carter,5,2,21.0,0,-2.8057322191701184,-0.5611464438340237,0,0.0,10.0,26.0,2.0,13.0,0.0,0,1,0
2023,REG,LV,00-0031345,J.Garoppolo,00-0032104,A.Abdullah,10,5,44.0,0,-13.91280592925614,-1.391280592925614,2,0.2,19.0,28.0,1.9,5.6,1.0,0,1,0
2023,REG,LV,00-0031345,J.Garoppolo,00-0032392,A.Hooper,9,8,77.0,0,4.046786494262047,0.4496429438068941,7,0.7777777777777778,51.0,36.0,5.666666666666667,4.5,3.0,1,0,0
2023,REG,LV,00-0031345,J.Garoppolo,00-0034960,J.Meyers,38,29,321.0,4,13.733986360557186,0.3614206936988733,26,0.6842105263157895,384.0,61.0,10.105263157894736,2.103448275862069,18.0,1,8,4
2023,REG,LV,00-0031345,J.Garoppolo,00-0034983,H.Renfrow,9,6,66.0,0,-3.747936912579463,-0.41643743473105144,4,0.4444444444444444,78.0,28.0,8.666666666666666,4.666666666666667,2.0,1,0,0
2023,REG,LV,00-0031345,J.Garoppolo,00-0035700,J.Jacobs,27,18,151.0,0,-1.5175324947922517,-0.05620490721452784,12,0.4444444444444444,38.0,123.0,1.4074074074074074,6.833333333333333,8.0,0,2,0
2023,REG,LV,00-0031345,J.Garoppolo,00-0038040,Z.White,3,3,12.0,0,-0.5146303885849187,-0.17154346286163957,0,0.0,6.0,6.0,2.0,2.0,0.0,0,0,0
2023,REG,LV,00-0031345,J.Garoppolo,00-0038563,T.Tucker,2,0,0.0,0,-2.106988492887469,-1.0534942464437345,0,0.0,57.0,0.0,28.5,0.0,0.0,0,0,0
2023,REG,LV,00-0031345,J.Garoppolo,00-0039066,M.Mayer,12,8,127.0,0,5.702639501760251,0.4752199584800209,7,0.5833333333333334,106.0,62.0,8.833333333333334,7.75,6.0,2,1,0
2023,REG,KC,00-0031376,J.McKinnon,00-0039067,R.Rice,1,1,4.0,1,1.10534745483892,1.10534745483892,1,1.0,-3.0,7.0,-3.0,7.0,1.0,0,1,1
2023,REG,NO,00-0031503,J.Winston,00-0032765,M.Thomas,7,6,50.0,0,0.3232725817235398,0.046181797389077114,3,0.42857142857142855,47.0,9.0,6.714285714285714,1.5,1.0,0,0,0
2023,REG,NO,00-0031503,J.Winston,00-0033357,T.Hill,2,0,0.0,0,-1.419849080964923,-0.7099245404824615,0,0.0,7.0,0.0,3.5,0.0,0.0,0,0,0
2023,REG,NO,00-0031503,J.Winston,00-0033906,A.Kamara,6,5,25.0,0,-3.155263091728558,-0.5258771819547596,1,0.16666666666666666,7.0,24.0,1.1666666666666667,4.8,1.0,0,0,0
2023,REG,NO,00-0031503,J.Winston,00-0036040,J.Johnson,5,2,7.0,0,-2.968592839024494,-0.5937185678048988,1,0.2,38.0,1.0,7.6,0.5,0.0,0,0,0
2023,REG,NO,00-0031503,J.Winston,00-0036364,L.Bowden,1,1,12.0,0,0.549992622574791,0.549992622574791,1,1.0,10.0,2.0,10.0,2.0,0.0,0,0,0
2023,REG,NO,00-0031503,J.Winston,00-0037239,C.Olave,17,9,155.0,1,4.85667266417297,0.28568662730429234,8,0.47058823529411764,299.0,46.0,17.58823529411765,5.111111111111111,7.0,4,2,1
2023,REG,NO,00-0031503,J.Winston,00-0037545,R.Shaheed,5,1,0.0,0,-7.313345766218841,-1.4626691532437683,0,0.0,106.0,3.0,21.2,3.0,0.0,0,0,0
2023,REG,NO,00-0031503,J.Winston,00-0038612,A.Perry,2,1,15.0,1,2.7814280621241814,1.3907140310620907,1,0.5,35.0,0.0,17.5,0.0,1.0,0,1,1
2023,REG,ATL,00-0031800,T.Heinicke,00-0030578,C.Patterson,4,4,12.0,0,-2.1132694310508677,-0.5283173577627169,1,0.25,-6.0,18.0,-1.5,4.5,0.0,0,0,0
2023,REG,ATL,00-0031800,T.Heinicke,00-0031585,M.Pruitt,1,1,14.0,0,2.60440923564602,2.60440923564602,1,1.0,14.0,0.0,14.0,0.0,1.0,0,0,0
2023,REG,ATL,00-0031800,T.Heinicke,00-0031868,D.Byrd,2,0,0.0,0,-6.79315520613454,-3.39657760306727,0,0.0,45.0,0.0,22.5,0.0,0.0,0,0,0
2023,REG,ATL,00-0031800,T.Heinicke,00-0033555,M.Hollins,6,5,63.0,0,3.0209992123813425,0.5034998687302238,4,0.6666666666666666,59.0,28.0,9.833333333333334,5.6,2.0,1,0,0
2023,REG,ATL,00-0031800,T.Heinicke,00-0033858,J.Smith,19,10,133.0,1,1.0751217335580474,0.05658535439779197,7,0.3684210526315789,134.0,135.0,7.052631578947368,13.5,6.0,1,2,0
2023,REG,ATL,00-0031800,T.Heinicke,00-0034854,K.Hodge,12,7,140.0,0,9.068975607725564,0.7557479673104637,7,0.5833333333333334,219.0,50.0,18.25,7.142857142857143,6.0,3,0,0
2023,REG,ATL,00-0031800,T.Heinicke,00-0035298,S.Miller,4,4,31.0,2,5.581764501868759,1.3954411254671897,3,0.75,25.0,6.0,6.25,1.5,3.0,0,2,2
2023,REG,ATL,00-0031800,T.Heinicke,00-0036415,V.Jefferson,17,8,70.0,0,-2.287760844083734,-0.13457416729904317,7,0.4117647058823529,215.0,18.0,12.647058823529411,2.25,4.0,0,0,0
2023,REG,ATL,00-0031800,T.Heinicke,00-0036970,K.Pitts,19,10,144.0,1,4.116778337910635,0.21667254410055972,10,0.5263157894736842,208.0,35.0,10.947368421052632,3.5,6.0,2,0,0
2023,REG,ATL,00-0031800,T.Heinicke,00-0037238,D.London,15,8,117.0,0,-0.06817767848168899,-0.004545178565445933,7,0.4666666666666667,164.0,16.0,10.933333333333334,2.0,6.0,3,2,0
2023,REG,ATL,00-0031800,T.Heinicke,00-0037263,T.Allgeier,6,5,92.0,1,5.038968846085487,0.8398281410142477,3,0.5,-17.0,114.0,-2.8333333333333335,22.8,2.0,1,0,0
2023,REG,ATL,00-0031800,T.Heinicke,00-0038542,B.Robinson,22,12,74.0,0,-4.7625629793935875,-0.21648013542698125,9,0.4090909090909091,-4.0,88.0,-0.18181818181818182,7.333333333333333,5.0,0,1,0
2023,REG,NYJ,00-0032156,T.Siemian,00-0028002,R.Cobb,4,1,4.0,0,-8.54410699388924,-2.13602674847231,0,0.0,75.0,3.0,18.75,3.0,0.0,0,1,0
2023,REG,NYJ,00-0032156,T.Siemian,00-0033893,D.Cook,1,0,0.0,0,-0.507694103871472,-0.507694103871472,0,0.0,2.0,0.0,2.0,0.0,0.0,0,0,0
2023,REG,NYJ,00-0032156,T.Siemian,00-0034270,T.Conklin,23,15,124.0,0,1.8119123545517888,0.07877879802399082,11,0.4782608695652174,138.0,54.0,6.0,3.6,7.0,1,4,0
2023,REG,NYJ,00-0032156,T.Siemian,00-0034433,N.Bawden,1,1,8.0,0,1.77405984280631,1.77405984280631,1,1.0,1.0,7.0,1.0,7.0,1.0,0,0,0
2023,REG,NYJ,00-0032156,T.Siemian,00-0034521,A.Lazard,5,2,16.0,0,-1.0342442611581621,-0.20684885223163244,1,0.2,65.0,1.0,13.0,0.5,1.0,0,0,0
2023,REG,NYJ,00-0032156,T.Siemian,00-0036510,K.Yeboah,4,2,28.0,0,-2.656200539960987,-0.6640501349902468,1,0.25,19.0,20.0,4.75,10.0,1.0,1,0,0
2023,REG,NYJ,00-0032156,T.Siemian,00-0037156,I.Charles,1,0,0.0,0,-1.51792374905199,-1.51792374905199,0,0.0,4.0,0.0,4.0,0.0,0.0,0,0,0
2023,REG,NYJ,00-0032156,T.Siemian,00-0037740,G.Wilson,35,19,189.0,0,-7.422787503468625,-0.21207964295624643,17,0.4857142857142857,247.0,89.0,7.057142857142857,4.684210526315789,9.0,2,4,0
2023,REG,NYJ,00-0032156,T.Siemian,00-0037805,J.Ruckert,4,3,28.0,0,1.822862440953037,0.45571561023825924,3,0.75,14.0,9.0,3.5,3.0,2.0,0,0,0
2023,REG,NYJ,00-0032156,T.Siemian,00-0038120,Bre.Hall,31,26,169.0,1,-1.8832580684393352,-0.060750260272236616,9,0.2903225806451613,0.0,191.0,0.0,7.346153846153846,8.0,1,2,0
2023,REG,NYJ,00-0032156,T.Siemian,00-0038389,I.Abanikanda,9,6,38.0,0,-0.691042220452799,-0.07678246893919988,4,0.4444444444444444,7.0,36.0,0.7777777777777778,6.0,2.0,0,0,0
2023,REG,NYJ,00-0032156,T.Siemian,00-0038492,J.Brownlee,6,3,36.0,1,-5.022373292158585,-0.8370622153597642,2,0.3333333333333333,50.0,12.0,8.333333333333334,4.0,2.0,1,2,1
2023,REG,NYJ,00-0032156,T.Siemian,00-0038496,X.Gipson,20,8,84.0,0,-6.986329055767012,-0.3493164527883506,5,0.25,202.0,49.0,10.1,6.125,2.0,2,4,0
2023,REG,PHI,00-0032268,M.Mariota,00-0034414,B.Scott,1,0,0.0,0,-0.833987790159881,-0.833987790159881,0,0.0,26.0,0.0,26.0,0.0,0.0,0,0,0
2023,REG,PHI,00-0032268,M.Mariota,00-0035208,O.Zaccheaus,4,2,20.0,0,-0.9972454229136879,-0.24931135572842197,2,0.5,31.0,11.0,7.75,5.5,1.0,0,1,0
2023,REG,PHI,00-0032268,M.Mariota,00-0036271,Q.Watkins,7,5,64.0,1,-0.3720973530435012,-0.053156764720500176,5,0.7142857142857143,53.0,13.0,7.571428571428571,2.6,4.0,0,1,1
2023,REG,PHI,00-0032268,M.Mariota,00-0036275,D.Swift,2,1,4.0,0,-0.9796321468893441,-0.48981607344467204,0,0.0,-7.0,11.0,-3.5,11.0,0.0,0,0,0
2023,REG,PHI,00-0032268,M.Mariota,00-0036741,J.Stoll,1,1,11.0,0,2.09076064429246,2.09076064429246,1,1.0,3.0,8.0,3.0,8.0,1.0,0,0,0
2023,REG,PHI,00-0032268,M.Mariota,00-0036912,D.Smith,1,1,12.0,0,0.631988666485995,0.631988666485995,1,1.0,12.0,0.0,12.0,0.0,1.0,0,0,0
2023,REG,PHI,00-0032268,M.Mariota,00-0037086,G.Calcaterra,2,2,18.0,0,1.088776706776116,0.544388353388058,2,1.0,5.0,13.0,2.5,6.5,1.0,0,0,0
2023,REG,PHI,00-0032268,M.Mariota,00-0037132,B.Covey,5,3,35.0,0,0.5549185996654937,0.11098371993309875,3,0.6,55.0,16.0,11.0,5.333333333333333,2.0,1,1,0
2023,REG,CLE,00-0032436,J.Driskel,00-0033923,K.Hunt,1,1,5.0,0,-1.13454187521711,-1.13454187521711,0,0.0,-1.0,6.0,-1.0,6.0,0.0,0,0,0
2023,REG,CLE,00-0032436,J.Driskel,00-0034364,J.Akins,6,3,24.0,0,-1.2166721821995459,-0.20277869703325765,1,0.16666666666666666,25.0,12.0,4.166666666666667,4.0,2.0,0,0,0
2023,REG,CLE,00-0032436,J.Driskel,00-0036133,J.Proche,4,0,0.0,0,-8.304163236578466,-2.0760408091446165,0,0.0,50.0,0.0,12.5,0.0,0.0,0,0,0
2023,REG,CLE,00-0032436,J.Driskel,00-0037257,Dav.Bell,4,4,68.0,2,9.630391079757839,2.4075977699394597,3,0.75,65.0,3.0,16.25,0.75,3.0,2,0,0
2023,REG,CLE,00-0032436,J.Driskel,00-0037267,J.Ford,3,2,26.0,0,0.4491380521794719,0.14971268405982396,2,0.6666666666666666,5.0,26.0,1.6666666666666667,13.0,1.0,0,0,0
2023,REG,CLE,00-0032436,J.Driskel,00-0038098,P.Strong,1,0,0.0,0,-0.560051999054849,-0.560051999054849,0,0.0,19.0,0.0,19.0,0.0,0.0,0,0,0
2023,REG,CLE,00-0032436,J.Driskel,00-0038979,C.Tillman,6,3,43.0,0,-3.5445071151480043,-0.5907511858580007,3,0.5,69.0,27.0,11.5,9.0,2.0,0,0,0
2023,REG,TEN,00-0032764,D.Henry,00-0030564,D.Hopkins,1,0,0.0,0,-0.476032459002454,-0.476032459002454,0,0.0,13.0,0.0,13.0,0.0,0.0,0,1,0
2023,REG,TEN,00-0032764,D.Henry,00-0037809,C.Okonkwo,1,1,12.0,1,1.89627585367998,1.89627585367998,1,1.0,12.0,0.0,12.0,0.0,1.0,0,1,1
2023,REG,TEN,00-0032764,D.Henry,00-0038589,J.Whyle,1,1,2.0,1,3.10216732966364,3.10216732966364,1,1.0,2.0,0.0,2.0,0.0,1.0,0,1,1
2023,REG,LA,00-0032950,C.Wentz,00-0034838,R.Freeman,1,1,13.0,0,0.979335256619379,0.979335256619379,1,1.0,-1.0,14.0,-1.0,14.0,1.0,0,0,0
2023,REG,LA,00-0032950,C.Wentz,00-0036424,B.Hopkins,3,2,47.0,0,2.573938865942175,0.857979621980725,2,0.6666666666666666,53.0,13.0,17.666666666666668,6.5,2.0,1,0,0
2023,REG,LA,00-0032950,C.Wentz,00-0036427,T.Johnson,3,2,8.0,1,1.8522694332641585,0.6174231444213861,1,0.3333333333333333,16.0,1.0,5.333333333333333,0.5,1.0,0,1,1
2023,REG,LA,00-0032950,C.Wentz,00-0036849,T.Atwell,5,2,7.0,0,-2.3939084398588184,-0.4787816879717637,3,0.6,17.0,6.0,3.4,3.0,2.0,0,2,0
2023,REG,LA,00-0032950,C.Wentz,00-0036862,B.Skowronek,2,2,22.0,0,2.764356207801024,1.382178103900512,2,1.0,13.0,9.0,6.5,4.5,1.0,0,0,0
2023,REG,LA,00-0032950,C.Wentz,00-0039074,D.Allen,4,4,25.0,0,3.8587459204718493,0.9646864801179623,3,0.75,12.0,13.0,3.0,3.25,2.0,0,0,0
2023,REG,LA,00-0032950,C.Wentz,00-0039075,P.Nacua,6,4,41.0,1,3.82065803452861,0.6367763390881017,4,0.6666666666666666,44.0,9.0,7.333333333333333,2.25,2.0,0,1,1
2023,REG,CIN,00-0033009,T.Boyd,00-0033897,J.Mixon,1,0,0.0,0,-6.52706873958232,-6.52706873958232,0,0.0,-8.0,0.0,-8.0,0.0,0.0,0,0,0
2023,REG,DAL,00-0033077,D.Prescott,00-0031236,B.Cooks,82,54,657.0,8,35.826218210054634,0.43690510012261746,47,0.573170731707317,1069.0,125.0,13.036585365853659,2.314814814814815,38.0,11,13,6
2023,REG,DAL,00-0033077,D.Prescott,00-0034764,M.Gallup,55,32,382.0,2,2.1693080190473184,0.03944196398267852,27,0.4909090909090909,595.0,97.0,10.818181818181818,3.03125,18.0,5,6,1
2023,REG,DAL,00-0033077,D.Prescott,00-0035261,T.Pollard,67,55,311.0,0,-4.405461841042867,-0.06575316180660996,24,0.3582089552238806,27.0,321.0,0.40298507462686567,5.836363636363636,12.0,2,12,0
2023,REG,DAL,00-0033077,D.Prescott,00-0036032,S.McKeon,2,0,0.0,0,-6.453547171666286,-3.226773585833143,0,0.0,13.0,0.0,6.5,0.0,0.0,0,1,0
2023,REG,DAL,00-0033077,D.Prescott,00-0036139,R.Dowdle,21,16,139.0,2,5.304536874307983,0.25259699401466584,10,0.47619047619047616,-6.0,160.0,-0.2857142857142857,10.0,6.0,1,4,2
2023,REG,DAL,00-0033077,D.Prescott,00-0036358,C.Lamb,180,133,1740.0,12,103.28088321342757,0.573782684519042,109,0.6055555555555555,1714.0,679.0,9.522222222222222,5.105263157894737,80.0,29,33,9
2023,REG,DAL,00-0033077,D.Prescott,00-0037569,P.Hendershot,6,3,14.0,0,-2.8687989891623147,-0.47813316486038576,2,0.3333333333333333,28.0,3.0,4.666666666666667,1.0,0.0,0,2,0
2023,REG,DAL,00-0033077,D.Prescott,00-0037666,J.Tolbert,28,18,245.0,2,10.667730361979938,0.38099037007071207,17,0.6071428571428571,369.0,32.0,13.178571428571429,1.7777777777777777,11.0,3,3,2
2023,REG,DAL,00-0033077,D.Prescott,00-0037801,K.Turpin,15,11,117.0,3,14.738415396101635,0.9825610264067757,8,0.5333333333333333,89.0,36.0,5.933333333333334,3.272727272727273,8.0,2,6,1
2023,REG,DAL,00-0033077,D.Prescott,00-0038041,J.Ferguson,102,71,761.0,5,32.75242731869886,0.3211022286146947,56,0.5490196078431373,514.0,425.0,5.03921568627451,5.985915492957746,40.0,8,25,5
2023,REG,DAL,00-0033077,D.Prescott,00-0038547,L.Schoonmaker,14,7,60.0,2,-4.461420373897219,-0.31867288384980136,5,0.35714285714285715,76.0,27.0,5.428571428571429,3.857142857142857,5.0,0,5,2
2023,REG,DAL,00-0033077,D.Prescott,00-0038622,D.Vaughn,5,5,28.0,0,0.10932304069865606,0.021864608139731213,2,0.4,-3.0,31.0,-0.6,6.2,1.0,0,0,0
2023,REG,DAL,00-0033077,D.Prescott,00-0038640,J.Brooks,3,3,42.0,0,2.5482330585946373,0.8494110195315457,3,1.0,31.0,11.0,10.333333333333334,3.6666666666666665,2.0,1,0,0
2023,REG,DAL,00-0033077,D.Prescott,00-0038738,H.Luepke,3,2,20.0,0,0.0004328027134800627,0.0001442675711600209,2,0.6666666666666666,0.0,16.0,0.0,8.0,1.0,0,0,0
2023,REG,DET,00-0033106,J.Goff,00-0029293,M.Jones,10,5,35.0,0,-5.4269669885117375,-0.5426966988511738,3,0.3,80.0,9.0,8.0,1.8,2.0,0,2,0
2023,REG,DET,00-0033106,J.Goff,00-0032464,K.Raymond,44,35,489.0,1,29.941924275573406,0.6804982789903047,30,0.6818181818181818,388.0,214.0,8.818181818181818,6.114285714285714,20.0,9,4,0
2023,REG,DET,00-0033106,J.Goff,00-0033863,D.Skipper,1,1,4.0,0,-0.0089290724135935,-0.0089290724135935,0,0.0,-1.0,5.0,-1.0,5.0,0.0,0,0,0
2023,REG,DET,00-0033106,J.Goff,00-0033943,J.Reynolds,64,40,608.0,5,14.70026380155588,0.22969162189931064,36,0.5625,645.0,173.0,10.078125,4.325,32.0,17,12,4
2023,REG,DET,00-0033106,J.Goff,00-0035184,D.Ozigbo,1,1,8.0,0,0.556485361885279,0.556485361885279,1,1.0,3.0,5.0,3.0,5.0,0.0,0,0,0
2023,REG,DET,00-0033106,J.Goff,00-0035567,C.Reynolds,5,5,47.0,0,2.8365457532927367,0.5673091506585474,3,0.6,-12.0,59.0,-2.4,11.8,2.0,1,0,0
2023,REG,DET,00-0033106,J.Goff,00-0035685,D.Montgomery,24,16,117.0,0,-8.179863842145997,-0.3408276600894165,11,0.4583333333333333,-19.0,149.0,-0.7916666666666666,9.3125,7.0,0,1,0
2023,REG,DET,00-0033106,J.Goff,00-0036233,D.Peoples-Jones,7,5,58.0,0,2.5712976442770032,0.36732823489671473,3,0.42857142857142855,63.0,13.0,9.0,2.6,3.0,1,1,0
2023,REG,DET,00-0033106,J.Goff,00-0036754,B.Wright,14,13,91.0,1,5.006717906566333,0.3576227076118809,7,0.5,40.0,49.0,2.857142857142857,3.769230769230769,2.0,1,1,0
2023,REG,DET,00-0033106,J.Goff,00-0036963,A.St. Brown,165,119,1515.0,10,71.34393314206704,0.4323874735882851,97,0.5878787878787879,1271.0,668.0,7.703030303030303,5.61344537815126,75.0,24,26,6
2023,REG,DET,00-0033106,J.Goff,00-0037157,Z.Knight,1,1,8.0,0,0.609827129286714,0.609827129286714,1,1.0,-5.0,13.0,-5.0,13.0,0.0,0,0,0
2023,REG,DET,00-0033106,J.Goff,00-0037240,J.Williams,42,24,354.0,2,13.631020210159505,0.32454810024189296,19,0.4523809523809524,665.0,105.0,15.833333333333334,4.375,14.0,5,4,0
2023,REG,DET,00-0033106,J.Goff,00-0037282,J.Mitchell,3,2,28.0,0,1.3387490222668272,0.4462496740889424,1,0.3333333333333333,16.0,12.0,5.333333333333333,6.0,1.0,1,1,0
2023,REG,DET,00-0033106,J.Goff,00-0037289,M.Rodriguez,1,1,6.0,0,0.0505867791362107,0.0505867791362107,1,1.0,6.0,0.0,6.0,0.0,1.0,0,0,0
2023,REG,DET,00-0033106,J.Goff,00-0038627,A.Green,2,1,2.0,0,-3.538327306450806,-1.769163653225403,0,0.0,11.0,1.0,5.5,1.0,0.0,0,1,0
2023,REG,DET,00-0033106,J.Goff,00-0039065,S.LaPorta,122,86,889.0,10,40.43289501998988,0.331417172294999,71,0.5819672131147541,851.0,358.0,6.975409836065574,4.162790697674419,48.0,8,18,8
2023,REG,DET,00-0033106,J.Goff,00-0039139,J.Gibbs,72,52,316.0,1,-12.100235076663637,-0.16805882050921717,30,0.4166666666666667,8.0,314.0,0.1111111111111111,6.038461538461538,20.0,2,8,1
2023,REG,WAS,00-0033119,J.Brissett,00-0031260,L.Thomas,3,3,24.0,1,3.687436666950814,1.2291455556502713,2,0.6666666666666666,23.0,1.0,7.666666666666667,0.3333333333333333,1.0,0,1,1
2023,REG,WAS,00-0033119,J.Brissett,00-0033282,C.Samuel,4,3,16.0,1,2.9909927480621263,0.7477481870155316,2,0.5,19.0,0.0,4.75,0.0,1.0,0,3,1
2023,REG,WAS,00-0033119,J.Brissett,00-0035659,T.McLaurin,5,4,122.0,1,9.16080753796268,1.8321615075925362,4,0.8,90.0,36.0,18.0,9.0,4.0,3,0,0
2023,REG,WAS,00-0033119,J.Brissett,00-0036328,A.Gibson,2,2,5.0,0,-1.091882353648543,-0.5459411768242715,0,0.0,-7.0,12.0,-3.5,6.0,0.0,0,0,0
2023,REG,WAS,00-0033119,J.Brissett,00-0036628,J.Bates,4,3,14.0,0,-0.301261436892674,-0.0753153592231685,1,0.25,3.0,12.0,0.75,4.0,1.0,0,2,0
2023,REG,WAS,00-0033119,J.Brissett,00-0037741,J.Dotson,4,3,43.0,0,3.7196205231593886,0.9299051307898472,3,0.75,47.0,9.0,11.75,3.0,3.0,1,1,0
2023,REG,CLE,00-0033275,P.Walker,00-0030068,M.Goodwin,3,2,10.0,0,-2.005676464701566,-0.6685588215671886,0,0.0,27.0,7.0,9.0,3.5,0.0,0,0,0
2023,REG,CLE,00-0033275,P.Walker,00-0031544,A.Cooper,28,12,219.0,0,-0.46163804759353744,-0.016487073128340624,10,0.35714285714285715,356.0,58.0,12.714285714285714,4.833333333333333,8.0,5,3,0
2023,REG,CLE,00-0033275,P.Walker,00-0033885,D.Njoku,22,13,164.0,1,1.0214472546940618,0.0464294206679119,9,0.4090909090909091,90.0,143.0,4.090909090909091,11.0,8.0,2,6,1
2023,REG,CLE,00-0033275,P.Walker,00-0033923,K.Hunt,4,4,36.0,0,3.035387219861152,0.758846804965288,4,1.0,-12.0,48.0,-3.0,12.0,2.0,0,0,0
2023,REG,CLE,00-0033275,P.Walker,00-0034364,J.Akins,3,1,6.0,0,-0.81712361855898,-0.27237453951966,1,0.3333333333333333,21.0,2.0,7.0,2.0,0.0,0,0,0
2023,REG,CLE,00-0033275,P.Walker,00-0036232,H.Bryant,3,0,0.0,0,-2.843578170731136,-0.9478593902437119,0,0.0,19.0,0.0,6.333333333333333,0.0,0.0,0,1,0
2023,REG,CLE,00-0033275,P.Walker,00-0036233,D.Peoples-Jones,3,1,17.0,0,-0.687349184855325,-0.22911639495177502,1,0.3333333333333333,55.0,2.0,18.333333333333332,2.0,1.0,0,0,0
2023,REG,CLE,00-0033275,P.Walker,00-0036980,E.Moore,23,12,143.0,0,0.9244028730950631,0.04019142926500274,8,0.34782608695652173,260.0,52.0,11.304347826086957,4.333333333333333,5.0,3,2,0
2023,REG,CLE,00-0033275,P.Walker,00-0037257,Dav.Bell,4,1,6.0,0,-5.189074079156853,-1.2972685197892133,1,0.25,15.0,2.0,3.75,2.0,1.0,0,0,0
2023,REG,CLE,00-0033275,P.Walker,00-0037267,J.Ford,10,7,32.0,0,-6.424771207035523,-0.6424771207035522,3,0.3,-2.0,36.0,-0.2,5.142857142857143,1.0,0,0,0
2023,REG,CLE,00-0033275,P.Walker,00-0038098,P.Strong,1,1,41.0,0,2.61925183271524,2.61925183271524,1,1.0,-7.0,48.0,-7.0,48.0,1.0,1,0,0
2023,REG,CLE,00-0033275,P.Walker,00-0038979,C.Tillman,1,0,0.0,0,-0.959685047157109,-0.959685047157109,0,0.0,2.0,0.0,2.0,0.0,0.0,0,0,0
2023,REG,MIN,00-0033319,N.Mullens,00-0032918,C.Ham,1,1,6.0,0,-0.808194202370942,-0.808194202370942,0,0.0,3.0,3.0,3.0,3.0,0.0,0,0,0
2023,REG,MIN,00-0033319,N.Mullens,00-0033246,J.Mundt,14,10,114.0,1,7.359958647932299,0.5257113319951642,7,0.5,108.0,35.0,7.714285714285714,3.5,6.0,2,3,1
2023,REG,MIN,00-0033319,N.Mullens,00-0034646,B.Powell,9,4,55.0,0,-8.737442329002084,-0.970826925444676,2,0.2222222222222222,71.0,14.0,7.888888888888889,3.5,2.0,2,1,0
2023,REG,MIN,00-0033319,N.Mullens,00-0034972,A.Mattison,2,2,10.0,0,-0.8455311569850891,-0.42276557849254454,0,0.0,-1.0,11.0,-0.5,5.5,0.0,0,0,0
2023,REG,MIN,00-0033319,N.Mullens,00-0035229,T.Hockenson,15,14,166.0,0,11.07319505405632,0.7382130036037547,11,0.7333333333333333,121.0,51.0,8.066666666666666,3.642857142857143,6.0,2,0,0
2023,REG,MIN,00-0033319,N.Mullens,00-0035249,J.Oliver,9,5,78.0,0,2.924240036110856,0.3249155595678729,4,0.4444444444444444,12.0,71.0,1.3333333333333333,14.2,4.0,2,1,0
2023,REG,MIN,00-0033319,N.Mullens,00-0036322,J.Jefferson,42,29,463.0,2,19.156608204223286,0.45610971914817344,24,0.5714285714285714,620.0,79.0,14.761904761904763,2.7241379310344827,20.0,11,6,0
2023,REG,MIN,00-0033319,N.Mullens,00-0036345,K.Osborn,14,10,112.0,1,4.599970346200277,0.32856931044287696,6,0.42857142857142855,123.0,32.0,8.785714285714286,3.2,6.0,1,2,1
2023,REG,MIN,00-0033319,N.Mullens,00-0037276,T.Chandler,10,8,69.0,0,3.088569047395144,0.3088569047395144,5,0.5,-26.0,90.0,-2.6,11.25,4.0,0,2,0
2023,REG,MIN,00-0033319,N.Mullens,00-0037291,J.Nailor,4,2,13.0,0,-2.7012606681673788,-0.6753151670418447,0,0.0,45.0,8.0,11.25,4.0,0.0,0,0,0
2023,REG,MIN,00-0033319,N.Mullens,00-0037317,N.Muse,1,1,22.0,0,1.35134004242718,1.35134004242718,1,1.0,12.0,10.0,12.0,10.0,1.0,1,0,0
2023,REG,MIN,00-0033319,N.Mullens,00-0038994,J.Addison,22,14,198.0,3,1.3521461067139162,0.06146118666881437,10,0.45454545454545453,304.0,73.0,13.818181818181818,5.214285714285714,8.0,4,2,1
2023,REG,NO,00-0033357,T.Hill,00-0032765,M.Thomas,3,2,17.0,0,0.29196955764200516,0.09732318588066839,2,0.6666666666666666,17.0,5.0,5.666666666666667,2.5,1.0,0,0,0
2023,REG,NO,00-0033357,T.Hill,00-0036040,J.Johnson,5,3,22.0,1,0.9951833577360971,0.19903667154721943,3,0.6,17.0,13.0,3.4,4.333333333333333,2.0,0,2,1
2023,REG,NO,00-0033357,T.Hill,00-0036364,L.Bowden,1,0,0.0,0,-0.59911783458665,-0.59911783458665,0,0.0,7.0,0.0,7.0,0.0,0.0,0,0,0
2023,REG,NO,00-0033357,T.Hill,00-0037239,C.Olave,1,0,0.0,0,-0.543335709953681,-0.543335709953681,0,0.0,41.0,0.0,41.0,0.0,0.0,0,0,0
2023,REG,NO,00-0033357,T.Hill,00-0037545,R.Shaheed,1,1,44.0,0,3.14116476027994,3.14116476027994,1,1.0,44.0,0.0,44.0,0.0,1.0,1,0,0
2023,REG,CLE,00-0033537,D.Watson,00-0030068,M.Goodwin,7,0,0.0,0,-7.772127270232885,-1.110303895747555,0,0.0,273.0,0.0,39.0,0.0,0.0,0,0,0
2023,REG,CLE,00-0033537,D.Watson,00-0031544,A.Cooper,39,28,480.0,2,36.58588686718526,0.9380996632611605,26,0.6666666666666666,631.0,84.0,16.17948717948718,3.0,20.0,8,5,1
2023,REG,CLE,00-0033537,D.Watson,00-0033885,D.Njoku,26,20,176.0,1,-5.362354579319249,-0.20624440689689422,11,0.4230769230769231,31.0,158.0,1.1923076923076923,7.9,5.0,2,6,1
2023,REG,CLE,00-0033537,D.Watson,00-0033923,K.Hunt,5,2,22.0,0,0.392305855639282,0.0784611711278564,2,0.4,6.0,18.0,1.2,9.0,1.0,0,0,0
2023,REG,CLE,00-0033537,D.Watson,00-0034364,J.Akins,6,4,33.0,0,-0.8714383472688451,-0.14523972454480752,3,0.5,14.0,26.0,2.3333333333333335,6.5,2.0,0,0,0
2023,REG,CLE,00-0033537,D.Watson,00-0034791,N.Chubb,4,4,21.0,0,0.7501136377686684,0.1875284094421671,2,0.5,1.0,20.0,0.25,5.0,1.0,0,0,0
2023,REG,CLE,00-0033537,D.Watson,00-0036133,J.Proche,1,0,0.0,0,1.02040221949574,1.02040221949574,1,1.0,36.0,0.0,36.0,0.0,0.0,0,0,0
2023,REG,CLE,00-0033537,D.Watson,00-0036232,H.Bryant,5,3,8.0,1,-8.952328371620254,-1.7904656743240508,1,0.2,13.0,4.0,2.6,1.3333333333333333,1.0,0,1,1
2023,REG,CLE,00-0033537,D.Watson,00-0036233,D.Peoples-Jones,11,6,73.0,0,-0.39069823897443523,-0.03551802172494866,5,0.45454545454545453,106.0,18.0,9.636363636363637,3.0,3.0,1,0,0
2023,REG,CLE,00-0033537,D.Watson,00-0036980,E.Moore,35,22,186.0,1,-7.3289510832739495,-0.2093986023792557,13,0.37142857142857144,304.0,65.0,8.685714285714285,2.9545454545454546,11.0,1,4,1
2023,REG,CLE,00-0033537,D.Watson,00-0037257,Dav.Bell,4,3,27.0,0,2.1524057502974676,0.5381014375743669,3,0.75,22.0,18.0,5.5,6.0,2.0,0,0,0
2023,REG,CLE,00-0033537,D.Watson,00-0037267,J.Ford,16,11,93.0,2,1.4013936231494801,0.08758710144684251,7,0.4375,29.0,82.0,1.8125,7.454545454545454,6.0,0,2,2
2023,REG,CLE,00-0033537,D.Watson,00-0038098,P.Strong,2,1,-7.0,0,-2.240428056800741,-1.1202140284003705,0,0.0,-3.0,1.0,-1.5,1.0,0.0,0,0,0
2023,REG,CLE,00-0033537,D.Watson,00-0038979,C.Tillman,4,1,3.0,0,-2.6712307921659155,-0.6678076980414789,0,0.0,55.0,5.0,13.75,5.0,0.0,0,1,0
2023,REG,DET,00-0033557,J.Reeves-Maybin,00-0036124,K.Dorsey,1,1,31.0,0,4.14300359913614,4.14300359913614,1,1.0,22.0,9.0,22.0,9.0,1.0,1,0,0
2023,REG,DAL,00-0033662,C.Rush,00-0034764,M.Gallup,2,2,36.0,0,3.375400476739741,1.6877002383698705,2,1.0,29.0,7.0,14.5,3.5,1.0,1,0,0
2023,REG,DAL,00-0033662,C.Rush,00-0036139,R.Dowdle,1,1,5.0,0,0.32382714364212,0.32382714364212,1,1.0,-5.0,10.0,-5.0,10.0,0.0,0,0,0
2023,REG,DAL,00-0033662,C.Rush,00-0036358,C.Lamb,2,2,9.0,0,0.2391019051428886,0.1195509525714443,1,0.5,8.0,1.0,4.0,0.5,0.0,0,0,0
2023,REG,DAL,00-0033662,C.Rush,00-0037569,P.Hendershot,1,1,24.0,0,1.46044989838265,1.46044989838265,1,1.0,-1.0,25.0,-1.0,25.0,1.0,1,0,0
2023,REG,DAL,00-0033662,C.Rush,00-0037666,J.Tolbert,8,4,23.0,0,-7.272631401937374,-0.9090789252421717,3,0.375,105.0,2.0,13.125,0.5,2.0,0,1,0
2023,REG,DAL,00-0033662,C.Rush,00-0037801,K.Turpin,3,1,10.0,0,-2.5211548206862022,-0.8403849402287341,0,0.0,74.0,3.0,24.666666666666668,3.0,1.0,0,0,0
2023,REG,DAL,00-0033662,C.Rush,00-0038547,L.Schoonmaker,1,1,5.0,0,0.0269086821936071,0.0269086821936071,1,1.0,5.0,0.0,5.0,0.0,0.0,0,0,0
2023,REG,DAL,00-0033662,C.Rush,00-0038622,D.Vaughn,2,2,12.0,0,0.6358731397776881,0.31793656988884406,1,0.5,-3.0,15.0,-1.5,7.5,0.0,0,0,0
2023,REG,DAL,00-0033662,C.Rush,00-0038640,J.Brooks,3,3,22.0,0,1.306637711328222,0.435545903776074,2,0.6666666666666666,5.0,17.0,1.6666666666666667,5.666666666666667,2.0,0,0,0
2023,REG,DAL,00-0033662,C.Rush,00-0038738,H.Luepke,1,1,-2.0,0,-1.23892675107345,-1.23892675107345,0,0.0,-2.0,0.0,-2.0,0.0,0.0,0,0,0
2023,REG,ATL,00-0033858,J.Smith,00-0031585,M.Pruitt,1,0,0.0,0,-0.861830357287545,-0.861830357287545,0,0.0,7.0,0.0,7.0,0.0,0.0,0,1,0
2023,REG,PIT,00-0033869,M.Trubisky,00-0031428,A.Robinson,10,7,59.0,0,-4.073336197412575,-0.4073336197412575,4,0.4,120.0,10.0,12.0,1.4285714285714286,1.0,1,0,0
2023,REG,PIT,00-0033869,M.Trubisky,00-0035216,D.Johnson,19,11,170.0,3,12.16172669336083,0.6400908785979385,11,0.5789473684210527,346.0,22.0,18.210526315789473,2.0,10.0,4,2,2
2023,REG,PIT,00-0033869,M.Trubisky,00-0036893,N.Harris,10,9,72.0,0,2.3674749335041327,0.23674749335041329,7,0.7,20.0,57.0,2.0,6.333333333333333,5.0,0,0,0
2023,REG,PIT,00-0033869,M.Trubisky,00-0036894,P.Freiermuth,14,7,49.0,0,-2.9999410804738242,-0.2142815057481303,7,0.5,90.0,15.0,6.428571428571429,2.142857142857143,4.0,0,1,0
2023,REG,PIT,00-0033869,M.Trubisky,00-0037228,J.Warren,17,13,90.0,0,-4.492343537101993,-0.2642555021824702,6,0.35294117647058826,-8.0,105.0,-0.47058823529411764,8.076923076923077,6.0,0,1,0
2023,REG,PIT,00-0033869,M.Trubisky,00-0037247,G.Pickens,20,10,113.0,1,-8.916691433987593,-0.4458345716993796,7,0.35,286.0,32.0,14.3,3.2,5.0,2,0,0
2023,REG,PIT,00-0033869,M.Trubisky,00-0037304,Co.Heyward,8,5,30.0,0,-0.3717869976767316,-0.04647337470959145,3,0.375,58.0,12.0,7.25,2.4,2.0,0,0,0
2023,REG,PIT,00-0033869,M.Trubisky,00-0037451,R.Williams,2,0,0.0,0,-0.681053433858323,-0.3405267169291615,0,0.0,8.0,0.0,4.0,0.0,0.0,0,0,0
2023,REG,PIT,00-0033869,M.Trubisky,00-0037837,C.Austin,4,4,37.0,0,2.4007866703905147,0.6001966675976287,4,1.0,27.0,10.0,6.75,2.5,2.0,0,0,0
2023,REG,PIT,00-0033869,M.Trubisky,00-0038558,D.Washington,1,1,12.0,0,0.827240556711331,0.827240556711331,1,1.0,1.0,11.0,1.0,11.0,1.0,0,1,0
2023,REG,KC,00-0033873,P.Mahomes,00-0030506,T.Kelce,121,93,984.0,5,48.015015120075695,0.3968183067774851,72,0.5950413223140496,807.0,470.0,6.669421487603306,5.053763440860215,51.0,12,20,5
2023,REG,KC,00-0033873,P.Mahomes,00-0031376,J.McKinnon,31,25,192.0,4,7.629041759620777,0.24609812127808958,13,0.41935483870967744,-8.0,219.0,-0.25806451612903225,8.76,10.0,1,5,4
2023,REG,KC,00-0033873,P.Mahomes,00-0032062,B.Bell,7,4,23.0,1,-10.222813011205297,-1.4604018587436138,3,0.42857142857142855,18.0,15.0,2.5714285714285716,3.75,1.0,0,1,1
2023,REG,KC,00-0033873,P.Mahomes,00-0032217,D.Smith,1,1,0.0,0,-1.63936965493485,-1.63936965493485,0,0.0,0.0,0.0,0.0,0.0,0.0,0,0,0
2023,REG,KC,00-0033873,P.Mahomes,00-0034272,M.Valdes-Scantling,42,21,315.0,1,0.6663176012461793,0.015864704791575698,16,0.38095238095238093,742.0,92.0,17.666666666666668,4.380952380952381,14.0,5,5,0
2023,REG,KC,00-0033873,P.Mahomes,00-0034286,R.James,12,8,99.0,0,4.805041707091731,0.4004201422576443,7,0.5833333333333334,121.0,54.0,10.083333333333334,6.75,5.0,1,1,0
2023,REG,KC,00-0033873,P.Mahomes,00-0034386,Ju.Watson,51,26,449.0,3,2.691235053760466,0.05276931477961698,24,0.47058823529411764,913.0,47.0,17.901960784313726,1.8076923076923077,20.0,8,6,3
2023,REG,KC,00-0033873,P.Mahomes,00-0035140,M.Hardman,10,8,41.0,0,-0.5063137319249682,-0.05063137319249682,5,0.5,24.0,59.0,2.4,7.375,4.0,0,2,0
2023,REG,KC,00-0033873,P.Mahomes,00-0036269,L.Perine,1,0,0.0,0,-0.497920872177929,-0.497920872177929,0,0.0,1.0,0.0,1.0,0.0,0.0,0,0,0
2023,REG,KC,00-0033873,P.Mahomes,00-0036360,C.Edwards-Helaire,20,16,179.0,1,5.840375117433723,0.29201875587168613,11,0.55,-43.0,215.0,-2.15,13.4375,7.0,3,4,1
2023,REG,KC,00-0033873,P.Mahomes,00-0036637,N.Gray,38,28,298.0,2,9.374191939632901,0.24668926156928686,21,0.5526315789473685,264.0,133.0,6.947368421052632,4.75,15.0,4,3,1
2023,REG,KC,00-0033873,P.Mahomes,00-0036913,K.Toney,38,27,169.0,1,-8.356740063003487,-0.2199142121843023,15,0.39473684210526316,112.0,128.0,2.9473684210526314,4.7407407407407405,12.0,0,5,1
2023,REG,KC,00-0033873,P.Mahomes,00-0037197,I.Pacheco,49,44,244.0,2,1.82196975019595,0.037183056126447955,25,0.5102040816326531,-113.0,359.0,-2.306122448979592,8.159090909090908,12.0,2,9,2
2023,REG,KC,00-0033873,P.Mahomes,00-0037216,J.Ross,7,4,36.0,0,0.6367862432962271,0.09096946332803245,3,0.42857142857142855,49.0,10.0,7.0,2.5,1.0,1,1,0
2023,REG,KC,00-0033873,P.Mahomes,00-0038090,S.Moore,36,20,233.0,1,-4.405329350085655,-0.12237025972460153,15,0.4166666666666667,324.0,108.0,9.0,5.4,12.0,3,7,1
2023,REG,KC,00-0033873,P.Mahomes,00-0039067,R.Rice,98,76,914.0,6,39.8595839626457,0.4067304485984255,56,0.5714285714285714,478.0,639.0,4.877551020408164,8.407894736842104,42.0,10,21,5
2023,REG,TB,00-0033921,C.Godwin,00-0039052,T.Palmer,1,0,0.0,0,-0.711173077928834,-0.711173077928834,0,0.0,18.0,0.0,18.0,0.0,0.0,0,0,0
2023,REG,JAX,00-0033936,C.Beathard,00-0033572,J.Agnew,3,2,53.0,0,2.7031716347846717,0.9010572115948906,1,0.3333333333333333,50.0,13.0,16.666666666666668,6.5,1.0,1,1,0
2023,REG,JAX,00-0033936,C.Beathard,00-0033881,E.Engram,19,16,142.0,0,4.827368117272403,0.25407200617223175,10,0.5263157894736842,79.0,73.0,4.157894736842105,4.5625,8.0,1,3,0
2023,REG,JAX,00-0033936,C.Beathard,00-0033891,Z.Jones,2,1,7.0,0,-0.263703114935197,-0.1318515574675985,1,0.5,56.0,0.0,28.0,0.0,0.0,0,0,0
2023,REG,JAX,00-0033936,C.Beathard,00-0034837,C.Ridley,13,7,49.0,1,-4.509159739923556,-0.3468584415325812,5,0.38461538461538464,93.0,4.0,7.153846153846154,0.5714285714285714,5.0,0,4,1
2023,REG,JAX,00-0033936,C.Beathard,00-0035628,D.Johnson,1,1,6.0,0,0.418567708693445,0.418567708693445,1,1.0,4.0,2.0,4.0,2.0,1.0,0,0,0
2023,REG,JAX,00-0033936,C.Beathard,00-0036497,T.Jones,4,3,32.0,0,2.275228409736881,0.5688071024342203,3,0.75,40.0,5.0,10.0,1.6666666666666667,2.0,0,0,0
2023,REG,JAX,00-0033936,C.Beathard,00-0036887,L.Farrell,1,1,7.0,0,0.55209426273359,0.55209426273359,1,1.0,6.0,1.0,6.0,1.0,0.0,0,0,0
2023,REG,JAX,00-0033936,C.Beathard,00-0036973,T.Etienne,5,5,39.0,0,1.7996627705288128,0.3599325541057626,3,0.6,-8.0,47.0,-1.6,9.4,2.0,0,0,0
2023,REG,JAX,00-0033936,C.Beathard,00-0038606,P.Washington,2,2,10.0,0,-0.293230868061073,-0.1466154340305365,1,0.5,6.0,4.0,3.0,2.0,0.0,0,0,0
2023,REG,JAX,00-0033936,C.Beathard,00-0038935,B.Strange,3,2,4.0,0,-1.135755882045487,-0.37858529401516233,1,0.3333333333333333,7.0,1.0,2.3333333333333335,0.5,0.0,0,2,0
2023,REG,ARI,00-0033949,J.Dobbs,00-0030061,Z.Ertz,43,27,187.0,1,-14.025217831120042,-0.3261678565376754,18,0.4186046511627907,332.0,46.0,7.72093023255814,1.7037037037037037,8.0,0,8,1
2023,REG,ARI,00-0033949,J.Dobbs,00-0030874,D.Williams,2,2,12.0,0,-0.06445121543947596,-0.03222560771973798,1,0.5,1.0,11.0,0.5,5.5,0.0,0,0,0
2023,REG,ARI,00-0033949,J.Dobbs,00-0032141,G.Swaim,4,3,30.0,0,2.428474706423005,0.6071186766057513,3,0.75,11.0,15.0,2.75,5.0,2.0,0,1,0
2023,REG,MIN,00-0033949,J.Dobbs,00-0032918,C.Ham,3,2,3.0,0,-6.6032270321156865,-2.2010756773718954,0,0.0,2.0,3.0,0.6666666666666666,1.5,0.0,0,0,0
2023,REG,MIN,00-0033949,J.Dobbs,00-0033246,J.Mundt,3,3,12.0,0,-0.14118015218991703,-0.047060050729972346,1,0.3333333333333333,-1.0,13.0,-0.3333333333333333,4.333333333333333,0.0,0,0,0
2023,REG,ARI,00-0033949,J.Dobbs,00-0033251,Z.Pascal,9,4,19.0,0,-9.59840244872612,-1.0664891609695688,3,0.3333333333333333,83.0,12.0,9.222222222222221,3.0,1.0,0,2,0
2023,REG,ARI,00-0033949,J.Dobbs,00-0033553,J.Conner,10,8,30.0,0,-2.104563997418149,-0.2104563997418149,3,0.3,-22.0,51.0,-2.2,6.375,2.0,0,2,0
2023,REG,MIN,00-0033949,J.Dobbs,00-0034646,B.Powell,15,11,118.0,1,1.7817255787650428,0.11878170525100286,8,0.5333333333333333,113.0,43.0,7.533333333333333,3.909090909090909,7.0,2,1,1
2023,REG,MIN,00-0033949,J.Dobbs,00-0034972,A.Mattison,8,5,18.0,1,-2.55863665550155,-0.31982958193769373,3,0.375,-13.0,25.0,-1.625,5.0,1.0,0,2,1
2023,REG,MIN,00-0033949,J.Dobbs,00-0035229,T.Hockenson,43,28,316.0,2,11.61899021134013,0.2702090746823286,21,0.4883720930232558,392.0,106.0,9.116279069767442,3.7857142857142856,15.0,5,4,1
2023,REG,MIN,00-0033949,J.Dobbs,00-0035249,J.Oliver,6,6,48.0,1,3.977948969928549,0.6629914949880915,4,0.6666666666666666,22.0,26.0,3.6666666666666665,4.333333333333333,3.0,1,2,1
2023,REG,ARI,00-0033949,J.Dobbs,00-0035500,G.Dortch,1,0,0.0,0,-0.539737061830238,-0.539737061830238,0,0.0,37.0,0.0,37.0,0.0,0.0,0,0,0
2023,REG,ARI,00-0033949,J.Dobbs,00-0035662,M.Brown,71,38,416.0,4,8.857543304414456,0.12475413104809092,31,0.43661971830985913,802.0,120.0,11.295774647887324,3.1578947368421053,26.0,6,11,3
2023,REG,MIN,00-0033949,J.Dobbs,00-0035934,T.Jackson,4,1,2.0,0,-0.9981142019434069,-0.24952855048585174,1,0.25,12.0,4.0,3.0,4.0,0.0,0,3,0
2023,REG,MIN,00-0033949,J.Dobbs,00-0036322,J.Jefferson,3,2,27.0,0,1.827419137582181,0.6091397125273937,2,0.6666666666666666,32.0,0.0,10.666666666666666,0.0,2.0,0,0,0
2023,REG,MIN,00-0033949,J.Dobbs,00-0036345,K.Osborn,12,7,64.0,0,1.689719196932844,0.140809933077737,5,0.4166666666666667,123.0,18.0,10.25,2.5714285714285716,5.0,1,0,0
2023,REG,MIN,00-0033949,J.Dobbs,00-0036414,C.Akers,3,3,13.0,0,-0.4802003780496277,-0.16006679268320922,1,0.3333333333333333,-6.0,19.0,-2.0,6.333333333333333,1.0,0,1,0
2023,REG,ARI,00-0033949,J.Dobbs,00-0036936,R.Moore,31,19,123.0,0,-5.325003522867965,-0.17177430718928918,12,0.3870967741935484,71.0,98.0,2.2903225806451615,5.157894736842105,8.0,1,2,0
2023,REG,MIN,00-0033949,J.Dobbs,00-0037276,T.Chandler,9,8,47.0,0,-0.41660851519554987,-0.04628983502172776,4,0.4444444444444444,-10.0,57.0,-1.1111111111111112,7.125,1.0,0,1,0
2023,REG,MIN,00-0033949,J.Dobbs,00-0037291,J.Nailor,2,1,16.0,0,0.6757238869322459,0.33786194346612297,1,0.5,9.0,13.0,4.5,13.0,1.0,0,0,0
2023,REG,ARI,00-0033949,J.Dobbs,00-0037299,K.Ingram,4,4,26.0,0,0.33775865577626707,0.08443966394406677,2,0.5,-5.0,31.0,-1.25,7.75,1.0,0,0,0
2023,REG,ARI,00-0033949,J.Dobbs,00-0037744,T.McBride,35,25,265.0,1,2.770928355563009,0.07916938158751453,18,0.5142857142857142,249.0,114.0,7.114285714285714,4.56,13.0,4,4,1
2023,REG,ARI,00-0033949,J.Dobbs,00-0038559,Mi.Wilson,32,24,397.0,2,22.350245993700813,0.6984451873031504,19,0.59375,429.0,92.0,13.40625,3.8333333333333335,19.0,5,3,2
2023,REG,ARI,00-0033949,J.Dobbs,00-0038705,E.Demercado,16,12,64.0,0,-6.440547540094038,-0.4025342212558774,4,0.25,21.0,59.0,1.3125,4.916666666666667,2.0,0,0,0
2023,REG,MIN,00-0033949,J.Dobbs,00-0038994,J.Addison,31,18,211.0,0,-3.7550108860576854,-0.12112938342121565,12,0.3870967741935484,409.0,27.0,13.193548387096774,1.5,8.0,4,3,0
2023,REG,ARI,00-0033949,J.Dobbs,00-0039041,E.Higgins,1,1,0.0,0,-0.470725448336452,-0.470725448336452,0,0.0,0.0,0.0,0.0,0.0,0.0,0,0,0
2023,REG,NYJ,00-0034177,T.Boyle,00-0033893,D.Cook,5,3,30.0,0,0.8739055619807929,0.1747811123961586,2,0.4,2.0,29.0,0.4,9.666666666666666,2.0,0,0,0
2023,REG,NYJ,00-0034177,T.Boyle,00-0034270,T.Conklin,13,7,57.0,0,-2.654073071791001,-0.20415946706084623,3,0.23076923076923078,84.0,26.0,6.461538461538462,3.7142857142857144,3.0,0,1,0
2023,REG,NYJ,00-0034177,T.Boyle,00-0034433,N.Bawden,1,1,6.0,0,-1.51687154459069,-1.51687154459069,0,0.0,1.0,5.0,1.0,5.0,0.0,0,0,0
2023,REG,NYJ,00-0034177,T.Boyle,00-0034521,A.Lazard,1,0,0.0,0,-0.526897765230387,-0.526897765230387,0,0.0,12.0,0.0,12.0,0.0,0.0,0,0,0
2023,REG,NYJ,00-0034177,T.Boyle,00-0037740,G.Wilson,20,12,103.0,1,-1.5678255553939429,-0.07839127776969715,7,0.35,226.0,11.0,11.3,0.9166666666666666,6.0,1,1,1
2023,REG,NYJ,00-0034177,T.Boyle,00-0037805,J.Ruckert,8,4,25.0,0,-2.351279503840486,-0.29390993798006076,2,0.25,38.0,13.0,4.75,3.25,0.0,0,0,0
2023,REG,NYJ,00-0034177,T.Boyle,00-0038120,Bre.Hall,14,11,40.0,0,-8.801376340852583,-0.6286697386323273,3,0.21428571428571427,-15.0,53.0,-1.0714285714285714,4.818181818181818,2.0,0,2,0
2023,REG,NYJ,00-0034177,T.Boyle,00-0038389,I.Abanikanda,2,1,5.0,0,-0.5244455348583867,-0.26222276742919337,0,0.0,-1.0,10.0,-0.5,10.0,0.0,0,0,0
2023,REG,NYJ,00-0034177,T.Boyle,00-0038492,J.Brownlee,2,2,20.0,0,0.8123051438597031,0.40615257192985155,2,1.0,12.0,8.0,6.0,4.0,0.0,0,0,0
2023,REG,NYJ,00-0034177,T.Boyle,00-0038496,X.Gipson,8,7,74.0,0,3.6181450996424576,0.4522681374553072,4,0.5,49.0,35.0,6.125,5.0,3.0,1,2,0
2023,REG,MIA,00-0034401,M.White,00-0032688,R.Chosen,1,1,68.0,1,6.64615059969947,6.64615059969947,1,1.0,41.0,27.0,41.0,27.0,1.0,1,0,0
2023,REG,MIA,00-0034401,M.White,00-0034054,R.Cracraft,1,1,3.0,0,-1.06408733793069,-1.06408733793069,0,0.0,-4.0,7.0,-4.0,7.0,0.0,0,1,0
2023,REG,MIA,00-0034401,M.White,00-0034115,J.Wilson,1,1,1.0,0,-1.14065672969446,-1.14065672969446,0,0.0,-5.0,6.0,-5.0,6.0,0.0,0,0,0
2023,REG,MIA,00-0034401,M.White,00-0036020,S.Ahmed,1,0,0.0,0,-8.97694791085087,-8.97694791085087,0,0.0,0.0,0.0,0.0,0.0,0.0,0,0,0
2023,REG,MIA,00-0034401,M.White,00-0036326,C.Claypool,1,1,3.0,0,-0.74944385397248,-0.74944385397248,0,0.0,-3.0,6.0,-3.0,6.0,0.0,0,0,0
2023,REG,MIA,00-0034401,M.White,00-0039040,D.Achane,1,1,-1.0,0,-1.95591648481786,-1.95591648481786,0,0.0,-6.0,5.0,-6.0,5.0,0.0,0,0,0
2023,REG,JAX,00-0034437,L.Cooke,00-0036497,T.Jones,1,1,13.0,0,2.56437600724166,2.56437600724166,1,1.0,4.0,9.0,4.0,9.0,1.0,0,0,0
2023,REG,ATL,00-0034438,L.Woodside,00-0034854,K.Hodge,1,0,0.0,0,-9.91952352915541,-9.91952352915541,0,0.0,8.0,0.0,8.0,0.0,0.0,0,0,0
2023,REG,ATL,00-0034438,L.Woodside,00-0035298,S.Miller,1,1,10.0,0,0.352543335116934,0.352543335116934,1,1.0,-2.0,12.0,-2.0,12.0,1.0,0,0,0
2023,REG,ATL,00-0034438,L.Woodside,00-0037263,T.Allgeier,1,1,5.0,0,0.37142436747672,0.37142436747672,1,1.0,-2.0,7.0,-2.0,7.0,1.0,0,0,0
2023,REG,ATL,00-0034438,L.Woodside,00-0037306,J.FitzPatrick,1,1,12.0,0,0.712112442590296,0.712112442590296,1,1.0,2.0,10.0,2.0,10.0,1.0,0,0,0
2023,REG,PIT,00-0034771,M.Rudolph,00-0031428,A.Robinson,5,4,36.0,0,-0.7848331099415788,-0.15696662198831576,2,0.4,42.0,7.0,8.4,1.75,2.0,0,1,0
2023,REG,PIT,00-0034771,M.Rudolph,00-0035216,D.Johnson,15,10,180.0,1,10.035490202310042,0.6690326801540027,8,0.5333333333333333,171.0,106.0,11.4,10.6,8.0,2,2,0
2023,REG,PIT,00-0034771,M.Rudolph,00-0035703,M.Boykin,1,1,6.0,0,0.180578875122592,0.180578875122592,1,1.0,6.0,0.0,6.0,0.0,0.0,0,0,0
2023,REG,PIT,00-0034771,M.Rudolph,00-0036893,N.Harris,5,5,21.0,0,0.8084001802781118,0.16168003605562237,4,0.8,-7.0,28.0,-1.4,5.6,2.0,0,2,0
2023,REG,PIT,00-0034771,M.Rudolph,00-0036894,P.Freiermuth,7,6,71.0,0,4.344244537263877,0.6206063624662681,4,0.5714285714285714,32.0,39.0,4.571428571428571,6.5,2.0,1,0,0
2023,REG,PIT,00-0034771,M.Rudolph,00-0037228,J.Warren,16,15,67.0,0,-4.496897555336119,-0.28105609720850744,7,0.4375,-13.0,83.0,-0.8125,5.533333333333333,3.0,0,2,0
2023,REG,PIT,00-0034771,M.Rudolph,00-0037247,G.Pickens,15,11,326.0,2,18.478257977284013,1.2318838651522674,10,0.6666666666666666,225.0,150.0,15.0,13.636363636363637,8.0,6,1,0
2023,REG,PIT,00-0034771,M.Rudolph,00-0037304,Co.Heyward,2,2,4.0,0,-0.32543914753478,-0.16271957376739,1,0.5,-2.0,6.0,-1.0,3.0,1.0,0,0,0
2023,REG,PIT,00-0034771,M.Rudolph,00-0037837,C.Austin,2,0,0.0,0,-2.696432194672526,-1.348216097336263,0,0.0,51.0,0.0,25.5,0.0,0.0,0,0,0
2023,REG,PIT,00-0034771,M.Rudolph,00-0038558,D.Washington,1,1,8.0,0,0.574177761562169,0.574177761562169,1,1.0,1.0,7.0,1.0,7.0,0.0,0,0,0
2023,REG,JAX,00-0034775,C.Kirk,00-0036973,T.Etienne,2,1,-1.0,0,-1.756597166182476,-0.878298583091238,0,0.0,25.0,0.0,12.5,0.0,0.0,0,0,0
2023,REG,BAL,00-0034796,L.Jackson,00-0031235,O.Beckham,62,34,559.0,2,19.649245314633728,0.31692331152635045,30,0.4838709677419355,876.0,155.0,14.129032258064516,4.5588235294117645,26.0,10,9,0
2023,REG,BAL,00-0034796,L.Jackson,00-0031549,N.Agholor,40,30,342.0,4,13.836453292576577,0.3459113323144144,23,0.575,390.0,130.0,9.75,4.333333333333333,16.0,4,7,3
2023,REG,BAL,00-0034796,L.Jackson,00-0032144,M.Gordon,3,3,46.0,0,3.146736055961811,1.048912018653937,3,1.0,18.0,28.0,6.0,9.333333333333334,3.0,1,0,0
2023,REG,BAL,00-0034796,L.Jackson,00-0033118,K.Drake,3,2,31.0,0,-3.834364107984587,-1.2781213693281956,1,0.3333333333333333,-4.0,36.0,-1.3333333333333333,18.0,0.0,1,0,0
2023,REG,BAL,00-0034796,L.Jackson,00-0033376,P.Ricard,7,5,52.0,1,-2.305524071154648,-0.32936058159352116,3,0.42857142857142855,19.0,35.0,2.7142857142857144,7.0,3.0,1,3,1
2023,REG,BAL,00-0034796,L.Jackson,00-0034184,G.Edwards,13,12,180.0,0,9.551620966289201,0.7347400743299386,8,0.6153846153846154,32.0,145.0,2.4615384615384617,12.083333333333334,5.0,2,0,0
2023,REG,BAL,00-0034796,L.Jackson,00-0034753,M.Andrews,60,45,544.0,6,33.89601964087342,0.5649336606812236,39,0.65,428.0,217.0,7.133333333333334,4.822222222222222,27.0,8,13,6
2023,REG,BAL,00-0034796,L.Jackson,00-0034975,J.Hill,29,25,180.0,1,2.5750844787689866,0.0887960165092754,10,0.3448275862068966,4.0,208.0,0.13793103448275862,8.32,7.0,4,2,1
2023,REG,BAL,00-0034796,L.Jackson,00-0036158,J.Dobbins,3,2,15.0,0,0.519200186652597,0.17306672888419902,2,0.6666666666666666,3.0,15.0,1.0,7.5,0.0,0,1,0
2023,REG,BAL,00-0034796,L.Jackson,00-0036331,D.Duvernay,8,3,11.0,0,-4.55597618794239,-0.5694970234927987,1,0.125,83.0,8.0,10.375,2.6666666666666665,0.0,0,1,0
2023,REG,BAL,00-0034796,L.Jackson,00-0036550,R.Bateman,55,32,367.0,1,4.436209522653117,0.0806583549573294,28,0.509090909090909,785.0,59.0,14.272727272727273,1.84375,20.0,2,3,1
2023,REG,BAL,00-0034796,L.Jackson,00-0037838,I.Likely,35,25,355.0,4,23.895403106608764,0.6827258030459648,22,0.6285714285714286,219.0,190.0,6.257142857142857,7.6,11.0,5,5,2
2023,REG,BAL,00-0034796,L.Jackson,00-0038046,C.Kolar,4,3,45.0,0,2.388800831191477,0.5972002077978692,3,0.75,43.0,14.0,10.75,4.666666666666667,3.0,0,1,0
2023,REG,BAL,00-0034796,L.Jackson,00-0038454,K.Mitchell,11,9,93.0,0,2.5917365161389108,0.2356124105580828,7,0.6363636363636364,-2.0,122.0,-0.18181818181818182,13.555555555555555,5.0,1,1,0
2023,REG,BAL,00-0034796,L.Jackson,00-0039064,Z.Flowers,109,77,858.0,5,28.935609554954258,0.265464307843617,58,0.5321100917431193,921.0,387.0,8.44954128440367,5.025974025974026,41.0,12,16,3
2023,REG,TB,00-0034855,B.Mayfield,00-0031408,M.Evans,137,79,1255.0,13,54.088503656353005,0.39480659603177376,72,0.5255474452554745,1906.0,322.0,13.912408759124087,4.075949367088608,54.0,20,17,5
2023,REG,TB,00-0034855,B.Mayfield,00-0033589,D.Moore,7,5,94.0,1,2.7772356166388,0.39674794523411433,5,0.7142857142857143,49.0,62.0,7.0,12.4,3.0,1,1,0
2023,REG,TB,00-0034855,B.Mayfield,00-0033921,C.Godwin,130,83,1024.0,2,46.93521546527494,0.3610401189636534,65,0.5,1177.0,376.0,9.053846153846154,4.530120481927711,53.0,14,16,1
2023,REG,TB,00-0034855,B.Mayfield,00-0034575,D.Wells,2,2,-10.0,0,-1.7841486409306548,-0.8920743204653274,1,0.5,0.0,-10.0,0.0,-5.0,1.0,0,0,0
2023,REG,TB,00-0034855,B.Mayfield,00-0034681,C.Edmonds,17,14,81.0,0,1.0190178785705868,0.05994222815121099,9,0.5294117647058824,-25.0,111.0,-1.4705882352941178,7.928571428571429,5.0,0,0,0
2023,REG,TB,00-0034855,B.Mayfield,00-0036450,K.Vaughn,5,2,2.0,0,-4.583285461587365,-0.9166570923174729,0,0.0,-2.0,1.0,-0.4,0.5,0.0,0,1,0
2023,REG,TB,00-0034855,B.Mayfield,00-0037256,R.White,70,64,549.0,3,23.218096512634293,0.3316870930376328,36,0.5142857142857142,-33.0,611.0,-0.4714285714285714,9.546875,23.0,10,8,0
2023,REG,TB,00-0034855,B.Mayfield,00-0037311,K.Kieft,5,1,2.0,1,-1.3343285543960541,-0.26686571087921085,1,0.2,61.0,2.0,12.2,2.0,1.0,0,2,1
2023,REG,TB,00-0034855,B.Mayfield,00-0037487,D.Thompkins,25,17,83.0,1,-8.702345053430092,-0.34809380213720365,9,0.36,163.0,74.0,6.52,4.352941176470588,5.0,1,4,1
2023,REG,TB,00-0034855,B.Mayfield,00-0038129,C.Otton,68,47,452.0,4,12.590982239606268,0.1851615035236216,36,0.5294117647058824,452.0,220.0,6.647058823529412,4.680851063829787,22.0,6,12,4
2023,REG,TB,00-0034855,B.Mayfield,00-0038821,R.Jarrett,9,4,60.0,0,-1.1475128345191479,-0.1275014260576831,3,0.3333333333333333,142.0,27.0,15.777777777777779,6.75,1.0,1,0,0
2023,REG,TB,00-0034855,B.Mayfield,00-0038951,S.Tucker,2,2,9.0,0,-0.171700917882845,-0.0858504589414225,1,0.5,-3.0,12.0,-1.5,6.0,0.0,0,0,0
2023,REG,TB,00-0034855,B.Mayfield,00-0039050,P.Durham,7,5,58.0,0,3.690755104529673,0.5272507292185248,5,0.7142857142857143,69.0,16.0,9.857142857142858,3.2,3.0,1,1,0
2023,REG,TB,00-0034855,B.Mayfield,00-0039052,T.Palmer,68,39,385.0,3,-8.54939281482318,-0.1257263649238703,26,0.38235294117647056,718.0,103.0,10.558823529411764,2.641025641025641,17.0,6,4,2
2023,REG,BUF,00-0034857,J.Allen,00-0030513,L.Murray,22,17,119.0,0,6.6656454447589075,0.3029838838526776,12,0.5454545454545454,34.0,92.0,1.5454545454545454,5.411764705882353,7.0,2,3,0
2023,REG,BUF,00-0034857,J.Allen,00-0031588,S.Diggs,161,107,1183.0,8,39.284095169305964,0.24400059111370165,85,0.5279503105590062,1658.0,399.0,10.298136645962733,3.7289719626168223,58.0,10,17,6
2023,REG,BUF,00-0034857,J.Allen,00-0034487,T.Sherfield,22,11,86.0,1,-2.219388117560372,-0.100881278070926,10,0.45454545454545453,190.0,49.0,8.636363636363637,4.454545454545454,4.0,0,3,1
2023,REG,BUF,00-0034857,J.Allen,00-0035215,D.Harty,21,15,150.0,1,6.18557996389233,0.29455142685201574,12,0.5714285714285714,227.0,79.0,10.80952380952381,5.266666666666667,9.0,2,3,1
2023,REG,BUF,00-0034857,J.Allen,00-0035537,T.Johnson,7,7,62.0,1,1.2649246439687052,0.18070352056695788,2,0.2857142857142857,2.0,60.0,0.2857142857142857,8.571428571428571,2.0,1,2,0
2023,REG,BUF,00-0034857,J.Allen,00-0035657,D.Harris,2,2,16.0,0,0.534958284150553,0.2674791420752765,1,0.5,0.0,16.0,0.0,8.0,0.0,0,0,0
2023,REG,BUF,00-0034857,J.Allen,00-0035689,D.Knox,37,22,186.0,2,-11.33497556746283,-0.30635069101250895,19,0.5135135135135135,253.0,96.0,6.837837837837838,4.363636363636363,13.0,0,10,2
2023,REG,BUF,00-0034857,J.Allen,00-0036187,R.Gilliam,1,1,3.0,0,-0.339638097211719,-0.339638097211719,0,0.0,1.0,2.0,1.0,2.0,0.0,0,0,0
2023,REG,BUF,00-0034857,J.Allen,00-0036196,G.Davis,82,45,746.0,7,24.154763245533697,0.2945702834821183,42,0.5121951219512195,1223.0,180.0,14.914634146341463,4.0,34.0,12,13,5
2023,REG,BUF,00-0034857,J.Allen,00-0036590,Q.Morris,3,2,26.0,1,1.7529108348261375,0.5843036116087125,1,0.3333333333333333,33.0,5.0,11.0,2.5,1.0,0,2,1
2023,REG,BUF,00-0034857,J.Allen,00-0037248,J.Cook,54,44,445.0,4,16.369205547096854,0.30313343605734916,32,0.5925925925925926,137.0,398.0,2.537037037037037,9.045454545454545,16.0,7,6,3
2023,REG,BUF,00-0034857,J.Allen,00-0037261,K.Shakir,46,39,611.0,2,43.20398259095673,0.9392170128468854,32,0.6956521739130435,402.0,282.0,8.73913043478261,7.230769230769231,26.0,10,3,1
2023,REG,BUF,00-0034857,J.Allen,00-0038933,D.Kincaid,91,73,673.0,2,12.599507631164265,0.13845612781499192,52,0.5714285714285714,538.0,315.0,5.912087912087912,4.315068493150685,29.0,5,9,0
2023,REG,SF,00-0034869,S.Darnold,00-0029892,K.Juszczyk,1,1,17.0,0,1.45571193145588,1.45571193145588,1,1.0,2.0,15.0,2.0,15.0,1.0,0,0,0
2023,REG,SF,00-0034869,S.Darnold,00-0030663,W.Snead,1,1,5.0,0,0.0574190132319927,0.0574190132319927,1,1.0,5.0,0.0,5.0,0.0,0.0,0,1,0
2023,REG,SF,00-0034869,S.Darnold,00-0032128,C.Conley,6,3,69.0,0,1.337810616765638,0.22296843612760633,2,0.3333333333333333,74.0,28.0,12.333333333333334,9.333333333333334,2.0,1,1,0
2023,REG,SF,00-0034869,S.Darnold,00-0033280,C.McCaffrey,4,1,6.0,0,-3.55164366337704,-0.88791091584426,1,0.25,10.0,10.0,2.5,10.0,0.0,0,3,0
2023,REG,SF,00-0034869,S.Darnold,00-0033288,G.Kittle,4,2,15.0,0,-2.318408783001355,-0.5796021957503388,2,0.5,42.0,11.0,10.5,5.5,1.0,0,1,0
2023,REG,SF,00-0034869,S.Darnold,00-0034407,R.McCloud,5,4,23.0,0,0.23956517502664904,0.047913035005329806,3,0.6,40.0,18.0,8.0,4.5,2.0,0,0,0
2023,REG,SF,00-0034869,S.Darnold,00-0035719,D.Samuel,4,3,30.0,0,2.9315305167110757,0.7328826291777689,3,0.75,23.0,17.0,5.75,5.666666666666667,1.0,0,0,0
2023,REG,SF,00-0034869,S.Darnold,00-0036259,J.Jennings,1,1,3.0,0,-0.830485698173837,-0.830485698173837,0,0.0,-3.0,6.0,-3.0,6.0,0.0,0,0,0
2023,REG,SF,00-0034869,S.Darnold,00-0036261,B.Aiyuk,8,6,65.0,0,4.910183632106057,0.6137729540132572,6,0.75,72.0,24.0,9.0,4.0,3.0,1,2,0
2023,REG,SF,00-0034869,S.Darnold,00-0036429,C.Woerner,1,1,20.0,0,1.37779412255622,1.37779412255622,1,1.0,11.0,9.0,11.0,9.0,1.0,1,0,0
2023,REG,SF,00-0034869,S.Darnold,00-0036567,E.Mitchell,2,2,15.0,0,1.165188469516579,0.5825942347582895,2,1.0,6.0,9.0,3.0,4.5,2.0,0,0,0
2023,REG,SF,00-0034869,S.Darnold,00-0037525,J.Mason,1,1,12.0,0,0.546072950877715,0.546072950877715,1,1.0,4.0,8.0,4.0,8.0,0.0,0,0,0
2023,REG,SF,00-0034869,S.Darnold,00-0038647,R.Bell,6,2,17.0,2,3.484504335115089,0.5807507225191815,2,0.3333333333333333,83.0,0.0,13.833333333333334,0.0,2.0,0,3,2
2023,REG,LA,00-0034955,B.Rypien,00-0032775,D.Robinson,1,1,15.0,0,1.1266914048465,1.1266914048465,1,1.0,6.0,9.0,6.0,9.0,1.0,0,0,0
2023,REG,LA,00-0034955,B.Rypien,00-0033110,T.Higbee,3,1,13.0,0,-1.5507197302649698,-0.51690657675499,1,0.3333333333333333,28.0,10.0,9.333333333333334,10.0,1.0,0,0,0
2023,REG,LA,00-0034955,B.Rypien,00-0033908,C.Kupp,12,3,53.0,0,-8.732928198005531,-0.7277440165004609,3,0.25,160.0,18.0,13.333333333333334,6.0,2.0,1,0,0
2023,REG,LA,00-0034955,B.Rypien,00-0034838,R.Freeman,1,0,0.0,0,-1.23040151270106,-1.23040151270106,0,0.0,1.0,0.0,1.0,0.0,0.0,0,0,0
2023,REG,LA,00-0034955,B.Rypien,00-0035664,D.Henderson,3,3,26.0,0,-1.189065755577759,-0.396355251859253,0,0.0,4.0,22.0,1.3333333333333333,7.333333333333333,0.0,0,0,0
2023,REG,LA,00-0034955,B.Rypien,00-0036841,A.Trammell,1,1,6.0,0,-0.574338938982692,-0.574338938982692,0,0.0,5.0,1.0,5.0,1.0,0.0,0,0,0
2023,REG,LA,00-0034955,B.Rypien,00-0036849,T.Atwell,8,5,14.0,0,-4.823529033667243,-0.6029411292084054,0,0.0,58.0,5.0,7.25,1.0,0.0,0,0,0
2023,REG,LA,00-0034955,B.Rypien,00-0039075,P.Nacua,8,4,45.0,0,5.512387278780802,0.6890484098476003,4,0.5,40.0,19.0,5.0,4.75,4.0,0,0,0
2023,REG,LV,00-0034960,J.Meyers,00-0031381,D.Adams,2,2,12.0,1,1.6937964668031782,0.8468982334015891,2,1.0,12.0,0.0,6.0,0.0,1.0,0,1,1
2023,REG,CIN,00-0035100,J.Browning,00-0033009,T.Boyd,32,20,228.0,0,0.01279577358560724,0.00039986792455022624,15,0.46875,185.0,86.0,5.78125,4.3,9.0,3,3,0
2023,REG,CIN,00-0035100,J.Browning,00-0033897,J.Mixon,28,23,197.0,2,10.164797308457707,0.363028475302061,16,0.5714285714285714,-34.0,232.0,-1.2142857142857142,10.08695652173913,8.0,3,6,2
2023,REG,CIN,00-0035100,J.Browning,00-0034613,T.Hudson,29,22,195.0,1,2.801390713080779,0.09659967976140617,17,0.5862068965517241,150.0,85.0,5.172413793103448,3.8636363636363638,13.0,1,3,1
2023,REG,CIN,00-0035100,J.Browning,00-0034970,I.Smith,5,4,26.0,0,-4.789396765525457,-0.9578793531050914,1,0.2,31.0,13.0,6.2,3.25,1.0,0,1,0
2023,REG,CIN,00-0035100,J.Browning,00-0035291,T.Williams,1,1,2.0,0,-0.360092917224392,-0.360092917224392,0,0.0,-3.0,5.0,-3.0,5.0,0.0,0,0,0
2023,REG,CIN,00-0035100,J.Browning,00-0035341,T.Irwin,15,12,161.0,0,10.252068665590798,0.6834712443727199,10,0.6666666666666666,142.0,53.0,9.466666666666667,4.416666666666667,7.0,4,5,0
2023,REG,CIN,00-0035100,J.Browning,00-0035631,D.Sample,14,12,92.0,1,4.994331454479836,0.35673796103427396,9,0.6428571428571429,9.0,102.0,0.6428571428571429,8.5,7.0,0,3,1
2023,REG,CIN,00-0035100,J.Browning,00-0035771,M.Wilcox,7,6,39.0,0,1.105274135799847,0.15789630511426386,4,0.5714285714285714,2.0,33.0,0.2857142857142857,5.5,2.0,0,2,0
2023,REG,CIN,00-0035100,J.Browning,00-0036410,T.Higgins,25,15,328.0,3,18.83253348531437,0.7533013394125748,15,0.6,399.0,116.0,15.96,7.733333333333333,14.0,5,3,1
2023,REG,CIN,00-0035100,J.Browning,00-0036900,J.Chase,43,30,385.0,2,13.803777486136497,0.3210180810729418,19,0.4418604651162791,378.0,154.0,8.790697674418604,5.133333333333334,17.0,6,6,1
2023,REG,CIN,00-0035100,J.Browning,00-0038576,C.Jones,6,5,51.0,0,2.0301695186062743,0.338361586434379,3,0.5,68.0,29.0,11.333333333333334,5.8,2.0,1,0,0
2023,REG,CIN,00-0035100,J.Browning,00-0038597,C.Brown,10,10,139.0,1,8.339765304233879,0.8339765304233879,6,0.6,-28.0,167.0,-2.8,16.7,4.0,2,0,0
2023,REG,CIN,00-0035100,J.Browning,00-0038619,A.Iosivas,19,11,93.0,2,4.349126245477247,0.2289013813409077,11,0.5789473684210527,149.0,34.0,7.842105263157895,3.090909090909091,9.0,0,3,2
2023,REG,CIN,00-0035100,J.Browning,00-0038891,S.Jackson,1,0,0.0,0,-0.856143947923556,-0.856143947923556,0,0.0,30.0,0.0,30.0,0.0,0.0,0,0,0
2023,REG,ARI,00-0035228,K.Murray,00-0032141,G.Swaim,7,7,64.0,0,4.212487183831394,0.6017838834044849,6,0.8571428571428571,49.0,15.0,7.0,2.142857142857143,2.0,1,1,0
2023,REG,ARI,00-0035228,K.Murray,00-0033251,Z.Pascal,5,0,0.0,0,-7.342691977857611,-1.4685383955715223,0,0.0,72.0,0.0,14.4,0.0,0.0,0,1,0
2023,REG,ARI,00-0035228,K.Murray,00-0033553,J.Conner,25,19,135.0,2,4.429797594115602,0.17719190376462407,12,0.48,-1.0,170.0,-0.04,8.947368421052632,9.0,2,5,2
2023,REG,ARI,00-0035228,K.Murray,00-0035500,G.Dortch,39,23,278.0,2,5.924566626694265,0.15191196478703242,18,0.46153846153846156,348.0,148.0,8.923076923076923,6.434782608695652,14.0,3,3,1
2023,REG,ARI,00-0035228,K.Murray,00-0035662,M.Brown,25,9,134.0,0,-7.172115139834826,-0.28688460559339307,8,0.32,348.0,37.0,13.92,4.111111111111111,5.0,2,1,0
2023,REG,ARI,00-0035228,K.Murray,00-0035860,T.Jones,1,1,11.0,0,-0.302903085015714,-0.302903085015714,0,0.0,0.0,11.0,0.0,11.0,0.0,0,0,0
2023,REG,ARI,00-0035228,K.Murray,00-0036924,M.Carter,11,9,33.0,1,-1.548840216855746,-0.1408036560777951,3,0.2727272727272727,13.0,29.0,1.1818181818181819,3.2222222222222223,1.0,0,4,1
2023,REG,ARI,00-0035228,K.Murray,00-0036936,R.Moore,30,20,224.0,1,1.44093449869429,0.04803114995647633,11,0.36666666666666664,256.0,108.0,8.533333333333333,5.4,8.0,3,4,0
2023,REG,ARI,00-0035228,K.Murray,00-0037744,T.McBride,66,53,538.0,2,12.242364410226198,0.18549036985191208,35,0.5303030303030303,375.0,295.0,5.681818181818182,5.566037735849057,28.0,5,7,2
2023,REG,ARI,00-0035228,K.Murray,00-0038559,Mi.Wilson,26,13,164.0,1,-1.2609882892962334,-0.04849954958831667,13,0.5,287.0,47.0,11.038461538461538,3.6153846153846154,10.0,2,5,1
2023,REG,ARI,00-0035228,K.Murray,00-0038705,E.Demercado,14,9,55.0,0,-8.50595877009031,-0.6075684835778793,1,0.07142857142857142,6.0,50.0,0.42857142857142855,5.555555555555555,2.0,1,1,0
2023,REG,ARI,00-0035228,K.Murray,00-0039041,E.Higgins,18,13,163.0,1,10.707014575396899,0.5948341430776055,10,0.5555555555555556,128.0,67.0,7.111111111111111,5.153846153846154,9.0,3,2,1
2023,REG,HOU,00-0035250,D.Singletary,00-0034383,D.Schultz,1,1,6.0,1,1.84229658805998,1.84229658805998,1,1.0,6.0,0.0,6.0,0.0,1.0,0,1,1
2023,REG,DEN,00-0035264,J.Stidham,00-0032208,P.Dorsett,2,0,0.0,0,-0.9284795448184011,-0.46423977240920056,0,0.0,57.0,0.0,28.5,0.0,0.0,0,0,0
2023,REG,DEN,00-0035264,J.Stidham,00-0033526,S.Perine,6,5,39.0,0,0.03934170637512596,0.006556951062520994,4,0.6666666666666666,-7.0,49.0,-1.1666666666666667,9.8,3.0,0,0,0
2023,REG,DEN,00-0035264,J.Stidham,00-0034348,C.Sutton,4,1,2.0,0,-2.646201435476537,-0.6615503588691343,1,0.25,39.0,1.0,9.75,1.0,1.0,0,1,0
2023,REG,DEN,00-0035264,J.Stidham,00-0035406,L.Humphrey,5,2,69.0,1,5.292832028120753,1.0585664056241506,2,0.4,100.0,42.0,20.0,21.0,2.0,1,0,0
2023,REG,DEN,00-0035264,J.Stidham,00-0036407,J.Jeudy,12,6,133.0,1,2.2526796027628926,0.18772330023024106,4,0.3333333333333333,160.0,80.0,13.333333333333334,13.333333333333334,3.0,3,1,0
2023,REG,DEN,00-0035264,J.Stidham,00-0036422,A.Trautman,3,2,30.0,0,1.64797528856434,0.5493250961881133,2,0.6666666666666666,18.0,17.0,6.0,8.5,1.0,1,1,0
2023,REG,DEN,00-0035264,J.Stidham,00-0036997,J.Williams,12,10,60.0,0,1.8247336249914883,0.15206113541595737,6,0.5,-4.0,55.0,-0.3333333333333333,5.5,2.0,0,1,0
2023,REG,DEN,00-0035264,J.Stidham,00-0037382,B.Johnson,11,8,115.0,0,6.004781933268543,0.5458892666607766,8,0.7272727272727273,117.0,30.0,10.636363636363637,3.75,4.0,3,1,0
2023,REG,DEN,00-0035264,J.Stidham,00-0037539,L.Krull,3,2,14.0,0,0.783295330830063,0.261098443610021,2,0.6666666666666666,35.0,17.0,11.666666666666666,8.5,1.0,0,0,0
2023,REG,DEN,00-0035264,J.Stidham,00-0038794,J.McLaughlin,3,3,18.0,0,1.3656185760628463,0.45520619202094875,3,1.0,-11.0,29.0,-3.6666666666666665,9.666666666666666,1.0,0,0,0
2023,REG,DEN,00-0035264,J.Stidham,00-0038976,M.Mims,1,1,16.0,0,2.63188486301806,2.63188486301806,1,1.0,2.0,14.0,2.0,14.0,1.0,0,0,0
2023,REG,LAC,00-0035282,E.Stick,00-0030279,K.Allen,9,6,68.0,0,2.211287510581312,0.24569861228681245,5,0.5555555555555556,116.0,15.0,12.88888888888889,2.5,5.0,1,0,0
2023,REG,LAC,00-0035282,E.Stick,00-0032394,N.Vannett,1,1,3.0,0,0.170080132782459,0.170080132782459,1,1.0,3.0,0.0,3.0,0.0,1.0,0,0,0
2023,REG,LAC,00-0035282,E.Stick,00-0032543,A.Erickson,20,12,166.0,1,5.1955503044882825,0.2597775152244141,9,0.45,152.0,48.0,7.6,4.0,9.0,3,1,1
2023,REG,LAC,00-0035282,E.Stick,00-0033699,A.Ekeler,25,18,111.0,0,-9.34048716904363,-0.3736194867617452,10,0.4,-27.0,157.0,-1.08,8.722222222222221,5.0,0,2,0
2023,REG,LAC,00-0035282,E.Stick,00-0033895,G.Everett,30,19,133.0,0,-2.963878371956514,-0.0987959457318838,11,0.36666666666666664,110.0,97.0,3.6666666666666665,5.105263157894737,5.0,1,2,0
2023,REG,LAC,00-0035282,E.Stick,00-0035120,K.Doss,13,6,33.0,0,-3.0227712826710817,-0.2325208678977755,2,0.15384615384615385,97.0,14.0,7.461538461538462,2.3333333333333335,1.0,0,2,0
2023,REG,LAC,00-0035282,E.Stick,00-0035329,D.Parham,7,5,83.0,0,7.008864293922665,1.0012663277032379,5,0.7142857142857143,56.0,40.0,8.0,8.0,5.0,1,0,0
2023,REG,LAC,00-0035282,E.Stick,00-0035414,J.Guyton,4,3,31.0,0,3.131206626887434,0.7828016567218585,3,0.75,25.0,15.0,6.25,5.0,3.0,0,0,0
2023,REG,LAC,00-0035282,E.Stick,00-0036370,J.Kelley,1,1,6.0,0,-0.141352822771296,-0.141352822771296,0,0.0,1.0,5.0,1.0,5.0,0.0,0,0,0
2023,REG,LAC,00-0035282,E.Stick,00-0036988,J.Palmer,22,15,204.0,1,6.846361324513254,0.31119824202332974,11,0.5,204.0,88.0,9.272727272727273,5.866666666666666,9.0,2,3,0
2023,REG,LAC,00-0035282,E.Stick,00-0037475,S.Smartt,9,8,75.0,0,4.676089561788278,0.5195655068653643,5,0.5555555555555556,77.0,18.0,8.555555555555555,2.25,4.0,1,0,0
2023,REG,LAC,00-0035282,E.Stick,00-0038045,I.Spiller,3,3,14.0,0,-0.398484594771767,-0.13282819825725567,1,0.3333333333333333,-4.0,18.0,-1.3333333333333333,6.0,0.0,0,1,0
2023,REG,LAC,00-0035282,E.Stick,00-0038544,Q.Johnston,21,11,177.0,1,7.556365530530458,0.3598269300252599,10,0.47619047619047616,360.0,43.0,17.142857142857142,3.909090909090909,6.0,3,1,1
2023,REG,LAC,00-0035282,E.Stick,00-0038573,D.Davis,4,3,22.0,0,-1.687583702772816,-0.421895925693204,1,0.25,-3.0,20.0,-0.75,6.666666666666667,0.0,0,0,0
2023,REG,IND,00-0035289,G.Minshew,00-0033217,M.Alie-Cox,19,11,111.0,2,6.961451670233732,0.3663921931701964,8,0.42105263157894735,167.0,46.0,8.789473684210526,4.181818181818182,7.0,1,5,2
2023,REG,IND,00-0035289,G.Minshew,00-0033466,I.McKenzie,10,9,69.0,0,3.3648799609591995,0.33648799609591995,5,0.5,28.0,51.0,2.8,5.666666666666667,3.0,1,0,0
2023,REG,IND,00-0035289,G.Minshew,00-0035045,D.Montgomery,8,3,56.0,1,-6.787304247147409,-0.8484130308934261,3,0.375,97.0,28.0,12.125,9.333333333333334,3.0,1,2,1
2023,REG,IND,00-0035289,G.Minshew,00-0035593,J.Winfree,1,0,0.0,0,-1.09631859883666,-1.09631859883666,0,0.0,26.0,0.0,26.0,0.0,0.0,0,0,0
2023,REG,IND,00-0035289,G.Minshew,00-0036223,J.Taylor,23,19,153.0,1,3.1645892519054843,0.1375908370393689,9,0.391304347826087,-21.0,174.0,-0.9130434782608695,9.157894736842104,5.0,2,4,1
2023,REG,IND,00-0035289,G.Minshew,00-0036251,Z.Moss,35,25,182.0,2,-0.5759468869171664,-0.01645562534049047,14,0.4,-2.0,168.0,-0.05714285714285714,6.72,10.0,1,8,2
2023,REG,IND,00-0035289,G.Minshew,00-0036252,M.Pittman,135,96,1010.0,3,26.287381546842234,0.19472134479142394,73,0.5407407407407407,1014.0,443.0,7.511111111111111,4.614583333333333,46.0,9,19,2
2023,REG,IND,00-0035289,G.Minshew,00-0036876,K.Granson,36,22,288.0,1,9.111665171278908,0.253101810313303,17,0.4722222222222222,288.0,85.0,8.0,3.8636363636363638,12.0,5,5,1
2023,REG,IND,00-0035289,G.Minshew,00-0036984,T.Sermon,6,3,13.0,0,-3.039906486395145,-0.5066510810658574,1,0.16666666666666666,11.0,6.0,1.8333333333333333,2.0,0.0,0,0,0
2023,REG,IND,00-0035289,G.Minshew,00-0036991,A.Rodgers,2,0,0.0,0,-2.003556650714014,-1.001778325357007,0,0.0,30.0,0.0,15.0,0.0,0.0,0,0,0
2023,REG,IND,00-0035289,G.Minshew,00-0037120,T.Goodson,9,6,34.0,0,-4.9477082218218165,-0.5497453579802019,3,0.3333333333333333,-4.0,51.0,-0.4444444444444444,8.5,1.0,0,3,0
2023,REG,IND,00-0035289,G.Minshew,00-0037292,A.Ogletree,14,4,66.0,1,-0.47676620472340125,-0.03405472890881438,3,0.21428571428571427,133.0,7.0,9.5,1.75,3.0,1,1,0
2023,REG,IND,00-0035289,G.Minshew,00-0037664,A.Pierce,59,30,471.0,2,15.648816811440225,0.26523418324474957,28,0.4745762711864407,890.0,93.0,15.084745762711865,3.1,22.0,7,5,0
2023,REG,IND,00-0035289,G.Minshew,00-0038394,W.Mallory,26,18,207.0,0,11.680780712864363,0.4492607966486294,14,0.5384615384615384,203.0,89.0,7.8076923076923075,4.944444444444445,11.0,1,1,0
2023,REG,IND,00-0035289,G.Minshew,00-0038997,J.Downs,85,59,645.0,2,19.75110591460823,0.23236595193656742,44,0.5176470588235295,592.0,325.0,6.964705882352941,5.508474576271187,24.0,7,9,1
2023,REG,SEA,00-0035704,D.Lock,00-0032211,T.Lockett,17,9,110.0,0,7.175280371797265,0.4220753159880744,8,0.47058823529411764,228.0,26.0,13.411764705882353,2.888888888888889,6.0,2,0,0
2023,REG,SEA,00-0035704,D.Lock,00-0034159,W.Dissly,4,3,12.0,0,-1.247448865498882,-0.3118622163747205,0,0.0,-6.0,9.0,-1.5,3.0,0.0,0,0,0
2023,REG,SEA,00-0035704,D.Lock,00-0035640,D.Metcalf,12,8,142.0,1,5.9651864440529625,0.49709887033774686,7,0.5833333333333334,182.0,40.0,15.166666666666666,5.0,6.0,3,1,0
2023,REG,SEA,00-0035704,D.Lock,00-0035644,N.Fant,11,7,106.0,0,3.357314535503972,0.3052104123185429,3,0.2727272727272727,49.0,64.0,4.454545454545454,9.142857142857142,2.0,2,0,0
2023,REG,SEA,00-0035704,D.Lock,00-0036244,C.Parkinson,3,3,34.0,1,2.759917615214358,0.919972538404786,2,0.6666666666666666,13.0,21.0,4.333333333333333,7.0,1.0,1,0,0
2023,REG,SEA,00-0035704,D.Lock,00-0038134,K.Walker,8,7,59.0,0,0.77337123051984,0.09667140381498,3,0.375,-30.0,84.0,-3.75,12.0,2.0,1,2,0
2023,REG,SEA,00-0035704,D.Lock,00-0038543,J.Smith-Njigba,16,9,72.0,1,-3.8595106833528137,-0.24121941770955085,4,0.25,187.0,45.0,11.6875,5.0,3.0,1,1,0
2023,REG,SEA,00-0035704,D.Lock,00-0038752,J.Bobo,2,1,4.0,0,-2.7199206820805606,-1.3599603410402803,0,0.0,-9.0,6.0,-4.5,6.0,0.0,0,0,0
2023,REG,SEA,00-0035704,D.Lock,00-0039165,Z.Charbonnet,2,1,4.0,0,-1.229791025863961,-0.6148955129319805,0,0.0,-3.0,10.0,-1.5,10.0,0.0,0,0,0
2023,REG,NYG,00-0035710,D.Jones,00-0031610,D.Waller,30,20,208.0,0,4.38092968036654,0.14603098934555134,16,0.5333333333333333,267.0,82.0,8.9,4.1,10.0,3,2,0
2023,REG,NYG,00-0035710,D.Jones,00-0032385,S.Shepard,4,3,23.0,0,0.7551938870456101,0.18879847176140252,2,0.5,27.0,7.0,6.75,2.3333333333333335,2.0,0,1,0
2023,REG,NYG,00-0035710,D.Jones,00-0033308,M.Breida,10,10,49.0,0,0.1350221377797471,0.013502213777974708,3,0.3,3.0,46.0,0.3,4.6,2.0,2,0,0
2023,REG,NYG,00-0035710,D.Jones,00-0034844,S.Barkley,13,10,46.0,1,-6.311585849907724,-0.4855066038390557,7,0.5384615384615384,20.0,43.0,1.5384615384615385,4.3,4.0,0,1,1
2023,REG,NYG,00-0035710,D.Jones,00-0035535,D.Slayton,25,13,153.0,0,-1.0129026867216466,-0.040516107468865865,10,0.4,315.0,53.0,12.6,4.076923076923077,9.0,1,0,0
2023,REG,NYG,00-0035710,D.Jones,00-0035639,P.Campbell,22,15,67.0,0,-22.99878168028192,-1.0453991672855418,6,0.2727272727272727,84.0,35.0,3.8181818181818183,2.3333333333333335,1.0,0,4,0
2023,REG,NYG,00-0035710,D.Jones,00-0036132,B.Bredeson,1,1,0.0,0,-1.4257818616461,-1.4257818616461,0,0.0,-2.0,2.0,-2.0,2.0,0.0,0,0,0
2023,REG,NYG,00-0035710,D.Jones,00-0036145,L.Cager,2,2,17.0,0,1.956278167432172,0.978139083716086,2,1.0,2.0,15.0,1.0,7.5,1.0,0,0,0
2023,REG,NYG,00-0035710,D.Jones,00-0036165,I.Hodgins,13,9,103.0,1,0.34551381762535005,0.026577985971180773,8,0.6153846153846154,106.0,44.0,8.153846153846153,4.888888888888889,5.0,1,2,1
2023,REG,NYG,00-0035710,D.Jones,00-0036569,G.Brightwell,5,3,41.0,0,2.607709394884286,0.5215418789768572,3,0.6,4.0,37.0,0.8,12.333333333333334,2.0,0,0,0
2023,REG,NYG,00-0035710,D.Jones,00-0038115,D.Bellinger,5,5,31.0,0,0.7550895446911451,0.15101790893822903,3,0.6,14.0,17.0,2.8,3.4,0.0,0,0,0
2023,REG,NYG,00-0035710,D.Jones,00-0038117,W.Robinson,16,13,72.0,0,1.8575463584708656,0.1160966474044291,6,0.375,42.0,45.0,2.625,3.4615384615384617,5.0,0,0,0
2023,REG,NYG,00-0035710,D.Jones,00-0038938,J.Hyatt,7,4,99.0,0,4.457551500527184,0.6367930715038834,3,0.42857142857142855,188.0,14.0,26.857142857142858,3.5,2.0,2,0,0
2023,REG,KC,00-0035889,T.Townsend,00-0034386,Ju.Watson,1,1,11.0,0,2.43964067677734,2.43964067677734,1,1.0,11.0,0.0,11.0,0.0,1.0,0,0,0
2023,REG,BAL,00-0035993,T.Huntley,00-0031235,O.Beckham,2,1,6.0,1,2.031190674344546,1.015595337172273,1,0.5,12.0,0.0,6.0,0.0,1.0,0,2,1
2023,REG,BAL,00-0035993,T.Huntley,00-0031549,N.Agholor,5,5,39.0,0,4.034558001905674,0.8069116003811349,4,0.8,28.0,11.0,5.6,2.2,3.0,0,0,0
2023,REG,BAL,00-0035993,T.Huntley,00-0032951,L.Treadwell,3,1,16.0,0,0.20309738523792398,0.06769912841264132,1,0.3333333333333333,36.0,0.0,12.0,0.0,1.0,0,0,0
2023,REG,BAL,00-0035993,T.Huntley,00-0034753,M.Andrews,1,0,0.0,0,-0.714255799597595,-0.714255799597595,0,0.0,15.0,0.0,15.0,0.0,0.0,0,1,0
2023,REG,BAL,00-0035993,T.Huntley,00-0034975,J.Hill,10,3,26.0,0,-7.300902052607862,-0.7300902052607862,1,0.1,19.0,29.0,1.9,9.666666666666666,1.0,0,0,0
2023,REG,BAL,00-0035993,T.Huntley,00-0036331,D.Duvernay,1,1,7.0,0,0.549849442584673,0.549849442584673,1,1.0,-2.0,9.0,-2.0,9.0,0.0,0,0,0
2023,REG,BAL,00-0035993,T.Huntley,00-0036550,R.Bateman,1,0,0.0,0,-0.928054337506182,-0.928054337506182,0,0.0,26.0,0.0,26.0,0.0,0.0,0,0,0
2023,REG,BAL,00-0035993,T.Huntley,00-0036630,T.Wallace,2,1,11.0,0,-0.750896574289069,-0.3754482871445345,1,0.5,23.0,0.0,11.5,0.0,1.0,0,0,0
2023,REG,BAL,00-0035993,T.Huntley,00-0037838,I.Likely,5,5,56.0,1,8.298796288028825,1.659759257605765,4,0.8,30.0,26.0,6.0,5.2,4.0,1,2,0
2023,REG,BAL,00-0035993,T.Huntley,00-0038046,C.Kolar,5,4,42.0,1,5.295775525621135,1.059155105124227,4,0.8,45.0,3.0,9.0,0.75,2.0,0,1,1
2023,REG,MIA,00-0036212,T.Tagovailoa,00-0031687,R.Mostert,32,25,175.0,3,-1.2302540645608007,-0.03844543951752502,13,0.40625,-20.0,213.0,-0.625,8.52,6.0,1,6,3
2023,REG,MIA,00-0036212,T.Tagovailoa,00-0032688,R.Chosen,5,3,58.0,0,-4.492891105997852,-0.8985782211995703,2,0.4,100.0,4.0,20.0,1.3333333333333333,2.0,1,0,0
2023,REG,MIA,00-0036212,T.Tagovailoa,00-0033040,T.Hill,172,119,1799.0,13,91.74883128512816,0.5334234377042335,100,0.5813953488372093,1847.0,652.0,10.738372093023257,5.4789915966386555,83.0,29,26,4
2023,REG,MIA,00-0036212,T.Tagovailoa,00-0034054,R.Cracraft,11,8,118.0,1,7.0217145443311955,0.6383376858482905,8,0.7272727272727273,96.0,42.0,8.727272727272727,5.25,8.0,2,3,1
2023,REG,MIA,00-0036212,T.Tagovailoa,00-0034115,J.Wilson,16,13,84.0,0,3.789961819727148,0.23687261373294674,7,0.4375,51.0,63.0,3.1875,4.846153846153846,3.0,0,1,0
2023,REG,MIA,00-0036212,T.Tagovailoa,00-0034418,C.Wilson,38,22,296.0,3,0.4489363704517675,0.011814115011888619,18,0.47368421052631576,429.0,57.0,11.289473684210526,2.590909090909091,14.0,5,5,2
2023,REG,MIA,00-0036212,T.Tagovailoa,00-0034419,B.Berrios,33,27,238.0,1,10.866308263997812,0.3292820686059943,17,0.5151515151515151,229.0,85.0,6.9393939393939394,3.1481481481481484,15.0,1,2,1
2023,REG,MIA,00-0036212,T.Tagovailoa,00-0034798,D.Smythe,43,35,366.0,0,21.987229189360225,0.5113309113804704,30,0.6976744186046512,284.0,139.0,6.604651162790698,3.9714285714285715,22.0,3,5,0
2023,REG,MIA,00-0036212,T.Tagovailoa,00-0035125,A.Ingold,16,13,119.0,0,1.7719860803651857,0.1107491300228241,9,0.5625,30.0,91.0,1.875,7.0,5.0,1,3,0
2023,REG,MIA,00-0036212,T.Tagovailoa,00-0036020,S.Ahmed,22,16,88.0,1,-1.5120599323127026,-0.06872999692330467,7,0.3181818181818182,14.0,109.0,0.6363636363636364,6.8125,4.0,1,5,1
2023,REG,MIA,00-0036212,T.Tagovailoa,00-0036326,C.Claypool,6,3,23.0,0,-3.37578341696645,-0.5626305694944084,1,0.16666666666666666,74.0,13.0,12.333333333333334,4.333333333333333,1.0,0,0,0
2023,REG,MIA,00-0036212,T.Tagovailoa,00-0036613,J.Waddle,104,72,1014.0,4,45.956917705565175,0.4418934394765882,63,0.6057692307692307,1051.0,421.0,10.10576923076923,5.847222222222222,47.0,12,9,2
2023,REG,MIA,00-0036212,T.Tagovailoa,00-0038092,E.Ezukanma,1,0,0.0,0,-0.912653792192441,-0.912653792192441,0,0.0,8.0,0.0,8.0,0.0,0.0,0,0,0
2023,REG,MIA,00-0036212,T.Tagovailoa,00-0038720,J.Hill,10,6,48.0,0,-4.413320557694412,-0.44133205576944123,3,0.3,29.0,30.0,2.9,5.0,2.0,0,2,0
2023,REG,MIA,00-0036212,T.Tagovailoa,00-0039040,D.Achane,36,26,198.0,3,3.4476354121848267,0.0957676503384674,16,0.4444444444444444,32.0,257.0,0.8888888888888888,9.884615384615385,10.0,2,6,3
2023,REG,GB,00-0036264,J.Love,00-0033293,A.Jones,42,29,219.0,1,8.611922408811367,0.20504577163836588,14,0.3333333333333333,-57.0,266.0,-1.3571428571428572,9.172413793103448,12.0,2,10,0
2023,REG,GB,00-0036264,J.Love,00-0035831,J.Robinson,1,1,-2.0,0,-1.12491639098153,-1.12491639098153,0,0.0,-3.0,1.0,-3.0,1.0,0.0,0,0,0
2023,REG,GB,00-0036264,J.Love,00-0035973,P.Taylor,17,11,49.0,0,-5.777341604611135,-0.339843623800655,5,0.29411764705882354,-8.0,59.0,-0.47058823529411764,5.363636363636363,4.0,0,3,0
2023,REG,GB,00-0036264,J.Love,00-0036265,A.Dillon,28,22,223.0,0,5.780031336733387,0.20642969059762098,14,0.5,1.0,231.0,0.03571428571428571,10.5,10.0,4,1,0
2023,REG,GB,00-0036264,J.Love,00-0036332,J.Deguara,8,8,65.0,0,1.157741245930082,0.14471765574126025,5,0.625,26.0,39.0,3.25,4.875,3.0,0,0,0
2023,REG,GB,00-0036264,J.Love,00-0037091,B.Melton,23,15,181.0,1,6.396572395095233,0.27811184326501015,13,0.5652173913043478,233.0,34.0,10.130434782608695,2.2666666666666666,12.0,2,4,1
2023,REG,GB,00-0036264,J.Love,00-0037098,S.Toure,19,8,78.0,0,-2.5340439060986544,-0.13337073189992918,6,0.3157894736842105,316.0,18.0,16.63157894736842,2.25,4.0,1,3,0
2023,REG,GB,00-0036264,J.Love,00-0037816,R.Doubs,96,59,674.0,8,25.057566605618803,0.2610163188085292,50,0.5208333333333334,1126.0,134.0,11.729166666666666,2.2711864406779663,41.0,7,18,7
2023,REG,GB,00-0036264,J.Love,00-0038124,C.Watson,53,28,422.0,5,1.8825399146627033,0.03551962103137176,25,0.4716981132075472,817.0,105.0,15.415094339622641,3.75,20.0,5,13,5
2023,REG,GB,00-0036264,J.Love,00-0038393,D.Wicks,58,39,581.0,4,29.15712174092577,0.5027089955332029,35,0.603448275862069,591.0,211.0,10.189655172413794,5.410256410256411,29.0,11,8,2
2023,REG,GB,00-0036264,J.Love,00-0038465,M.Heath,24,15,125.0,1,4.743851487571688,0.19766047864882033,11,0.4583333333333333,210.0,35.0,8.75,2.3333333333333335,6.0,0,5,1
2023,REG,GB,00-0036264,J.Love,00-0038797,Em.Wilson,5,4,23.0,0,0.8509028874395884,0.17018057748791768,3,0.6,-4.0,30.0,-0.8,7.5,1.0,0,0,0
2023,REG,GB,00-0036264,J.Love,00-0038809,B.Sims,6,4,21.0,1,2.013926566287406,0.33565442771456766,4,0.6666666666666666,30.0,18.0,5.0,4.5,3.0,0,2,1
2023,REG,GB,00-0036264,J.Love,00-0038996,T.Kraft,40,31,355.0,2,17.774812822950835,0.4443703205737709,28,0.7,156.0,232.0,3.9,7.483870967741935,18.0,5,8,2
2023,REG,GB,00-0036264,J.Love,00-0039144,L.Musgrave,46,34,352.0,1,12.02978732751311,0.2615171158155024,23,0.5,344.0,169.0,7.478260869565218,4.970588235294118,14.0,5,6,1
2023,REG,GB,00-0036264,J.Love,00-0039146,J.Reed,95,64,793.0,8,34.3522616618623,0.36160275433539263,47,0.49473684210526314,970.0,335.0,10.210526315789474,5.234375,32.0,13,18,5
2023,REG,PHI,00-0036313,B.Mann,00-0035208,O.Zaccheaus,1,1,28.0,0,4.2093265458243,4.2093265458243,1,1.0,11.0,17.0,11.0,17.0,1.0,1,0,0
2023,REG,MIN,00-0036322,J.Jefferson,00-0036345,K.Osborn,1,0,0.0,0,-0.393325770564843,-0.393325770564843,0,0.0,20.0,0.0,20.0,0.0,0.0,0,0,0
2023,REG,LAC,00-0036355,J.Herbert,00-0030279,K.Allen,141,102,1175.0,7,58.62198505761598,0.4157587592738722,84,0.5957446808510638,1336.0,381.0,9.47517730496454,3.735294117647059,52.0,18,14,5
2023,REG,LAC,00-0036355,J.Herbert,00-0032543,A.Erickson,8,4,61.0,0,0.652765867009292,0.0815957333761615,4,0.5,126.0,5.0,15.75,1.25,3.0,1,1,0
2023,REG,LAC,00-0036355,J.Herbert,00-0033536,M.Williams,25,18,200.0,0,8.884322513714922,0.3553729005485969,14,0.56,285.0,81.0,11.4,4.5,8.0,3,2,0
2023,REG,LAC,00-0036355,J.Herbert,00-0033699,A.Ekeler,49,33,313.0,1,-3.982255853055261,-0.08127052761337267,18,0.3673469387755102,-55.0,364.0,-1.1224489795918366,11.030303030303031,15.0,5,7,0
2023,REG,LAC,00-0036355,J.Herbert,00-0033895,G.Everett,40,32,278.0,3,10.596865044877614,0.26492162612194037,22,0.55,172.0,178.0,4.3,5.5625,20.0,3,9,3
2023,REG,LAC,00-0036355,J.Herbert,00-0035329,D.Parham,34,22,202.0,4,11.28078335192933,0.33178774564498026,20,0.5882352941176471,250.0,86.0,7.352941176470588,3.909090909090909,17.0,1,10,4
2023,REG,LAC,00-0036355,J.Herbert,00-0035414,J.Guyton,17,7,58.0,1,-5.497012205509238,-0.3233536591476022,5,0.29411764705882354,193.0,17.0,11.352941176470589,2.4285714285714284,3.0,0,4,1
2023,REG,LAC,00-0036355,J.Herbert,00-0035688,T.Pipkins,1,0,0.0,0,1.053,1.053,1,1.0,0.0,0.0,0.0,0.0,0.0,0,1,0
2023,REG,LAC,00-0036355,J.Herbert,00-0036355,J.Herbert,1,1,10.0,0,1.78053091675974,1.78053091675974,1,1.0,-7.0,17.0,-7.0,17.0,1.0,0,0,0
2023,REG,LAC,00-0036355,J.Herbert,00-0036370,J.Kelley,11,7,26.0,0,-5.523782726493667,-0.5021620660448788,1,0.09090909090909091,14.0,34.0,1.2727272727272727,4.857142857142857,0.0,0,1,0
2023,REG,LAC,00-0036355,J.Herbert,00-0036646,S.Fehoko,2,1,9.0,1,1.0416169919772098,0.5208084959886049,1,0.5,18.0,7.0,9.0,7.0,1.0,0,1,1
2023,REG,LAC,00-0036355,J.Herbert,00-0036988,J.Palmer,39,23,377.0,1,1.6080753331771211,0.041232700850695414,16,0.41025641025641024,489.0,108.0,12.538461538461538,4.695652173913044,13.0,7,6,0
2023,REG,LAC,00-0036355,J.Herbert,00-0037475,S.Smartt,12,3,80.0,1,-1.3529341041576088,-0.11274450867980074,2,0.16666666666666666,103.0,38.0,8.583333333333334,12.666666666666666,2.0,2,2,0
2023,REG,LAC,00-0036355,J.Herbert,00-0038045,I.Spiller,3,3,20.0,0,0.9239347536349667,0.30797825121165556,2,0.6666666666666666,-1.0,21.0,-0.3333333333333333,7.0,1.0,0,1,0
2023,REG,LAC,00-0036355,J.Herbert,00-0038544,Q.Johnston,46,27,254.0,1,-0.496982244330668,-0.010803961833275392,21,0.45652173913043476,501.0,109.0,10.891304347826088,4.037037037037037,14.0,2,7,1
2023,REG,LAC,00-0036355,J.Herbert,00-0038573,D.Davis,13,12,44.0,0,-4.2445078453747636,-0.3265006034903664,4,0.3076923076923077,-35.0,95.0,-2.6923076923076925,7.916666666666667,0.0,0,1,0
2023,REG,LAC,00-0036355,J.Herbert,00-0038862,E.Dotson,2,2,13.0,0,0.3764428426511582,0.1882214213255791,2,1.0,-1.0,14.0,-0.5,7.0,0.0,0,0,0
2023,REG,PHI,00-0036389,J.Hurts,00-0027944,J.Jones,19,11,74.0,3,2.2336344543156237,0.11755970812187493,6,0.3157894736842105,131.0,28.0,6.894736842105263,2.5454545454545454,4.0,1,4,2
2023,REG,PHI,00-0036389,J.Hurts,00-0034351,D.Goedert,83,59,592.0,3,16.14812831702583,0.1945557628557329,48,0.5783132530120482,445.0,319.0,5.36144578313253,5.406779661016949,33.0,6,10,3
2023,REG,PHI,00-0036389,J.Hurts,00-0034414,B.Scott,5,4,52.0,0,3.810350998654031,0.7620701997308063,2,0.4,5.0,43.0,1.0,10.75,2.0,1,0,0
2023,REG,PHI,00-0036389,J.Hurts,00-0034750,R.Penny,1,1,5.0,0,-0.101521304110065,-0.101521304110065,0,0.0,-1.0,6.0,-1.0,6.0,0.0,0,0,0
2023,REG,PHI,00-0036389,J.Hurts,00-0035208,O.Zaccheaus,15,7,116.0,2,7.880190180614591,0.5253460120409728,7,0.4666666666666667,165.0,24.0,11.0,3.4285714285714284,5.0,3,2,0
2023,REG,PHI,00-0036389,J.Hurts,00-0035676,A.Brown,158,106,1456.0,7,65.87283749351668,0.41691669299694106,85,0.5379746835443038,1853.0,473.0,11.727848101265822,4.462264150943396,70.0,21,18,4
2023,REG,PHI,00-0036389,J.Hurts,00-0036271,Q.Watkins,14,10,78.0,0,-2.9429668409898087,-0.21021191721355775,8,0.5714285714285714,192.0,33.0,13.714285714285714,3.3,4.0,0,2,0
2023,REG,PHI,00-0036389,J.Hurts,00-0036275,D.Swift,47,38,210.0,1,-7.954276141898326,-0.16923991791273035,21,0.44680851063829785,34.0,256.0,0.723404255319149,6.7368421052631575,8.0,2,5,1
2023,REG,PHI,00-0036389,J.Hurts,00-0036423,A.Okwuegbunam,1,0,0.0,0,-0.425066940486431,-0.425066940486431,0,0.0,10.0,0.0,10.0,0.0,0.0,0,0,0
2023,REG,PHI,00-0036389,J.Hurts,00-0036741,J.Stoll,7,4,27.0,0,-4.286197326553518,-0.6123139037933597,2,0.2857142857142857,22.0,17.0,3.142857142857143,4.25,1.0,0,2,0
2023,REG,PHI,00-0036389,J.Hurts,00-0036912,D.Smith,111,79,1037.0,7,32.15529318701018,0.28968732600910074,62,0.5585585585585585,1321.0,294.0,11.9009009009009,3.721518987341772,45.0,14,7,3
2023,REG,PHI,00-0036389,J.Hurts,00-0036919,K.Gainwell,37,30,183.0,0,2.570538667777331,0.06947401804803598,16,0.43243243243243246,71.0,175.0,1.9189189189189189,5.833333333333333,11.0,0,0,0
2023,REG,PHI,00-0036389,J.Hurts,00-0037086,G.Calcaterra,2,2,21.0,0,1.993723954015882,0.996861977007941,2,1.0,2.0,19.0,1.0,9.5,2.0,0,1,0
2023,REG,PHI,00-0036389,J.Hurts,00-0037132,B.Covey,1,1,7.0,0,0.0056755918776616,0.0056755918776616,1,1.0,-3.0,10.0,-3.0,10.0,0.0,0,0,0
2023,REG,CIN,00-0036442,J.Burrow,00-0033009,T.Boyd,66,47,439.0,2,5.816044056822399,0.08812187964882423,33,0.5,444.0,193.0,6.7272727272727275,4.1063829787234045,19.0,3,6,2
2023,REG,CIN,00-0036442,J.Burrow,00-0033897,J.Mixon,36,29,179.0,1,-0.28627230324224007,-0.007952008423395558,16,0.4444444444444444,-72.0,231.0,-2.0,7.9655172413793105,6.0,1,9,1
2023,REG,CIN,00-0036442,J.Burrow,00-0034613,T.Hudson,20,16,154.0,0,10.575361247376282,0.5287680623688141,13,0.65,122.0,57.0,6.1,3.5625,8.0,2,0,0
2023,REG,CIN,00-0036442,J.Burrow,00-0034970,I.Smith,21,14,89.0,1,-10.731867484498279,-0.5110413087856324,8,0.38095238095238093,74.0,53.0,3.5238095238095237,3.7857142857142856,4.0,0,5,1
2023,REG,CIN,00-0036442,J.Burrow,00-0035291,T.Williams,7,5,9.0,0,-5.574051204289031,-0.7962930291841472,1,0.14285714285714285,-24.0,30.0,-3.4285714285714284,6.0,0.0,0,1,0
2023,REG,CIN,00-0036442,J.Burrow,00-0035341,T.Irwin,17,13,155.0,1,9.114583733316984,0.5361519843127638,10,0.5882352941176471,195.0,57.0,11.470588235294118,4.384615384615385,8.0,3,2,0
2023,REG,CIN,00-0036442,J.Burrow,00-0035631,D.Sample,13,10,71.0,1,-4.498280970118465,-0.34602161308603574,4,0.3076923076923077,20.0,71.0,1.5384615384615385,7.1,2.0,1,0,0
2023,REG,CIN,00-0036442,J.Burrow,00-0035771,M.Wilcox,5,3,17.0,0,-0.902360539068469,-0.1804721078136938,2,0.4,10.0,15.0,2.0,5.0,0.0,0,0,0
2023,REG,CIN,00-0036442,J.Burrow,00-0036410,T.Higgins,51,27,328.0,2,7.64148936659644,0.14983312483522432,26,0.5098039215686274,574.0,119.0,11.254901960784315,4.407407407407407,19.0,3,9,2
2023,REG,CIN,00-0036442,J.Burrow,00-0036857,C.Evans,1,1,-1.0,0,-1.34762418596074,-1.34762418596074,0,0.0,-1.0,0.0,-1.0,0.0,0.0,0,0,0
2023,REG,CIN,00-0036442,J.Burrow,00-0036900,J.Chase,102,70,831.0,5,46.74345520863693,0.45826916871212675,62,0.6078431372549019,876.0,387.0,8.588235294117647,5.5285714285714285,46.0,8,15,3
2023,REG,CIN,00-0036442,J.Burrow,00-0037420,K.Lassiter,1,1,2.0,0,0.222314799961168,0.222314799961168,1,1.0,-1.0,3.0,-1.0,3.0,0.0,0,0,0
2023,REG,CIN,00-0036442,J.Burrow,00-0038576,C.Jones,2,1,6.0,0,0.13411230256315299,0.06705615128157649,1,0.5,6.0,7.0,3.0,7.0,1.0,0,0,0
2023,REG,CIN,00-0036442,J.Burrow,00-0038597,C.Brown,3,3,7.0,0,-1.3189612839487421,-0.4396537613162474,1,0.3333333333333333,-8.0,15.0,-2.6666666666666665,5.0,0.0,0,1,0
2023,REG,CIN,00-0036442,J.Burrow,00-0038619,A.Iosivas,6,4,23.0,2,1.0120033858693227,0.16866723097822045,4,0.6666666666666666,66.0,1.0,11.0,0.25,2.0,0,2,2
2023,REG,WAS,00-0036626,D.Brown,00-0037077,S.Howell,1,1,4.0,0,-0.305893969547469,-0.305893969547469,0,0.0,1.0,3.0,1.0,3.0,0.0,0,1,0
2023,REG,LA,00-0036849,T.Atwell,00-0026498,M.Stafford,1,0,0.0,0,1.053,1.053,1,1.0,0.0,0.0,0.0,0.0,0.0,0,1,0
2023,REG,HOU,00-0036898,D.Mills,00-0030431,R.Woods,5,2,14.0,0,-3.2588177010766177,-0.6517635402153236,1,0.2,58.0,8.0,11.6,4.0,1.0,0,1,0
2023,REG,HOU,00-0036898,D.Mills,00-0033591,N.Brown,8,3,38.0,0,-0.673702105181293,-0.08421276314766163,3,0.375,107.0,11.0,13.375,3.6666666666666665,3.0,0,1,0
2023,REG,HOU,00-0036898,D.Mills,00-0033854,D.Ogunbowale,4,1,4.0,0,-1.3810780601343149,-0.3452695150335787,0,0.0,8.0,1.0,2.0,1.0,0.0,0,0,0
2023,REG,HOU,00-0036898,D.Mills,00-0034383,D.Schultz,5,3,31.0,0,3.7449343040352714,0.7489868608070542,3,0.6,28.0,18.0,5.6,6.0,2.0,0,0,0
2023,REG,HOU,00-0036898,D.Mills,00-0034959,A.Beck,2,2,6.0,1,0.556871719949413,0.2784358599747065,1,0.5,-3.0,9.0,-1.5,4.5,1.0,0,1,1
2023,REG,HOU,00-0036898,D.Mills,00-0035250,D.Singletary,1,1,2.0,0,-0.95239889761433,-0.95239889761433,0,0.0,-3.0,5.0,-3.0,5.0,0.0,0,0,0
2023,REG,HOU,00-0036898,D.Mills,00-0036554,N.Collins,3,2,23.0,1,5.24094777133735,1.7469825904457832,3,1.0,11.0,12.0,3.6666666666666665,6.0,2.0,0,2,1
2023,REG,HOU,00-0036898,D.Mills,00-0036556,B.Jordan,3,2,27.0,0,0.512977296835746,0.170992432278582,1,0.3333333333333333,31.0,4.0,10.333333333333334,2.0,1.0,0,0,0
2023,REG,HOU,00-0036898,D.Mills,00-0037258,D.Pierce,2,1,10.0,0,0.478518571238965,0.2392592856194825,1,0.5,5.0,6.0,2.5,6.0,1.0,0,0,0
2023,REG,HOU,00-0036898,D.Mills,00-0037614,J.Metchie,4,0,0.0,0,-5.612158640869895,-1.4030396602174737,0,0.0,49.0,0.0,12.25,0.0,0.0,0,2,0
2023,REG,HOU,00-0036898,D.Mills,00-0038618,X.Hutchinson,2,1,18.0,0,-0.3796325143775898,-0.1898162571887949,1,0.5,26.0,0.0,13.0,0.0,1.0,0,0,0
2023,REG,CIN,00-0036900,J.Chase,00-0035100,J.Browning,1,1,-7.0,0,-2.10285701858811,-2.10285701858811,0,0.0,-7.0,0.0,-7.0,0.0,0.0,0,0,0
2023,REG,KC,00-0036913,K.Toney,00-0031376,J.McKinnon,1,0,0.0,0,-0.446093429578468,-0.446093429578468,0,0.0,16.0,0.0,16.0,0.0,0.0,0,0,0
2023,REG,PHI,00-0036919,K.Gainwell,00-0036912,D.Smith,1,1,17.0,0,1.23450584860984,1.23450584860984,1,1.0,17.0,0.0,17.0,0.0,1.0,0,0,0
2023,REG,TB,00-0036928,K.Trask,00-0033921,C.Godwin,1,0,0.0,0,-1.88030287302347,-1.88030287302347,0,0.0,3.0,0.0,3.0,0.0,0.0,0,1,0
2023,REG,CHI,00-0036945,J.Fields,00-0024243,M.Lewis,4,3,13.0,1,1.048858843278138,0.2622147108195345,2,0.5,4.0,18.0,1.0,6.0,1.0,0,1,1
2023,REG,CHI,00-0036945,J.Fields,00-0033292,T.Taylor,2,0,0.0,0,-1.299306715256534,-0.649653357628267,0,0.0,0.0,0.0,0.0,0.0,0.0,0,0,0
2023,REG,CHI,00-0036945,J.Fields,00-0033757,R.Tonyan,14,8,82.0,0,0.7328059863648339,0.052343284740345275,5,0.35714285714285715,132.0,40.0,9.428571428571429,5.0,4.0,1,2,0
2023,REG,CHI,00-0036945,J.Fields,00-0033925,D.Foreman,6,4,30.0,0,-0.46294360369211063,-0.07715726728201844,2,0.3333333333333333,26.0,17.0,4.333333333333333,4.25,1.0,0,0,0
2023,REG,CHI,00-0036945,J.Fields,00-0034279,E.St. Brown,5,4,58.0,0,3.025653455173605,0.6051306910347211,4,0.8,49.0,7.0,9.8,1.75,3.0,1,0,0
2023,REG,CHI,00-0036945,J.Fields,00-0034827,D.Moore,103,72,1109.0,8,72.54391004517481,0.7043098062638331,60,0.5825242718446602,1132.0,422.0,10.990291262135923,5.861111111111111,50.0,24,11,4
2023,REG,CHI,00-0036945,J.Fields,00-0035099,K.Blasingame,4,2,-2.0,0,-2.5601312675280448,-0.6400328168820112,0,0.0,9.0,0.0,2.25,0.0,0.0,0,0,0
2023,REG,CHI,00-0036945,J.Fields,00-0036254,C.Johnson,1,1,11.0,0,1.25032863160595,1.25032863160595,1,1.0,7.0,4.0,7.0,4.0,1.0,0,0,0
2023,REG,CHI,00-0036945,J.Fields,00-0036290,C.Kmet,65,52,540.0,4,26.245562267269282,0.403777881034912,38,0.5846153846153846,433.0,205.0,6.661538461538462,3.9423076923076925,26.0,9,11,3
2023,REG,CHI,00-0036945,J.Fields,00-0036297,D.Evans,1,1,2.0,0,-0.559516956389416,-0.559516956389416,0,0.0,-2.0,4.0,-2.0,4.0,0.0,0,0,0
2023,REG,CHI,00-0036945,J.Fields,00-0036309,D.Mooney,40,18,236.0,1,-5.610636786429375,-0.14026591966073437,14,0.35,466.0,85.0,11.65,4.722222222222222,12.0,5,5,1
2023,REG,CHI,00-0036945,J.Fields,00-0036326,C.Claypool,14,4,51.0,1,-9.070684282787411,-0.6479060201991008,4,0.2857142857142857,159.0,6.0,11.357142857142858,1.5,3.0,1,2,1
2023,REG,CHI,00-0036945,J.Fields,00-0036906,K.Herbert,31,20,134.0,1,-16.816771678331573,-0.5424765057526314,10,0.3225806451612903,17.0,138.0,0.5483870967741935,6.9,9.0,1,4,1
2023,REG,CHI,00-0036945,J.Fields,00-0037745,V.Jones,2,1,11.0,0,0.604526526993145,0.3022632634965725,1,0.5,48.0,8.0,24.0,8.0,1.0,0,0,0
2023,REG,CHI,00-0036945,J.Fields,00-0038941,T.Scott,20,11,111.0,0,-8.41179697993037,-0.4205898489965185,8,0.4,227.0,69.0,11.35,6.2727272727272725,6.0,1,5,0
2023,REG,CHI,00-0036945,J.Fields,00-0039021,R.Johnson,29,26,176.0,0,-3.6205411098933613,-0.1248462451687366,8,0.27586206896551724,-14.0,201.0,-0.4827586206896552,7.730769230769231,4.0,2,3,0
2023,REG,JAX,00-0036971,T.Lawrence,00-0033572,J.Agnew,18,12,172.0,1,-0.12349054332044829,-0.006860585740024905,9,0.5,203.0,63.0,11.277777777777779,5.25,7.0,1,1,0
2023,REG,JAX,00-0036971,T.Lawrence,00-0033881,E.Engram,125,98,821.0,4,5.4179741703980975,0.04334379336318478,67,0.536,637.0,443.0,5.096,4.520408163265306,39.0,8,8,3
2023,REG,JAX,00-0036971,T.Lawrence,00-0033891,Z.Jones,62,33,314.0,2,-4.15290562030448,-0.06698234871458839,28,0.45161290322580644,815.0,51.0,13.14516129032258,1.5454545454545454,14.0,3,11,2
2023,REG,JAX,00-0036971,T.Lawrence,00-0034775,C.Kirk,85,57,787.0,3,23.392445049216274,0.2752052358731326,44,0.5176470588235295,842.0,247.0,9.905882352941177,4.333333333333333,34.0,13,6,0
2023,REG,JAX,00-0036971,T.Lawrence,00-0034837,C.Ridley,124,69,967.0,7,36.890103955467914,0.2975008383505477,63,0.5080645161290323,1678.0,190.0,13.53225806451613,2.753623188405797,44.0,17,24,5
2023,REG,JAX,00-0036971,T.Lawrence,00-0035628,D.Johnson,11,9,134.0,0,9.396156145566984,0.8541960132333621,6,0.5454545454545454,6.0,134.0,0.5454545454545454,14.88888888888889,5.0,2,0,0
2023,REG,JAX,00-0036971,T.Lawrence,00-0035806,J.Hasty,2,0,0.0,0,-2.36844285400376,-1.18422142700188,0,0.0,24.0,0.0,12.0,0.0,0.0,0,0,0
2023,REG,JAX,00-0036971,T.Lawrence,00-0036497,T.Jones,14,7,38.0,0,-5.87441751006388,-0.4196012507188486,3,0.21428571428571427,108.0,17.0,7.714285714285714,2.4285714285714284,1.0,0,1,0
2023,REG,JAX,00-0036971,T.Lawrence,00-0036887,L.Farrell,14,12,148.0,0,7.4602574826567505,0.5328755344754822,9,0.6428571428571429,65.0,95.0,4.642857142857143,7.916666666666667,5.0,2,1,0
2023,REG,JAX,00-0036971,T.Lawrence,00-0036973,T.Etienne,66,52,438.0,1,9.579545159852769,0.14514462363413286,33,0.5,-84.0,476.0,-1.2727272727272727,9.153846153846153,21.0,2,2,0
2023,REG,JAX,00-0036971,T.Lawrence,00-0038555,T.Bigsby,4,1,6.0,0,-13.688695142627692,-3.422173785656923,1,0.25,6.0,5.0,1.5,5.0,0.0,0,0,0
2023,REG,JAX,00-0036971,T.Lawrence,00-0038606,P.Washington,19,14,122.0,2,-1.226375264173845,-0.06454606653546553,9,0.47368421052631576,149.0,30.0,7.842105263157895,2.142857142857143,5.0,0,3,2
2023,REG,JAX,00-0036971,T.Lawrence,00-0038667,E.Cooks,4,3,38.0,0,3.9043628774344543,0.9760907193586136,2,0.5,33.0,8.0,8.25,2.6666666666666665,2.0,1,1,0
2023,REG,JAX,00-0036971,T.Lawrence,00-0038935,B.Strange,6,3,31.0,1,0.6738344862939338,0.11230574771565564,2,0.3333333333333333,61.0,27.0,10.166666666666666,9.0,2.0,0,2,1
2023,REG,NE,00-0036972,M.Jones,00-0031547,D.Parker,28,16,167.0,0,-1.5115293233112346,-0.053983190118258376,15,0.5357142857142857,268.0,80.0,9.571428571428571,5.0,8.0,0,0,0
2023,REG,NE,00-0036972,M.Jones,00-0032200,T.Montgomery,6,3,18.0,0,-5.071098860935306,-0.8451831434892177,2,0.3333333333333333,46.0,16.0,7.666666666666667,5.333333333333333,2.0,0,2,0
2023,REG,NE,00-0036972,M.Jones,00-0033045,E.Elliott,25,19,106.0,0,-9.521101811318667,-0.3808440724527467,6,0.24,-32.0,134.0,-1.28,7.052631578947368,5.0,0,1,0
2023,REG,NE,00-0036972,M.Jones,00-0033090,H.Henry,42,28,283.0,3,13.105429593946262,0.31203403795110146,26,0.6190476190476191,368.0,55.0,8.761904761904763,1.9642857142857142,19.0,1,4,3
2023,REG,NE,00-0036972,M.Jones,00-0033307,K.Bourne,52,36,386.0,4,-8.695647465073096,-0.16722398971294414,25,0.4807692307692308,489.0,197.0,9.403846153846153,5.472222222222222,14.0,4,6,3
2023,REG,NE,00-0036972,M.Jones,00-0033439,P.Brown,7,7,170.0,1,12.93513200304005,1.8478760004342927,7,1.0,62.0,108.0,8.857142857142858,15.428571428571429,6.0,4,0,0
2023,REG,NE,00-0036972,M.Jones,00-0033857,J.Smith-Schuster,32,22,149.0,1,-1.585061327379661,-0.049533166480614406,15,0.46875,155.0,62.0,4.84375,2.8181818181818183,9.0,1,2,1
2023,REG,NE,00-0036972,M.Jones,00-0034829,M.Gesicki,30,20,173.0,1,1.58166187402288,0.05272206246742934,18,0.6,266.0,61.0,8.866666666666667,3.05,9.0,0,5,1
2023,REG,NE,00-0036972,M.Jones,00-0036387,J.Reagor,9,2,22.0,0,-5.450784609362029,-0.6056427343735588,2,0.2222222222222222,143.0,5.0,15.88888888888889,2.5,2.0,0,1,0
2023,REG,NE,00-0036972,M.Jones,00-0036875,R.Stevenson,47,34,231.0,0,-15.207349235157803,-0.3235606220246341,14,0.2978723404255319,26.0,241.0,0.5531914893617021,7.088235294117647,8.0,2,4,0
2023,REG,NE,00-0036972,M.Jones,00-0038104,T.Thornton,8,3,15.0,0,-9.044916571350775,-1.130614571418847,1,0.125,109.0,7.0,13.625,2.3333333333333335,0.0,0,0,0
2023,REG,NE,00-0036972,M.Jones,00-0038608,K.Boutte,7,2,19.0,0,-2.691036658477963,-0.3844338083539947,2,0.2857142857142857,125.0,10.0,17.857142857142858,5.0,1.0,0,2,0
2023,REG,NE,00-0036972,M.Jones,00-0038621,D.Douglas,47,32,378.0,0,0.5459378672633832,0.011615699303476239,22,0.46808510638297873,360.0,232.0,7.659574468085107,7.25,17.0,5,3,0
2023,REG,NYJ,00-0037013,Z.Wilson,00-0028002,R.Cobb,14,4,35.0,1,-5.870363435848388,-0.4193116739891706,4,0.2857142857142857,90.0,20.0,6.428571428571429,5.0,3.0,0,4,1
2023,REG,NYJ,00-0037013,Z.Wilson,00-0032134,C.Uzomah,12,8,58.0,1,-3.3890369992295715,-0.2824197499357976,6,0.5,64.0,33.0,5.333333333333333,4.125,5.0,0,4,1
2023,REG,NYJ,00-0037013,Z.Wilson,00-0033893,D.Cook,14,12,48.0,0,-2.6403441802831393,-0.1885960128773671,4,0.2857142857142857,-27.0,77.0,-1.9285714285714286,6.416666666666667,1.0,0,0,0
2023,REG,NYJ,00-0037013,Z.Wilson,00-0034270,T.Conklin,51,39,440.0,0,7.253354819838581,0.1422226435262467,26,0.5098039215686274,373.0,166.0,7.313725490196078,4.256410256410256,17.0,6,4,0
2023,REG,NYJ,00-0037013,Z.Wilson,00-0034433,N.Bawden,1,1,7.0,0,0.194725062232465,0.194725062232465,1,1.0,-3.0,10.0,-3.0,10.0,0.0,0,0,0
2023,REG,NYJ,00-0037013,Z.Wilson,00-0034521,A.Lazard,42,21,295.0,1,2.371503892703929,0.0564643783977126,20,0.47619047619047616,510.0,55.0,12.142857142857142,2.619047619047619,16.0,5,4,1
2023,REG,NYJ,00-0037013,Z.Wilson,00-0035140,M.Hardman,3,1,6.0,0,-1.1927055457732894,-0.3975685152577631,1,0.3333333333333333,30.0,1.0,10.0,1.0,0.0,0,0,0
2023,REG,NYJ,00-0037013,Z.Wilson,00-0035480,M.Taylor,4,2,13.0,0,-2.066931324894541,-0.5167328312236352,1,0.25,89.0,7.0,22.25,3.5,0.0,0,0,0
2023,REG,NYJ,00-0037013,Z.Wilson,00-0036924,Mi.Carter,20,15,68.0,0,-13.206101739129005,-0.6603050869564503,6,0.3,21.0,58.0,1.05,3.8666666666666667,4.0,0,1,0
2023,REG,NYJ,00-0037013,Z.Wilson,00-0037740,G.Wilson,113,64,750.0,2,-1.4700199650037626,-0.013009026238971351,48,0.4247787610619469,1234.0,227.0,10.920353982300885,3.546875,32.0,8,14,1
2023,REG,NYJ,00-0037013,Z.Wilson,00-0037805,J.Ruckert,10,9,98.0,0,4.9996697314200045,0.49996697314200045,7,0.7,87.0,29.0,8.7,3.2222222222222223,4.0,1,1,0
2023,REG,NYJ,00-0037013,Z.Wilson,00-0038120,Bre.Hall,50,39,382.0,3,16.772760401712734,0.33545520803425466,25,0.5,-33.0,405.0,-0.66,10.384615384615385,18.0,6,3,2
2023,REG,NYJ,00-0037013,Z.Wilson,00-0038496,X.Gipson,10,6,71.0,0,2.731728233231628,0.27317282332316284,4,0.4,107.0,25.0,10.7,4.166666666666667,4.0,1,0,0
2023,REG,WAS,00-0037077,S.Howell,00-0031260,L.Thomas,76,52,472.0,3,-8.526313896985416,-0.1121883407498081,42,0.5526315789473685,448.0,228.0,5.894736842105263,4.384615384615385,20.0,3,9,3
2023,REG,WAS,00-0037077,S.Howell,00-0031941,J.Crowder,20,16,159.0,1,5.320990374864894,0.2660495187432447,11,0.55,122.0,80.0,6.1,5.0,8.0,1,1,0
2023,REG,WAS,00-0037077,S.Howell,00-0032975,J.Williams,1,0,0.0,0,-1.43574621761218,-1.43574621761218,0,0.0,-1.0,0.0,-1.0,0.0,0.0,0,0,0
2023,REG,WAS,00-0037077,S.Howell,00-0033282,C.Samuel,87,59,597.0,3,3.0152495207433234,0.03465804046831406,41,0.47126436781609193,579.0,260.0,6.655172413793103,4.406779661016949,25.0,7,13,3
2023,REG,WAS,00-0037077,S.Howell,00-0033296,A.Armah,3,3,13.0,0,0.9747587348683769,0.324919578289459,1,0.3333333333333333,-14.0,27.0,-4.666666666666667,9.0,1.0,0,1,0
2023,REG,WAS,00-0037077,S.Howell,00-0034297,B.Pringle,22,14,161.0,0,1.0596630637301088,0.04816650289682312,10,0.45454545454545453,297.0,31.0,13.5,2.2142857142857144,7.0,1,0,0
2023,REG,WAS,00-0037077,S.Howell,00-0035659,T.McLaurin,127,75,880.0,3,0.11142688542536086,0.0008773770505933926,53,0.41732283464566927,1424.0,314.0,11.21259842519685,4.1866666666666665,43.0,12,10,1
2023,REG,WAS,00-0037077,S.Howell,00-0036328,A.Gibson,57,46,384.0,2,1.9582480293272129,0.034355228584687945,28,0.49122807017543857,5.0,365.0,0.08771929824561403,7.934782608695652,19.0,3,5,2
2023,REG,WAS,00-0037077,S.Howell,00-0036626,D.Brown,23,12,168.0,1,8.516261250188114,0.37027222826904843,11,0.4782608695652174,387.0,76.0,16.82608695652174,6.333333333333333,8.0,2,2,0
2023,REG,WAS,00-0037077,S.Howell,00-0036628,J.Bates,24,16,137.0,0,-5.2651946480618825,-0.21938311033591176,11,0.4583333333333333,172.0,53.0,7.166666666666667,3.3125,5.0,1,1,0
2023,REG,WAS,00-0037077,S.Howell,00-0037078,C.Turner,15,11,120.0,0,-0.005128661555813263,-0.00034191077038755086,7,0.4666666666666667,102.0,50.0,6.8,4.545454545454546,4.0,2,4,0
2023,REG,WAS,00-0037077,S.Howell,00-0037741,J.Dotson,79,46,475.0,4,-19.705739204475485,-0.24943973676551245,37,0.46835443037974683,721.0,106.0,9.126582278481013,2.3043478260869565,24.0,4,11,2
2023,REG,WAS,00-0037077,S.Howell,00-0037746,B.Robinson,43,36,368.0,4,20.424830162402948,0.47499605028844066,22,0.5116279069767442,-55.0,410.0,-1.2790697674418605,11.38888888888889,15.0,8,5,2
2023,REG,WAS,00-0037077,S.Howell,00-0038611,C.Rodriguez,2,2,12.0,0,0.4543300392106177,0.22716501960530885,2,1.0,-7.0,19.0,-3.5,9.5,1.0,0,0,0
2023,REG,ATL,00-0037238,D.London,00-0033858,J.Smith,1,1,22.0,0,1.84401460189838,1.84401460189838,1,1.0,12.0,10.0,12.0,10.0,1.0,1,0,0
2023,REG,PIT,00-0037304,Co.Heyward,00-0038558,D.Washington,1,0,0.0,0,-0.25261004906497,-0.25261004906497,0,0.0,-4.0,0.0,-4.0,0.0,0.0,0,1,0
2023,REG,NYJ,00-0037740,G.Wilson,00-0034521,A.Lazard,1,0,0.0,0,-0.433482601540163,-0.433482601540163,0,0.0,10.0,0.0,10.0,0.0,0.0,0,0,0
2023,REG,SF,00-0037834,B.Purdy,00-0029892,K.Juszczyk,16,13,102.0,2,7.883139346871755,0.4926962091794847,10,0.625,71.0,43.0,4.4375,3.3076923076923075,7.0,1,5,1
2023,REG,SF,00-0037834,B.Purdy,00-0030663,W.Snead,2,1,9.0,0,-0.5937297120690321,-0.29686485603451607,1,0.5,13.0,3.0,6.5,3.0,0.0,0,0,0
2023,REG,SF,00-0037834,B.Purdy,00-0033280,C.McCaffrey,79,66,558.0,7,10.006431062695766,0.12666368433792108,45,0.569620253164557,143.0,451.0,1.8101265822784811,6.833333333333333,31.0,4,14,5
2023,REG,SF,00-0037834,B.Purdy,00-0033288,G.Kittle,86,63,1005.0,6,61.99457297456741,0.7208671276112489,55,0.6395348837209303,810.0,472.0,9.418604651162791,7.492063492063492,41.0,18,12,3
2023,REG,SF,00-0037834,B.Purdy,00-0034073,R.Dwelley,2,1,12.0,0,0.5722602570895101,0.28613012854475506,1,0.5,17.0,12.0,8.5,12.0,1.0,0,1,0
2023,REG,SF,00-0037834,B.Purdy,00-0034407,R.McCloud,10,8,112.0,0,2.145026852143915,0.2145026852143915,5,0.5,54.0,69.0,5.4,8.625,5.0,2,1,0
2023,REG,SF,00-0037834,B.Purdy,00-0035719,D.Samuel,85,57,862.0,7,37.95645226205267,0.4465464972006197,46,0.5411764705882353,563.0,510.0,6.623529411764705,8.947368421052632,33.0,15,18,3
2023,REG,SF,00-0037834,B.Purdy,00-0036259,J.Jennings,32,18,262.0,1,8.74269966890376,0.2732093646532425,17,0.53125,343.0,83.0,10.71875,4.611111111111111,12.0,4,2,1
2023,REG,SF,00-0037834,B.Purdy,00-0036261,B.Aiyuk,97,69,1277.0,7,76.88028345002546,0.7925802417528398,67,0.6907216494845361,1395.0,338.0,14.381443298969073,4.898550724637682,58.0,27,8,5
2023,REG,SF,00-0037834,B.Purdy,00-0036429,C.Woerner,2,2,12.0,0,0.22958829964045396,0.11479414982022698,1,0.5,1.0,11.0,0.5,5.5,0.0,0,1,0
2023,REG,SF,00-0037834,B.Purdy,00-0036567,E.Mitchell,6,4,-1.0,0,-9.328201782016547,-1.554700297002758,1,0.16666666666666666,-28.0,17.0,-4.666666666666667,4.25,0.0,0,2,0
2023,REG,SF,00-0037834,B.Purdy,00-0037525,J.Mason,3,2,19.0,0,0.21986370673403177,0.07328790224467725,1,0.3333333333333333,8.0,15.0,2.6666666666666665,7.5,1.0,0,0,0
2023,REG,SF,00-0037834,B.Purdy,00-0038647,R.Bell,7,4,51.0,1,3.250921945727894,0.4644174208182706,4,0.5714285714285714,77.0,10.0,11.0,2.5,3.0,1,1,1
2023,REG,PIT,00-0038102,K.Pickett,00-0031428,A.Robinson,34,23,185.0,0,0.2861068405942874,0.008414907076302571,15,0.4411764705882353,208.0,51.0,6.117647058823529,2.217391304347826,6.0,1,3,0
2023,REG,PIT,00-0038102,K.Pickett,00-0035216,D.Johnson,53,30,360.0,1,3.7809364341082254,0.07133842328506086,25,0.4716981132075472,589.0,126.0,11.11320754716981,4.2,19.0,4,6,1
2023,REG,PIT,00-0038102,K.Pickett,00-0035645,G.Olszewski,1,1,0.0,0,-6.18557261489332,-6.18557261489332,0,0.0,-1.0,0.0,-1.0,0.0,0.0,0,0,0
2023,REG,PIT,00-0038102,K.Pickett,00-0035703,M.Boykin,4,2,11.0,0,-1.8518593956395049,-0.4629648489098762,1,0.25,13.0,2.0,3.25,1.0,0.0,0,1,0
2023,REG,PIT,00-0038102,K.Pickett,00-0036336,A.McFarland,2,2,11.0,0,1.1931449007242918,0.5965724503621459,1,0.5,4.0,7.0,2.0,3.5,1.0,0,2,0
2023,REG,PIT,00-0038102,K.Pickett,00-0036893,N.Harris,23,15,77.0,0,-4.596018401498435,-0.1998268870216711,6,0.2608695652173913,-4.0,90.0,-0.17391304347826086,6.0,2.0,1,1,0
2023,REG,PIT,00-0038102,K.Pickett,00-0036894,P.Freiermuth,27,19,188.0,2,8.200256410505691,0.30371320038909966,15,0.5555555555555556,189.0,91.0,7.0,4.7894736842105265,11.0,2,6,2
2023,REG,PIT,00-0038102,K.Pickett,00-0037228,J.Warren,41,33,213.0,0,-4.443392232732315,-0.10837542031054428,16,0.3902439024390244,-94.0,294.0,-2.292682926829268,8.909090909090908,10.0,2,2,0
2023,REG,PIT,00-0038102,K.Pickett,00-0037247,G.Pickens,71,42,701.0,2,19.043169455452833,0.2682136543021526,37,0.5211267605633803,917.0,206.0,12.915492957746478,4.904761904761905,29.0,14,7,0
2023,REG,PIT,00-0038102,K.Pickett,00-0037304,Co.Heyward,24,16,133.0,0,-3.4621077419822375,-0.1442544892492599,11,0.4583333333333333,119.0,76.0,4.958333333333333,4.75,5.0,0,3,0
2023,REG,PIT,00-0038102,K.Pickett,00-0037837,C.Austin,24,13,143.0,1,-2.9635032231257505,-0.12347930096357294,7,0.2916666666666667,300.0,63.0,12.5,4.846153846153846,5.0,1,0,0
2023,REG,PIT,00-0038102,K.Pickett,00-0038558,D.Washington,7,5,41.0,0,0.042541031842116994,0.0060772902631595705,4,0.5714285714285714,13.0,32.0,1.8571428571428572,6.4,3.0,0,0,0
2023,REG,NE,00-0038108,B.Zappe,00-0031547,D.Parker,27,17,227.0,0,2.5307186280842786,0.09373031955867699,11,0.4074074074074074,372.0,46.0,13.777777777777779,2.7058823529411766,9.0,6,0,0
2023,REG,NE,00-0038108,B.Zappe,00-0032200,T.Montgomery,6,2,22.0,0,-3.4443281041458196,-0.5740546840243033,2,0.3333333333333333,44.0,11.0,7.333333333333333,5.5,1.0,0,0,0
2023,REG,NE,00-0038108,B.Zappe,00-0033045,E.Elliott,40,32,207.0,2,-0.586398429107389,-0.014659960727684726,15,0.375,-10.0,240.0,-0.25,7.5,7.0,1,4,2
2023,REG,NE,00-0038108,B.Zappe,00-0033090,H.Henry,19,14,136.0,3,5.360180126910578,0.28211474352160937,12,0.631578947368421,170.0,23.0,8.947368421052632,1.6428571428571428,10.0,1,2,2
2023,REG,NE,00-0038108,B.Zappe,00-0033307,K.Bourne,3,1,20.0,0,-0.844777908874672,-0.28159263629155734,1,0.3333333333333333,85.0,6.0,28.333333333333332,6.0,1.0,1,0,0
2023,REG,NE,00-0038108,B.Zappe,00-0033439,P.Brown,8,6,38.0,0,-7.465378322172902,-0.9331722902716127,2,0.25,42.0,13.0,5.25,2.1666666666666665,2.0,1,0,0
2023,REG,NE,00-0038108,B.Zappe,00-0033857,J.Smith-Schuster,15,7,111.0,0,-8.760704719752543,-0.5840469813168362,6,0.4,183.0,32.0,12.2,4.571428571428571,4.0,2,1,0
2023,REG,NE,00-0038108,B.Zappe,00-0034829,M.Gesicki,16,9,71.0,1,-4.69219286402676,-0.2932620540016725,6,0.375,117.0,27.0,7.3125,3.0,2.0,0,2,1
2023,REG,NE,00-0038108,B.Zappe,00-0036387,J.Reagor,14,5,116.0,0,-5.935060722113106,-0.4239329087223647,4,0.2857142857142857,216.0,13.0,15.428571428571429,2.6,3.0,3,0,0
2023,REG,NE,00-0038108,B.Zappe,00-0036875,R.Stevenson,4,4,7.0,0,-2.809281601686958,-0.7023204004217395,1,0.25,-13.0,20.0,-3.25,5.0,0.0,0,0,0
2023,REG,NE,00-0038108,B.Zappe,00-0037286,K.Harris,3,3,58.0,0,4.877603708358947,1.6258679027863157,2,0.6666666666666666,-1.0,59.0,-0.3333333333333333,19.666666666666668,2.0,1,1,0
2023,REG,NE,00-0038108,B.Zappe,00-0038104,T.Thornton,15,10,76.0,0,-4.194689297117284,-0.27964595314115226,4,0.26666666666666666,121.0,43.0,8.066666666666666,4.3,3.0,0,0,0
2023,REG,NE,00-0038108,B.Zappe,00-0038621,D.Douglas,32,17,183.0,0,-6.1488257478866055,-0.19215080462145642,11,0.34375,288.0,104.0,9.0,6.117647058823529,9.0,1,1,0
2023,REG,NYG,00-0038115,D.Bellinger,00-0038476,T.DeVito,1,0,0.0,0,-0.947,-0.947,0,0.0,0.0,0.0,0.0,0.0,0.0,0,1,0
2023,REG,ATL,00-0038122,D.Ridder,00-0030578,C.Patterson,8,5,26.0,1,-2.5821240278019113,-0.3227655034752389,5,0.625,16.0,19.0,2.0,3.8,2.0,0,2,1
2023,REG,ATL,00-0038122,D.Ridder,00-0030968,K.Smith,3,3,33.0,0,0.8641505975974688,0.28805019919915625,2,0.6666666666666666,18.0,15.0,6.0,5.0,1.0,1,1,0
2023,REG,ATL,00-0038122,D.Ridder,00-0031585,M.Pruitt,10,8,96.0,1,6.493509852240094,0.6493509852240094,6,0.6,41.0,51.0,4.1,6.375,5.0,2,3,1
2023,REG,ATL,00-0038122,D.Ridder,00-0033555,M.Hollins,24,13,188.0,0,6.677308795548479,0.2782211998145199,11,0.4583333333333333,316.0,27.0,13.166666666666666,2.076923076923077,7.0,2,2,0
2023,REG,ATL,00-0038122,D.Ridder,00-0033858,J.Smith,50,39,427.0,2,6.087616967919535,0.12175233935839071,27,0.54,312.0,212.0,6.24,5.435897435897436,19.0,2,7,2
2023,REG,ATL,00-0038122,D.Ridder,00-0034854,K.Hodge,10,7,92.0,0,6.093648721696812,0.6093648721696812,7,0.7,103.0,33.0,10.3,4.714285714285714,7.0,0,0,0
2023,REG,ATL,00-0038122,D.Ridder,00-0035298,S.Miller,11,6,120.0,0,2.658652854617691,0.24169571405615373,3,0.2727272727272727,172.0,62.0,15.636363636363637,10.333333333333334,2.0,2,1,0
2023,REG,ATL,00-0038122,D.Ridder,00-0036415,V.Jefferson,11,4,31.0,0,-14.897968306911498,-1.3543607551737724,3,0.2727272727272727,207.0,-1.0,18.818181818181817,-0.25,2.0,0,1,0
2023,REG,ATL,00-0038122,D.Ridder,00-0036970,K.Pitts,71,43,523.0,2,13.26077845635615,0.18677152755431198,38,0.5352112676056338,821.0,99.0,11.56338028169014,2.302325581395349,29.0,5,5,1
2023,REG,ATL,00-0038122,D.Ridder,00-0037238,D.London,97,61,788.0,2,11.93805351686332,0.12307271666869402,53,0.5463917525773195,1100.0,172.0,11.34020618556701,2.819672131147541,39.0,14,16,2
2023,REG,ATL,00-0038122,D.Ridder,00-0037263,T.Allgeier,17,12,96.0,0,-1.136957278838854,-0.0668798399316973,7,0.4117647058823529,-4.0,96.0,-0.23529411764705882,8.0,3.0,1,3,0
2023,REG,ATL,00-0038122,D.Ridder,00-0037654,T.Fisk,1,1,9.0,0,1.19562649866566,1.19562649866566,1,1.0,3.0,6.0,3.0,6.0,1.0,0,0,0
2023,REG,ATL,00-0038122,D.Ridder,00-0038122,D.Ridder,1,1,-6.0,0,-1.51534781605005,-1.51534781605005,0,0.0,-6.0,0.0,-6.0,0.0,0.0,0,0,0
2023,REG,ATL,00-0038122,D.Ridder,00-0038542,B.Robinson,64,46,413.0,4,-8.153133741061547,-0.12739271470408667,29,0.453125,28.0,431.0,0.4375,9.369565217391305,19.0,5,11,2
2023,REG,TEN,00-0038128,M.Willis,00-0030564,D.Hopkins,1,0,0.0,0,-0.241037846339003,-0.241037846339003,0,0.0,20.0,0.0,20.0,0.0,0.0,0,1,0
2023,REG,TEN,00-0038128,M.Willis,00-0036182,N.Westbrook-Ikhine,1,1,9.0,0,0.705613486468792,0.705613486468792,1,1.0,9.0,0.0,9.0,0.0,0.0,0,0,0
2023,REG,TEN,00-0038128,M.Willis,00-0037273,K.Philips,1,1,6.0,0,0.0703041444066912,0.0703041444066912,1,1.0,6.0,0.0,6.0,0.0,0.0,0,0,0
2023,REG,TEN,00-0038128,M.Willis,00-0037809,C.Okonkwo,1,1,11.0,0,0.289348982856609,0.289348982856609,1,1.0,9.0,2.0,9.0,2.0,0.0,0,0,0
2023,REG,TEN,00-0038128,M.Willis,00-0039032,T.Spears,1,1,48.0,0,3.98391813840135,3.98391813840135,1,1.0,-5.0,53.0,-5.0,53.0,1.0,1,0,0
2023,REG,GB,00-0038391,S.Clifford,00-0037091,B.Melton,1,1,37.0,0,2.14362682815408,2.14362682815408,1,1.0,34.0,3.0,34.0,3.0,1.0,1,0,0
2023,REG,GB,00-0038393,D.Wicks,00-0033293,A.Jones,1,1,14.0,0,0.889282290299889,0.889282290299889,1,1.0,9.0,5.0,9.0,5.0,1.0,0,0,0
2023,REG,CHI,00-0038416,T.Bagent,00-0024243,M.Lewis,1,1,16.0,0,1.43722377973609,1.43722377973609,1,1.0,5.0,11.0,5.0,11.0,1.0,0,1,0
2023,REG,CHI,00-0038416,T.Bagent,00-0033757,R.Tonyan,3,3,30.0,0,3.014546408201572,1.0048488027338573,3,1.0,13.0,17.0,4.333333333333333,5.666666666666667,2.0,0,1,0
2023,REG,CHI,00-0038416,T.Bagent,00-0033925,D.Foreman,10,7,47.0,1,1.6673946498776837,0.16673946498776837,5,0.5,-5.0,48.0,-0.5,6.857142857142857,5.0,0,2,1
2023,REG,CHI,00-0038416,T.Bagent,00-0034279,E.St. Brown,1,1,4.0,0,-0.0539306106511504,-0.0539306106511504,0,0.0,4.0,0.0,4.0,0.0,0.0,0,0,0
2023,REG,CHI,00-0038416,T.Bagent,00-0034827,D.Moore,35,24,255.0,0,-8.255675342430118,-0.23587643835514624,18,0.5142857142857142,344.0,117.0,9.82857142857143,4.875,14.0,1,3,0
2023,REG,CHI,00-0038416,T.Bagent,00-0035099,K.Blasingame,3,1,4.0,0,-1.860490804436151,-0.620163601478717,0,0.0,2.0,5.0,0.6666666666666666,5.0,0.0,0,2,0
2023,REG,CHI,00-0038416,T.Bagent,00-0035594,T.Homer,1,0,0.0,0,-1.05513803250528,-1.05513803250528,0,0.0,-5.0,0.0,-5.0,0.0,0.0,0,0,0
2023,REG,CHI,00-0038416,T.Bagent,00-0036290,C.Kmet,25,21,179.0,2,6.2768855163594806,0.2510754206543792,17,0.68,124.0,85.0,4.96,4.0476190476190474,10.0,0,4,2
2023,REG,CHI,00-0038416,T.Bagent,00-0036297,D.Evans,11,6,47.0,0,-4.669623100609295,-0.42451119096448137,4,0.36363636363636365,-12.0,65.0,-1.0909090909090908,10.833333333333334,2.0,0,2,0
2023,REG,CHI,00-0038416,T.Bagent,00-0036309,D.Mooney,21,13,178.0,0,0.8059934299963183,0.03838063952363421,12,0.5714285714285714,164.0,96.0,7.809523809523809,7.384615384615385,8.0,2,3,0
2023,REG,CHI,00-0038416,T.Bagent,00-0037745,V.Jones,5,3,9.0,0,-2.132851607515478,-0.4265703215030956,1,0.2,39.0,7.0,7.8,2.3333333333333335,0.0,0,0,0
2023,REG,CHI,00-0038416,T.Bagent,00-0038941,T.Scott,12,6,57.0,0,-2.6420379070332296,-0.22016982558610246,5,0.4166666666666667,143.0,1.0,11.916666666666666,0.16666666666666666,4.0,0,0,0
2023,REG,CHI,00-0038416,T.Bagent,00-0039021,R.Johnson,11,8,33.0,0,-2.4457339755026632,-0.22233945231842392,4,0.36363636363636365,-19.0,46.0,-1.7272727272727273,5.75,2.0,0,1,0
2023,REG,NYG,00-0038476,T.DeVito,00-0031610,D.Waller,8,4,40.0,0,-2.2441523054816592,-0.2805190381852074,1,0.125,40.0,28.0,5.0,7.0,1.0,1,0,0
2023,REG,NYG,00-0038476,T.DeVito,00-0032385,S.Shepard,10,3,13.0,1,-4.185631970118257,-0.41856319701182565,1,0.1,98.0,6.0,9.8,2.0,1.0,0,5,1
2023,REG,NYG,00-0038476,T.DeVito,00-0033308,M.Breida,6,4,22.0,0,-8.04429139493732,-1.3407152324895533,0,0.0,-4.0,24.0,-0.6666666666666666,6.0,0.0,0,0,0
2023,REG,NYG,00-0038476,T.DeVito,00-0034844,S.Barkley,25,16,117.0,2,2.083227125549181,0.08332908502196724,10,0.4,29.0,82.0,1.16,5.125,8.0,2,2,1
2023,REG,NYG,00-0038476,T.DeVito,00-0035535,D.Slayton,28,19,258.0,1,11.225850800008722,0.40092324285745434,16,0.5714285714285714,276.0,115.0,9.857142857142858,6.052631578947368,10.0,4,1,0
2023,REG,NYG,00-0038476,T.DeVito,00-0035639,P.Campbell,3,3,14.0,0,-1.11221573565498,-0.37073857855166,1,0.3333333333333333,-4.0,18.0,-1.3333333333333333,6.0,0.0,0,0,0
2023,REG,NYG,00-0038476,T.DeVito,00-0036145,L.Cager,3,2,19.0,1,1.2986038442468242,0.43286794808227474,1,0.3333333333333333,19.0,12.0,6.333333333333333,6.0,1.0,0,2,1
2023,REG,NYG,00-0038476,T.DeVito,00-0036165,I.Hodgins,10,5,56.0,2,1.1643751919618768,0.11643751919618768,5,0.5,87.0,16.0,8.7,3.2,4.0,0,2,2
2023,REG,NYG,00-0038476,T.DeVito,00-0037410,J.Corbin,3,3,12.0,0,2.799179299618115,0.9330597665393716,2,0.6666666666666666,-1.0,13.0,-0.3333333333333333,4.333333333333333,1.0,0,0,0
2023,REG,NYG,00-0038476,T.DeVito,00-0038115,D.Bellinger,18,15,165.0,0,5.598294339142746,0.311016352174597,8,0.4444444444444444,79.0,95.0,4.388888888888889,6.333333333333333,5.0,3,0,0
2023,REG,NYG,00-0038476,T.DeVito,00-0038117,W.Robinson,30,25,217.0,1,7.669295625004457,0.2556431875001486,16,0.5333333333333333,130.0,120.0,4.333333333333333,4.8,10.0,3,2,1
2023,REG,NYG,00-0038476,T.DeVito,00-0038396,E.Gray,5,4,15.0,0,-3.1202334186527882,-0.6240466837305576,0,0.0,-4.0,29.0,-0.8,7.25,0.0,0,0,0
2023,REG,NYG,00-0038476,T.DeVito,00-0038938,J.Hyatt,19,11,153.0,0,-0.3711572705942641,-0.019534593189171796,9,0.47368421052631576,319.0,25.0,16.789473684210527,2.272727272727273,5.0,3,0,0
2023,REG,LV,00-0038579,A.O'Connell,00-0031381,D.Adams,108,62,668.0,4,4.0026846705722425,0.03706189509789114,45,0.4166666666666667,1164.0,210.0,10.777777777777779,3.3870967741935485,31.0,8,18,3
2023,REG,LV,00-0038579,A.O'Connell,00-0031763,D.Carter,2,2,18.0,0,0.19621075619943007,0.09810537809971503,1,0.5,-6.0,24.0,-3.0,12.0,0.0,0,0,0
2023,REG,LV,00-0038579,A.O'Connell,00-0032104,A.Abdullah,14,14,87.0,0,-0.34666342899479774,-0.02476167349962841,6,0.42857142857142855,27.0,60.0,1.9285714285714286,4.285714285714286,3.0,0,2,0
2023,REG,LV,00-0038579,A.O'Connell,00-0032392,A.Hooper,21,15,133.0,0,3.7889219493810136,0.18042485473242922,11,0.5238095238095238,74.0,87.0,3.5238095238095237,5.8,7.0,1,4,0
2023,REG,LV,00-0038579,A.O'Connell,00-0034960,J.Meyers,55,36,445.0,4,6.862942138628746,0.1247807661568863,29,0.5272727272727272,527.0,174.0,9.581818181818182,4.833333333333333,24.0,7,7,2
2023,REG,LV,00-0038579,A.O'Connell,00-0034983,H.Renfrow,28,19,189.0,0,3.4784601310844963,0.12423071896730344,13,0.4642857142857143,129.0,124.0,4.607142857142857,6.526315789473684,9.0,2,5,0
2023,REG,LV,00-0038579,A.O'Connell,00-0035562,J.Horsted,1,1,4.0,0,-0.210121021780651,-0.210121021780651,0,0.0,2.0,2.0,2.0,2.0,0.0,0,0,0
2023,REG,LV,00-0038579,A.O'Connell,00-0035700,J.Jacobs,22,17,135.0,0,7.33018947417899,0.33319043064449955,12,0.5454545454545454,-15.0,161.0,-0.6818181818181818,9.470588235294118,7.0,1,3,0
2023,REG,LV,00-0038579,A.O'Connell,00-0035726,Jak.Johnson,2,1,12.0,0,1.033701341599223,0.5168506707996114,1,0.5,6.0,10.0,3.0,10.0,0.0,0,0,0
2023,REG,LV,00-0038579,A.O'Connell,00-0037506,C.Fotheringham,1,1,6.0,0,0.212422261014581,0.212422261014581,1,1.0,1.0,5.0,1.0,5.0,0.0,0,0,0
2023,REG,LV,00-0038579,A.O'Connell,00-0038040,Z.White,16,12,86.0,0,1.243655766767921,0.07772848542299506,8,0.5,-2.0,88.0,-0.125,7.333333333333333,4.0,0,2,0
2023,REG,LV,00-0038579,A.O'Connell,00-0038563,T.Tucker,30,17,274.0,2,4.316404592245809,0.1438801530748603,13,0.43333333333333335,521.0,17.0,17.366666666666667,1.0,11.0,5,4,1
2023,REG,LV,00-0038579,A.O'Connell,00-0039066,M.Mayer,23,16,156.0,2,12.198391201937092,0.5303648348668301,13,0.5652173913043478,70.0,96.0,3.0434782608695654,6.0,11.0,0,5,2
2023,REG,ARI,00-0038582,C.Tune,00-0033251,Z.Pascal,1,0,0.0,0,-0.450889294035733,-0.450889294035733,0,0.0,5.0,0.0,5.0,0.0,0.0,0,0,0
2023,REG,ARI,00-0038582,C.Tune,00-0035500,G.Dortch,1,1,2.0,0,-0.629511150531471,-0.629511150531471,0,0.0,-2.0,4.0,-2.0,4.0,0.0,0,0,0
2023,REG,ARI,00-0038582,C.Tune,00-0035662,M.Brown,8,4,24.0,0,-9.260768659529267,-1.1575960824411584,1,0.125,36.0,7.0,4.5,1.75,1.0,0,0,0
2023,REG,ARI,00-0038582,C.Tune,00-0035860,T.Jones,3,2,5.0,0,-2.689319211058319,-0.8964397370194397,0,0.0,-13.0,11.0,-4.333333333333333,5.5,0.0,0,0,0
2023,REG,ARI,00-0038582,C.Tune,00-0036936,R.Moore,2,1,5.0,0,-0.4119449001736935,-0.20597245008684675,1,0.5,-5.0,10.0,-2.5,10.0,1.0,0,0,0
2023,REG,ARI,00-0038582,C.Tune,00-0037744,T.McBride,5,3,22.0,0,-5.210472340462727,-1.0420944680925452,2,0.4,28.0,11.0,5.6,3.6666666666666665,1.0,0,0,0
2023,REG,ARI,00-0038582,C.Tune,00-0038559,Mi.Wilson,1,1,4.0,0,-1.98046028614044,-1.98046028614044,0,0.0,4.0,0.0,4.0,0.0,0.0,0,0,0
2023,REG,CLE,00-0038583,D.Thompson-Robinson,00-0030068,M.Goodwin,1,1,0.0,0,-0.59390814602375,-0.59390814602375,0,0.0,-2.0,2.0,-2.0,2.0,0.0,0,0,0
2023,REG,CLE,00-0038583,D.Thompson-Robinson,00-0031544,A.Cooper,20,7,66.0,0,-14.38362022315626,-0.719181011157813,7,0.35,229.0,11.0,11.45,1.5714285714285714,5.0,0,2,0
2023,REG,CLE,00-0038583,D.Thompson-Robinson,00-0033885,D.Njoku,30,18,152.0,0,-0.20527055222192592,-0.006842351740730864,12,0.4,161.0,68.0,5.366666666666666,3.7777777777777777,9.0,0,2,0
2023,REG,CLE,00-0038583,D.Thompson-Robinson,00-0033923,K.Hunt,3,3,1.0,0,-1.515055455092809,-0.5050184850309364,1,0.3333333333333333,-6.0,7.0,-2.0,2.3333333333333335,0.0,0,0,0
2023,REG,CLE,00-0038583,D.Thompson-Robinson,00-0034364,J.Akins,2,1,6.0,0,-0.7616446840111201,-0.38082234200556003,1,0.5,-1.0,5.0,-0.5,5.0,0.0,0,0,0
2023,REG,CLE,00-0038583,D.Thompson-Robinson,00-0036232,H.Bryant,2,2,4.0,1,3.412235209136274,1.706117604568137,1,0.5,2.0,2.0,1.0,1.0,1.0,0,1,1
2023,REG,CLE,00-0038583,D.Thompson-Robinson,00-0036233,D.Peoples-Jones,4,1,7.0,0,-5.461981785017997,-1.3654954462544993,1,0.25,49.0,2.0,12.25,2.0,0.0,0,0,0
2023,REG,CLE,00-0038583,D.Thompson-Robinson,00-0036980,E.Moore,15,9,89.0,0,-0.5341957147095119,-0.03561304764730079,7,0.4666666666666667,124.0,23.0,8.266666666666667,2.5555555555555554,3.0,0,3,0
2023,REG,CLE,00-0038583,D.Thompson-Robinson,00-0037257,Dav.Bell,2,1,6.0,0,-0.12383371696341805,-0.061916858481709025,1,0.5,0.0,7.0,0.0,7.0,1.0,0,1,0
2023,REG,CLE,00-0038583,D.Thompson-Robinson,00-0037267,J.Ford,16,10,43.0,0,-3.7950996955121434,-0.23719373096950896,5,0.3125,2.0,47.0,0.125,4.7,3.0,0,2,0
2023,REG,CLE,00-0038583,D.Thompson-Robinson,00-0038098,P.Strong,2,1,4.0,0,-0.7960581060033297,-0.39802905300166486,0,0.0,-10.0,11.0,-5.0,11.0,0.0,0,0,0
2023,REG,CLE,00-0038583,D.Thompson-Robinson,00-0038979,C.Tillman,9,6,62.0,0,1.260016052925499,0.14000178365838878,5,0.5555555555555556,84.0,19.0,9.333333333333334,3.1666666666666665,4.0,1,2,0
2023,REG,MIN,00-0038598,J.Hall,00-0033246,J.Mundt,4,2,27.0,0,-5.9771903512451745,-1.4942975878112936,1,0.25,10.0,24.0,2.5,12.0,1.0,0,0,0
2023,REG,MIN,00-0038598,J.Hall,00-0034646,B.Powell,1,1,9.0,0,0.749285804864485,0.749285804864485,1,1.0,3.0,6.0,3.0,6.0,0.0,0,1,0
2023,REG,MIN,00-0038598,J.Hall,00-0034972,A.Mattison,2,2,55.0,0,4.5082291791332,2.2541145895666,2,1.0,21.0,34.0,10.5,17.0,1.0,1,0,0
2023,REG,MIN,00-0038598,J.Hall,00-0035229,T.Hockenson,3,1,16.0,0,0.5066316033480728,0.16887720111602425,1,0.3333333333333333,17.0,6.0,5.666666666666667,6.0,1.0,0,1,0
2023,REG,MIN,00-0038598,J.Hall,00-0035249,J.Oliver,1,1,17.0,0,0.902496039285325,0.902496039285325,1,1.0,4.0,13.0,4.0,13.0,1.0,0,0,0
2023,REG,MIN,00-0038598,J.Hall,00-0036322,J.Jefferson,2,1,13.0,0,0.27410608367063405,0.13705304183531702,1,0.5,40.0,-1.0,20.0,-1.0,1.0,0,0,0
2023,REG,MIN,00-0038598,J.Hall,00-0036345,K.Osborn,3,3,11.0,0,0.1156320736336055,0.03854402454453517,1,0.3333333333333333,3.0,8.0,1.0,2.6666666666666665,1.0,0,1,0
2023,REG,MIN,00-0038598,J.Hall,00-0038994,J.Addison,3,2,20.0,0,-0.760486546438195,-0.25349551547939836,1,0.3333333333333333,47.0,9.0,15.666666666666666,4.5,1.0,1,0,0
2023,REG,CAR,00-0039150,B.Young,00-0030035,A.Thielen,124,92,869.0,3,47.59353794701513,0.38381885441141234,72,0.5806451612903226,920.0,300.0,7.419354838709677,3.260869565217391,47.0,6,15,3
2023,REG,CAR,00-0039150,B.Young,00-0034365,I.Thomas,8,4,48.0,0,-7.153106217447201,-0.8941382771809001,3,0.375,79.0,24.0,9.875,6.0,1.0,1,1,0
2023,REG,CAR,00-0039150,B.Young,00-0034777,D.Chark,55,31,439.0,4,12.464105304994716,0.2266200964544494,22,0.4,828.0,60.0,15.054545454545455,1.935483870967742,20.0,7,6,4
2023,REG,CAR,00-0039150,B.Young,00-0034830,H.Hurst,29,17,173.0,1,-4.256951513467348,-0.14679143149887405,12,0.41379310344827586,215.0,67.0,7.413793103448276,3.9411764705882355,6.0,1,5,1
2023,REG,CAR,00-0039150,B.Young,00-0035243,M.Sanders,32,22,116.0,0,-7.930415087389009,-0.24782547148090653,13,0.40625,11.0,134.0,0.34375,6.090909090909091,6.0,0,3,0
2023,REG,CAR,00-0039150,B.Young,00-0035956,G.Ricci,1,1,2.0,0,-0.489649289753288,-0.489649289753288,0,0.0,-1.0,3.0,-1.0,3.0,0.0,0,0,0
2023,REG,CAR,00-0039150,B.Young,00-0036268,L.Shenault,8,8,53.0,0,1.4928056931821612,0.18660071164777015,3,0.375,-20.0,73.0,-2.5,9.125,2.0,0,0,0
2023,REG,CAR,00-0039150,B.Young,00-0036438,S.Sullivan,24,12,125.0,0,-1.6298732738878572,-0.06791138641199405,8,0.3333333333333333,255.0,8.0,10.625,0.6666666666666666,5.0,1,0,0
2023,REG,CAR,00-0039150,B.Young,00-0036482,M.Strachan,3,1,45.0,0,1.162158836494199,0.3873862788313997,1,0.3333333333333333,73.0,8.0,24.333333333333332,8.0,1.0,1,0,0
2023,REG,CAR,00-0039150,B.Young,00-0036555,C.Hubbard,41,37,231.0,0,-9.170922167599201,-0.2236810284780293,16,0.3902439024390244,-16.0,252.0,-0.3902439024390244,6.8108108108108105,9.0,1,1,0
2023,REG,CAR,00-0039150,B.Young,00-0036635,I.Smith-Marsette,10,8,51.0,0,1.5157561324303992,0.15157561324303992,5,0.5,9.0,48.0,0.9,6.0,5.0,0,0,0
2023,REG,CAR,00-0039150,B.Young,00-0036955,T.Marshall,25,14,104.0,0,-7.918753676544958,-0.3167501470617983,10,0.4,178.0,39.0,7.12,2.7857142857142856,5.0,0,3,0
2023,REG,CAR,00-0039150,B.Young,00-0037005,T.Tremble,31,22,179.0,3,0.9427916278655089,0.030412633156951897,15,0.4838709677419355,188.0,96.0,6.064516129032258,4.363636363636363,10.0,2,4,3
2023,REG,CAR,00-0039150,B.Young,00-0037429,R.Blackshear,7,6,45.0,0,-2.0544214530382345,-0.29348877900546205,3,0.42857142857142855,13.0,38.0,1.8571428571428572,6.333333333333333,1.0,0,0,0
2023,REG,CAR,00-0039150,B.Young,00-0039062,J.Mingo,79,40,397.0,0,-23.01161285549047,-0.2912862386770945,25,0.31645569620253167,875.0,150.0,11.075949367088608,3.75,15.0,6,3,0
2023,REG,TEN,00-0039152,W.Levis,00-0030564,D.Hopkins,71,34,559.0,6,5.753500146687114,0.08103521333362132,30,0.4225352112676056,1172.0,116.0,16.507042253521128,3.411764705882353,23.0,9,7,3
2023,REG,TEN,00-0039152,W.Levis,00-0032398,C.Moore,19,12,213.0,0,10.492929717763152,0.5522594588296396,11,0.5789473684210527,360.0,30.0,18.94736842105263,2.5,8.0,5,0,0
2023,REG,TEN,00-0039152,W.Levis,00-0032764,D.Henry,21,16,86.0,0,-0.8156520442571401,-0.03884057353605429,8,0.38095238095238093,-42.0,102.0,-2.0,6.375,4.0,1,1,0
2023,REG,TEN,00-0039152,W.Levis,00-0035259,T.Wesco,1,0,0.0,0,-0.711021258728579,-0.711021258728579,0,0.0,0.0,0.0,0.0,0.0,0.0,0,0,0
2023,REG,TEN,00-0039152,W.Levis,00-0035643,J.Simmons,1,1,2.0,1,1.15889371134108,1.15889371134108,1,1.0,2.0,0.0,2.0,0.0,1.0,0,1,1
2023,REG,TEN,00-0039152,W.Levis,00-0036182,N.Westbrook-Ikhine,23,12,202.0,1,12.965688168013099,0.5637255725223086,13,0.5652173913043478,364.0,34.0,15.826086956521738,2.8333333333333335,10.0,5,2,0
2023,REG,TEN,00-0039152,W.Levis,00-0037273,K.Philips,16,12,160.0,0,7.179417283248502,0.44871358020303137,9,0.5625,124.0,72.0,7.75,6.0,7.0,4,1,0
2023,REG,TEN,00-0039152,W.Levis,00-0037742,T.Burks,12,6,86.0,0,-3.0911406460218096,-0.2575950538351508,4,0.3333333333333333,295.0,22.0,24.583333333333332,3.6666666666666665,3.0,3,0,0
2023,REG,TEN,00-0039152,W.Levis,00-0037809,C.Okonkwo,37,26,273.0,0,10.514442728308499,0.2841741277921216,19,0.5135135135135135,284.0,132.0,7.675675675675675,5.076923076923077,13.0,3,2,0
2023,REG,TEN,00-0039152,W.Levis,00-0038589,J.Whyle,11,5,50.0,0,-2.272718628693844,-0.20661078442671307,5,0.45454545454545453,117.0,25.0,10.636363636363637,5.0,4.0,0,4,0
2023,REG,TEN,00-0039152,W.Levis,00-0039032,T.Spears,36,25,177.0,0,-6.451837912011851,-0.17921771977810697,12,0.3333333333333333,-24.0,213.0,-0.6666666666666666,8.52,8.0,2,2,0
2023,REG,HOU,00-0039163,C.Stroud,00-0030431,R.Woods,64,35,382.0,1,5.564597188312723,0.0869468310673863,29,0.453125,613.0,106.0,9.578125,3.0285714285714285,24.0,2,10,1
2023,REG,HOU,00-0039163,C.Stroud,00-0033576,E.Saubert,3,3,12.0,0,0.5324909845367073,0.1774969948455691,3,1.0,6.0,6.0,2.0,2.0,1.0,0,0,0
2023,REG,HOU,00-0039163,C.Stroud,00-0033591,N.Brown,37,22,447.0,1,13.416870939801727,0.3626181335081548,19,0.5135135135135135,431.0,193.0,11.64864864864865,8.772727272727273,16.0,12,4,0
2023,REG,HOU,00-0039163,C.Stroud,00-0033854,D.Ogunbowale,1,1,14.0,0,-0.050697757746093,-0.050697757746093,0,0.0,10.0,4.0,10.0,4.0,0.0,0,0,0
2023,REG,HOU,00-0039163,C.Stroud,00-0034208,M.Boone,9,7,40.0,0,0.04621533046152859,0.005135036717947621,2,0.2222222222222222,9.0,33.0,1.0,4.714285714285714,2.0,0,0,0
2023,REG,HOU,00-0039163,C.Stroud,00-0034383,D.Schultz,72,46,510.0,4,17.74577092361742,0.24646904060579752,34,0.4722222222222222,552.0,219.0,7.666666666666667,4.760869565217392,27.0,7,12,4
2023,REG,HOU,00-0039163,C.Stroud,00-0034928,S.Sims,2,2,25.0,0,1.7805821013171261,0.8902910506585631,1,0.5,0.0,25.0,0.0,12.5,1.0,1,0,0
2023,REG,HOU,00-0039163,C.Stroud,00-0034959,A.Beck,11,8,54.0,1,-9.113774391102647,-0.8285249446456951,5,0.45454545454545453,33.0,25.0,3.0,3.125,3.0,1,5,1
2023,REG,HOU,00-0039163,C.Stroud,00-0035250,D.Singletary,29,22,123.0,0,-4.68658719866472,-0.16160645512636965,8,0.27586206896551724,9.0,147.0,0.3103448275862069,6.681818181818182,6.0,1,4,0
2023,REG,HOU,00-0039163,C.Stroud,00-0036554,N.Collins,102,75,1261.0,7,71.96098082645418,0.7054998120240605,63,0.6176470588235294,1136.0,527.0,11.137254901960784,7.026666666666666,50.0,25,15,5
2023,REG,HOU,00-0039163,C.Stroud,00-0036556,B.Jordan,17,14,178.0,2,15.565719469625044,0.9156305570367673,14,0.8235294117647058,74.0,116.0,4.352941176470588,8.285714285714286,11.0,3,2,2
2023,REG,HOU,00-0039163,C.Stroud,00-0037258,D.Pierce,15,12,91.0,0,0.07193950965301837,0.004795967310201225,7,0.4666666666666667,9.0,89.0,0.6,7.416666666666667,2.0,1,1,0
2023,REG,HOU,00-0039163,C.Stroud,00-0037277,T.Quitoriano,3,2,33.0,0,2.072669614688494,0.6908898715628314,2,0.6666666666666666,15.0,18.0,5.0,9.0,2.0,1,0,0
2023,REG,HOU,00-0039163,C.Stroud,00-0037614,J.Metchie,24,15,157.0,0,1.1208031302085173,0.04670013042535489,14,0.5833333333333334,198.0,81.0,8.25,5.4,7.0,1,2,0
2023,REG,HOU,00-0039163,C.Stroud,00-0038618,X.Hutchinson,14,7,72.0,0,-3.754722023388558,-0.26819443024203987,4,0.2857142857142857,157.0,20.0,11.214285714285714,2.857142857142857,2.0,1,1,0
2023,REG,HOU,00-0039163,C.Stroud,00-0038977,N.Dell,68,42,659.0,6,28.925703187138588,0.4253779880461557,37,0.5441176470588235,945.0,146.0,13.897058823529411,3.4761904761904763,31.0,10,8,2
2023,REG,HOU,00-0039163,C.Stroud,00-0038977,T.Dell,8,5,50.0,1,1.149580082964322,0.14369751037054024,4,0.5,125.0,6.0,15.625,1.2,3.0,0,1,1
2023,REG,HOU,00-0039163,C.Stroud,00-0039163,C.Stroud,1,1,0.0,0,-0.873243719805032,-0.873243719805032,0,0.0,-1.0,1.0,-1.0,1.0,0.0,0,0,0
2023,REG,IND,00-0039164,A.Richardson,00-0033217,M.Alie-Cox,4,2,50.0,1,0.6011388709303032,0.1502847177325758,2,0.5,55.0,34.0,13.75,17.0,2.0,1,0,0
2023,REG,IND,00-0039164,A.Richardson,00-0033466,I.McKenzie,4,2,13.0,0,-1.1499627583543777,-0.2874906895885944,2,0.5,7.0,21.0,1.75,10.5,1.0,0,0,0
2023,REG,IND,00-0039164,A.Richardson,00-0036251,Z.Moss,4,2,10.0,0,-0.46131130315177205,-0.11532782578794301,1,0.25,-12.0,21.0,-3.0,10.5,0.0,0,1,0
2023,REG,IND,00-0039164,A.Richardson,00-0036252,M.Pittman,23,13,142.0,1,1.8024029328165234,0.07836534490506623,10,0.43478260869565216,213.0,70.0,9.26086956521739,5.384615384615385,7.0,1,3,0
2023,REG,IND,00-0039164,A.Richardson,00-0036493,D.Jackson,6,5,14.0,0,-8.510520981624717,-1.4184201636041196,1,0.16666666666666666,-6.0,20.0,-1.0,4.0,0.0,0,0,0
2023,REG,IND,00-0039164,A.Richardson,00-0036860,J.Funk,1,1,12.0,0,1.41381733224262,1.41381733224262,1,1.0,0.0,12.0,0.0,12.0,1.0,0,0,0
2023,REG,IND,00-0039164,A.Richardson,00-0036876,K.Granson,14,8,80.0,0,2.348775906255474,0.16776970758967671,7,0.5,114.0,43.0,8.142857142857142,5.375,7.0,0,1,0
2023,REG,IND,00-0039164,A.Richardson,00-0037292,A.Ogletree,7,5,81.0,1,9.587918145756703,1.3697025922509576,5,0.7142857142857143,76.0,23.0,10.857142857142858,4.6,5.0,3,1,1
2023,REG,IND,00-0039164,A.Richardson,00-0037664,A.Pierce,6,2,43.0,0,1.542841747665079,0.2571402912775132,2,0.3333333333333333,87.0,4.0,14.5,2.0,2.0,1,1,0
2023,REG,IND,00-0039164,A.Richardson,00-0038397,E.Hull,1,1,6.0,0,-0.108118143049069,-0.108118143049069,0,0.0,3.0,3.0,3.0,3.0,0.0,0,0,0
2023,REG,IND,00-0039164,A.Richardson,00-0038997,J.Downs,13,9,126.0,0,6.7564951081876705,0.5197303929375131,7,0.5384615384615384,115.0,46.0,8.846153846153847,5.111111111111111,6.0,3,1,0
2024,POST,LA,00-0026498,M.Stafford,00-0032775,D.Robinson,9,4,97.0,0,5.404309517471117,0.6004788352745686,4,0.4444444444444444,162.0,8.0,18.0,2.0,4.0,2,1,0
2024,POST,LA,00-0026498,M.Stafford,00-0033110,T.Higbee,15,12,112.0,1,5.653037060017107,0.3768691373344738,9,0.6,57.0,63.0,3.8,5.25,5.0,2,5,1
2024,POST,LA,00-0026498,M.Stafford,00-0033908,C.Kupp,8,6,90.0,0,7.770876617229078,0.9713595771536347,5,0.625,128.0,11.0,16.0,1.8333333333333333,4.0,2,2,0
2024,POST,LA,00-0026498,M.Stafford,00-0036244,C.Parkinson,4,4,22.0,1,2.344131296849811,0.5860328242124527,3,0.75,14.0,8.0,3.5,2.0,1.0,0,1,1
2024,POST,LA,00-0026498,M.Stafford,00-0036849,T.Atwell,1,1,18.0,0,1.48179260850884,1.48179260850884,1,1.0,18.0,0.0,18.0,0.0,1.0,0,0,0
2024,POST,LA,00-0026498,M.Stafford,00-0037004,H.Long,2,1,13.0,0,0.376875165617093,0.1884375828085465,1,0.5,49.0,0.0,24.5,0.0,1.0,0,0,0
2024,POST,LA,00-0026498,M.Stafford,00-0037840,K.Williams,5,4,15.0,1,-0.7811681546736593,-0.15623363093473186,2,0.4,-8.0,21.0,-1.6,5.25,1.0,0,2,1
2024,POST,LA,00-0026498,M.Stafford,00-0039074,D.Allen,2,1,13.0,1,2.300397940853148,1.150198970426574,1,0.5,10.0,8.0,5.0,8.0,1.0,0,1,1
2024,POST,LA,00-0026498,M.Stafford,00-0039075,P.Nacua,23,11,141.0,0,-3.1371826290851623,-0.13639924474283313,8,0.34782608695652173,207.0,59.0,9.0,5.363636363636363,6.0,3,3,0
2024,POST,LA,00-0026498,M.Stafford,00-0039751,J.Whittington,1,1,12.0,0,1.22865316976095,1.22865316976095,1,1.0,11.0,1.0,11.0,1.0,1.0,0,0,0
2024,POST,PIT,00-0029263,R.Wilson,00-0033536,M.Williams,2,1,37.0,0,3.103762015234675,1.5518810076173375,1,0.5,25.0,17.0,12.5,17.0,1.0,1,0,0
2024,POST,PIT,00-0029263,R.Wilson,00-0036415,V.Jefferson,2,2,37.0,1,3.3942138926358854,1.6971069463179427,1,0.5,37.0,0.0,18.5,0.0,1.0,1,0,0
2024,POST,PIT,00-0029263,R.Wilson,00-0036893,N.Harris,3,3,41.0,0,3.3009113520383853,1.1003037840127952,3,1.0,-8.0,49.0,-2.6666666666666665,16.333333333333332,1.0,1,0,0
2024,POST,PIT,00-0029263,R.Wilson,00-0036894,P.Freiermuth,4,3,15.0,0,-3.1080594456288972,-0.7770148614072243,0,0.0,14.0,5.0,3.5,1.6666666666666667,0.0,0,0,0
2024,POST,PIT,00-0029263,R.Wilson,00-0037228,J.Warren,5,4,19.0,0,-0.6774206690024571,-0.13548413380049143,3,0.6,-11.0,28.0,-2.2,7.0,1.0,0,0,0
2024,POST,PIT,00-0029263,R.Wilson,00-0037247,G.Pickens,5,5,87.0,1,8.422809025854793,1.6845618051709585,5,1.0,66.0,21.0,13.2,4.2,4.0,2,0,0
2024,POST,PIT,00-0029263,R.Wilson,00-0037837,C.Austin,2,1,25.0,0,0.4672959924209903,0.23364799621049515,1,0.5,67.0,1.0,33.5,1.0,1.0,1,0,0
2024,POST,PIT,00-0029263,R.Wilson,00-0038558,D.Washington,2,1,9.0,0,0.647860713768746,0.323930356884373,1,0.5,10.0,5.0,5.0,5.0,0.0,0,0,0
2024,POST,WAS,00-0030140,T.Way,00-0039912,B.Sinnott,1,1,23.0,0,3.98421560344286,3.98421560344286,1,1.0,16.0,7.0,16.0,7.0,1.0,1,0,0
2024,POST,DET,00-0031237,T.Bridgewater,00-0039139,J.Gibbs,1,1,3.0,0,-0.131951791699976,-0.131951791699976,0,0.0,3.0,0.0,3.0,0.0,1.0,0,0,0
2024,POST,DEN,00-0032943,R.Dixon,00-0038976,M.Mims,1,1,15.0,0,3.49068356608041,3.49068356608041,1,1.0,15.0,0.0,15.0,0.0,1.0,0,0,0
2024,POST,DET,00-0033106,J.Goff,00-0032464,K.Raymond,3,3,37.0,0,3.249270967789922,1.0830903225966406,3,1.0,13.0,24.0,4.333333333333333,8.0,2.0,0,1,0
2024,POST,DET,00-0033106,J.Goff,00-0033375,T.Patrick,4,1,22.0,0,-9.253610814572319,-2.3134027036430798,1,0.25,55.0,18.0,13.75,18.0,1.0,1,1,0
2024,POST,DET,00-0033106,J.Goff,00-0036963,A.St. Brown,9,7,117.0,0,9.333252638636626,1.0370280709596251,7,0.7777777777777778,92.0,38.0,10.222222222222221,5.428571428571429,6.0,2,0,0
2024,POST,DET,00-0033106,J.Goff,00-0037240,Ja.Williams,4,1,19.0,0,-3.616179080680011,-0.9040447701700027,1,0.25,111.0,0.0,27.75,0.0,1.0,0,1,0
2024,POST,DET,00-0033106,J.Goff,00-0039065,S.LaPorta,7,6,51.0,1,1.582399241568055,0.22605703450972214,6,0.8571428571428571,29.0,22.0,4.142857142857143,3.6666666666666665,3.0,0,1,1
2024,POST,DET,00-0033106,J.Goff,00-0039139,J.Gibbs,9,5,67.0,0,2.673741605598484,0.29708240062205377,4,0.4444444444444444,29.0,51.0,3.2222222222222223,10.2,4.0,1,1,0
2024,POST,KC,00-0033873,P.Mahomes,00-0030506,T.Kelce,19,13,175.0,1,10.039504190252151,0.5283949573816922,10,0.5263157894736842,116.0,85.0,6.105263157894737,6.538461538461538,7.0,2,3,1
2024,POST,KC,00-0033873,P.Mahomes,00-0030564,D.Hopkins,9,3,29.0,1,-5.213813821828682,-0.5793126468698535,4,0.4444444444444444,70.0,4.0,7.777777777777778,1.3333333333333333,3.0,0,3,1
2024,POST,KC,00-0033873,P.Mahomes,00-0033526,S.Perine,3,1,17.0,0,1.2524722505049453,0.4174907501683151,1,0.3333333333333333,-1.0,17.0,-0.3333333333333333,17.0,1.0,0,1,0
2024,POST,KC,00-0033873,P.Mahomes,00-0033857,J.Smith-Schuster,6,4,76.0,0,2.231302225729458,0.371883704288243,3,0.5,50.0,47.0,8.333333333333334,11.75,3.0,2,0,0
2024,POST,KC,00-0033873,P.Mahomes,00-0033923,K.Hunt,3,3,13.0,0,0.9272520134691116,0.30908400448970386,2,0.6666666666666666,-2.0,15.0,-0.6666666666666666,5.0,0.0,0,0,0
2024,POST,KC,00-0033873,P.Mahomes,00-0034386,Ju.Watson,2,0,0.0,0,2.106,1.053,2,1.0,0.0,0.0,0.0,0.0,0.0,0,2,0
2024,POST,KC,00-0033873,P.Mahomes,00-0035662,M.Brown,13,5,50.0,0,-7.783623858489267,-0.5987402968068667,4,0.3076923076923077,167.0,26.0,12.846153846153847,5.2,3.0,0,2,0
2024,POST,KC,00-0033873,P.Mahomes,00-0036637,N.Gray,4,4,15.0,0,-1.592914151260629,-0.39822853781515727,1,0.25,11.0,4.0,2.75,1.0,0.0,0,0,0
2024,POST,KC,00-0033873,P.Mahomes,00-0037197,I.Pacheco,5,3,17.0,0,-0.7393100633635187,-0.14786201267270374,2,0.4,-1.0,19.0,-0.2,6.333333333333333,2.0,0,1,0
2024,POST,KC,00-0033873,P.Mahomes,00-0039894,X.Worthy,21,19,287.0,3,21.85957297068701,1.040932046223191,15,0.7142857142857143,169.0,112.0,8.047619047619047,5.894736842105263,13.0,6,6,1
2024,POST,BAL,00-0034796,L.Jackson,00-0031549,N.Agholor,2,1,25.0,0,0.788622336869594,0.394311168434797,1,0.5,18.0,9.0,9.0,9.0,1.0,1,0,0
2024,POST,BAL,00-0034796,L.Jackson,00-0032764,D.Henry,2,0,0.0,0,-1.2908255075611739,-0.6454127537805869,0,0.0,16.0,0.0,8.0,0.0,0.0,0,1,0
2024,POST,BAL,00-0034796,L.Jackson,00-0034353,A.Miller,4,4,28.0,0,1.5514424276771002,0.38786060691927504,2,0.5,15.0,13.0,3.75,3.25,1.0,0,0,0
2024,POST,BAL,00-0034796,L.Jackson,00-0034753,M.Andrews,11,7,88.0,0,0.04200855786632751,0.003818959806029774,5,0.45454545454545453,81.0,32.0,7.363636363636363,4.571428571428571,5.0,1,1,0
2024,POST,BAL,00-0034796,L.Jackson,00-0034928,S.Sims,1,1,4.0,0,-0.099835739005357,-0.099835739005357,0,0.0,-3.0,7.0,-3.0,7.0,0.0,0,0,0
2024,POST,BAL,00-0034796,L.Jackson,00-0034975,J.Hill,6,6,20.0,1,2.63689925966901,0.439483209944835,3,0.5,-10.0,30.0,-1.6666666666666667,5.0,3.0,0,1,1
2024,POST,BAL,00-0034796,L.Jackson,00-0036550,R.Bateman,7,6,90.0,2,7.027123732987326,1.0038748189981894,4,0.5714285714285714,107.0,13.0,15.285714285714286,2.1666666666666665,4.0,1,2,2
2024,POST,BAL,00-0034796,L.Jackson,00-0036630,T.Wallace,3,2,48.0,0,2.8247953017707905,0.9415984339235969,2,0.6666666666666666,26.0,26.0,8.666666666666666,13.0,2.0,2,0,0
2024,POST,BAL,00-0034796,L.Jackson,00-0037838,I.Likely,10,7,126.0,1,7.873693210669552,0.7873693210669552,6,0.6,123.0,41.0,12.3,5.857142857142857,4.0,3,1,0
2024,POST,TB,00-0034855,B.Mayfield,00-0031408,M.Evans,7,7,92.0,1,10.104560084699177,1.4435085835284538,7,1.0,63.0,29.0,9.0,4.142857142857143,7.0,2,1,1
2024,POST,TB,00-0034855,B.Mayfield,00-0037256,R.White,2,2,14.0,0,1.220492133870723,0.6102460669353615,2,1.0,4.0,10.0,2.0,5.0,0.0,0,0,0
2024,POST,TB,00-0034855,B.Mayfield,00-0038129,C.Otton,2,2,32.0,0,2.514216898591256,1.257108449295628,2,1.0,13.0,19.0,6.5,9.5,2.0,1,0,0
2024,POST,TB,00-0034855,B.Mayfield,00-0039361,B.Irving,2,2,6.0,1,0.8239105539978471,0.41195527699892354,1,0.5,-6.0,12.0,-3.0,6.0,1.0,0,1,1
2024,POST,TB,00-0034855,B.Mayfield,00-0039855,J.McMillan,4,2,41.0,0,-0.18811900745718413,-0.04702975186429603,2,0.5,63.0,11.0,15.75,5.5,2.0,1,0,0
2024,POST,BUF,00-0034857,J.Allen,00-0031544,A.Cooper,8,6,41.0,0,-0.21780888762061168,-0.02722611095257646,4,0.5,33.0,23.0,4.125,3.8333333333333335,1.0,0,1,0
2024,POST,BUF,00-0034857,J.Allen,00-0033282,C.Samuel,8,6,81.0,2,11.706989317666736,1.463373664708342,5,0.625,36.0,50.0,4.5,8.333333333333334,4.0,1,1,1
2024,POST,BUF,00-0034857,J.Allen,00-0033555,M.Hollins,8,5,104.0,1,8.123640847043132,1.0154551058803916,4,0.5,156.0,17.0,19.5,3.4,4.0,2,0,0
2024,POST,BUF,00-0034857,J.Allen,00-0035537,Ty.Johnson,4,4,34.0,1,4.244639366574118,1.0611598416435295,3,0.75,20.0,14.0,5.0,3.5,3.0,1,0,0
2024,POST,BUF,00-0034857,J.Allen,00-0035689,D.Knox,6,4,45.0,0,-0.20555989950662812,-0.034259983251104686,3,0.5,69.0,17.0,11.5,4.25,2.0,1,2,0
2024,POST,BUF,00-0034857,J.Allen,00-0037248,J.Cook,6,6,64.0,0,3.0205668883863734,0.5034278147310622,4,0.6666666666666666,-12.0,76.0,-2.0,12.666666666666666,2.0,1,0,0
2024,POST,BUF,00-0034857,J.Allen,00-0037261,K.Shakir,20,18,174.0,0,8.41754857971646,0.420877428985823,11,0.55,103.0,99.0,5.15,5.5,7.0,2,0,0
2024,POST,BUF,00-0034857,J.Allen,00-0038933,D.Kincaid,9,6,71.0,0,0.12404835066990483,0.01378315007443387,5,0.5555555555555556,98.0,22.0,10.88888888888889,3.6666666666666665,2.0,1,0,0
2024,POST,BUF,00-0034857,J.Allen,00-0039901,K.Coleman,9,3,22.0,0,-3.548616093597838,-0.39429067706642645,3,0.3333333333333333,123.0,4.0,13.666666666666666,1.3333333333333333,1.0,0,2,0
2024,POST,MIN,00-0034869,S.Darnold,00-0032918,C.Ham,1,1,8.0,0,0.50816769071389,0.50816769071389,1,1.0,5.0,3.0,5.0,3.0,0.0,0,0,0
2024,POST,MIN,00-0034869,S.Darnold,00-0033246,J.Mundt,3,2,28.0,0,1.699588802526709,0.5665296008422364,2,0.6666666666666666,11.0,19.0,3.6666666666666665,9.5,2.0,1,0,0
2024,POST,MIN,00-0034869,S.Darnold,00-0033293,A.Jones,6,3,12.0,0,-2.359975936065897,-0.39332932267764953,2,0.3333333333333333,-24.0,18.0,-4.0,6.0,0.0,0,0,0
2024,POST,MIN,00-0034869,S.Darnold,00-0034487,T.Sherfield,3,2,8.0,0,-3.506559046683835,-1.1688530155612782,1,0.3333333333333333,22.0,2.0,7.333333333333333,1.0,0.0,0,0,0
2024,POST,MIN,00-0034869,S.Darnold,00-0035229,T.Hockenson,5,5,64.0,1,6.590606097597626,1.3181212195195253,4,0.8,33.0,31.0,6.6,6.2,3.0,1,0,0
2024,POST,MIN,00-0034869,S.Darnold,00-0035249,J.Oliver,1,1,5.0,0,0.0395194492302835,0.0395194492302835,1,1.0,-2.0,7.0,-2.0,7.0,0.0,0,0,0
2024,POST,MIN,00-0034869,S.Darnold,00-0036322,J.Jefferson,9,5,58.0,0,-3.6353179575909698,-0.40392421751010776,2,0.2222222222222222,149.0,11.0,16.555555555555557,2.2,2.0,1,1,0
2024,POST,MIN,00-0034869,S.Darnold,00-0037291,J.Nailor,5,3,33.0,0,0.03591683763079828,0.007183367526159656,2,0.4,72.0,8.0,14.4,2.6666666666666665,2.0,0,0,0
2024,POST,MIN,00-0034869,S.Darnold,00-0038994,J.Addison,8,3,29.0,0,-4.027720332145684,-0.5034650415182105,3,0.375,154.0,0.0,19.25,0.0,2.0,0,0,0
2024,POST,DET,00-0035685,D.Montgomery,00-0036963,A.St. Brown,1,1,20.0,0,1.18591011303943,1.18591011303943,1,1.0,-3.0,23.0,-3.0,23.0,1.0,1,0,0
2024,POST,GB,00-0036264,J.Love,00-0035700,J.Jacobs,3,3,40.0,0,3.362518582725897,1.120839527575299,3,1.0,6.0,34.0,2.0,11.333333333333334,3.0,0,0,0
2024,POST,GB,00-0036264,J.Love,00-0037091,B.Melton,3,1,16.0,0,-3.201662306244467,-1.0672207687481556,1,0.3333333333333333,64.0,0.0,21.333333333333332,0.0,1.0,0,1,0
2024,POST,GB,00-0036264,J.Love,00-0037816,R.Doubs,2,2,13.0,0,1.11413303622976,0.55706651811488,2,1.0,11.0,2.0,5.5,1.0,1.0,0,0,0
2024,POST,GB,00-0036264,J.Love,00-0038393,D.Wicks,6,2,39.0,0,1.036382807069459,0.17273046784490984,2,0.3333333333333333,144.0,2.0,24.0,1.0,2.0,1,0,0
2024,POST,GB,00-0036264,J.Love,00-0038465,M.Heath,4,0,0.0,0,-8.324843387701552,-2.081210846925388,0,0.0,25.0,0.0,6.25,0.0,0.0,0,1,0
2024,POST,GB,00-0036264,J.Love,00-0038685,C.Brooks,3,2,9.0,0,-0.11513960163574699,-0.038379867211915664,1,0.3333333333333333,-11.0,18.0,-3.6666666666666665,9.0,0.0,0,0,0
2024,POST,GB,00-0036264,J.Love,00-0038797,Em.Wilson,3,1,23.0,0,0.548430210711284,0.18281007023709464,1,0.3333333333333333,7.0,30.0,2.3333333333333335,30.0,1.0,1,1,0
2024,POST,GB,00-0036264,J.Love,00-0038996,T.Kraft,5,5,26.0,0,0.11215660750168177,0.022431321500336353,3,0.6,5.0,21.0,1.0,4.2,1.0,0,1,0
2024,POST,GB,00-0036264,J.Love,00-0039146,J.Reed,4,4,46.0,0,3.4364705638727124,0.8591176409681781,3,0.75,26.0,20.0,6.5,5.0,3.0,1,0,0
2024,POST,LAC,00-0036355,J.Herbert,00-0034159,W.Dissly,5,2,16.0,0,-8.74730914551765,-1.7494618291035302,2,0.4,31.0,14.0,6.2,7.0,0.0,0,0,0
2024,POST,LAC,00-0036355,J.Herbert,00-0034777,D.Chark,4,1,10.0,0,-4.793533471614702,-1.1983833679036755,0,0.0,69.0,6.0,17.25,6.0,0.0,0,0,0
2024,POST,LAC,00-0036355,J.Herbert,00-0036158,J.Dobbins,1,0,0.0,0,-1.51140596927144,-1.51140596927144,0,0.0,0.0,0.0,0.0,0.0,0.0,0,0,0
2024,POST,LAC,00-0036355,J.Herbert,00-0037617,H.Haskins,1,0,0.0,0,-0.830898538930342,-0.830898538930342,0,0.0,3.0,0.0,3.0,0.0,0.0,0,0,0
2024,POST,LAC,00-0036355,J.Herbert,00-0037654,T.Fisk,1,1,15.0,0,1.14826546737459,1.14826546737459,1,1.0,13.0,2.0,13.0,2.0,1.0,0,0,0
2024,POST,LAC,00-0036355,J.Herbert,00-0038544,Q.Johnston,5,0,0.0,0,-9.589849886833694,-1.9179699773667387,0,0.0,86.0,0.0,17.2,0.0,0.0,0,0,0
2024,POST,LAC,00-0036355,J.Herbert,00-0038573,D.Davis,1,1,4.0,0,-0.417262754868716,-0.417262754868716,0,0.0,-7.0,11.0,-7.0,11.0,0.0,0,0,0
2024,POST,LAC,00-0036355,J.Herbert,00-0039915,L.McConkey,14,9,197.0,1,8.27115664782469,0.5907969034160493,9,0.6428571428571429,210.0,79.0,15.0,8.777777777777779,8.0,1,0,0
2024,POST,PHI,00-0036389,J.Hurts,00-0034351,D.Goedert,20,17,215.0,1,13.222113525611348,0.6611056762805674,14,0.7,115.0,129.0,5.75,7.588235294117647,9.0,4,1,0
2024,POST,PHI,00-0036389,J.Hurts,00-0034844,S.Barkley,15,13,75.0,0,4.352604650252022,0.29017364335013485,8,0.5333333333333333,-14.0,92.0,-0.9333333333333333,7.076923076923077,3.0,1,0,0
2024,POST,PHI,00-0036389,J.Hurts,00-0035676,A.Brown,23,12,163.0,2,12.5914120853413,0.5474526993626653,12,0.5217391304347826,315.0,48.0,13.695652173913043,4.0,12.0,2,3,2
2024,POST,PHI,00-0036389,J.Hurts,00-0036912,D.Smith,17,16,190.0,1,15.179889124294267,0.892934654370251,15,0.8823529411764706,131.0,65.0,7.705882352941177,4.0625,7.0,3,1,0
2024,POST,PHI,00-0036389,J.Hurts,00-0036919,K.Gainwell,3,3,26.0,0,1.4787214866373695,0.4929071622124565,3,1.0,-8.0,34.0,-2.6666666666666665,11.333333333333334,1.0,0,0,0
2024,POST,PHI,00-0036389,J.Hurts,00-0037086,G.Calcaterra,1,1,4.0,0,-0.377142621204257,-0.377142621204257,0,0.0,4.0,0.0,4.0,0.0,0.0,0,0,0
2024,POST,PHI,00-0036389,J.Hurts,00-0037741,J.Dotson,4,3,53.0,1,5.680566672119307,1.4201416680298267,3,0.75,39.0,17.0,9.75,5.666666666666667,3.0,1,2,1
2024,POST,PHI,00-0036389,J.Hurts,00-0039236,J.Wilson,1,0,0.0,0,-0.623374897055328,-0.623374897055328,0,0.0,2.0,0.0,2.0,0.0,0.0,0,0,0
2024,POST,PIT,00-0036945,J.Fields,00-0038558,D.Washington,1,0,0.0,0,-0.47034461365547,-0.47034461365547,0,0.0,5.0,0.0,5.0,0.0,0.0,0,0,0
2024,POST,DET,00-0037240,Ja.Williams,00-0039139,J.Gibbs,1,0,0.0,0,-4.44142709951848,-4.44142709951848,0,0.0,20.0,0.0,20.0,0.0,0.0,0,0,0
2024,POST,PHI,00-0038102,K.Pickett,00-0037741,J.Dotson,1,0,0.0,0,-2.72017508355202,-2.72017508355202,0,0.0,6.0,0.0,6.0,0.0,0.0,0,0,0
2024,POST,HOU,00-0039163,C.Stroud,00-0030431,R.Woods,4,2,22.0,0,0.0037892351113929523,0.0009473087778482381,2,0.5,34.0,2.0,8.5,1.0,2.0,0,1,0
2024,POST,HOU,00-0039163,C.Stroud,00-0033854,D.Ogunbowale,1,1,0.0,0,-0.359966821793932,-0.359966821793932,0,0.0,-6.0,6.0,-6.0,6.0,0.0,0,0,0
2024,POST,HOU,00-0039163,C.Stroud,00-0033897,J.Mixon,5,3,25.0,0,-0.384349774145534,-0.0768699548291068,3,0.6,2.0,24.0,0.4,8.0,1.0,0,1,0
2024,POST,HOU,00-0039163,C.Stroud,00-0034383,D.Schultz,8,6,86.0,0,4.16565647075185,0.5207070588439813,5,0.625,93.0,23.0,11.625,3.8333333333333335,4.0,1,0,0
2024,POST,HOU,00-0039163,C.Stroud,00-0034970,I.Smith,1,1,2.0,0,-0.359579039271921,-0.359579039271921,0,0.0,2.0,0.0,2.0,0.0,0.0,0,0,0
2024,POST,HOU,00-0039163,C.Stroud,00-0035216,D.Johnson,1,1,12.0,0,-0.0697804461354243,-0.0697804461354243,0,0.0,8.0,4.0,8.0,4.0,0.0,0,0,0
2024,POST,HOU,00-0039163,C.Stroud,00-0036554,N.Collins,16,12,203.0,1,15.982192596071403,0.9988870372544627,11,0.6875,214.0,67.0,13.375,5.583333333333333,11.0,3,2,1
2024,POST,HOU,00-0039163,C.Stroud,00-0037258,D.Pierce,1,0,0.0,0,-1.82362769078463,-1.82362769078463,0,0.0,-5.0,0.0,-5.0,0.0,0.0,0,0,0
2024,POST,HOU,00-0039163,C.Stroud,00-0037614,J.Metchie,10,6,63.0,0,-7.18159060337349,-0.718159060337349,3,0.3,102.0,10.0,10.2,1.6666666666666667,3.0,1,0,0
2024,POST,HOU,00-0039163,C.Stroud,00-0038618,X.Hutchinson,7,5,86.0,0,6.323326671437827,0.9033323816339752,5,0.7142857142857143,87.0,25.0,12.428571428571429,5.0,2.0,1,1,0
2024,POST,HOU,00-0039163,C.Stroud,00-0038728,J.Wayne,2,0,0.0,0,-1.493777231313288,-0.746888615656644,0,0.0,40.0,0.0,20.0,0.0,0.0,0,0,0
2024,POST,HOU,00-0039163,C.Stroud,00-0039359,C.Stover,4,4,28.0,0,0.6378559030126788,0.1594639757531697,2,0.5,9.0,19.0,2.25,4.75,1.0,0,0,0
2024,POST,DEN,00-0039732,B.Nix,00-0034348,C.Sutton,9,5,75.0,0,-0.8201243115642949,-0.09112492350714388,5,0.5555555555555556,157.0,12.0,17.444444444444443,2.4,4.0,1,0,0
2024,POST,DEN,00-0039732,B.Nix,00-0036422,A.Trautman,1,1,2.0,0,-0.374200855381787,-0.374200855381787,0,0.0,2.0,0.0,2.0,0.0,0.0,0,0,0
2024,POST,DEN,00-0039732,B.Nix,00-0036997,J.Williams,2,2,14.0,0,0.15582731261383698,0.07791365630691849,1,0.5,1.0,13.0,0.5,6.5,0.0,0,0,0
2024,POST,DEN,00-0039732,B.Nix,00-0037539,L.Krull,1,1,2.0,0,-0.0172514857258648,-0.0172514857258648,0,0.0,2.0,0.0,2.0,0.0,0.0,0,0,0
2024,POST,DEN,00-0039732,B.Nix,00-0038794,J.McLaughlin,1,1,0.0,0,-3.31237079255516,-3.31237079255516,0,0.0,-2.0,2.0,-2.0,2.0,0.0,0,1,0
2024,POST,DEN,00-0039732,B.Nix,00-0038976,M.Mims,3,1,-3.0,0,-2.5683316384675052,-0.856110546155835,0,0.0,23.0,3.0,7.666666666666667,3.0,0.0,0,0,0
2024,POST,DEN,00-0039732,B.Nix,00-0039424,D.Vele,2,0,0.0,0,-1.36714716127608,-0.68357358063804,0,0.0,17.0,0.0,8.5,0.0,0.0,0,0,0
2024,POST,DEN,00-0039732,B.Nix,00-0039868,T.Franklin,3,2,54.0,1,3.6005604919046164,1.2001868306348722,2,0.6666666666666666,60.0,0.0,20.0,0.0,2.0,1,0,0
2024,POST,WAS,00-0039910,J.Daniels,00-0030061,Z.Ertz,25,18,155.0,1,16.667388534133064,0.6666955413653226,16,0.64,171.0,39.0,6.84,2.1666666666666665,13.0,1,4,1
2024,POST,WAS,00-0039910,J.Daniels,00-0031941,J.Crowder,5,3,29.0,0,1.571093394304618,0.3142186788609236,2,0.4,30.0,13.0,6.0,4.333333333333333,1.0,0,0,0
2024,POST,WAS,00-0039910,J.Daniels,00-0033699,A.Ekeler,16,12,84.0,0,-10.462665021238191,-0.6539165638273869,6,0.375,25.0,90.0,1.5625,7.5,3.0,1,4,0
2024,POST,WAS,00-0039910,J.Daniels,00-0035208,O.Zaccheaus,11,7,45.0,0,2.2292141055078223,0.20265582777343838,7,0.6363636363636364,36.0,36.0,3.272727272727273,5.142857142857143,4.0,0,3,0
2024,POST,WAS,00-0039910,J.Daniels,00-0035659,T.McLaurin,23,14,227.0,3,15.229309841939253,0.6621439061712718,12,0.5217391304347826,209.0,130.0,9.08695652173913,9.285714285714286,10.0,3,5,1
2024,POST,WAS,00-0039910,J.Daniels,00-0036626,D.Brown,18,14,229.0,1,9.340190896401456,0.5188994942445253,10,0.5555555555555556,190.0,91.0,10.555555555555555,6.5,9.0,6,3,1
2024,POST,WAS,00-0039910,J.Daniels,00-0036628,J.Bates,5,3,31.0,0,1.4790618664410453,0.2958123732882091,2,0.4,26.0,5.0,5.2,1.6666666666666667,2.0,1,2,0
2024,POST,WAS,00-0039910,J.Daniels,00-0037746,B.Robinson,5,4,22.0,0,-1.5269670896814196,-0.30539341793628394,2,0.4,-3.0,28.0,-0.6,7.0,1.0,0,1,0
2024,POST,WAS,00-0039910,J.Daniels,00-0039355,L.McCaffrey,1,0,0.0,0,-1.14603412616998,-1.14603412616998,0,0.0,10.0,0.0,10.0,0.0,0.0,0,0,0
2024,REG,NYJ,00-0023459,A.Rodgers,00-0031381,D.Adams,114,66,851.0,7,17.232762515208957,0.15116458346674524,53,0.4649122807017544,907.0,428.0,7.956140350877193,6.484848484848484,39.0,12,23,5
2024,REG,NYJ,00-0023459,A.Rodgers,00-0033536,M.Williams,22,12,166.0,0,7.499067161666762,0.340866689166671,11,0.5,304.0,24.0,13.818181818181818,2.0,9.0,3,3,0
2024,REG,NYJ,00-0023459,A.Rodgers,00-0034270,T.Conklin,65,44,401.0,3,5.98313949980256,0.09204829999696246,31,0.47692307692307695,347.0,225.0,5.338461538461538,5.113636363636363,21.0,6,8,3
2024,REG,NYJ,00-0023459,A.Rodgers,00-0034521,A.Lazard,56,33,508.0,5,26.79946726702923,0.4785619154826648,30,0.5357142857142857,649.0,154.0,11.589285714285714,4.666666666666667,25.0,8,10,3
2024,REG,NYJ,00-0023459,A.Rodgers,00-0036510,K.Yeboah,7,5,47.0,1,3.082456841657406,0.4403509773796294,4,0.5714285714285714,37.0,34.0,5.285714285714286,6.8,3.0,0,1,1
2024,REG,NYJ,00-0023459,A.Rodgers,00-0037156,I.Charles,1,0,0.0,0,-0.40983277419582,-0.40983277419582,0,0.0,3.0,0.0,3.0,0.0,0.0,0,1,0
2024,REG,NYJ,00-0023459,A.Rodgers,00-0037740,G.Wilson,149,98,1075.0,6,18.063737880125526,0.12123314013507064,78,0.5234899328859061,1341.0,438.0,9.0,4.469387755102041,58.0,16,22,3
2024,REG,NYJ,00-0023459,A.Rodgers,00-0037805,J.Ruckert,28,18,105.0,0,-1.5691975609755646,-0.056042770034841594,10,0.35714285714285715,96.0,84.0,3.4285714285714284,4.666666666666667,6.0,0,3,0
2024,REG,NYJ,00-0023459,A.Rodgers,00-0038120,B.Hall,76,57,483.0,3,-1.4884487913530835,-0.01958485251780373,31,0.40789473684210525,19.0,496.0,0.25,8.701754385964913,15.0,5,9,1
2024,REG,NYJ,00-0023459,A.Rodgers,00-0038496,X.Gipson,10,6,39.0,1,-1.7109581913682708,-0.1710958191368271,3,0.3,112.0,22.0,11.2,3.6666666666666665,3.0,0,1,1
2024,REG,NYJ,00-0023459,A.Rodgers,00-0039794,B.Allen,26,18,139.0,1,3.9419522192911143,0.15161354689581208,12,0.46153846153846156,-1.0,150.0,-0.038461538461538464,8.333333333333334,8.0,0,1,1
2024,REG,NYJ,00-0023459,A.Rodgers,00-0039798,I.Davis,11,8,67.0,1,4.69331350764739,0.4266648643315809,6,0.5454545454545454,21.0,62.0,1.9090909090909092,7.75,4.0,1,3,1
2024,REG,NYJ,00-0023459,A.Rodgers,00-0039920,M.Corley,6,3,16.0,0,-3.643815412768165,-0.6073025687946941,2,0.3333333333333333,50.0,5.0,8.333333333333334,1.6666666666666667,1.0,0,2,0
2024,REG,IND,00-0026158,J.Flacco,00-0033217,M.Alie-Cox,10,6,78.0,1,3.4039640021603264,0.3403964002160326,5,0.5,118.0,23.0,11.8,3.8333333333333335,3.0,1,5,1
2024,REG,IND,00-0026158,J.Flacco,00-0035021,A.Dulin,3,0,0.0,0,-4.696745721390474,-1.5655819071301582,0,0.0,68.0,0.0,22.666666666666668,0.0,0.0,0,0,0
2024,REG,IND,00-0026158,J.Flacco,00-0036223,J.Taylor,19,11,53.0,0,-12.048400028899783,-0.6341263173105149,5,0.2631578947368421,-1.0,55.0,-0.05263157894736842,5.0,2.0,0,2,0
2024,REG,IND,00-0026158,J.Flacco,00-0036252,M.Pittman,44,28,320.0,3,7.617383127514699,0.17312234380715225,21,0.4772727272727273,422.0,91.0,9.590909090909092,3.25,16.0,4,8,3
2024,REG,IND,00-0026158,J.Flacco,00-0036876,K.Granson,12,7,78.0,0,-2.1623004596285926,-0.18019170496904938,5,0.4166666666666667,125.0,42.0,10.416666666666666,6.0,4.0,2,3,0
2024,REG,IND,00-0026158,J.Flacco,00-0036984,T.Sermon,13,10,53.0,0,-5.477080349134855,-0.4213138730103735,3,0.23076923076923078,4.0,55.0,0.3076923076923077,5.5,1.0,0,3,0
2024,REG,IND,00-0026158,J.Flacco,00-0037120,T.Goodson,12,9,35.0,1,-0.18416875140974248,-0.015347395950811873,5,0.4166666666666667,-2.0,37.0,-0.16666666666666666,4.111111111111111,2.0,0,2,1
2024,REG,IND,00-0026158,J.Flacco,00-0037292,A.Ogletree,6,6,67.0,1,6.565578875539367,1.0942631459232277,4,0.6666666666666666,37.0,30.0,6.166666666666667,5.0,4.0,2,2,1
2024,REG,IND,00-0026158,J.Flacco,00-0037664,A.Pierce,30,19,444.0,4,29.581320642576863,0.9860440214192288,19,0.6333333333333333,660.0,68.0,22.0,3.5789473684210527,17.0,8,4,2
2024,REG,IND,00-0026158,J.Flacco,00-0038394,W.Mallory,3,2,17.0,0,0.47859945538221205,0.15953315179407068,2,0.6666666666666666,32.0,4.0,10.666666666666666,2.0,1.0,0,0,0
2024,REG,IND,00-0026158,J.Flacco,00-0038997,J.Downs,65,49,454.0,2,12.582247678467436,0.19357304120719132,41,0.6307692307692307,410.0,189.0,6.3076923076923075,3.857142857142857,27.0,4,11,1
2024,REG,IND,00-0026158,J.Flacco,00-0039890,A.Mitchell,26,15,162.0,0,6.075874884492336,0.23368749555739754,13,0.5,287.0,57.0,11.038461538461538,3.8,10.0,1,4,0
2024,REG,BAL,00-0026300,J.Johnson,00-0032764,D.Henry,1,1,1.0,0,-1.40565618581604,-1.40565618581604,0,0.0,0.0,1.0,0.0,1.0,0.0,0,0,0
2024,REG,BAL,00-0026300,J.Johnson,00-0034353,A.Miller,1,1,16.0,0,2.18093416257761,2.18093416257761,1,1.0,15.0,1.0,15.0,1.0,1.0,0,0,0
2024,REG,BAL,00-0026300,J.Johnson,00-0039792,D.Walker,1,0,0.0,0,-1.4056814982323,-1.4056814982323,0,0.0,38.0,0.0,38.0,0.0,0.0,0,0,0
2024,REG,LA,00-0026498,M.Stafford,00-0032775,D.Robinson,58,28,433.0,7,6.771931002771807,0.11675743108227253,26,0.4482758620689655,871.0,54.0,15.017241379310345,1.9285714285714286,24.0,7,11,5
2024,REG,LA,00-0026498,M.Stafford,00-0033110,T.Higbee,5,3,20.0,1,1.088960856898908,0.2177921713797816,2,0.4,14.0,14.0,2.8,4.666666666666667,2.0,0,3,1
2024,REG,LA,00-0026498,M.Stafford,00-0033908,C.Kupp,100,67,710.0,6,3.868146633528413,0.03868146633528413,42,0.42,758.0,269.0,7.58,4.014925373134329,28.0,10,10,4
2024,REG,LA,00-0026498,M.Stafford,00-0036244,C.Parkinson,48,29,288.0,1,2.89082636438169,0.06022554925795187,24,0.5,263.0,154.0,5.479166666666667,5.310344827586207,15.0,2,9,1
2024,REG,LA,00-0026498,M.Stafford,00-0036427,T.Johnson,34,22,256.0,0,-1.2572071092009869,-0.03697667968238197,15,0.4411764705882353,193.0,154.0,5.676470588235294,7.0,7.0,3,8,0
2024,REG,LA,00-0026498,M.Stafford,00-0036849,T.Atwell,54,37,525.0,0,20.26635061889592,0.37530278923881333,35,0.6481481481481481,665.0,120.0,12.314814814814815,3.2432432432432434,27.0,9,2,0
2024,REG,LA,00-0026498,M.Stafford,00-0037004,H.Long,9,7,60.0,0,2.259597072144966,0.25106634134944067,6,0.6666666666666666,31.0,30.0,3.4444444444444446,4.285714285714286,2.0,0,0,0
2024,REG,LA,00-0026498,M.Stafford,00-0037557,R.Rivers,1,1,0.0,0,-0.563836629036814,-0.563836629036814,0,0.0,-7.0,7.0,-7.0,7.0,0.0,0,0,0
2024,REG,LA,00-0026498,M.Stafford,00-0037840,K.Williams,40,34,182.0,2,-2.922344909516294,-0.07305862273790735,20,0.5,-32.0,195.0,-0.8,5.735294117647059,6.0,1,9,2
2024,REG,LA,00-0026498,M.Stafford,00-0038359,X.Smith,2,2,6.0,0,-0.09944640588946996,-0.04972320294473498,1,0.5,1.0,5.0,0.5,2.5,1.0,0,0,0
2024,REG,LA,00-0026498,M.Stafford,00-0039074,D.Allen,13,6,39.0,0,-3.9936565516815095,-0.3072043501293469,4,0.3076923076923077,50.0,21.0,3.8461538461538463,3.5,2.0,0,5,0
2024,REG,LA,00-0026498,M.Stafford,00-0039075,P.Nacua,107,79,990.0,3,52.34528992362698,0.4892083170432428,65,0.6074766355140186,839.0,518.0,7.841121495327103,6.556962025316456,47.0,11,14,3
2024,REG,LA,00-0026498,M.Stafford,00-0039738,B.Corum,7,6,46.0,0,1.7859192669857296,0.25513132385510423,5,0.7142857142857143,-6.0,54.0,-0.8571428571428571,9.0,4.0,0,0,0
2024,REG,LA,00-0026498,M.Stafford,00-0039751,J.Whittington,24,19,207.0,0,13.008527719357511,0.542021988306563,19,0.7916666666666666,134.0,131.0,5.583333333333333,6.894736842105263,11.0,2,1,0
2024,REG,CAR,00-0027973,A.Dalton,00-0030035,A.Thielen,5,3,40.0,1,3.0564162049558936,0.6112832409911787,2,0.4,44.0,5.0,8.8,1.6666666666666667,2.0,1,0,0
2024,REG,CAR,00-0027973,A.Dalton,00-0033589,D.Moore,4,4,30.0,0,1.286162919248454,0.3215407298121135,4,1.0,19.0,11.0,4.75,2.75,0.0,0,1,0
2024,REG,CAR,00-0027973,A.Dalton,00-0034365,I.Thomas,5,2,4.0,0,-4.796387573995161,-0.9592775147990322,1,0.2,22.0,5.0,4.4,2.5,1.0,0,1,0
2024,REG,CAR,00-0027973,A.Dalton,00-0035216,Di.Johnson,38,21,243.0,2,-7.767773427651253,-0.20441509020134876,16,0.42105263157894735,381.0,46.0,10.026315789473685,2.1904761904761907,13.0,3,6,1
2024,REG,CAR,00-0027973,A.Dalton,00-0035216,Dio.Johnson,8,4,80.0,1,6.462674935813993,0.8078343669767492,4,0.5,87.0,28.0,10.875,7.0,4.0,2,2,1
2024,REG,CAR,00-0027973,A.Dalton,00-0035243,M.Sanders,8,6,39.0,0,-11.548568565511646,-1.4435710706889557,3,0.375,-26.0,57.0,-3.25,9.5,1.0,0,1,0
2024,REG,CAR,00-0027973,A.Dalton,00-0036555,C.Hubbard,19,18,81.0,1,-4.407295320474076,-0.23196291160389873,6,0.3157894736842105,-17.0,98.0,-0.8947368421052632,5.444444444444445,6.0,1,4,1
2024,REG,CAR,00-0027973,A.Dalton,00-0037005,T.Tremble,5,4,36.0,0,-4.075663438474301,-0.8151326876948601,1,0.2,32.0,9.0,6.4,2.25,1.0,1,0,0
2024,REG,CAR,00-0027973,A.Dalton,00-0039062,J.Mingo,16,9,80.0,0,-2.0473032724850775,-0.12795645453031734,6,0.375,145.0,47.0,9.0625,5.222222222222222,3.0,1,0,0
2024,REG,CAR,00-0027973,A.Dalton,00-0039342,X.Legette,22,14,142.0,2,7.196152049660195,0.32709782043909974,11,0.5,180.0,48.0,8.181818181818182,3.4285714285714284,9.0,1,5,2
2024,REG,CAR,00-0027973,A.Dalton,00-0039356,J.Sanders,20,15,137.0,0,1.187912848948363,0.05939564244741815,9,0.45,91.0,79.0,4.55,5.266666666666667,5.0,2,3,0
2024,REG,CAR,00-0027973,A.Dalton,00-0039491,J.Coker,7,6,77.0,0,4.775876607949617,0.6822680868499453,6,0.8571428571428571,80.0,26.0,11.428571428571429,4.333333333333333,5.0,1,0,0
2024,REG,NYJ,00-0028118,T.Taylor,00-0031381,D.Adams,1,1,3.0,0,-0.291415041079745,-0.291415041079745,0,0.0,3.0,0.0,3.0,0.0,0.0,0,0,0
2024,REG,NYJ,00-0028118,T.Taylor,00-0034270,T.Conklin,8,7,48.0,1,5.151672770138363,0.6439590962672954,5,0.625,11.0,37.0,1.375,5.285714285714286,3.0,1,2,1
2024,REG,NYJ,00-0028118,T.Taylor,00-0034521,A.Lazard,5,4,22.0,1,3.1267648433276953,0.625352968665539,4,0.8,37.0,1.0,7.4,0.25,4.0,0,2,1
2024,REG,NYJ,00-0028118,T.Taylor,00-0036510,K.Yeboah,1,0,0.0,0,-0.363913134671748,-0.363913134671748,0,0.0,0.0,0.0,0.0,0.0,0.0,0,0,0
2024,REG,NYJ,00-0028118,T.Taylor,00-0037740,G.Wilson,5,3,29.0,1,4.703834603889839,0.9407669207779679,3,0.6,37.0,4.0,7.4,1.3333333333333333,2.0,0,3,1
2024,REG,NYJ,00-0028118,T.Taylor,00-0038496,X.Gipson,1,0,0.0,0,-0.947,-0.947,0,0.0,0.0,0.0,0.0,0.0,0.0,0,1,0
2024,REG,NYJ,00-0028118,T.Taylor,00-0039794,B.Allen,1,1,9.0,0,0.797872910567094,0.797872910567094,1,1.0,-4.0,13.0,-4.0,13.0,0.0,0,0,0
2024,REG,NYJ,00-0028118,T.Taylor,00-0039798,I.Davis,1,1,8.0,0,0.5881394573953,0.5881394573953,1,1.0,-5.0,13.0,-5.0,13.0,0.0,0,0,0
2024,REG,CAR,00-0028872,J.Hekker,00-0036037,S.Franklin,1,0,0.0,0,-2.68345253309235,-2.68345253309235,0,0.0,11.0,0.0,11.0,0.0,0.0,0,0,0
2024,REG,CAR,00-0028872,J.Hekker,00-0036825,F.Franks,1,0,0.0,0,-3.02858219714835,-3.02858219714835,0,0.0,17.0,0.0,17.0,0.0,0.0,0,0,0
2024,REG,PIT,00-0029263,R.Wilson,00-0030578,C.Patterson,8,7,46.0,1,1.647931669882498,0.20599145873531224,4,0.5,15.0,31.0,1.875,4.428571428571429,3.0,1,2,1
2024,REG,PIT,00-0029263,R.Wilson,00-0031585,M.Pruitt,8,5,31.0,1,-8.34366520526413,-1.0429581506580163,3,0.375,22.0,15.0,2.75,3.0,2.0,0,1,1
2024,REG,PIT,00-0029263,R.Wilson,00-0033536,M.Williams,13,9,132.0,1,7.036287504140064,0.541252884933851,5,0.38461538461538464,214.0,11.0,16.46153846153846,1.2222222222222223,5.0,3,0,0
2024,REG,PIT,00-0029263,R.Wilson,00-0035298,S.Miller,7,3,38.0,0,0.0635811781976321,0.009083025456804585,3,0.42857142857142855,97.0,11.0,13.857142857142858,3.6666666666666665,1.0,1,1,0
2024,REG,PIT,00-0029263,R.Wilson,00-0036415,V.Jefferson,27,16,214.0,2,5.6739902283063595,0.21014778623356886,12,0.4444444444444444,301.0,49.0,11.148148148148149,3.0625,10.0,4,6,2
2024,REG,PIT,00-0029263,R.Wilson,00-0036862,B.Skowronek,5,5,69.0,0,6.353159047546789,1.2706318095093578,4,0.8,40.0,29.0,8.0,5.8,4.0,1,0,0
2024,REG,PIT,00-0029263,R.Wilson,00-0036893,N.Harris,29,22,148.0,0,1.0308773391298165,0.03554749445275229,15,0.5172413793103449,-53.0,194.0,-1.8275862068965518,8.818181818181818,8.0,2,3,0
2024,REG,PIT,00-0029263,R.Wilson,00-0036894,P.Freiermuth,52,43,459.0,5,27.420970107953387,0.5273263482298728,33,0.6346153846153846,347.0,185.0,6.673076923076923,4.3023255813953485,22.0,6,10,4
2024,REG,PIT,00-0029263,R.Wilson,00-0037228,J.Warren,39,30,271.0,0,-0.5017336375250113,-0.01286496506474388,18,0.46153846153846156,3.0,269.0,0.07692307692307693,8.966666666666667,15.0,3,6,0
2024,REG,PIT,00-0029263,R.Wilson,00-0037247,G.Pickens,58,33,537.0,3,17.319264300446687,0.29860800518011527,23,0.39655172413793105,828.0,148.0,14.275862068965518,4.484848484848484,22.0,10,9,3
2024,REG,PIT,00-0029263,R.Wilson,00-0037304,Co.Heyward,2,2,11.0,0,0.422637697542086,0.211318848771043,2,1.0,11.0,0.0,5.5,0.0,2.0,0,0,0
2024,REG,PIT,00-0029263,R.Wilson,00-0037837,C.Austin,41,26,381.0,3,12.967394144694254,0.31627790596815253,20,0.4878048780487805,508.0,88.0,12.390243902439025,3.3846153846153846,12.0,7,4,0
2024,REG,PIT,00-0029263,R.Wilson,00-0038558,D.Washington,18,13,145.0,0,2.2043721064110353,0.1224651170228353,9,0.5,62.0,92.0,3.4444444444444446,7.076923076923077,6.0,2,1,0
2024,REG,ATL,00-0029604,K.Cousins,00-0034073,R.Dwelley,1,1,5.0,0,0.13682030281052,0.13682030281052,1,1.0,1.0,4.0,1.0,4.0,0.0,0,0,0
2024,REG,ATL,00-0029604,K.Cousins,00-0034407,R.McCloud,74,53,568.0,1,5.960588379228688,0.08054849161119848,37,0.5,454.0,299.0,6.135135135135135,5.6415094339622645,24.0,6,5,1
2024,REG,ATL,00-0029604,K.Cousins,00-0034854,K.Hodge,5,4,94.0,1,5.734503517393019,1.1469007034786038,3,0.6,21.0,73.0,4.2,18.25,3.0,2,0,0
2024,REG,ATL,00-0029604,K.Cousins,00-0036309,D.Mooney,95,57,873.0,5,40.04465672607719,0.4215227023797599,50,0.5263157894736842,1155.0,244.0,12.157894736842104,4.280701754385965,42.0,19,6,1
2024,REG,ATL,00-0029604,K.Cousins,00-0036429,C.Woerner,9,6,40.0,0,-4.959383198991426,-0.551042577665714,4,0.4444444444444444,25.0,21.0,2.7777777777777777,3.5,3.0,0,0,0
2024,REG,ATL,00-0029604,K.Cousins,00-0036970,K.Pitts,64,40,536.0,3,4.24708794438613,0.06636074913103328,29,0.453125,554.0,246.0,8.65625,6.15,18.0,6,9,1
2024,REG,ATL,00-0029604,K.Cousins,00-0037238,D.London,120,78,919.0,7,16.879530385341912,0.1406627532111826,70,0.5833333333333334,1229.0,241.0,10.241666666666667,3.08974358974359,52.0,6,21,6
2024,REG,ATL,00-0029604,K.Cousins,00-0037263,T.Allgeier,10,10,62.0,0,2.0045979498778044,0.20045979498778044,4,0.4,-2.0,64.0,-0.2,6.4,2.0,0,1,0
2024,REG,ATL,00-0029604,K.Cousins,00-0038542,B.Robinson,60,54,411.0,1,11.799138847984313,0.19665231413307188,32,0.5333333333333333,-69.0,495.0,-1.15,9.166666666666666,19.0,3,5,1
2024,REG,DAL,00-0029692,B.Anger,00-0031357,C.Goodwin,1,0,0.0,0,-2.97731648164336,-2.97731648164336,0,0.0,7.0,0.0,7.0,0.0,0.0,0,0,0
2024,REG,DAL,00-0029692,B.Anger,00-0037578,J.Thomas,1,1,4.0,0,-2.70970632729586,-2.70970632729586,0,0.0,4.0,0.0,4.0,0.0,0.0,0,0,0
2024,REG,CHI,00-0030279,K.Allen,00-0036275,D.Swift,1,0,0.0,0,-5.9111632690765,-5.9111632690765,0,0.0,14.0,0.0,14.0,0.0,0.0,0,0,0
2024,REG,SEA,00-0030565,G.Smith,00-0032211,T.Lockett,74,49,600.0,2,12.303688607082554,0.16626606225787235,40,0.5405405405405406,783.0,134.0,10.58108108108108,2.7346938775510203,36.0,7,10,1
2024,REG,SEA,00-0030565,G.Smith,00-0033439,P.Brown,12,8,65.0,0,-6.471276092538096,-0.539273007711508,5,0.4166666666666667,51.0,30.0,4.25,3.75,2.0,0,1,0
2024,REG,SEA,00-0030565,G.Smith,00-0035640,D.Metcalf,108,65,957.0,5,20.9259155282641,0.19375847711355648,52,0.48148148148148145,1446.0,263.0,13.38888888888889,4.046153846153846,34.0,19,10,1
2024,REG,SEA,00-0030565,G.Smith,00-0035644,N.Fant,60,47,495.0,1,13.698328153026765,0.22830546921711276,36,0.6,306.0,275.0,5.1,5.851063829787234,25.0,3,5,1
2024,REG,SEA,00-0030565,G.Smith,00-0035891,C.White,3,2,44.0,0,2.5474614758859433,0.8491538252953145,2,0.6666666666666666,40.0,13.0,13.333333333333334,6.5,2.0,1,0,0
2024,REG,SEA,00-0030565,G.Smith,00-0036268,L.Shenault,5,5,36.0,0,2.915642050211316,0.5831284100422632,2,0.4,-10.0,46.0,-2.0,9.2,2.0,0,0,0
2024,REG,SEA,00-0030565,G.Smith,00-0037093,D.Young,1,0,0.0,0,-1.76345443446689,-1.76345443446689,0,0.0,9.0,0.0,9.0,0.0,0.0,0,0,0
2024,REG,SEA,00-0030565,G.Smith,00-0038134,K.Walker,53,46,299.0,1,4.876565078512856,0.09201066185873313,27,0.5094339622641509,-63.0,363.0,-1.1886792452830188,7.891304347826087,19.0,1,10,1
2024,REG,SEA,00-0030565,G.Smith,00-0038543,J.Smith-Njigba,134,97,1116.0,6,48.457972591425914,0.36162666113004416,75,0.5597014925373134,1171.0,472.0,8.738805970149254,4.865979381443299,56.0,15,16,5
2024,REG,SEA,00-0030565,G.Smith,00-0038636,K.McIntosh,4,3,22.0,0,-0.40405713935615517,-0.10101428483903879,1,0.25,5.0,17.0,1.25,5.666666666666667,1.0,0,0,0
2024,REG,SEA,00-0030565,G.Smith,00-0038752,J.Bobo,18,13,107.0,1,3.863579474491545,0.21464330413841914,11,0.6111111111111112,138.0,27.0,7.666666666666667,2.076923076923077,8.0,0,3,1
2024,REG,SEA,00-0030565,G.Smith,00-0039165,Z.Charbonnet,49,42,292.0,1,-5.193333242046736,-0.10598639269483136,19,0.3877551020408163,-55.0,329.0,-1.1224489795918366,7.833333333333333,6.0,3,1,0
2024,REG,SEA,00-0030565,G.Smith,00-0039299,G.Holani,1,1,-1.0,0,-0.408696800936013,-0.408696800936013,0,0.0,-1.0,0.0,-1.0,0.0,0.0,0,0,0
2024,REG,SEA,00-0030565,G.Smith,00-0039793,A.Barner,35,29,240.0,4,12.473975152417562,0.3563992900690732,22,0.6285714285714286,102.0,164.0,2.914285714285714,5.655172413793103,18.0,1,7,4
2024,REG,NO,00-0031280,D.Carr,00-0033357,T.Hill,27,21,166.0,0,3.2725352831767003,0.12120501048802594,11,0.4074074074074074,94.0,123.0,3.4814814814814814,5.857142857142857,8.0,2,2,0
2024,REG,NO,00-0031280,D.Carr,00-0033906,A.Kamara,55,46,386.0,1,5.905993104220364,0.10738169280400663,22,0.4,45.0,387.0,0.8181818181818182,8.41304347826087,13.0,4,5,0
2024,REG,NO,00-0031280,D.Carr,00-0033948,Ja.Williams,10,7,38.0,0,-0.927139416260642,-0.0927139416260642,2,0.2,-19.0,39.0,-1.9,5.571428571428571,2.0,0,2,0
2024,REG,NO,00-0031280,D.Carr,00-0034272,M.Valdes-Scantling,17,12,288.0,4,22.96205923508387,1.3507093667696395,11,0.6470588235294118,336.0,106.0,19.764705882352942,8.833333333333334,9.0,5,1,1
2024,REG,NO,00-0031280,D.Carr,00-0034418,C.Wilson,6,5,74.0,0,4.248314065451272,0.7080523442418786,4,0.6666666666666666,75.0,27.0,12.5,5.4,3.0,0,0,0
2024,REG,NO,00-0031280,D.Carr,00-0034860,D.Pettis,7,3,22.0,0,0.21984133684725848,0.03140590526389407,4,0.5714285714285714,17.0,15.0,2.4285714285714284,5.0,1.0,0,1,0
2024,REG,NO,00-0031280,D.Carr,00-0034981,F.Moreau,22,15,171.0,3,9.403343388278296,0.4274246994671953,12,0.5454545454545454,230.0,44.0,10.454545454545455,2.933333333333333,9.0,3,5,3
2024,REG,NO,00-0031280,D.Carr,00-0036040,J.Johnson,31,24,238.0,3,6.32782439481535,0.2041233675746887,16,0.5161290322580645,229.0,89.0,7.387096774193548,3.7083333333333335,12.0,4,6,3
2024,REG,NO,00-0031280,D.Carr,00-0036727,A.Prentice,1,0,0.0,0,-0.497346814488992,-0.497346814488992,0,0.0,3.0,0.0,3.0,0.0,0.0,0,0,0
2024,REG,NO,00-0031280,D.Carr,00-0037231,K.Austin,11,6,72.0,0,4.00765313766895,0.36433210342445005,5,0.45454545454545453,132.0,20.0,12.0,3.3333333333333335,5.0,1,0,0
2024,REG,NO,00-0031280,D.Carr,00-0037239,C.Olave,27,23,288.0,1,15.570553154451758,0.5766871538685836,21,0.7777777777777778,255.0,87.0,9.444444444444445,3.782608695652174,17.0,2,3,1
2024,REG,NO,00-0031280,D.Carr,00-0037545,R.Shaheed,34,19,338.0,3,5.889665412174799,0.17322545329925879,16,0.47058823529411764,570.0,97.0,16.764705882352942,5.105263157894737,11.0,5,4,0
2024,REG,NO,00-0031280,D.Carr,00-0038551,K.Miller,1,0,0.0,0,-1.26219054404646,-1.26219054404646,0,0.0,2.0,0.0,2.0,0.0,0.0,0,0,0
2024,REG,NO,00-0031280,D.Carr,00-0038678,J.Mims,3,2,29.0,0,-2.165268919962885,-0.721756306654295,0,0.0,-1.0,34.0,-0.3333333333333333,17.0,1.0,1,1,0
2024,REG,NO,00-0031280,D.Carr,00-0039613,D.Holker,1,1,10.0,0,0.671813324326649,0.671813324326649,1,1.0,-1.0,11.0,-1.0,11.0,1.0,0,0,0
2024,REG,NO,00-0031280,D.Carr,00-0039623,M.Tipton,12,5,25.0,0,-7.677437321683062,-0.6397864434735885,2,0.16666666666666666,175.0,8.0,14.583333333333334,1.6,1.0,0,1,0
2024,REG,LA,00-0031345,J.Garoppolo,00-0032775,D.Robinson,7,3,72.0,0,1.973557398523669,0.28193677121766697,3,0.42857142857142855,78.0,17.0,11.142857142857142,5.666666666666667,3.0,2,3,0
2024,REG,LA,00-0031345,J.Garoppolo,00-0033110,T.Higbee,7,5,46.0,1,3.869194525228078,0.5527420750325825,4,0.5714285714285714,12.0,34.0,1.7142857142857142,6.8,3.0,0,3,1
2024,REG,LA,00-0031345,J.Garoppolo,00-0036244,C.Parkinson,1,1,6.0,0,0.307809255551547,0.307809255551547,1,1.0,0.0,6.0,0.0,6.0,0.0,0,0,0
2024,REG,LA,00-0031345,J.Garoppolo,00-0036427,T.Johnson,7,4,35.0,1,-1.4070124917197928,-0.20100178453139897,3,0.42857142857142855,36.0,29.0,5.142857142857143,7.25,3.0,1,2,1
2024,REG,LA,00-0031345,J.Garoppolo,00-0036849,T.Atwell,8,5,37.0,0,-1.575678832246927,-0.19695985403086588,2,0.25,76.0,6.0,9.5,1.2,2.0,1,1,0
2024,REG,LA,00-0031345,J.Garoppolo,00-0037557,R.Rivers,5,4,34.0,0,0.053057290904690135,0.010611458180938027,3,0.6,-19.0,51.0,-3.8,12.75,1.0,0,0,0
2024,REG,LA,00-0031345,J.Garoppolo,00-0039703,C.Schrader,1,1,6.0,0,0.397277344600298,0.397277344600298,1,1.0,0.0,6.0,0.0,6.0,0.0,0,0,0
2024,REG,LA,00-0031345,J.Garoppolo,00-0039738,B.Corum,1,1,12.0,0,0.848185193957761,0.848185193957761,1,1.0,1.0,11.0,1.0,11.0,1.0,0,0,0
2024,REG,LA,00-0031345,J.Garoppolo,00-0039751,J.Whittington,4,3,86.0,0,3.503353583044382,0.8758383957610955,3,0.75,17.0,72.0,4.25,24.0,3.0,2,1,0
2024,REG,CLE,00-0031503,J.Winston,00-0032141,G.Swaim,1,1,7.0,0,0.31169758993201,0.31169758993201,1,1.0,2.0,5.0,2.0,5.0,0.0,0,0,0
2024,REG,CLE,00-0031503,J.Winston,00-0033885,D.Njoku,63,38,286.0,5,-4.441695577227607,-0.07050310440043821,23,0.36507936507936506,347.0,112.0,5.507936507936508,2.9473684210526314,13.0,2,13,4
2024,REG,CLE,00-0031503,J.Winston,00-0033925,D.Foreman,1,1,16.0,0,0.807456493610516,0.807456493610516,1,1.0,-2.0,18.0,-2.0,18.0,1.0,0,0,0
2024,REG,CLE,00-0031503,J.Winston,00-0034364,J.Akins,16,10,122.0,0,-2.208992577476766,-0.13806203609229786,9,0.5625,115.0,38.0,7.1875,3.8,7.0,1,3,0
2024,REG,CLE,00-0031503,J.Winston,00-0034791,N.Chubb,8,4,21.0,1,-12.934855865198175,-1.6168569831497719,2,0.25,-15.0,26.0,-1.875,6.5,2.0,0,1,1
2024,REG,CLE,00-0031503,J.Winston,00-0036133,J.Proche,2,2,18.0,0,1.1719591138535157,0.5859795569267578,1,0.5,18.0,0.0,9.0,0.0,1.0,0,0,0
2024,REG,CLE,00-0031503,J.Winston,00-0036407,J.Jeudy,71,48,791.0,3,46.50199121493967,0.6549576227456292,44,0.6197183098591549,815.0,260.0,11.47887323943662,5.416666666666667,36.0,9,6,0
2024,REG,CLE,00-0031503,J.Winston,00-0036913,K.Toney,1,0,0.0,0,-0.514176621800289,-0.514176621800289,0,0.0,-5.0,0.0,-5.0,0.0,0.0,0,0,0
2024,REG,CLE,00-0031503,J.Winston,00-0036980,E.Moore,59,34,356.0,1,-15.010827142626312,-0.2544207990275646,24,0.4067796610169492,682.0,59.0,11.559322033898304,1.7352941176470589,18.0,3,3,0
2024,REG,CLE,00-0031503,J.Winston,00-0037267,J.Ford,14,11,105.0,0,1.721443938255999,0.12296028130399993,7,0.5,29.0,106.0,2.0714285714285716,9.636363636363637,5.0,2,0,0
2024,REG,CLE,00-0031503,J.Winston,00-0037300,M.Woods,11,6,62.0,0,-0.5129623953544016,-0.04663294503221833,4,0.36363636363636365,120.0,35.0,10.909090909090908,5.833333333333333,4.0,0,1,0
2024,REG,CLE,00-0031503,J.Winston,00-0038098,P.Strong,4,3,12.0,0,-0.7837215071776887,-0.19593037679442218,1,0.25,-10.0,17.0,-2.5,5.666666666666667,0.0,0,1,0
2024,REG,CLE,00-0031503,J.Winston,00-0038710,B.Whiteheart,3,1,29.0,0,0.29296547593549094,0.09765515864516365,1,0.3333333333333333,49.0,0.0,16.333333333333332,0.0,1.0,1,0,0
2024,REG,CLE,00-0031503,J.Winston,00-0038979,C.Tillman,36,19,274.0,3,2.319658157848554,0.0644349488291265,16,0.4444444444444444,454.0,75.0,12.61111111111111,3.9473684210526314,13.0,6,7,1
2024,REG,CLE,00-0031503,J.Winston,00-0039379,J.Thrash,4,3,22.0,0,0.49058883020189015,0.12264720755047254,2,0.5,19.0,14.0,4.75,4.666666666666667,2.0,0,0,0
2024,REG,HOU,00-0031588,S.Diggs,00-0033854,D.Ogunbowale,1,1,13.0,0,2.76291913574096,2.76291913574096,1,1.0,-4.0,17.0,-4.0,17.0,1.0,0,0,0
2024,REG,LAC,00-0031800,T.Heinicke,00-0034777,D.Chark,1,0,0.0,0,-1.54885984561406,-1.54885984561406,0,0.0,14.0,0.0,14.0,0.0,0.0,0,0,0
2024,REG,LAC,00-0031800,T.Heinicke,00-0036158,J.Dobbins,1,1,6.0,0,-0.379044687841088,-0.379044687841088,0,0.0,1.0,5.0,1.0,5.0,0.0,0,0,0
2024,REG,LAC,00-0031800,T.Heinicke,00-0037475,S.Smartt,1,1,4.0,0,-3.8071634331136,-3.8071634331136,0,0.0,3.0,1.0,3.0,1.0,0.0,0,0,0
2024,REG,LAC,00-0031800,T.Heinicke,00-0039391,K.Vidal,1,0,0.0,0,-0.509498011611868,-0.509498011611868,0,0.0,-1.0,0.0,-1.0,0.0,0.0,0,0,0
2024,REG,LAC,00-0031800,T.Heinicke,00-0039915,L.McConkey,1,1,18.0,0,1.87198437331244,1.87198437331244,1,1.0,15.0,3.0,15.0,3.0,1.0,0,0,0
2024,REG,WAS,00-0032268,M.Mariota,00-0030061,Z.Ertz,8,7,67.0,2,4.375151104456269,0.5468938880570337,5,0.625,62.0,18.0,7.75,2.5714285714285716,5.0,0,5,2
2024,REG,WAS,00-0032268,M.Mariota,00-0033591,N.Brown,1,1,16.0,0,2.54894209012855,2.54894209012855,1,1.0,15.0,1.0,15.0,1.0,1.0,0,0,0
2024,REG,WAS,00-0032268,M.Mariota,00-0033699,A.Ekeler,3,3,20.0,0,1.496749677462506,0.49891655915416866,2,0.6666666666666666,-8.0,28.0,-2.6666666666666665,9.333333333333334,1.0,0,0,0
2024,REG,WAS,00-0032268,M.Mariota,00-0035208,O.Zaccheaus,9,6,76.0,0,4.208820704894612,0.46764674498829023,4,0.4444444444444444,92.0,12.0,10.222222222222221,2.0,4.0,2,1,0
2024,REG,WAS,00-0032268,M.Mariota,00-0035659,T.McLaurin,14,12,152.0,1,13.613981540475056,0.9724272528910755,10,0.7142857142857143,150.0,25.0,10.714285714285714,2.0833333333333335,9.0,1,2,1
2024,REG,WAS,00-0032268,M.Mariota,00-0036626,D.Brown,3,1,23.0,0,-0.9161809516652708,-0.30539365055509027,1,0.3333333333333333,68.0,6.0,22.666666666666668,6.0,1.0,1,0,0
2024,REG,WAS,00-0032268,M.Mariota,00-0036628,J.Bates,1,0,0.0,0,-0.531842523138039,-0.531842523138039,0,0.0,32.0,0.0,32.0,0.0,0.0,0,0,0
2024,REG,WAS,00-0032268,M.Mariota,00-0037746,B.Robinson,1,1,6.0,0,0.136091935564764,0.136091935564764,1,1.0,-5.0,11.0,-5.0,11.0,0.0,0,0,0
2024,REG,WAS,00-0032268,M.Mariota,00-0038840,B.Tremayne,1,1,-2.0,0,-1.39147220214363,-1.39147220214363,0,0.0,-2.0,0.0,-2.0,0.0,0.0,0,0,0
2024,REG,WAS,00-0032268,M.Mariota,00-0039912,B.Sinnott,2,2,6.0,1,0.989267955243123,0.4946339776215615,1,0.5,0.0,6.0,0.0,3.0,1.0,0,1,1
2024,REG,PIT,00-0032399,M.Killebrew,00-0035795,J.Pierre,1,0,0.0,0,-2.67772018973483,-2.67772018973483,0,0.0,14.0,0.0,14.0,0.0,0.0,0,0,0
2024,REG,SF,00-0032434,B.Allen,00-0029892,K.Juszczyk,1,1,14.0,0,0.987110843416303,0.987110843416303,1,1.0,6.0,8.0,6.0,8.0,1.0,0,0,0
2024,REG,SF,00-0032434,B.Allen,00-0032128,C.Conley,1,0,0.0,0,-0.575711213983595,-0.575711213983595,0,0.0,41.0,0.0,41.0,0.0,0.0,0,0,0
2024,REG,SF,00-0032434,B.Allen,00-0033280,C.McCaffrey,4,3,37.0,0,-5.015009031340023,-1.2537522578350058,1,0.25,8.0,33.0,2.0,11.0,1.0,1,0,0
2024,REG,SF,00-0032434,B.Allen,00-0033288,G.Kittle,6,6,82.0,1,8.527831321320267,1.4213052202200445,5,0.8333333333333334,51.0,31.0,8.5,5.166666666666667,4.0,2,2,1
2024,REG,SF,00-0032434,B.Allen,00-0033576,E.Saubert,1,0,0.0,0,-1.15149200632509,-1.15149200632509,0,0.0,5.0,0.0,5.0,0.0,0.0,0,0,0
2024,REG,SF,00-0032434,B.Allen,00-0035719,D.Samuel,4,1,21.0,0,-5.896617551450621,-1.4741543878626553,1,0.25,38.0,25.0,9.5,25.0,1.0,1,0,0
2024,REG,SF,00-0032434,B.Allen,00-0036259,J.Jennings,7,5,40.0,0,-1.8789022650453262,-0.26841460929218947,3,0.42857142857142855,45.0,17.0,6.428571428571429,3.4,1.0,1,1,0
2024,REG,SF,00-0032434,B.Allen,00-0037525,J.Mason,2,1,5.0,0,-1.312430486548692,-0.656215243274346,0,0.0,3.0,2.0,1.5,2.0,0.0,0,0,0
2024,REG,SF,00-0032434,B.Allen,00-0039365,J.Cowing,1,0,0.0,0,-1.68661250220612,-1.68661250220612,0,0.0,27.0,0.0,27.0,0.0,0.0,0,0,0
2024,REG,DEN,00-0032943,R.Dixon,00-0037539,L.Krull,1,1,3.0,0,-1.89868554240093,-1.89868554240093,0,0.0,-5.0,8.0,-5.0,8.0,0.0,0,0,0
2024,REG,KC,00-0032950,C.Wentz,00-0030564,D.Hopkins,1,1,8.0,0,0.433671961305663,0.433671961305663,1,1.0,1.0,7.0,1.0,7.0,0.0,0,0,0
2024,REG,KC,00-0032950,C.Wentz,00-0033526,S.Perine,1,1,13.0,0,2.81458468048368,2.81458468048368,1,1.0,0.0,13.0,0.0,13.0,1.0,0,0,0
2024,REG,KC,00-0032950,C.Wentz,00-0033857,J.Smith-Schuster,2,1,4.0,0,-1.021868335781619,-0.5109341678908095,0,0.0,13.0,0.0,6.5,0.0,0.0,0,0,0
2024,REG,KC,00-0032950,C.Wentz,00-0034386,Ju.Watson,3,1,5.0,0,-2.80601696728263,-0.93533898909421,0,0.0,41.0,0.0,13.666666666666666,0.0,0.0,0,0,0
2024,REG,KC,00-0032950,C.Wentz,00-0036637,N.Gray,1,1,1.0,0,-0.755802975792904,-0.755802975792904,0,0.0,0.0,1.0,0.0,1.0,0.0,0,0,0
2024,REG,KC,00-0032950,C.Wentz,00-0037569,P.Hendershot,2,2,25.0,0,0.8687995029613419,0.43439975148067095,1,0.5,8.0,17.0,4.0,8.5,1.0,0,0,0
2024,REG,KC,00-0032950,C.Wentz,00-0038519,N.Remigio,6,2,48.0,0,-0.4014542973600361,-0.06690904956000603,2,0.3333333333333333,64.0,14.0,10.666666666666666,7.0,2.0,2,0,0
2024,REG,KC,00-0032950,C.Wentz,00-0039325,C.Steele,2,2,2.0,0,-0.912312571657822,-0.456156285828911,0,0.0,-6.0,8.0,-3.0,4.0,0.0,0,0,0
2024,REG,KC,00-0032950,C.Wentz,00-0039894,X.Worthy,1,1,12.0,0,1.59543741261587,1.59543741261587,1,1.0,4.0,8.0,4.0,8.0,1.0,0,0,0
2024,REG,TEN,00-0033009,T.Boyd,00-0036182,N.Westbrook-Ikhine,1,0,0.0,0,-0.434416036820039,-0.434416036820039,0,0.0,24.0,0.0,24.0,0.0,0.0,0,0,0
2024,REG,DAL,00-0033077,D.Prescott,00-0031236,B.Cooks,19,9,91.0,1,0.2693723713026714,0.01417749322645639,8,0.42105263157894735,244.0,16.0,12.842105263157896,1.7777777777777777,6.0,1,1,0
2024,REG,DAL,00-0033077,D.Prescott,00-0033045,E.Elliott,10,7,40.0,0,-0.9413311078450968,-0.09413311078450967,2,0.2,-22.0,63.0,-2.2,9.0,2.0,0,2,0
2024,REG,DAL,00-0033077,D.Prescott,00-0033893,D.Cook,1,1,10.0,0,1.25232992274687,1.25232992274687,1,1.0,3.0,7.0,3.0,7.0,1.0,0,0,0
2024,REG,DAL,00-0033077,D.Prescott,00-0036139,R.Dowdle,22,17,133.0,3,7.823074640011709,0.35559430181871404,10,0.45454545454545453,43.0,116.0,1.9545454545454546,6.823529411764706,7.0,1,4,2
2024,REG,DAL,00-0033077,D.Prescott,00-0036358,C.Lamb,80,51,649.0,4,5.634068751346667,0.07042585939183334,35,0.4375,677.0,275.0,8.4625,5.392156862745098,26.0,9,11,2
2024,REG,DAL,00-0033077,D.Prescott,00-0037243,T.Smith,1,1,0.0,0,-0.987753627588972,-0.987753627588972,0,0.0,-6.0,6.0,-6.0,6.0,0.0,0,0,0
2024,REG,DAL,00-0033077,D.Prescott,00-0037666,J.Tolbert,39,28,340.0,2,14.570357967839756,0.37359892225230146,21,0.5384615384615384,516.0,58.0,13.23076923076923,2.0714285714285716,15.0,4,5,2
2024,REG,DAL,00-0033077,D.Prescott,00-0037801,K.Turpin,18,11,133.0,1,6.742400947143331,0.3745778303968517,8,0.4444444444444444,205.0,56.0,11.38888888888889,5.090909090909091,6.0,2,2,1
2024,REG,DAL,00-0033077,D.Prescott,00-0038041,J.Ferguson,48,35,316.0,0,4.673136150721399,0.09735700314002915,23,0.4791666666666667,223.0,199.0,4.645833333333333,5.685714285714286,12.0,4,4,0
2024,REG,DAL,00-0033077,D.Prescott,00-0038547,L.Schoonmaker,10,8,56.0,0,-0.496748755977024,-0.0496748755977024,5,0.5,43.0,28.0,4.3,3.5,3.0,0,1,0
2024,REG,DAL,00-0033077,D.Prescott,00-0038622,D.Vaughn,2,1,8.0,0,-0.521738146664575,-0.2608690733322875,1,0.5,4.0,3.0,2.0,3.0,0.0,0,0,0
2024,REG,DAL,00-0033077,D.Prescott,00-0038640,J.Brooks,13,5,72.0,0,-15.789586843541874,-1.2145836033493749,5,0.38461538461538464,188.0,24.0,14.461538461538462,4.8,3.0,1,0,0
2024,REG,DAL,00-0033077,D.Prescott,00-0038738,H.Luepke,9,8,98.0,0,6.867142415459972,0.7630158239399969,6,0.6666666666666666,28.0,73.0,3.111111111111111,9.125,5.0,1,0,0
2024,REG,DAL,00-0033077,D.Prescott,00-0039410,R.Flournoy,1,1,12.0,0,-4.17999956081621,-4.17999956081621,0,0.0,9.0,3.0,9.0,3.0,0.0,0,0,0
2024,REG,DAL,00-0033077,D.Prescott,00-0039530,B.Spann-Ford,6,2,20.0,0,-3.3303924517822376,-0.5550654086303729,2,0.3333333333333333,41.0,12.0,6.833333333333333,6.0,1.0,0,2,0
2024,REG,DET,00-0033106,J.Goff,00-0031428,A.Robinson,4,2,23.0,0,1.1134406870114637,0.2783601717528659,2,0.5,36.0,2.0,9.0,1.0,2.0,1,0,0
2024,REG,DET,00-0033106,J.Goff,00-0032381,T.Decker,1,0,0.0,0,-0.367620860051829,-0.367620860051829,0,0.0,2.0,0.0,2.0,0.0,0.0,0,1,0
2024,REG,DET,00-0033106,J.Goff,00-0032464,K.Raymond,19,14,166.0,2,9.427815100821912,0.4962007947801006,11,0.5789473684210527,148.0,116.0,7.7894736842105265,8.285714285714286,8.0,2,2,1
2024,REG,DET,00-0033106,J.Goff,00-0033375,T.Patrick,45,33,394.0,3,19.748532686152043,0.43885628191448983,25,0.5555555555555556,439.0,141.0,9.755555555555556,4.2727272727272725,20.0,6,9,3
2024,REG,DET,00-0033106,J.Goff,00-0033863,D.Skipper,1,1,9.0,1,1.95214127295185,1.95214127295185,1,1.0,1.0,8.0,1.0,8.0,1.0,0,1,1
2024,REG,DET,00-0033106,J.Goff,00-0035544,T.Kennedy,1,0,0.0,0,-2.23073649161961,-2.23073649161961,0,0.0,11.0,0.0,11.0,0.0,0.0,0,0,0
2024,REG,DET,00-0033106,J.Goff,00-0035567,C.Reynolds,5,3,40.0,0,-2.727888468594765,-0.5455776937189529,3,0.6,-10.0,42.0,-2.0,14.0,2.0,1,0,0
2024,REG,DET,00-0033106,J.Goff,00-0035685,D.Montgomery,38,36,341.0,0,15.918257171709282,0.4189015045186653,28,0.7368421052631579,-18.0,365.0,-0.47368421052631576,10.13888888888889,16.0,2,3,0
2024,REG,DET,00-0033106,J.Goff,00-0036534,S.Zylstra,1,1,22.0,0,1.24364188639447,1.24364188639447,1,1.0,9.0,13.0,9.0,13.0,1.0,1,0,0
2024,REG,DET,00-0033106,J.Goff,00-0036670,J.Jefferson,1,1,10.0,0,0.488208144903183,0.488208144903183,1,1.0,0.0,10.0,0.0,10.0,1.0,0,0,0
2024,REG,DET,00-0033106,J.Goff,00-0036754,B.Wright,16,13,100.0,2,3.0795759983011486,0.1924734998938218,11,0.6875,81.0,75.0,5.0625,5.769230769230769,7.0,0,5,2
2024,REG,DET,00-0033106,J.Goff,00-0036963,A.St. Brown,141,115,1263.0,14,96.38150294092758,0.6835567584462948,96,0.6808510638297872,1081.0,412.0,7.666666666666667,3.582608695652174,75.0,17,32,9
2024,REG,DET,00-0033106,J.Goff,00-0037240,J.Williams,55,34,621.0,4,25.928489191746785,0.4714270762135779,28,0.509090909090909,725.0,310.0,13.181818181818182,9.117647058823529,24.0,12,7,0
2024,REG,DET,00-0033106,J.Goff,00-0037240,Ja.Williams,36,24,330.0,2,11.688747226763635,0.3246874229656565,19,0.5277777777777778,312.0,137.0,8.666666666666666,5.708333333333333,16.0,4,4,1
2024,REG,DET,00-0033106,J.Goff,00-0039065,S.LaPorta,82,59,723.0,6,29.904208309833855,0.3646854671930958,45,0.5487804878048781,577.0,343.0,7.036585365853658,5.813559322033898,38.0,11,19,4
2024,REG,DET,00-0033106,J.Goff,00-0039139,J.Gibbs,63,52,476.0,3,14.96773078588377,0.23758302834736142,34,0.5396825396825397,-11.0,552.0,-0.1746031746031746,10.615384615384615,24.0,4,13,3
2024,REG,DET,00-0033106,J.Goff,00-0039364,S.Vaki,2,2,20.0,0,0.5965126167284323,0.2982563083642161,2,1.0,2.0,18.0,1.0,9.0,1.0,0,0,0
2024,REG,NE,00-0033119,J.Brissett,00-0032392,A.Hooper,15,9,89.0,1,5.366863709168467,0.3577909139445644,8,0.5333333333333333,82.0,83.0,5.466666666666667,9.222222222222221,6.0,0,4,1
2024,REG,NE,00-0033119,J.Brissett,00-0033090,H.Henry,30,20,214.0,0,7.322944571257995,0.2440981523752665,17,0.5666666666666667,194.0,78.0,6.466666666666667,3.9,13.0,2,5,0
2024,REG,NE,00-0033119,J.Brissett,00-0033307,K.Bourne,4,1,6.0,0,-2.720990649108792,-0.680247662277198,1,0.25,40.0,8.0,10.0,8.0,0.0,0,1,0
2024,REG,NE,00-0033119,J.Brissett,00-0035806,J.Hasty,1,0,0.0,0,-0.268104943854269,-0.268104943854269,0,0.0,7.0,0.0,7.0,0.0,0.0,0,0,0
2024,REG,NE,00-0033119,J.Brissett,00-0036328,A.Gibson,8,7,86.0,0,6.206374356618278,0.7757967945772848,5,0.625,5.0,82.0,0.625,11.714285714285714,3.0,1,0,0
2024,REG,NE,00-0033119,J.Brissett,00-0036345,K.Osborn,14,5,31.0,0,-8.77017734192854,-0.6264412387091813,3,0.21428571428571427,75.0,6.0,5.357142857142857,1.2,1.0,0,2,0
2024,REG,NE,00-0033119,J.Brissett,00-0036875,R.Stevenson,21,16,50.0,0,-2.777683360674275,-0.13227063622258453,8,0.38095238095238093,-19.0,84.0,-0.9047619047619048,5.25,2.0,0,9,0
2024,REG,NE,00-0033119,J.Brissett,00-0038104,T.Thornton,7,4,47.0,0,-4.134707580495158,-0.5906725114993083,3,0.42857142857142855,89.0,24.0,12.714285714285714,6.0,2.0,0,1,0
2024,REG,NE,00-0033119,J.Brissett,00-0038608,K.Boutte,7,6,91.0,0,5.677056548534894,0.8110080783621277,5,0.7142857142857143,89.0,11.0,12.714285714285714,1.8333333333333333,4.0,2,2,0
2024,REG,NE,00-0033119,J.Brissett,00-0038621,D.Douglas,25,18,134.0,0,0.8056637561530778,0.032226550246123115,11,0.44,163.0,54.0,6.52,3.0,7.0,1,1,0
2024,REG,NE,00-0033119,J.Brissett,00-0039907,J.Polk,19,9,74.0,1,-5.88312752844291,-0.30963829097067946,8,0.42105263157894735,240.0,3.0,12.631578947368421,0.3333333333333333,3.0,1,2,1
2024,REG,NE,00-0033307,K.Bourne,00-0036875,R.Stevenson,1,0,0.0,0,-1.31996548431925,-1.31996548431925,0,0.0,0.0,0.0,0.0,0.0,0.0,0,0,0
2024,REG,MIN,00-0033319,N.Mullens,00-0033293,A.Jones,2,2,38.0,0,4.86872562265489,2.434362811327445,2,1.0,24.0,14.0,12.0,7.0,2.0,1,0,0
2024,REG,NO,00-0033357,T.Hill,00-0033906,A.Kamara,1,1,3.0,0,-0.174980892101303,-0.174980892101303,0,0.0,-5.0,8.0,-5.0,8.0,0.0,0,0,0
2024,REG,NO,00-0033357,T.Hill,00-0034272,M.Valdes-Scantling,1,0,0.0,0,-3.23241510428488,-3.23241510428488,0,0.0,41.0,0.0,41.0,0.0,0.0,0,0,0
2024,REG,NO,00-0033357,T.Hill,00-0036727,A.Prentice,1,0,0.0,0,-1.14228948981442,-1.14228948981442,0,0.0,0.0,0.0,0.0,0.0,0.0,0,0,0
2024,REG,NO,00-0033357,T.Hill,00-0037231,K.Austin,1,1,18.0,0,1.33199217077345,1.33199217077345,1,1.0,17.0,1.0,17.0,1.0,1.0,0,0,0
2024,REG,CLE,00-0033537,D.Watson,00-0031544,A.Cooper,53,24,250.0,2,-5.325597100774876,-0.1004829641655637,18,0.33962264150943394,697.0,57.0,13.150943396226415,2.375,11.0,2,3,1
2024,REG,CLE,00-0033537,D.Watson,00-0033885,D.Njoku,20,15,133.0,0,2.5593794683861386,0.12796897341930694,7,0.35,85.0,86.0,4.25,5.733333333333333,6.0,1,1,0
2024,REG,CLE,00-0033537,D.Watson,00-0033925,D.Foreman,4,4,30.0,0,1.0777337421895943,0.26943343554739857,3,0.75,6.0,24.0,1.5,6.0,0.0,0,0,0
2024,REG,CLE,00-0033537,D.Watson,00-0034364,J.Akins,21,16,140.0,1,8.485622235632036,0.40407724931581124,13,0.6190476190476191,87.0,76.0,4.142857142857143,4.75,7.0,1,1,1
2024,REG,CLE,00-0033537,D.Watson,00-0034791,N.Chubb,2,1,10.0,0,-0.04372851410880696,-0.02186425705440348,1,0.5,8.0,5.0,4.0,5.0,1.0,0,0,0
2024,REG,CLE,00-0033537,D.Watson,00-0036133,J.Proche,1,1,3.0,0,-0.228872006875463,-0.228872006875463,0,0.0,-1.0,4.0,-1.0,4.0,0.0,0,0,0
2024,REG,CLE,00-0033537,D.Watson,00-0036407,J.Jeudy,37,20,248.0,1,6.112103388048242,0.1651919834607633,16,0.43243243243243246,464.0,43.0,12.54054054054054,2.15,12.0,3,6,1
2024,REG,CLE,00-0033537,D.Watson,00-0036877,J.Darden,1,1,6.0,0,0.736790606519207,0.736790606519207,1,1.0,-3.0,9.0,-3.0,9.0,1.0,0,0,0
2024,REG,CLE,00-0033537,D.Watson,00-0036980,E.Moore,26,19,112.0,0,-9.225924300979916,-0.3548432423453814,8,0.3076923076923077,117.0,54.0,4.5,2.8421052631578947,4.0,1,3,0
2024,REG,CLE,00-0033537,D.Watson,00-0037257,D.Bell,3,3,27.0,0,3.214173211832534,1.0713910706108447,2,0.6666666666666666,19.0,8.0,6.333333333333333,2.6666666666666665,1.0,0,1,0
2024,REG,CLE,00-0033537,D.Watson,00-0037267,J.Ford,23,20,87.0,0,-7.219771879317713,-0.3139031251877266,5,0.21739130434782608,-28.0,139.0,-1.2173913043478262,6.95,2.0,1,0,0
2024,REG,CLE,00-0033537,D.Watson,00-0038098,P.Strong,9,5,65.0,0,3.029162086253042,0.33657356513922687,4,0.4444444444444444,10.0,73.0,1.1111111111111112,14.6,3.0,2,0,0
2024,REG,CLE,00-0033537,D.Watson,00-0038710,B.Whiteheart,3,3,13.0,1,1.0941924006911001,0.3647308002303667,2,0.6666666666666666,9.0,4.0,3.0,1.3333333333333333,1.0,0,2,1
2024,REG,CLE,00-0033537,D.Watson,00-0038979,C.Tillman,8,5,24.0,0,-1.0729269303847142,-0.13411586629808928,4,0.5,46.0,12.0,5.75,2.4,0.0,0,0,0
2024,REG,DAL,00-0033662,C.Rush,00-0031236,B.Cooks,26,14,153.0,2,-5.129236131901292,-0.1972783127654343,13,0.5,340.0,34.0,13.076923076923077,2.4285714285714284,12.0,2,3,2
2024,REG,DAL,00-0033662,C.Rush,00-0033045,E.Elliott,5,5,29.0,0,0.12407802254892375,0.02481560450978475,2,0.4,-5.0,34.0,-1.0,6.8,1.0,0,0,0
2024,REG,DAL,00-0033662,C.Rush,00-0036139,R.Dowdle,25,20,104.0,0,-0.8866213788278391,-0.03546485515311357,11,0.44,-32.0,132.0,-1.28,6.6,5.0,0,2,0
2024,REG,DAL,00-0033662,C.Rush,00-0036358,C.Lamb,73,49,539.0,2,11.239515210577974,0.15396596178873936,37,0.5068493150684932,507.0,262.0,6.945205479452055,5.346938775510204,27.0,7,9,2
2024,REG,DAL,00-0033662,C.Rush,00-0037666,J.Tolbert,33,17,172.0,5,7.6343510524187685,0.23134397128541723,15,0.45454545454545453,307.0,50.0,9.303030303030303,2.9411764705882355,11.0,1,8,5
2024,REG,DAL,00-0033662,C.Rush,00-0037801,K.Turpin,29,17,234.0,1,0.3131779556923564,0.010799239851460566,13,0.4482758620689655,148.0,169.0,5.103448275862069,9.941176470588236,10.0,3,5,0
2024,REG,DAL,00-0033662,C.Rush,00-0038041,J.Ferguson,32,20,155.0,0,-9.09727430512429,-0.2842898220351341,8,0.25,126.0,94.0,3.9375,4.7,5.0,2,1,0
2024,REG,DAL,00-0033662,C.Rush,00-0038547,L.Schoonmaker,23,17,169.0,1,9.66098960221278,0.42004302618316436,14,0.6086956521739131,147.0,60.0,6.391304347826087,3.5294117647058822,7.0,3,0,0
2024,REG,DAL,00-0033662,C.Rush,00-0038622,D.Vaughn,3,2,10.0,0,-1.3803468882106251,-0.4601156294035417,0,0.0,-4.0,10.0,-1.3333333333333333,5.0,0.0,0,0,0
2024,REG,DAL,00-0033662,C.Rush,00-0038640,J.Brooks,16,6,101.0,1,-1.6749581870780987,-0.10468488669238117,5,0.3125,217.0,13.0,13.5625,2.1666666666666665,5.0,1,4,1
2024,REG,DAL,00-0033662,C.Rush,00-0038738,H.Luepke,6,3,12.0,0,-1.8056344394607278,-0.30093907324345465,2,0.3333333333333333,10.0,11.0,1.6666666666666667,3.6666666666666665,0.0,0,0,0
2024,REG,DAL,00-0033662,C.Rush,00-0039062,J.Mingo,14,3,22.0,0,-9.366655666439328,-0.6690468333170949,2,0.14285714285714285,197.0,3.0,14.071428571428571,1.0,0.0,0,1,0
2024,REG,DAL,00-0033662,C.Rush,00-0039410,R.Flournoy,11,7,76.0,0,0.798976164718623,0.0726341967926021,4,0.36363636363636365,94.0,29.0,8.545454545454545,4.142857142857143,4.0,1,0,0
2024,REG,DAL,00-0033662,C.Rush,00-0039530,B.Spann-Ford,8,7,68.0,0,4.662448651273734,0.5828060814092167,6,0.75,41.0,41.0,5.125,5.857142857142857,5.0,0,0,0
2024,REG,BUF,00-0033869,M.Trubisky,00-0033282,C.Samuel,6,6,29.0,0,-1.2834541720628805,-0.21390902867714676,2,0.3333333333333333,-6.0,35.0,-1.0,5.833333333333333,0.0,0,0,0
2024,REG,BUF,00-0033869,M.Trubisky,00-0033555,M.Hollins,4,3,25.0,0,0.896610050403976,0.224152512600994,2,0.5,26.0,10.0,6.5,3.3333333333333335,2.0,0,1,0
2024,REG,BUF,00-0033869,M.Trubisky,00-0034272,M.Valdes-Scantling,1,0,0.0,0,-0.521999108372256,-0.521999108372256,0,0.0,16.0,0.0,16.0,0.0,0.0,0,0,0
2024,REG,BUF,00-0033869,M.Trubisky,00-0035537,Ty.Johnson,2,1,0.0,0,-0.578451894398313,-0.2892259471991565,0,0.0,13.0,8.0,6.5,8.0,0.0,0,0,0
2024,REG,BUF,00-0033869,M.Trubisky,00-0036590,Q.Morris,3,3,20.0,0,1.20976417841462,0.4032547261382067,2,0.6666666666666666,6.0,14.0,2.0,4.666666666666667,1.0,0,0,0
2024,REG,BUF,00-0033869,M.Trubisky,00-0038679,T.Shavers,1,1,69.0,1,7.09404285252094,7.09404285252094,1,1.0,-2.0,71.0,-2.0,71.0,1.0,1,0,0
2024,REG,BUF,00-0033869,M.Trubisky,00-0039875,R.Davis,3,3,5.0,1,2.991130265989343,0.9970434219964477,1,0.3333333333333333,-3.0,8.0,-1.0,2.6666666666666665,1.0,0,1,1
2024,REG,BUF,00-0033869,M.Trubisky,00-0039901,K.Coleman,5,2,31.0,0,0.6800280075403888,0.13600560150807778,2,0.4,98.0,3.0,19.6,1.5,2.0,1,0,0
2024,REG,KC,00-0033873,P.Mahomes,00-0030506,T.Kelce,134,97,823.0,3,20.626750875772736,0.15393097668487116,75,0.5597014925373134,883.0,341.0,6.58955223880597,3.515463917525773,47.0,10,27,3
2024,REG,KC,00-0033873,P.Mahomes,00-0030564,D.Hopkins,58,40,429.0,4,21.659873543684064,0.37344609558075975,32,0.5517241379310345,658.0,101.0,11.344827586206897,2.525,25.0,4,9,4
2024,REG,KC,00-0033873,P.Mahomes,00-0033526,S.Perine,34,27,284.0,1,11.946403289131972,0.3513648026215286,16,0.47058823529411764,11.0,275.0,0.3235294117647059,10.185185185185185,14.0,5,3,1
2024,REG,KC,00-0033873,P.Mahomes,00-0033857,J.Smith-Schuster,24,17,227.0,2,2.306553626124404,0.09610640108851683,14,0.5833333333333334,130.0,155.0,5.416666666666667,9.117647058823529,11.0,3,6,2
2024,REG,KC,00-0033873,P.Mahomes,00-0033873,P.Mahomes,1,1,2.0,0,-0.403063578065485,-0.403063578065485,0,0.0,-1.0,3.0,-1.0,3.0,0.0,0,0,0
2024,REG,KC,00-0033873,P.Mahomes,00-0033923,K.Hunt,32,23,176.0,0,3.0172128671776415,0.0942879020993013,15,0.46875,-58.0,216.0,-1.8125,9.391304347826088,10.0,1,10,0
2024,REG,KC,00-0033873,P.Mahomes,00-0034386,Ju.Watson,29,21,284.0,2,21.892976363267998,0.7549302194230344,20,0.6896551724137931,445.0,68.0,15.344827586206897,3.238095238095238,13.0,2,4,2
2024,REG,KC,00-0033873,P.Mahomes,00-0035140,M.Hardman,14,12,90.0,0,4.308099643734751,0.3077214031239108,7,0.5,-14.0,99.0,-1.0,8.25,6.0,0,5,0
2024,REG,KC,00-0033873,P.Mahomes,00-0035547,J.Fortson,3,1,5.0,0,-5.667218870716167,-1.889072956905389,1,0.3333333333333333,4.0,2.0,1.3333333333333333,2.0,1.0,0,1,0
2024,REG,KC,00-0033873,P.Mahomes,00-0035662,M.Brown,15,9,91.0,0,4.15760489745298,0.27717365983019865,6,0.4,123.0,46.0,8.2,5.111111111111111,5.0,1,2,0
2024,REG,KC,00-0033873,P.Mahomes,00-0036637,N.Gray,48,39,436.0,5,23.932046262925716,0.49858429714428576,34,0.7083333333333334,309.0,209.0,6.4375,5.358974358974359,25.0,6,10,4
2024,REG,KC,00-0033873,P.Mahomes,00-0037197,I.Pacheco,16,12,79.0,0,-1.8505314201552112,-0.1156582137597007,6,0.375,-22.0,119.0,-1.375,9.916666666666666,4.0,1,1,0
2024,REG,KC,00-0033873,P.Mahomes,00-0037207,M.Caliendo,1,1,5.0,0,0.788040928076953,0.788040928076953,1,1.0,2.0,3.0,2.0,3.0,1.0,0,0,0
2024,REG,KC,00-0033873,P.Mahomes,00-0037216,J.Ross,1,0,0.0,0,-1.216528201635,-1.216528201635,0,0.0,10.0,0.0,10.0,0.0,0.0,0,1,0
2024,REG,KC,00-0033873,P.Mahomes,00-0037569,P.Hendershot,3,3,26.0,0,1.807236789318264,0.602412263106088,3,1.0,11.0,15.0,3.6666666666666665,5.0,1.0,0,1,0
2024,REG,KC,00-0033873,P.Mahomes,00-0038090,S.Moore,3,0,0.0,0,-2.919757997267879,-0.9732526657559597,0,0.0,18.0,0.0,6.0,0.0,0.0,0,0,0
2024,REG,KC,00-0033873,P.Mahomes,00-0038981,W.Morris,1,1,1.0,1,0.700560969533399,0.700560969533399,1,1.0,1.0,0.0,1.0,0.0,1.0,0,1,1
2024,REG,KC,00-0033873,P.Mahomes,00-0039067,R.Rice,29,24,288.0,2,16.47327220853187,0.5680438692597197,19,0.6551724137931034,151.0,186.0,5.206896551724138,7.75,15.0,3,2,1
2024,REG,KC,00-0033873,P.Mahomes,00-0039316,B.Cupp,1,0,0.0,0,-0.678179833921604,-0.678179833921604,0,0.0,0.0,0.0,0.0,0.0,0.0,0,0,0
2024,REG,KC,00-0033873,P.Mahomes,00-0039325,C.Steele,9,5,24.0,0,-1.9901755359023807,-0.22113061510026452,2,0.2222222222222222,-11.0,35.0,-1.2222222222222223,7.0,0.0,0,2,0
2024,REG,KC,00-0033873,P.Mahomes,00-0039824,J.Wiley,1,1,7.0,0,-0.145088373683393,-0.145088373683393,0,0.0,4.0,3.0,4.0,3.0,0.0,0,0,0
2024,REG,KC,00-0033873,P.Mahomes,00-0039894,X.Worthy,98,58,626.0,6,17.759994076587148,0.1812244293529301,51,0.5204081632653061,900.0,399.0,9.183673469387756,6.879310344827586,35.0,4,19,4
2024,REG,HOU,00-0033897,J.Mixon,00-0039163,C.Stroud,1,0,0.0,0,-0.726145962660667,-0.726145962660667,0,0.0,10.0,0.0,10.0,0.0,0.0,0,1,0
2024,REG,SF,00-0033949,J.Dobbs,00-0029892,K.Juszczyk,3,2,49.0,1,3.4684220054186836,1.1561406684728945,2,0.6666666666666666,31.0,21.0,10.333333333333334,10.5,2.0,1,0,0
2024,REG,SF,00-0033949,J.Dobbs,00-0032128,C.Conley,4,4,59.0,0,5.249309442006052,1.312327360501513,4,1.0,47.0,12.0,11.75,3.0,2.0,2,0,0
2024,REG,SF,00-0033949,J.Dobbs,00-0033288,G.Kittle,4,3,38.0,0,1.082272995484773,0.27056824887119324,3,0.75,46.0,13.0,11.5,4.333333333333333,2.0,1,1,0
2024,REG,SF,00-0033949,J.Dobbs,00-0033292,T.Taylor,1,1,11.0,0,0.504246017197147,0.504246017197147,1,1.0,9.0,2.0,9.0,2.0,0.0,0,0,0
2024,REG,SF,00-0033949,J.Dobbs,00-0033576,E.Saubert,5,4,17.0,0,-1.085846038098681,-0.21716920761973618,2,0.4,20.0,3.0,4.0,0.75,2.0,0,3,0
2024,REG,SF,00-0033949,J.Dobbs,00-0035973,P.Taylor,4,1,12.0,0,-4.022974083782178,-1.0057435209455445,1,0.25,24.0,7.0,6.0,7.0,1.0,0,0,0
2024,REG,SF,00-0033949,J.Dobbs,00-0036259,J.Jennings,13,9,76.0,0,0.41269737106404636,0.031745951620311255,6,0.46153846153846156,91.0,19.0,7.0,2.111111111111111,3.0,0,1,0
2024,REG,SF,00-0033949,J.Dobbs,00-0038643,B.Willis,2,0,0.0,0,-1.4461409822688438,-0.7230704911344219,0,0.0,11.0,0.0,5.5,0.0,0.0,0,0,0
2024,REG,SF,00-0033949,J.Dobbs,00-0039365,J.Cowing,2,2,30.0,0,2.85156191559508,1.42578095779754,2,1.0,20.0,10.0,10.0,5.0,2.0,0,1,0
2024,REG,SF,00-0033949,J.Dobbs,00-0039916,R.Pearsall,8,6,69.0,1,3.549454592226541,0.44368182402831763,4,0.5,74.0,14.0,9.25,2.3333333333333335,4.0,1,1,1
2024,REG,LAC,00-0034162,J.Scott,00-0037475,S.Smartt,1,1,3.0,0,-2.70660636294633,-2.70660636294633,0,0.0,-4.0,7.0,-4.0,7.0,0.0,0,0,0
2024,REG,MIA,00-0034177,T.Boyle,00-0033040,T.Hill,2,2,14.0,0,-0.074591618147678,-0.037295809073839,1,0.5,2.0,12.0,1.0,6.0,0.0,0,0,0
2024,REG,MIA,00-0034177,T.Boyle,00-0033858,J.Smith,4,4,53.0,0,4.100493537378494,1.0251233843446235,4,1.0,24.0,29.0,6.0,7.25,4.0,0,0,0
2024,REG,MIA,00-0034177,T.Boyle,00-0034419,B.Berrios,1,0,0.0,0,-2.72349766991101,-2.72349766991101,0,0.0,5.0,0.0,5.0,0.0,0.0,0,0,0
2024,REG,MIA,00-0034177,T.Boyle,00-0034798,D.Smythe,2,1,3.0,0,-1.9776309506851242,-0.9888154753425621,0,0.0,5.0,0.0,2.5,0.0,0.0,0,1,0
2024,REG,NYG,00-0034177,T.Boyle,00-0035250,D.Singletary,2,2,13.0,0,0.552923490933608,0.276461745466804,2,1.0,-3.0,16.0,-1.5,8.0,0.0,0,0,0
2024,REG,MIA,00-0034177,T.Boyle,00-0036613,J.Waddle,4,2,14.0,0,0.05748173251049693,0.014370433127624233,1,0.25,16.0,10.0,4.0,5.0,0.0,0,1,0
2024,REG,MIA,00-0034177,T.Boyle,00-0036620,D.Eskridge,1,1,30.0,0,2.01802403491456,2.01802403491456,1,1.0,13.0,17.0,13.0,17.0,1.0,1,0,0
2024,REG,MIA,00-0034177,T.Boyle,00-0038092,E.Ezukanma,2,0,0.0,0,-2.419144907034935,-1.2095724535174674,0,0.0,59.0,0.0,29.5,0.0,0.0,0,0,0
2024,REG,NYG,00-0034177,T.Boyle,00-0038115,D.Bellinger,2,2,22.0,0,1.0588068659417293,0.5294034329708647,1,0.5,9.0,13.0,4.5,6.5,1.0,0,0,0
2024,REG,NYG,00-0034177,T.Boyle,00-0038117,W.Robinson,7,2,31.0,0,-4.631201627606055,-0.6616002325151508,2,0.2857142857142857,74.0,1.0,10.571428571428571,0.5,1.0,1,1,0
2024,REG,MIA,00-0034177,T.Boyle,00-0038720,J.Hill,2,2,24.0,0,2.464231270365419,1.2321156351827094,2,1.0,11.0,13.0,5.5,6.5,2.0,0,1,0
2024,REG,MIA,00-0034177,T.Boyle,00-0039040,D.Achane,4,2,8.0,0,-4.499618015950547,-1.1249045039876366,1,0.25,10.0,3.0,2.5,1.5,0.0,0,1,0
2024,REG,NYG,00-0034177,T.Boyle,00-0039337,M.Nabers,8,5,53.0,1,-0.95633130695205,-0.11954141336900626,2,0.25,65.0,25.0,8.125,5.0,2.0,1,2,0
2024,REG,NYG,00-0034177,T.Boyle,00-0039384,T.Tracy,3,1,4.0,0,-1.3959087573457511,-0.4653029191152504,0,0.0,0.0,8.0,0.0,8.0,0.0,0,0,0
2024,REG,MIA,00-0034177,T.Boyle,00-0039880,M.Washington,2,1,7.0,0,-1.422523634566462,-0.711261817283231,1,0.5,19.0,4.0,9.5,4.0,0.0,0,0,0
2024,REG,DEN,00-0034348,C.Sutton,00-0031595,M.Burton,1,1,28.0,0,3.61084375664359,3.61084375664359,1,1.0,17.0,11.0,17.0,11.0,1.0,1,0,0
2024,REG,DEN,00-0034348,C.Sutton,00-0039732,B.Nix,1,1,2.0,1,3.87989441974787,3.87989441974787,1,1.0,2.0,0.0,2.0,0.0,1.0,0,1,1
2024,REG,BUF,00-0034401,M.White,00-0033282,C.Samuel,4,3,28.0,0,-1.317888460587707,-0.32947211514692676,2,0.5,6.0,32.0,1.5,10.666666666666666,1.0,0,0,0
2024,REG,BUF,00-0034401,M.White,00-0036590,Q.Morris,1,0,0.0,0,-0.824461978161708,-0.824461978161708,0,0.0,5.0,0.0,5.0,0.0,0.0,0,0,0
2024,REG,BUF,00-0034401,M.White,00-0039875,R.Davis,1,0,0.0,0,-0.485408340347931,-0.485408340347931,0,0.0,-3.0,0.0,-3.0,0.0,0.0,0,0,0
2024,REG,BUF,00-0034401,M.White,00-0039901,K.Coleman,5,0,0.0,0,-4.525107519759329,-0.9050215039518659,0,0.0,90.0,0.0,18.0,0.0,0.0,0,0,0
2024,REG,NO,00-0034418,C.Wilson,00-0033906,A.Kamara,1,1,21.0,1,2.03491358784959,2.03491358784959,1,1.0,20.0,1.0,20.0,1.0,1.0,1,0,0
2024,REG,PIT,00-0034577,K.Allen,00-0036894,P.Freiermuth,1,1,19.0,0,1.43255293625407,1.43255293625407,1,1.0,13.0,6.0,13.0,6.0,1.0,0,0,0
2024,REG,TEN,00-0034771,M.Rudolph,00-0030564,D.Hopkins,3,2,21.0,0,1.49600816186285,0.49866938728761667,2,0.6666666666666666,29.0,2.0,9.666666666666666,1.0,2.0,0,0,0
2024,REG,TEN,00-0034771,M.Rudolph,00-0032394,N.Vannett,9,8,83.0,2,2.6016563129960586,0.2890729236662287,7,0.7777777777777778,10.0,72.0,1.1111111111111112,9.0,5.0,1,3,2
2024,REG,TEN,00-0034771,M.Rudolph,00-0033009,T.Boyd,19,13,118.0,0,-0.4845258008026935,-0.025501357936983868,9,0.47368421052631576,154.0,31.0,8.105263157894736,2.3846153846153846,6.0,1,4,0
2024,REG,TEN,00-0034771,M.Rudolph,00-0034837,C.Ridley,50,29,470.0,1,15.10949059366306,0.30218981187326116,25,0.5,679.0,119.0,13.58,4.103448275862069,20.0,10,3,0
2024,REG,TEN,00-0034771,M.Rudolph,00-0035261,T.Pollard,19,12,78.0,0,-8.056954025407315,-0.42405021186354286,6,0.3157894736842105,10.0,66.0,0.5263157894736842,5.5,3.0,0,0,0
2024,REG,TEN,00-0034771,M.Rudolph,00-0036176,M.Kinsey,2,2,17.0,0,0.798377008002717,0.3991885040013585,2,1.0,17.0,0.0,8.5,0.0,1.0,0,0,0
2024,REG,TEN,00-0034771,M.Rudolph,00-0036182,N.Westbrook-Ikhine,27,16,162.0,4,6.0169556743258035,0.22285021016021495,14,0.5185185185185185,244.0,22.0,9.037037037037036,1.375,14.0,1,7,4
2024,REG,TEN,00-0034771,M.Rudolph,00-0037594,J.Chestnut,2,1,9.0,0,-3.4355854899040414,-1.7177927449520207,1,0.5,1.0,12.0,0.5,12.0,0.0,0,0,0
2024,REG,TEN,00-0034771,M.Rudolph,00-0037742,T.Burks,1,1,13.0,0,1.59350449114572,1.59350449114572,1,1.0,13.0,0.0,13.0,0.0,1.0,0,0,0
2024,REG,TEN,00-0034771,M.Rudolph,00-0037809,C.Okonkwo,41,29,265.0,0,-9.897109059073298,-0.24139290387983653,22,0.5365853658536586,272.0,106.0,6.634146341463414,3.6551724137931036,10.0,3,5,0
2024,REG,TEN,00-0034771,M.Rudolph,00-0038589,J.Whyle,21,17,150.0,1,8.72923761277344,0.41567798156064,12,0.5714285714285714,86.0,87.0,4.095238095238095,5.117647058823529,9.0,1,2,1
2024,REG,TEN,00-0034771,M.Rudolph,00-0039032,T.Spears,15,13,130.0,1,3.815416022277939,0.2543610681518626,8,0.5333333333333333,-1.0,134.0,-0.06666666666666667,10.307692307692308,5.0,1,3,1
2024,REG,TEN,00-0034771,M.Rudolph,00-0039392,J.Jackson,3,1,8.0,0,-1.848490768985354,-0.6161635896617846,1,0.3333333333333333,78.0,2.0,26.0,2.0,1.0,0,0,0
2024,REG,TEN,00-0034771,M.Rudolph,00-0039648,D.Martin-Robinson,1,1,6.0,0,0.818528258590959,0.818528258590959,1,1.0,0.0,6.0,0.0,6.0,1.0,0,0,0
2024,REG,TEN,00-0034771,M.Rudolph,00-0039650,B.Oliver,2,1,8.0,0,0.15285262191900895,0.07642631095950447,1,0.5,10.0,5.0,5.0,5.0,0.0,0,1,0
2024,REG,BAL,00-0034796,L.Jackson,00-0031549,N.Agholor,29,14,231.0,2,7.090263242885364,0.24449183596156426,12,0.41379310344827586,387.0,85.0,13.344827586206897,6.071428571428571,10.0,5,2,2
2024,REG,BAL,00-0034796,L.Jackson,00-0032764,D.Henry,21,18,192.0,2,10.415936392120777,0.4959969710533703,14,0.6666666666666666,-25.0,215.0,-1.1904761904761905,11.944444444444445,11.0,2,5,2
2024,REG,BAL,00-0034796,L.Jackson,00-0033376,P.Ricard,5,3,22.0,1,1.9607679708860781,0.3921535941772156,3,0.6,6.0,18.0,1.2,6.0,1.0,0,2,1
2024,REG,BAL,00-0034796,L.Jackson,00-0034753,M.Andrews,69,55,673.0,11,50.0989648005923,0.7260719536317725,49,0.7101449275362319,731.0,188.0,10.594202898550725,3.418181818181818,39.0,6,16,11
2024,REG,BAL,00-0034796,L.Jackson,00-0034975,J.Hill,51,42,383.0,3,14.125376755954996,0.27696817168539206,24,0.47058823529411764,-34.0,438.0,-0.6666666666666666,10.428571428571429,17.0,3,8,2
2024,REG,BAL,00-0034796,L.Jackson,00-0035216,D.Johnson,5,1,6.0,0,-4.744117200083562,-0.9488234400167125,0,0.0,123.0,1.0,24.6,1.0,0.0,0,0,0
2024,REG,BAL,00-0034796,L.Jackson,00-0036550,R.Bateman,72,45,756.0,9,44.98197911099561,0.624749709874939,38,0.5277777777777778,973.0,184.0,13.51388888888889,4.088888888888889,35.0,11,9,6
2024,REG,BAL,00-0034796,L.Jackson,00-0036630,T.Wallace,12,11,193.0,1,12.686041927838229,1.0571701606531858,9,0.75,74.0,127.0,6.166666666666667,11.545454545454545,5.0,2,1,0
2024,REG,BAL,00-0034796,L.Jackson,00-0037838,I.Likely,58,42,477.0,6,27.70649973336767,0.47769827126495984,37,0.6379310344827587,467.0,256.0,8.051724137931034,6.095238095238095,26.0,4,13,5
2024,REG,BAL,00-0034796,L.Jackson,00-0038046,C.Kolar,11,9,131.0,1,8.187531020754244,0.7443210018867495,7,0.6363636363636364,66.0,76.0,6.0,8.444444444444445,4.0,2,1,1
2024,REG,BAL,00-0034796,L.Jackson,00-0038454,K.Mitchell,1,1,28.0,0,1.14997715229401,1.14997715229401,1,1.0,-5.0,33.0,-5.0,33.0,1.0,1,0,0
2024,REG,BAL,00-0034796,L.Jackson,00-0039064,Z.Flowers,117,74,1059.0,4,44.65668916783793,0.3816811039986148,62,0.5299145299145299,1207.0,463.0,10.316239316239317,6.256756756756757,48.0,19,8,3
2024,REG,BAL,00-0034796,L.Jackson,00-0039792,D.Walker,2,1,21.0,1,2.628417428466489,1.3142087142332446,1,0.5,46.0,0.0,23.0,0.0,1.0,1,0,0
2024,REG,BAL,00-0034796,L.Jackson,00-0039796,R.Ali,2,0,0.0,0,-0.7961300523020329,-0.39806502615101647,0,0.0,-5.0,0.0,-2.5,0.0,0.0,0,0,0
2024,REG,CHI,00-0034827,D.Moore,00-0039919,R.Odunze,1,0,0.0,0,-0.44727218337357,-0.44727218337357,0,0.0,33.0,0.0,33.0,0.0,0.0,0,0,0
2024,REG,TB,00-0034855,B.Mayfield,00-0031408,M.Evans,110,74,1004.0,11,38.525607347645845,0.3502327940695077,67,0.6090909090909091,1274.0,226.0,11.581818181818182,3.054054054054054,53.0,15,15,7
2024,REG,TB,00-0034855,B.Mayfield,00-0032385,S.Shepard,52,32,334.0,1,15.618427973854894,0.30035438411259413,27,0.5192307692307693,473.0,99.0,9.096153846153847,3.09375,16.0,4,7,1
2024,REG,TB,00-0034855,B.Mayfield,00-0033921,C.Godwin,62,50,576.0,5,35.511457796120396,0.5727654483245225,43,0.6935483870967742,356.0,350.0,5.741935483870968,7.0,33.0,7,7,3
2024,REG,TB,00-0034855,B.Mayfield,00-0037256,R.White,57,51,393.0,6,11.230088003091897,0.19701908777354205,29,0.5087719298245614,-109.0,516.0,-1.912280701754386,10.117647058823529,18.0,3,11,5
2024,REG,TB,00-0034855,B.Mayfield,00-0038129,C.Otton,87,59,600.0,4,12.532692278894617,0.14405393424016802,40,0.45977011494252873,471.0,311.0,5.413793103448276,5.271186440677966,31.0,7,16,4
2024,REG,TB,00-0034855,B.Mayfield,00-0038821,R.Jarrett,11,9,124.0,0,7.414585556128572,0.6740532323753248,7,0.6363636363636364,127.0,18.0,11.545454545454545,2.0,5.0,2,2,0
2024,REG,TB,00-0034855,B.Mayfield,00-0038824,R.Miller,20,12,128.0,2,4.847865950537895,0.24239329752689476,10,0.5,195.0,55.0,9.75,4.583333333333333,7.0,2,3,2
2024,REG,TB,00-0034855,B.Mayfield,00-0038951,S.Tucker,12,9,109.0,1,7.420048496831443,0.6183373747359536,8,0.6666666666666666,12.0,105.0,1.0,11.666666666666666,6.0,1,0,0
2024,REG,TB,00-0034855,B.Mayfield,00-0039050,P.Durham,14,11,115.0,2,10.396651401650157,0.7426179572607255,10,0.7142857142857143,124.0,24.0,8.857142857142858,2.1818181818181817,5.0,2,2,2
2024,REG,TB,00-0034855,B.Mayfield,00-0039052,T.Palmer,22,12,172.0,1,5.945010595227354,0.2702277543285161,9,0.4090909090909091,315.0,42.0,14.318181818181818,3.5,7.0,2,2,1
2024,REG,TB,00-0034855,B.Mayfield,00-0039361,B.Irving,52,46,387.0,0,14.273235255024158,0.2744852933658492,29,0.5576923076923077,-156.0,520.0,-3.0,11.304347826086957,16.0,3,9,0
2024,REG,TB,00-0034855,B.Mayfield,00-0039589,K.Johnson,1,0,0.0,0,-1.64784452304462,-1.64784452304462,0,0.0,3.0,0.0,3.0,0.0,0.0,0,1,0
2024,REG,TB,00-0034855,B.Mayfield,00-0039754,D.Culp,6,5,88.0,0,7.849543182837843,1.3082571971396406,4,0.6666666666666666,73.0,31.0,12.166666666666666,6.2,4.0,2,2,0
2024,REG,TB,00-0034855,B.Mayfield,00-0039855,J.McMillan,58,37,461.0,8,10.131911177256267,0.1746881237457977,31,0.5344827586206896,704.0,133.0,12.137931034482758,3.5945945945945947,23.0,8,8,4
2024,REG,BUF,00-0034857,J.Allen,00-0031544,A.Cooper,32,20,297.0,3,12.232420185348015,0.3822631307921255,17,0.53125,464.0,54.0,14.5,2.7,14.0,6,2,2
2024,REG,BUF,00-0034857,J.Allen,00-0033282,C.Samuel,36,22,196.0,1,-7.703727181770336,-0.21399242171584268,13,0.3611111111111111,212.0,93.0,5.888888888888889,4.2272727272727275,8.0,2,6,1
2024,REG,BUF,00-0034857,J.Allen,00-0033555,M.Hollins,46,28,353.0,5,23.543962626826463,0.5118252744962275,27,0.5869565217391305,623.0,80.0,13.543478260869565,2.857142857142857,23.0,4,6,4
2024,REG,BUF,00-0034857,J.Allen,00-0034272,M.Valdes-Scantling,8,2,26.0,0,-6.386037182644938,-0.7982546478306173,1,0.125,125.0,6.0,15.625,3.0,1.0,0,0,0
2024,REG,BUF,00-0034857,J.Allen,00-0035537,Ty.Johnson,23,17,284.0,3,23.980372853073753,1.0426249066553805,14,0.6086956521739131,191.0,162.0,8.304347826086957,9.529411764705882,14.0,5,7,2
2024,REG,BUF,00-0034857,J.Allen,00-0035689,D.Knox,33,22,311.0,1,10.10599374939922,0.3062422348302794,18,0.5454545454545454,316.0,94.0,9.575757575757576,4.2727272727272725,12.0,7,5,1
2024,REG,BUF,00-0034857,J.Allen,00-0036590,Q.Morris,4,2,16.0,1,0.949085925065448,0.237271481266362,2,0.5,63.0,8.0,15.75,4.0,2.0,0,1,1
2024,REG,BUF,00-0034857,J.Allen,00-0036640,Z.Davidson,2,1,5.0,0,-0.7158418569015341,-0.35792092845076706,0,0.0,10.0,2.0,5.0,2.0,0.0,0,1,0
2024,REG,BUF,00-0034857,J.Allen,00-0037248,J.Cook,38,32,258.0,2,12.760446237138234,0.33580121676679564,19,0.5,37.0,260.0,0.9736842105263158,8.125,14.0,3,5,2
2024,REG,BUF,00-0034857,J.Allen,00-0037261,K.Shakir,100,76,821.0,4,44.17583134297299,0.44175831342972993,57,0.57,548.0,597.0,5.48,7.855263157894737,35.0,9,10,2
2024,REG,BUF,00-0034857,J.Allen,00-0038933,D.Kincaid,75,44,448.0,2,14.806048939535449,0.19741398586047265,36,0.48,573.0,274.0,7.64,6.2272727272727275,23.0,5,10,2
2024,REG,BUF,00-0034857,J.Allen,00-0039875,R.Davis,15,14,184.0,2,12.373206185526211,0.824880412368414,11,0.7333333333333333,22.0,156.0,1.4666666666666666,11.142857142857142,7.0,2,1,1
2024,REG,BUF,00-0034857,J.Allen,00-0039901,K.Coleman,48,27,525.0,4,29.114225468013228,0.6065463639169423,26,0.5416666666666666,676.0,212.0,14.083333333333334,7.851851851851852,20.0,11,12,2
2024,REG,MIN,00-0034869,S.Darnold,00-0032918,C.Ham,6,5,35.0,0,-4.691614097566335,-0.7819356829277225,2,0.3333333333333333,1.0,29.0,0.16666666666666666,5.8,1.0,0,0,0
2024,REG,MIN,00-0034869,S.Darnold,00-0033246,J.Mundt,27,19,142.0,2,4.87118568391934,0.1804142845896052,13,0.48148148148148145,115.0,83.0,4.2592592592592595,4.368421052631579,8.0,1,5,2
2024,REG,MIN,00-0034869,S.Darnold,00-0033293,A.Jones,59,48,348.0,2,-4.621951185855426,-0.07833815569246486,31,0.5254237288135594,35.0,370.0,0.5932203389830508,7.708333333333333,17.0,2,19,2
2024,REG,MIN,00-0034869,S.Darnold,00-0034487,T.Sherfield,9,8,83.0,1,1.9735623878659725,0.21928470976288583,8,0.8888888888888888,54.0,40.0,6.0,5.0,4.0,0,1,1
2024,REG,MIN,00-0034869,S.Darnold,00-0034646,B.Powell,10,7,71.0,0,5.094511381350448,0.5094511381350448,7,0.7,102.0,12.0,10.2,1.7142857142857142,5.0,0,1,0
2024,REG,MIN,00-0034869,S.Darnold,00-0035229,T.Hockenson,62,41,455.0,0,9.45778881106288,0.15254498082359483,34,0.5483870967741935,520.0,145.0,8.387096774193548,3.5365853658536586,30.0,5,9,0
2024,REG,MIN,00-0034869,S.Darnold,00-0035249,J.Oliver,28,22,258.0,3,16.962974843394477,0.6058205301212313,18,0.6428571428571429,218.0,129.0,7.785714285714286,5.863636363636363,14.0,5,3,3
2024,REG,MIN,00-0034869,S.Darnold,00-0035311,M.Gaskin,1,1,11.0,0,0.924996225512587,0.924996225512587,1,1.0,-2.0,13.0,-2.0,13.0,0.0,0,0,0
2024,REG,MIN,00-0034869,S.Darnold,00-0036322,J.Jefferson,154,103,1533.0,10,64.19311160311119,0.41683838703318954,89,0.577922077922078,1682.0,487.0,10.922077922077921,4.728155339805825,62.0,28,26,6
2024,REG,MIN,00-0034869,S.Darnold,00-0036414,C.Akers,11,10,52.0,2,1.103357813724588,0.10030525579314437,4,0.36363636363636365,-23.0,72.0,-2.090909090909091,7.2,3.0,0,3,2
2024,REG,MIN,00-0034869,S.Darnold,00-0037276,T.Chandler,6,6,42.0,0,2.10261043993523,0.3504350733225383,4,0.6666666666666666,-11.0,53.0,-1.8333333333333333,8.833333333333334,2.0,0,1,0
2024,REG,MIN,00-0034869,S.Darnold,00-0037291,J.Nailor,42,28,414.0,6,24.56312599459513,0.5848363332046459,26,0.6190476190476191,487.0,106.0,11.595238095238095,3.7857142857142856,22.0,8,7,4
2024,REG,MIN,00-0034869,S.Darnold,00-0038994,J.Addison,100,63,875.0,9,35.26180866758613,0.3526180866758613,50,0.5,1284.0,213.0,12.84,3.380952380952381,39.0,13,19,6
2024,REG,DET,00-0035156,J.Fox,00-0039364,S.Vaki,1,1,17.0,0,3.63742909347639,3.63742909347639,1,1.0,15.0,2.0,15.0,2.0,1.0,0,0,0
2024,REG,LV,00-0035190,A.Cole,00-0036990,D.Deablo,1,1,34.0,0,4.33391802990809,4.33391802990809,1,1.0,4.0,30.0,4.0,30.0,1.0,1,0,0
2024,REG,ARI,00-0035228,K.Murray,00-0033553,J.Conner,55,47,414.0,1,5.554130418913669,0.10098418943479398,30,0.5454545454545454,-103.0,483.0,-1.8727272727272728,10.27659574468085,17.0,4,5,1
2024,REG,ARI,00-0035228,K.Murray,00-0033891,Z.Jones,11,8,84.0,0,-0.47508573124650266,-0.04318961193150024,7,0.6363636363636364,119.0,19.0,10.818181818181818,2.375,5.0,1,0,0
2024,REG,ARI,00-0035228,K.Murray,00-0035500,G.Dortch,50,37,342.0,3,7.380935106859427,0.14761870213718853,25,0.5,207.0,294.0,4.14,7.945945945945946,16.0,2,8,2
2024,REG,ARI,00-0035228,K.Murray,00-0036425,D.Dallas,3,3,11.0,1,1.6203214058768936,0.5401071352922978,2,0.6666666666666666,-9.0,20.0,-3.0,6.666666666666667,1.0,0,1,1
2024,REG,ARI,00-0035228,K.Murray,00-0036924,M.Carter,11,11,57.0,0,0.9578286347095821,0.08707533042814383,6,0.5454545454545454,-16.0,73.0,-1.4545454545454546,6.636363636363637,2.0,0,2,0
2024,REG,ARI,00-0035228,K.Murray,00-0037744,T.McBride,145,109,1138.0,2,50.199412097537504,0.34620284205198276,91,0.6275862068965518,898.0,509.0,6.1931034482758625,4.669724770642202,63.0,10,22,2
2024,REG,ARI,00-0035228,K.Murray,00-0038559,Mi.Wilson,71,47,548.0,4,10.12356175346462,0.14258537680936084,36,0.5070422535211268,805.0,130.0,11.338028169014084,2.765957446808511,27.0,10,8,3
2024,REG,ARI,00-0035228,K.Murray,00-0038705,E.Demercado,20,16,104.0,0,-3.3487944310360294,-0.16743972155180148,6,0.3,26.0,95.0,1.3,5.9375,3.0,1,4,0
2024,REG,ARI,00-0035228,K.Murray,00-0039041,E.Higgins,24,20,172.0,2,9.530997933354234,0.39712491388975973,16,0.6666666666666666,108.0,90.0,4.5,4.5,10.0,1,3,2
2024,REG,ARI,00-0035228,K.Murray,00-0039521,X.Weaver,2,0,0.0,0,-1.6448100185267411,-0.8224050092633706,0,0.0,39.0,0.0,19.5,0.0,0.0,0,0,0
2024,REG,ARI,00-0035228,K.Murray,00-0039737,T.Reiman,7,6,37.0,0,0.4128676811233154,0.05898109730333077,3,0.42857142857142855,12.0,29.0,1.7142857142857142,4.833333333333333,1.0,0,0,0
2024,REG,ARI,00-0035228,K.Murray,00-0039849,M.Harrison,116,62,885.0,8,27.308877169188367,0.23542135490679628,58,0.5,1566.0,148.0,13.5,2.3870967741935485,43.0,14,14,5
2024,REG,ARI,00-0035228,K.Murray,00-0039921,T.Benson,6,6,59.0,0,3.1038311732700117,0.517305195545002,4,0.6666666666666666,-19.0,78.0,-3.1666666666666665,13.0,3.0,0,0,0
2024,REG,LV,00-0035289,G.Minshew,00-0031381,D.Adams,26,18,209.0,1,4.321687650505044,0.16621875578865555,16,0.6153846153846154,256.0,45.0,9.846153846153847,2.5,10.0,4,3,1
2024,REG,LV,00-0035289,G.Minshew,00-0032104,A.Abdullah,14,13,66.0,2,2.4761194777674973,0.17686567698339267,6,0.42857142857142855,-16.0,88.0,-1.1428571428571428,6.769230769230769,4.0,0,2,2
2024,REG,LV,00-0035289,G.Minshew,00-0034960,J.Meyers,60,43,464.0,2,14.3307715908952,0.23884619318158667,34,0.5666666666666667,485.0,159.0,8.083333333333334,3.697674418604651,25.0,5,8,2
2024,REG,LV,00-0035289,G.Minshew,00-0034972,A.Mattison,22,19,203.0,1,7.112221124582,0.3232827783900909,13,0.5909090909090909,-21.0,215.0,-0.9545454545454546,11.31578947368421,9.0,3,1,0
2024,REG,LV,00-0035289,G.Minshew,00-0036232,H.Bryant,5,4,43.0,0,-1.168141307774926,-0.23362826155498523,3,0.6,26.0,35.0,5.2,8.75,2.0,0,0,0
2024,REG,LV,00-0035289,G.Minshew,00-0036527,D.Turner,17,11,74.0,1,-7.595740874234886,-0.4468082867196992,7,0.4117647058823529,115.0,39.0,6.764705882352941,3.5454545454545454,6.0,0,2,1
2024,REG,LV,00-0035289,G.Minshew,00-0038040,Z.White,8,6,30.0,0,-2.249145094273538,-0.2811431367841922,2,0.25,-25.0,50.0,-3.125,8.333333333333334,2.0,0,0,0
2024,REG,LV,00-0035289,G.Minshew,00-0038563,T.Tucker,40,25,274.0,0,1.6596704727659808,0.04149176181914952,15,0.375,468.0,124.0,11.7,4.96,12.0,3,1,0
2024,REG,LV,00-0035289,G.Minshew,00-0038920,J.Shenker,1,1,7.0,0,0.374102335888892,0.374102335888892,1,1.0,4.0,3.0,4.0,3.0,0.0,0,0,0
2024,REG,LV,00-0035289,G.Minshew,00-0039066,M.Mayer,11,7,37.0,0,-0.9862463986919731,-0.0896587635174521,5,0.45454545454545453,42.0,11.0,3.8181818181818183,1.5714285714285714,3.0,0,4,0
2024,REG,LV,00-0035289,G.Minshew,00-0039338,B.Bowers,77,56,606.0,2,12.249471876116889,0.15908405033918038,46,0.5974025974025974,400.0,330.0,5.194805194805195,5.892857142857143,33.0,7,10,0
2024,REG,LV,00-0035289,G.Minshew,00-0039543,R.Keyton,1,0,0.0,0,-0.444923625560477,-0.444923625560477,0,0.0,10.0,0.0,10.0,0.0,0.0,0,1,0
2024,REG,DET,00-0035685,D.Montgomery,00-0039065,S.LaPorta,1,1,3.0,1,1.51914853777271,1.51914853777271,1,1.0,3.0,0.0,3.0,0.0,1.0,0,1,1
2024,REG,NYG,00-0035704,D.Lock,00-0031484,C.Manhertz,2,2,28.0,0,2.431714225967879,1.2158571129839395,2,1.0,9.0,19.0,4.5,9.5,1.0,0,0,0
2024,REG,NYG,00-0035704,D.Lock,00-0035250,D.Singletary,3,2,4.0,0,-9.763063161866741,-3.2543543872889136,1,0.3333333333333333,-20.0,7.0,-6.666666666666667,3.5,0.0,0,0,0
2024,REG,NYG,00-0035704,D.Lock,00-0035535,D.Slayton,19,6,88.0,1,-3.879216193961095,-0.20416927336637344,6,0.3157894736842105,282.0,32.0,14.842105263157896,5.333333333333333,4.0,3,1,0
2024,REG,NYG,00-0035704,D.Lock,00-0038115,D.Bellinger,11,8,59.0,0,1.9888649150379913,0.18080590136709013,6,0.5454545454545454,28.0,28.0,2.5454545454545454,3.5,4.0,0,0,0
2024,REG,NYG,00-0035704,D.Lock,00-0038117,W.Robinson,46,31,226.0,1,-6.039967305372538,-0.13130363707331605,21,0.45652173913043476,184.0,140.0,4.0,4.516129032258065,11.0,1,6,1
2024,REG,NYG,00-0035704,D.Lock,00-0038396,E.Gray,2,2,6.0,0,-0.34720454161288217,-0.17360227080644108,1,0.5,2.0,4.0,1.0,2.0,0.0,0,0,0
2024,REG,NYG,00-0035704,D.Lock,00-0038938,J.Hyatt,8,3,17.0,0,-4.7720118914730865,-0.5965014864341358,2,0.25,136.0,5.0,17.0,1.6666666666666667,1.0,0,0,0
2024,REG,NYG,00-0035704,D.Lock,00-0039337,M.Nabers,56,32,451.0,3,10.858293572214176,0.19389809950382458,27,0.48214285714285715,454.0,216.0,8.107142857142858,6.75,15.0,7,7,0
2024,REG,NYG,00-0035704,D.Lock,00-0039384,T.Tracy,23,16,138.0,1,0.44994500401662735,0.019562826261592493,10,0.43478260869565216,22.0,131.0,0.9565217391304348,8.1875,7.0,0,1,1
2024,REG,NYG,00-0035704,D.Lock,00-0039847,T.Johnson,5,5,54.0,0,3.521668129076713,0.7043336258153425,4,0.8,25.0,29.0,5.0,5.8,2.0,0,0,0
2024,REG,NYG,00-0035710,D.Jones,00-0031484,C.Manhertz,2,1,2.0,1,0.11803325166693002,0.05901662583346501,1,0.5,6.0,0.0,3.0,0.0,1.0,0,1,1
2024,REG,NYG,00-0035710,D.Jones,00-0035250,D.Singletary,16,14,92.0,0,-1.3489398916717519,-0.08430874322948449,7,0.4375,-40.0,140.0,-2.5,10.0,3.0,1,0,0
2024,REG,NYG,00-0035710,D.Jones,00-0035535,D.Slayton,50,32,469.0,1,19.393738997046206,0.3878747799409241,30,0.6,610.0,84.0,12.2,2.625,25.0,6,3,0
2024,REG,NYG,00-0035710,D.Jones,00-0036165,I.Hodgins,2,2,12.0,0,0.517643641214818,0.258821820607409,2,1.0,11.0,1.0,5.5,0.5,0.0,0,0,0
2024,REG,NYG,00-0035710,D.Jones,00-0038115,D.Bellinger,3,3,31.0,0,1.4762770519591908,0.4920923506530636,2,0.6666666666666666,22.0,9.0,7.333333333333333,3.0,2.0,0,1,0
2024,REG,NYG,00-0035710,D.Jones,00-0038117,W.Robinson,80,53,388.0,2,-17.896622241396972,-0.22370777801746217,33,0.4125,363.0,201.0,4.5375,3.792452830188679,21.0,2,11,2
2024,REG,NYG,00-0035710,D.Jones,00-0038396,E.Gray,7,6,69.0,0,5.0775157072603845,0.7253593867514835,6,0.8571428571428571,-24.0,92.0,-3.4285714285714284,15.333333333333334,3.0,0,2,0
2024,REG,NYG,00-0035710,D.Jones,00-0038938,J.Hyatt,11,5,45.0,0,-1.815590401005462,-0.16505367281867836,4,0.36363636363636365,227.0,1.0,20.636363636363637,0.2,2.0,0,0,0
2024,REG,NYG,00-0035710,D.Jones,00-0039337,M.Nabers,93,61,607.0,3,33.18693531574165,0.3568487668359317,46,0.4946236559139785,982.0,197.0,10.559139784946236,3.2295081967213113,34.0,7,7,3
2024,REG,NYG,00-0035710,D.Jones,00-0039384,T.Tracy,24,18,117.0,0,-3.7683122863671796,-0.15701301193196582,9,0.375,-22.0,130.0,-0.9166666666666666,7.222222222222222,4.0,0,5,0
2024,REG,NYG,00-0035710,D.Jones,00-0039847,T.Johnson,32,21,238.0,1,1.588477691548179,0.049639927860880596,16,0.5,247.0,89.0,7.71875,4.238095238095238,11.0,3,1,0
2024,REG,MIA,00-0035993,T.Huntley,00-0031235,O.Beckham,4,0,0.0,0,-7.336243250880909,-1.8340608127202271,0,0.0,48.0,0.0,12.0,0.0,0.0,0,1,0
2024,REG,MIA,00-0035993,T.Huntley,00-0031687,R.Mostert,4,4,34.0,0,2.430615383957047,0.6076538459892618,2,0.5,6.0,28.0,1.5,7.0,1.0,0,0,0
2024,REG,MIA,00-0035993,T.Huntley,00-0033040,T.Hill,30,21,217.0,0,3.60877780416758,0.12029259347225267,13,0.43333333333333335,357.0,44.0,11.9,2.0952380952380953,11.0,2,5,0
2024,REG,MIA,00-0035993,T.Huntley,00-0033858,J.Smith,29,21,200.0,3,9.580574243022868,0.33036462906975406,17,0.5862068965517241,167.0,105.0,5.758620689655173,5.0,14.0,0,6,3
2024,REG,MIA,00-0035993,T.Huntley,00-0034054,R.Cracraft,5,5,54.0,0,6.784140045754614,1.3568280091509228,4,0.8,47.0,7.0,9.4,1.4,4.0,0,1,0
2024,REG,MIA,00-0035993,T.Huntley,00-0034798,D.Smythe,2,0,0.0,0,-0.913994132890367,-0.4569970664451835,0,0.0,28.0,0.0,14.0,0.0,0.0,0,1,0
2024,REG,MIA,00-0035993,T.Huntley,00-0035125,A.Ingold,3,3,46.0,0,2.78263002401218,0.9275433413373934,3,1.0,7.0,39.0,2.3333333333333335,13.0,1.0,1,0,0
2024,REG,MIA,00-0035993,T.Huntley,00-0036613,J.Waddle,23,12,126.0,0,-7.398477919261214,-0.3216729530113571,8,0.34782608695652173,239.0,31.0,10.391304347826088,2.5833333333333335,6.0,2,4,0
2024,REG,MIA,00-0035993,T.Huntley,00-0036620,D.Eskridge,1,1,8.0,0,-0.360789248719811,-0.360789248719811,0,0.0,-3.0,11.0,-3.0,11.0,0.0,0,0,0
2024,REG,MIA,00-0035993,T.Huntley,00-0037348,T.Conner,2,2,15.0,0,-0.176023286709096,-0.088011643354548,0,0.0,10.0,5.0,5.0,2.5,1.0,0,0,0
2024,REG,MIA,00-0035993,T.Huntley,00-0038720,J.Hill,4,1,4.0,0,-2.564584120307583,-0.6411460300768957,0,0.0,14.0,2.0,3.5,2.0,0.0,0,1,0
2024,REG,MIA,00-0035993,T.Huntley,00-0039040,D.Achane,6,6,26.0,0,-2.6644289562526895,-0.4440714927087816,1,0.16666666666666666,-15.0,41.0,-2.5,6.833333333333333,0.0,0,0,0
2024,REG,MIA,00-0035993,T.Huntley,00-0039874,J.Wright,1,0,0.0,0,-0.430790229118429,-0.430790229118429,0,0.0,-1.0,0.0,-1.0,0.0,0.0,0,0,0
2024,REG,MIA,00-0035993,T.Huntley,00-0039880,M.Washington,12,10,99.0,0,7.2051945599960145,0.6004328799996679,8,0.6666666666666666,73.0,41.0,6.083333333333333,4.1,7.0,1,0,0
2024,REG,MIA,00-0036212,T.Tagovailoa,00-0031235,O.Beckham,15,9,55.0,0,-3.944229335349519,-0.2629486223566346,6,0.4,116.0,14.0,7.733333333333333,1.5555555555555556,3.0,0,3,0
2024,REG,MIA,00-0036212,T.Tagovailoa,00-0031687,R.Mostert,20,15,127.0,0,8.61514272243475,0.43075713612173755,10,0.5,8.0,118.0,0.4,7.866666666666666,9.0,1,3,0
2024,REG,MIA,00-0036212,T.Tagovailoa,00-0032688,R.Chosen,1,0,0.0,0,-4.44749043299817,-4.44749043299817,0,0.0,21.0,0.0,21.0,0.0,0.0,0,0,0
2024,REG,MIA,00-0036212,T.Tagovailoa,00-0033040,T.Hill,87,56,694.0,6,24.658090772721888,0.28342633072094126,47,0.5402298850574713,972.0,235.0,11.172413793103448,4.196428571428571,41.0,11,15,5
2024,REG,MIA,00-0036212,T.Tagovailoa,00-0033858,J.Smith,74,61,620.0,5,48.55544595278993,0.6561546750377018,51,0.6891891891891891,320.0,374.0,4.324324324324325,6.131147540983607,37.0,4,12,4
2024,REG,MIA,00-0036212,T.Tagovailoa,00-0034054,R.Cracraft,4,2,12.0,0,-2.1884099867893356,-0.5471024966973339,1,0.25,24.0,4.0,6.0,2.0,0.0,0,0,0
2024,REG,MIA,00-0036212,T.Tagovailoa,00-0034115,J.Wilson,3,3,19.0,0,0.5416194528806952,0.1805398176268984,2,0.6666666666666666,0.0,19.0,0.0,6.333333333333333,0.0,0,0,0
2024,REG,MIA,00-0036212,T.Tagovailoa,00-0034419,B.Berrios,2,0,0.0,0,-5.09817058406771,-2.549085292033855,0,0.0,13.0,0.0,6.5,0.0,0.0,0,0,0
2024,REG,MIA,00-0036212,T.Tagovailoa,00-0034798,D.Smythe,12,7,42.0,0,-1.292828894540173,-0.10773574121168107,4,0.3333333333333333,57.0,12.0,4.75,1.7142857142857142,1.0,0,0,0
2024,REG,MIA,00-0036212,T.Tagovailoa,00-0035125,A.Ingold,6,5,34.0,0,0.5221733370563,0.08702888950938333,2,0.3333333333333333,4.0,25.0,0.6666666666666666,5.0,2.0,0,0,0
2024,REG,MIA,00-0036212,T.Tagovailoa,00-0036613,J.Waddle,55,41,604.0,2,45.24676252475381,0.8226684095409784,37,0.6727272727272727,562.0,205.0,10.218181818181819,5.0,31.0,10,8,1
2024,REG,MIA,00-0036212,T.Tagovailoa,00-0036620,D.Eskridge,1,1,6.0,0,1.47218068386428,1.47218068386428,1,1.0,5.0,1.0,5.0,1.0,1.0,0,0,0
2024,REG,MIA,00-0036212,T.Tagovailoa,00-0038507,G.DuBose,2,1,-2.0,0,-5.03831391391578,-2.51915695695789,0,0.0,18.0,3.0,9.0,3.0,0.0,0,0,0
2024,REG,MIA,00-0036212,T.Tagovailoa,00-0038720,J.Hill,13,9,72.0,0,3.977986446698195,0.30599895743832267,9,0.6923076923076923,76.0,43.0,5.846153846153846,4.777777777777778,3.0,0,3,0
2024,REG,MIA,00-0036212,T.Tagovailoa,00-0039040,D.Achane,69,63,482.0,6,26.82729495634614,0.38880137617892957,41,0.5942028985507246,-51.0,569.0,-0.7391304347826086,9.031746031746032,26.0,2,13,6
2024,REG,MIA,00-0036212,T.Tagovailoa,00-0039874,J.Wright,5,3,8.0,0,-2.436800702012058,-0.4873601404024116,1,0.2,-5.0,8.0,-1.0,2.6666666666666665,1.0,0,1,0
2024,REG,MIA,00-0036212,T.Tagovailoa,00-0039880,M.Washington,22,15,117.0,0,1.2396455543930665,0.05634752519968484,10,0.45454545454545453,103.0,78.0,4.681818181818182,5.2,6.0,1,2,0
2024,REG,GB,00-0036264,J.Love,00-0034959,A.Beck,1,0,0.0,0,-0.728853012318723,-0.728853012318723,0,0.0,-6.0,0.0,-6.0,0.0,0.0,0,0,0
2024,REG,GB,00-0036264,J.Love,00-0035700,J.Jacobs,42,35,337.0,1,3.5143909181767485,0.08367597424230354,21,0.5,-41.0,398.0,-0.9761904761904762,11.371428571428572,15.0,5,4,1
2024,REG,GB,00-0036264,J.Love,00-0037091,B.Melton,17,8,91.0,0,-1.1558007349667605,-0.0679882785274565,7,0.4117647058823529,303.0,7.0,17.823529411764707,0.875,5.0,1,1,0
2024,REG,GB,00-0036264,J.Love,00-0037306,J.FitzPatrick,1,1,2.0,0,-0.520785233471543,-0.520785233471543,0,0.0,2.0,0.0,2.0,0.0,0.0,0,0,0
2024,REG,GB,00-0036264,J.Love,00-0037816,R.Doubs,66,42,521.0,4,23.612887582536217,0.35777102397782146,39,0.5909090909090909,764.0,125.0,11.575757575757576,2.9761904761904763,29.0,7,12,3
2024,REG,GB,00-0036264,J.Love,00-0038124,C.Watson,52,27,553.0,2,12.888507003694226,0.24785590391719664,22,0.4230769230769231,897.0,129.0,17.25,4.777777777777778,19.0,10,9,1
2024,REG,GB,00-0036264,J.Love,00-0038393,D.Wicks,65,33,373.0,4,-7.952070184752966,-0.12233954130389178,29,0.4461538461538462,761.0,128.0,11.707692307692307,3.878787878787879,22.0,4,12,3
2024,REG,GB,00-0036264,J.Love,00-0038465,M.Heath,9,7,44.0,2,4.304233820876118,0.47824820231956866,6,0.6666666666666666,38.0,10.0,4.222222222222222,1.4285714285714286,4.0,0,2,2
2024,REG,GB,00-0036264,J.Love,00-0038685,C.Brooks,13,11,69.0,0,-3.788488999606898,-0.29142223073899215,4,0.3076923076923077,-22.0,95.0,-1.6923076923076923,8.636363636363637,2.0,0,3,0
2024,REG,GB,00-0036264,J.Love,00-0038797,Em.Wilson,10,7,18.0,0,-4.157613367536537,-0.4157613367536537,1,0.1,-38.0,44.0,-3.8,6.285714285714286,2.0,0,2,0
2024,REG,GB,00-0036264,J.Love,00-0038809,B.Sims,5,4,42.0,0,2.154267674020958,0.43085353480419164,2,0.4,40.0,16.0,8.0,4.0,1.0,1,2,0
2024,REG,GB,00-0036264,J.Love,00-0038996,T.Kraft,62,43,638.0,6,32.84773296825384,0.5298021446492555,39,0.6290322580645161,351.0,410.0,5.661290322580645,9.534883720930232,26.0,9,15,5
2024,REG,GB,00-0036264,J.Love,00-0039144,L.Musgrave,8,5,36.0,0,-4.517110733921662,-0.5646388417402077,2,0.25,66.0,9.0,8.25,1.8,2.0,0,1,0
2024,REG,GB,00-0036264,J.Love,00-0039146,J.Reed,63,45,665.0,6,32.59968861982112,0.5174553749177956,35,0.5555555555555556,592.0,283.0,9.396825396825397,6.288888888888889,24.0,11,10,5
2024,REG,MIN,00-0036322,J.Jefferson,00-0033293,A.Jones,1,1,22.0,0,3.05090669821948,3.05090669821948,1,1.0,-5.0,27.0,-5.0,27.0,1.0,1,0,0
2024,REG,LAC,00-0036355,J.Herbert,00-0031690,E.Tomlinson,4,2,9.0,0,-1.827133686516777,-0.4567834216291943,0,0.0,8.0,12.0,2.0,6.0,0.0,0,1,0
2024,REG,LAC,00-0036355,J.Herbert,00-0034159,W.Dissly,64,50,481.0,2,15.463689936034307,0.24162015525053604,34,0.53125,295.0,303.0,4.609375,6.06,24.0,5,8,1
2024,REG,LAC,00-0036355,J.Herbert,00-0034184,G.Edwards,5,3,6.0,0,-3.101063936483116,-0.6202127872966232,0,0.0,-15.0,11.0,-3.0,3.6666666666666665,0.0,0,0,0
2024,REG,LAC,00-0036355,J.Herbert,00-0034777,D.Chark,9,4,31.0,1,-2.5135534132132316,-0.27928371257924794,3,0.3333333333333333,101.0,7.0,11.222222222222221,1.75,1.0,0,2,1
2024,REG,LAC,00-0036355,J.Herbert,00-0034830,H.Hurst,13,8,73.0,0,-4.841556945582848,-0.3724274573525268,5,0.38461538461538464,62.0,20.0,4.769230769230769,2.5,2.0,1,3,0
2024,REG,LAC,00-0036355,J.Herbert,00-0036158,J.Dobbins,37,31,137.0,0,-13.48794671795196,-0.3645391004851881,9,0.24324324324324326,-45.0,189.0,-1.2162162162162162,6.096774193548387,6.0,0,5,0
2024,REG,LAC,00-0036355,J.Herbert,00-0036387,J.Reagor,12,7,100.0,0,-7.275862330124432,-0.6063218608437027,4,0.3333333333333333,123.0,26.0,10.25,3.7142857142857144,3.0,2,0,0
2024,REG,LAC,00-0036355,J.Herbert,00-0036646,S.Fehoko,16,6,106.0,0,2.6842536491641633,0.1677658530727602,6,0.375,236.0,16.0,14.75,2.6666666666666665,6.0,2,2,0
2024,REG,LAC,00-0036355,J.Herbert,00-0036988,J.Palmer,67,39,575.0,1,27.325709030051936,0.407846403433611,36,0.5373134328358209,991.0,92.0,14.791044776119403,2.358974358974359,28.0,10,9,0
2024,REG,LAC,00-0036355,J.Herbert,00-0037475,S.Smartt,17,14,201.0,0,13.950111232814367,0.820594778400845,12,0.7058823529411765,193.0,58.0,11.352941176470589,4.142857142857143,11.0,4,1,0
2024,REG,LAC,00-0036355,J.Herbert,00-0037617,H.Haskins,3,3,49.0,1,5.056516458338593,1.6855054861128644,2,0.6666666666666666,7.0,42.0,2.3333333333333335,14.0,2.0,1,0,0
2024,REG,LAC,00-0036355,J.Herbert,00-0037654,T.Fisk,8,7,39.0,0,0.7500955034338449,0.09376193792923061,5,0.625,20.0,21.0,2.5,3.0,1.0,0,1,0
2024,REG,LAC,00-0036355,J.Herbert,00-0038544,Q.Johnston,91,55,711.0,8,34.90808236158112,0.3836053006767156,46,0.5054945054945055,986.0,306.0,10.835164835164836,5.5636363636363635,32.0,12,12,4
2024,REG,LAC,00-0036355,J.Herbert,00-0038573,D.Davis,17,13,112.0,2,5.4259320616838576,0.3191724742166975,9,0.5294117647058824,65.0,119.0,3.823529411764706,9.153846153846153,5.0,1,2,1
2024,REG,LAC,00-0036355,J.Herbert,00-0038614,S.Matlock,5,4,28.0,0,1.0718020538333821,0.21436041076667642,3,0.6,7.0,23.0,1.4,5.75,1.0,0,0,0
2024,REG,LAC,00-0036355,J.Herbert,00-0039391,K.Vidal,8,5,62.0,1,2.2711445299792152,0.2838930662474019,3,0.375,49.0,37.0,6.125,7.4,2.0,1,0,0
2024,REG,LAC,00-0036355,J.Herbert,00-0039915,L.McConkey,112,81,1137.0,7,63.83545897361413,0.5699594551215548,66,0.5892857142857143,1099.0,393.0,9.8125,4.851851851851852,51.0,15,10,5
2024,REG,PHI,00-0036389,J.Hurts,00-0033460,J.Ross,2,1,6.0,0,0.08898393064737298,0.04449196532368649,1,0.5,47.0,2.0,23.5,2.0,1.0,0,0,0
2024,REG,PHI,00-0036389,J.Hurts,00-0034351,D.Goedert,46,38,441.0,2,15.26785470233506,0.33190988483337086,26,0.5652173913043478,299.0,231.0,6.5,6.078947368421052,16.0,6,9,2
2024,REG,PHI,00-0036389,J.Hurts,00-0034844,S.Barkley,40,31,276.0,2,13.693360961540382,0.34233402403850954,18,0.45,74.0,244.0,1.85,7.870967741935484,12.0,4,10,2
2024,REG,PHI,00-0036389,J.Hurts,00-0035639,P.Campbell,7,6,30.0,1,1.487314639613032,0.21247351994471883,3,0.42857142857142855,29.0,9.0,4.142857142857143,1.5,1.0,0,1,1
2024,REG,PHI,00-0036389,J.Hurts,00-0035676,A.Brown,79,56,946.0,5,57.47540887353239,0.7275368211839542,52,0.6582278481012658,984.0,329.0,12.455696202531646,5.875,46.0,15,6,2
2024,REG,PHI,00-0036389,J.Hurts,00-0036741,J.Stoll,3,2,10.0,0,-0.642695738060865,-0.214231912686955,1,0.3333333333333333,12.0,2.0,4.0,1.0,0.0,0,0,0
2024,REG,PHI,00-0036389,J.Hurts,00-0036912,D.Smith,76,57,673.0,6,39.07360105255807,0.5141263296389219,42,0.5526315789473685,687.0,259.0,9.039473684210526,4.543859649122807,34.0,11,11,3
2024,REG,PHI,00-0036389,J.Hurts,00-0036919,K.Gainwell,16,12,96.0,0,4.5889312822546415,0.2868082051409151,8,0.5,10.0,84.0,0.625,7.0,5.0,0,3,0
2024,REG,PHI,00-0036389,J.Hurts,00-0037086,G.Calcaterra,23,21,254.0,1,15.35011089697947,0.6673961259556291,18,0.782608695652174,163.0,122.0,7.086956521739131,5.809523809523809,14.0,5,1,1
2024,REG,PHI,00-0036389,J.Hurts,00-0037132,B.Covey,8,7,34.0,0,-0.04388599260709891,-0.005485749075887364,3,0.375,9.0,28.0,1.125,4.0,2.0,0,2,0
2024,REG,PHI,00-0036389,J.Hurts,00-0037741,J.Dotson,22,12,122.0,0,-6.048992440597933,-0.2749542018453606,8,0.36363636363636365,218.0,52.0,9.909090909090908,4.333333333333333,6.0,2,1,0
2024,REG,PHI,00-0036389,J.Hurts,00-0038489,B.VanSumeren,1,1,0.0,0,-0.48021248326404,-0.48021248326404,0,0.0,0.0,0.0,0.0,0.0,0.0,0,1,0
2024,REG,PHI,00-0036389,J.Hurts,00-0039236,J.Wilson,10,2,14.0,1,-1.2848122627296075,-0.12848122627296074,2,0.2,110.0,6.0,11.0,3.0,2.0,0,3,1
2024,REG,PHI,00-0036389,J.Hurts,00-0039747,A.Smith,2,2,1.0,0,-1.051031689043157,-0.5255158445215785,0,0.0,-6.0,7.0,-3.0,3.5,0.0,0,0,0
2024,REG,CIN,00-0036442,J.Burrow,00-0034613,T.Hudson,24,19,154.0,1,5.379331257354475,0.2241388023897698,14,0.5833333333333334,98.0,97.0,4.083333333333333,5.105263157894737,9.0,0,5,1
2024,REG,CIN,00-0036442,J.Burrow,00-0034829,M.Gesicki,83,65,665.0,2,33.76757545628535,0.40683825850946204,53,0.6385542168674698,615.0,245.0,7.409638554216867,3.769230769230769,38.0,5,10,1
2024,REG,CIN,00-0036442,J.Burrow,00-0034834,S.Hubbard,1,1,2.0,1,2.04928792873397,2.04928792873397,1,1.0,2.0,0.0,2.0,0.0,1.0,0,1,1
2024,REG,CIN,00-0036442,J.Burrow,00-0035341,T.Irwin,10,3,15.0,0,-6.571058253093868,-0.6571058253093869,3,0.3,62.0,4.0,6.2,1.3333333333333333,1.0,0,6,0
2024,REG,CIN,00-0036442,J.Burrow,00-0035631,D.Sample,22,20,109.0,1,4.764005948323765,0.21654572492380753,13,0.5909090909090909,34.0,81.0,1.5454545454545454,4.05,8.0,0,2,1
2024,REG,CIN,00-0036442,J.Burrow,00-0036251,Z.Moss,27,23,187.0,1,12.666544246429115,0.4691312683862635,16,0.5925925925925926,3.0,194.0,0.1111111111111111,8.434782608695652,11.0,1,3,1
2024,REG,CIN,00-0036442,J.Burrow,00-0036410,T.Higgins,110,73,911.0,10,56.40129599279862,0.5127390544799875,69,0.6272727272727273,1067.0,228.0,9.7,3.1232876712328768,48.0,12,25,7
2024,REG,CIN,00-0036442,J.Burrow,00-0036900,J.Chase,175,127,1708.0,17,77.0104412978267,0.44005966455900974,108,0.6171428571428571,1526.0,787.0,8.72,6.196850393700787,75.0,19,36,8
2024,REG,CIN,00-0036442,J.Burrow,00-0036906,K.Herbert,9,8,21.0,0,-2.836762782011644,-0.31519586466796046,2,0.2222222222222222,-21.0,38.0,-2.3333333333333335,4.75,0.0,0,3,0
2024,REG,CIN,00-0036442,J.Burrow,00-0037422,K.Pryor,1,1,9.0,0,0.680167773389258,0.680167773389258,1,1.0,9.0,0.0,9.0,0.0,0.0,0,0,0
2024,REG,CIN,00-0036442,J.Burrow,00-0038576,C.Jones,1,1,5.0,0,0.163901908614207,0.163901908614207,1,1.0,5.0,0.0,5.0,0.0,0.0,0,0,0
2024,REG,CIN,00-0036442,J.Burrow,00-0038597,C.Brown,65,54,360.0,4,9.818895294484077,0.15105992760744735,29,0.4461538461538462,53.0,326.0,0.8153846153846154,6.037037037037037,23.0,2,14,4
2024,REG,CIN,00-0036442,J.Burrow,00-0038619,A.Iosivas,61,36,479.0,6,23.963512064683748,0.39284446007678275,31,0.5081967213114754,692.0,67.0,11.344262295081966,1.8611111111111112,26.0,7,10,6
2024,REG,CIN,00-0036442,J.Burrow,00-0039631,C.Grandy,5,5,28.0,0,2.778743164963088,0.5557486329926176,3,0.6,12.0,16.0,2.4,3.2,1.0,0,2,0
2024,REG,CIN,00-0036442,J.Burrow,00-0039810,J.Burton,14,4,107.0,0,-4.540557391491656,-0.3243255279636897,4,0.2857142857142857,296.0,22.0,21.142857142857142,5.5,4.0,2,4,0
2024,REG,CIN,00-0036442,J.Burrow,00-0039814,E.All,22,20,158.0,0,5.248246454517347,0.23855665702351578,11,0.5,72.0,87.0,3.272727272727273,4.35,8.0,1,2,0
2024,REG,WAS,00-0036626,D.Brown,00-0035208,O.Zaccheaus,1,0,0.0,0,-0.429860370699316,-0.429860370699316,0,0.0,36.0,0.0,36.0,0.0,0.0,0,0,0
2024,REG,LA,00-0036849,T.Atwell,00-0032775,D.Robinson,1,0,0.0,0,-0.511101376265287,-0.511101376265287,0,0.0,34.0,0.0,34.0,0.0,0.0,0,0,0
2024,REG,HOU,00-0036898,D.Mills,00-0030431,R.Woods,4,3,44.0,0,-2.6265467830817224,-0.6566366957704306,2,0.5,40.0,5.0,10.0,1.6666666666666667,2.0,1,1,0
2024,REG,HOU,00-0036898,D.Mills,00-0031588,S.Diggs,4,3,18.0,0,1.161511809099468,0.290377952274867,1,0.25,22.0,9.0,5.5,3.0,1.0,0,0,0
2024,REG,HOU,00-0036898,D.Mills,00-0033854,D.Ogunbowale,3,2,26.0,0,1.0835328430403106,0.3611776143467702,2,0.6666666666666666,11.0,19.0,3.6666666666666665,9.5,1.0,0,0,0
2024,REG,HOU,00-0036898,D.Mills,00-0034383,D.Schultz,2,2,16.0,0,1.0877755475521549,0.5438877737760774,2,1.0,12.0,4.0,6.0,2.0,0.0,0,1,0
2024,REG,HOU,00-0036898,D.Mills,00-0035216,D.Johnson,4,2,12.0,0,-0.4561702723440181,-0.11404256808600452,1,0.25,38.0,4.0,9.5,2.0,1.0,0,1,0
2024,REG,HOU,00-0036898,D.Mills,00-0036096,J.Taylor,1,1,2.0,0,-0.915518183261156,-0.915518183261156,0,0.0,2.0,0.0,2.0,0.0,0.0,0,0,0
2024,REG,HOU,00-0036898,D.Mills,00-0036554,N.Collins,6,2,31.0,0,-4.469737017760043,-0.7449561696266738,1,0.16666666666666666,15.0,28.0,2.5,14.0,1.0,1,4,0
2024,REG,HOU,00-0036898,D.Mills,00-0037258,D.Pierce,2,0,0.0,0,-1.263711582520046,-0.631855791260023,0,0.0,-2.0,0.0,-1.0,0.0,0.0,0,1,0
2024,REG,HOU,00-0036898,D.Mills,00-0037614,J.Metchie,4,2,24.0,0,0.024430623452645905,0.006107655863161476,1,0.25,32.0,1.0,8.0,0.5,1.0,1,1,0
2024,REG,HOU,00-0036898,D.Mills,00-0038618,X.Hutchinson,3,1,5.0,0,-4.707949272124095,-1.569316424041365,1,0.3333333333333333,5.0,0.0,1.6666666666666667,0.0,0.0,0,1,0
2024,REG,HOU,00-0036898,D.Mills,00-0038977,T.Dell,2,2,34.0,0,4.28060366603313,2.140301833016565,2,1.0,32.0,2.0,16.0,1.0,2.0,0,1,0
2024,REG,HOU,00-0036898,D.Mills,00-0039359,C.Stover,1,0,0.0,0,-0.762581064365804,-0.762581064365804,0,0.0,16.0,0.0,16.0,0.0,0.0,0,0,0
2024,REG,TB,00-0036928,K.Trask,00-0039361,B.Irving,1,1,5.0,0,0.297810939140618,0.297810939140618,1,1.0,-3.0,8.0,-3.0,8.0,0.0,0,0,0
2024,REG,PIT,00-0036945,J.Fields,00-0030578,C.Patterson,7,5,34.0,0,-6.081624584796368,-0.8688035121137669,3,0.42857142857142855,27.0,25.0,3.857142857142857,5.0,2.0,0,1,0
2024,REG,PIT,00-0036945,J.Fields,00-0031585,M.Pruitt,2,1,9.0,0,0.34306529350578796,0.17153264675289398,1,0.5,11.0,1.0,5.5,1.0,0.0,0,0,0
2024,REG,PIT,00-0036945,J.Fields,00-0035298,S.Miller,2,2,31.0,0,4.429218831355691,2.2146094156778453,2,1.0,9.0,22.0,4.5,11.0,1.0,1,0,0
2024,REG,PIT,00-0036945,J.Fields,00-0036415,V.Jefferson,13,8,62.0,0,-3.604037528411935,-0.2772336560316873,6,0.46153846153846156,164.0,29.0,12.615384615384615,3.625,2.0,0,2,0
2024,REG,PIT,00-0036945,J.Fields,00-0036893,N.Harris,19,14,135.0,0,3.1990524164866683,0.1683711798150878,8,0.42105263157894735,-17.0,135.0,-0.8947368421052632,9.642857142857142,5.0,2,1,0
2024,REG,PIT,00-0036945,J.Fields,00-0036894,P.Freiermuth,25,21,177.0,2,7.0477095108187875,0.2819083804327515,11,0.44,117.0,90.0,4.68,4.285714285714286,9.0,1,4,2
2024,REG,PIT,00-0036945,J.Fields,00-0037228,J.Warren,8,8,39.0,0,2.2013557762027527,0.2751694720253441,4,0.5,-7.0,46.0,-0.875,5.75,1.0,0,1,0
2024,REG,PIT,00-0036945,J.Fields,00-0037247,G.Pickens,45,26,363.0,0,10.598367705652974,0.23551928234784386,20,0.4444444444444444,583.0,67.0,12.955555555555556,2.576923076923077,15.0,7,7,0
2024,REG,PIT,00-0036945,J.Fields,00-0037304,Co.Heyward,7,4,29.0,1,-1.214612301278863,-0.17351604303983756,2,0.2857142857142857,56.0,7.0,8.0,1.75,1.0,0,2,1
2024,REG,PIT,00-0036945,J.Fields,00-0037382,B.Johnson,1,1,9.0,0,0.703277167282067,0.703277167282067,1,1.0,5.0,4.0,5.0,4.0,0.0,0,0,0
2024,REG,PIT,00-0036945,J.Fields,00-0037837,C.Austin,17,10,167.0,1,11.173801171981207,0.6572824218812475,8,0.47058823529411764,210.0,64.0,12.352941176470589,6.4,6.0,3,1,0
2024,REG,PIT,00-0036945,J.Fields,00-0038558,D.Washington,7,6,55.0,1,6.400875150226057,0.9144107357465795,6,0.8571428571428571,46.0,34.0,6.571428571428571,5.666666666666667,3.0,1,1,1
2024,REG,DET,00-0036963,A.St. Brown,00-0033106,J.Goff,1,1,7.0,1,1.72411598067265,1.72411598067265,1,1.0,5.0,2.0,5.0,2.0,1.0,0,1,1
2024,REG,JAX,00-0036971,T.Lawrence,00-0033881,E.Engram,37,26,226.0,1,-2.187610351945972,-0.059124604106647896,15,0.40540540540540543,199.0,99.0,5.378378378378378,3.8076923076923075,10.0,2,4,1
2024,REG,JAX,00-0036971,T.Lawrence,00-0034775,C.Kirk,44,25,373.0,1,8.963668947003935,0.20371974879554397,22,0.5,644.0,101.0,14.636363636363637,4.04,17.0,7,5,1
2024,REG,JAX,00-0036971,T.Lawrence,00-0035628,D.Johnson,12,8,77.0,0,-5.202393815008687,-0.43353281791739057,5,0.4166666666666667,3.0,82.0,0.25,10.25,3.0,2,2,0
2024,REG,JAX,00-0036971,T.Lawrence,00-0036196,G.Davis,35,18,224.0,2,2.4215173099858234,0.0691862088567378,16,0.45714285714285713,419.0,45.0,11.971428571428572,2.5,12.0,6,9,1
2024,REG,JAX,00-0036971,T.Lawrence,00-0036331,D.Duvernay,2,0,0.0,0,-1.347815385321155,-0.6739076926605775,0,0.0,57.0,0.0,28.5,0.0,0.0,0,0,0
2024,REG,JAX,00-0036971,T.Lawrence,00-0036332,J.Deguara,1,1,2.0,0,-0.219203529122751,-0.219203529122751,0,0.0,-2.0,4.0,-2.0,4.0,0.0,0,1,0
2024,REG,JAX,00-0036971,T.Lawrence,00-0036497,T.Jones,4,2,30.0,0,1.363376701949162,0.3408441754872905,2,0.5,29.0,17.0,7.25,8.5,2.0,1,0,0
2024,REG,JAX,00-0036971,T.Lawrence,00-0036841,A.Trammell,3,2,40.0,0,2.74440120303189,0.91480040101063,2,0.6666666666666666,44.0,9.0,14.666666666666666,4.5,2.0,1,0,0
2024,REG,JAX,00-0036971,T.Lawrence,00-0036887,L.Farrell,9,6,36.0,0,-0.7038301349384716,-0.07820334832649684,4,0.4444444444444444,31.0,20.0,3.4444444444444446,3.3333333333333335,3.0,0,1,0
2024,REG,JAX,00-0036971,T.Lawrence,00-0036973,T.Etienne,27,19,99.0,0,-9.946838866702619,-0.36840143950750437,7,0.25925925925925924,35.0,113.0,1.2962962962962963,5.947368421052632,6.0,0,2,0
2024,REG,JAX,00-0036971,T.Lawrence,00-0038555,T.Bigsby,5,3,36.0,0,0.814122963813129,0.16282459276262579,2,0.4,-13.0,40.0,-2.6,13.333333333333334,1.0,1,0,0
2024,REG,JAX,00-0036971,T.Lawrence,00-0038606,P.Washington,17,11,144.0,0,5.061858773959109,0.2977563984681829,8,0.47058823529411764,204.0,30.0,12.0,2.727272727272727,7.0,2,1,0
2024,REG,JAX,00-0036971,T.Lawrence,00-0038935,B.Strange,25,18,190.0,2,11.411729664419386,0.45646918657677543,13,0.52,194.0,70.0,7.76,3.888888888888889,9.0,4,4,2
2024,REG,JAX,00-0036971,T.Lawrence,00-0039893,B.Thomas,55,33,580.0,5,25.27111203304981,0.4594747642372693,33,0.6,699.0,216.0,12.709090909090909,6.545454545454546,25.0,6,9,4
2024,REG,JAX,00-0036972,M.Jones,00-0033881,E.Engram,30,21,139.0,0,1.3038468774088448,0.04346156258029483,10,0.3333333333333333,161.0,51.0,5.366666666666666,2.4285714285714284,7.0,0,3,0
2024,REG,JAX,00-0036972,M.Jones,00-0033943,J.Reynolds,5,1,11.0,0,-3.443484285901982,-0.6886968571803964,1,0.2,53.0,0.0,10.6,0.0,0.0,0,1,0
2024,REG,JAX,00-0036972,M.Jones,00-0034775,C.Kirk,3,2,6.0,0,-0.543242509826086,-0.18108083660869534,1,0.3333333333333333,0.0,12.0,0.0,6.0,1.0,0,0,0
2024,REG,JAX,00-0036972,M.Jones,00-0035628,D.Johnson,7,4,19.0,0,-7.544546465680461,-1.0777923522400659,0,0.0,4.0,19.0,0.5714285714285714,4.75,0.0,0,1,0
2024,REG,JAX,00-0036972,M.Jones,00-0036196,G.Davis,7,2,22.0,0,-6.544209355721252,-0.9348870508173217,1,0.14285714285714285,146.0,1.0,20.857142857142858,0.5,1.0,0,1,0
2024,REG,JAX,00-0036972,M.Jones,00-0036331,D.Duvernay,14,11,79.0,0,4.77012813597685,0.3407234382840607,8,0.5714285714285714,126.0,63.0,9.0,5.7272727272727275,7.0,1,2,0
2024,REG,JAX,00-0036972,M.Jones,00-0036332,J.Deguara,2,2,12.0,0,-1.094489230134059,-0.5472446150670295,0,0.0,4.0,8.0,2.0,4.0,0.0,0,1,0
2024,REG,JAX,00-0036972,M.Jones,00-0036497,T.Jones,1,1,11.0,0,0.630817798664793,0.630817798664793,1,1.0,11.0,0.0,11.0,0.0,1.0,0,0,0
2024,REG,JAX,00-0036972,M.Jones,00-0036887,L.Farrell,8,6,31.0,0,-3.9351750576170166,-0.4918968822021271,3,0.375,51.0,10.0,6.375,1.6666666666666667,1.0,0,0,0
2024,REG,JAX,00-0036972,M.Jones,00-0036973,T.Etienne,25,20,155.0,0,5.004222451949156,0.20016889807796623,13,0.52,-31.0,183.0,-1.24,9.15,7.0,2,4,0
2024,REG,JAX,00-0036972,M.Jones,00-0038555,T.Bigsby,7,4,18.0,0,-3.6636675474001095,-0.5233810782000157,1,0.14285714285714285,0.0,24.0,0.0,6.0,0.0,0,0,0
2024,REG,JAX,00-0036972,M.Jones,00-0038606,P.Washington,36,21,246.0,3,8.378703599792553,0.23274176666090426,19,0.5277777777777778,397.0,78.0,11.027777777777779,3.7142857142857144,12.0,4,8,2
2024,REG,JAX,00-0036972,M.Jones,00-0038935,B.Strange,28,22,221.0,0,7.535484194477983,0.2691244355170708,18,0.6428571428571429,147.0,113.0,5.25,5.136363636363637,12.0,3,2,0
2024,REG,JAX,00-0036972,M.Jones,00-0039893,B.Thomas,80,54,702.0,5,28.9718810702113,0.36214851337764126,39,0.4875,843.0,346.0,10.5375,6.407407407407407,28.0,12,9,4
2024,REG,DAL,00-0037012,T.Lance,00-0031236,B.Cooks,9,3,15.0,0,-6.262902525968253,-0.695878058440917,2,0.2222222222222222,50.0,5.0,5.555555555555555,1.6666666666666667,1.0,0,4,0
2024,REG,DAL,00-0037012,T.Lance,00-0036139,R.Dowdle,3,2,12.0,0,-2.621367573970925,-0.8737891913236416,1,0.3333333333333333,-10.0,24.0,-3.3333333333333335,12.0,1.0,0,2,0
2024,REG,DAL,00-0037012,T.Lance,00-0036358,C.Lamb,1,1,6.0,0,2.91046110191382,2.91046110191382,1,1.0,6.0,0.0,6.0,0.0,1.0,0,0,0
2024,REG,DAL,00-0037012,T.Lance,00-0037666,J.Tolbert,7,4,98.0,0,3.014307262084922,0.43061532315498885,4,0.5714285714285714,83.0,58.0,11.857142857142858,14.5,3.0,3,0,0
2024,REG,DAL,00-0037012,T.Lance,00-0037801,K.Turpin,5,3,53.0,0,2.143079844769095,0.428615968953819,2,0.4,86.0,35.0,17.2,11.666666666666666,2.0,1,0,0
2024,REG,DAL,00-0037012,T.Lance,00-0038041,J.Ferguson,6,4,23.0,0,-8.286927062668852,-1.3811545104448086,1,0.16666666666666666,11.0,16.0,1.8333333333333333,4.0,1.0,0,1,0
2024,REG,DAL,00-0037012,T.Lance,00-0038547,L.Schoonmaker,3,2,16.0,0,0.24167421541642403,0.08055807180547468,2,0.6666666666666666,9.0,9.0,3.0,4.5,1.0,0,0,0
2024,REG,DAL,00-0037012,T.Lance,00-0038640,J.Brooks,1,1,4.0,0,-0.210632822010666,-0.210632822010666,0,0.0,4.0,0.0,4.0,0.0,0.0,0,0,0
2024,REG,DAL,00-0037012,T.Lance,00-0038738,H.Luepke,1,1,1.0,0,-0.463306168792769,-0.463306168792769,0,0.0,1.0,0.0,1.0,0.0,0.0,0,0,0
2024,REG,DAL,00-0037012,T.Lance,00-0039062,J.Mingo,2,2,24.0,0,1.580287241202313,0.7901436206011565,2,1.0,24.0,0.0,12.0,0.0,2.0,0,0,0
2024,REG,DAL,00-0037012,T.Lance,00-0039410,R.Flournoy,2,2,14.0,0,0.5760665217530917,0.28803326087654585,1,0.5,12.0,2.0,6.0,1.0,1.0,0,0,0
2024,REG,SEA,00-0037077,S.Howell,00-0035644,N.Fant,4,1,5.0,0,-7.184595693845855,-1.7961489234614638,0,0.0,33.0,2.0,8.25,2.0,0.0,0,0,0
2024,REG,SEA,00-0037077,S.Howell,00-0038543,J.Smith-Njigba,4,3,14.0,0,-0.013632097747176455,-0.003408024436794114,2,0.5,15.0,5.0,3.75,1.6666666666666667,1.0,0,0,0
2024,REG,SEA,00-0037077,S.Howell,00-0039165,Z.Charbonnet,3,0,0.0,0,-2.248769379220902,-0.749589793073634,0,0.0,1.0,0.0,0.3333333333333333,0.0,0.0,0,0,0
2024,REG,SEA,00-0037077,S.Howell,00-0039793,A.Barner,3,1,5.0,0,-1.387333638500422,-0.46244454616680736,0,0.0,34.0,0.0,11.333333333333334,0.0,0.0,0,0,0
2024,REG,MIA,00-0037327,S.Thompson,00-0032688,R.Chosen,3,1,5.0,0,-3.958891990303525,-1.3196306634345083,0,0.0,26.0,1.0,8.666666666666666,1.0,0.0,0,2,0
2024,REG,MIA,00-0037327,S.Thompson,00-0033040,T.Hill,4,2,34.0,0,-1.1055789624806538,-0.27639474062016345,2,0.5,38.0,1.0,9.5,0.5,2.0,0,0,0
2024,REG,MIA,00-0037327,S.Thompson,00-0033858,J.Smith,4,2,11.0,0,-2.527344071277185,-0.6318360178192962,0,0.0,31.0,2.0,7.75,1.0,0.0,0,0,0
2024,REG,MIA,00-0037327,S.Thompson,00-0034419,B.Berrios,1,0,0.0,0,-1.19182797987014,-1.19182797987014,0,0.0,8.0,0.0,8.0,0.0,0.0,0,1,0
2024,REG,MIA,00-0037327,S.Thompson,00-0034798,D.Smythe,1,1,8.0,0,0.549911633774173,0.549911633774173,1,1.0,4.0,4.0,4.0,4.0,0.0,0,1,0
2024,REG,MIA,00-0037327,S.Thompson,00-0035125,A.Ingold,3,3,16.0,0,-0.029441318882163003,-0.009813772960721001,1,0.3333333333333333,4.0,12.0,1.3333333333333333,4.0,0.0,0,1,0
2024,REG,MIA,00-0037327,S.Thompson,00-0036613,J.Waddle,3,3,23.0,0,2.250075632240628,0.750025210746876,2,0.6666666666666666,10.0,13.0,3.3333333333333335,4.333333333333333,1.0,0,0,0
2024,REG,MIA,00-0037327,S.Thompson,00-0037348,T.Conner,2,1,1.0,0,-0.659775544190779,-0.3298877720953895,0,0.0,36.0,0.0,18.0,0.0,0.0,0,1,0
2024,REG,MIA,00-0037327,S.Thompson,00-0038507,G.DuBose,2,1,13.0,0,0.9340443444089039,0.46702217220445197,1,0.5,29.0,0.0,14.5,0.0,1.0,0,0,0
2024,REG,MIA,00-0037327,S.Thompson,00-0038720,J.Hill,1,0,0.0,0,-0.569718430691864,-0.569718430691864,0,0.0,19.0,0.0,19.0,0.0,0.0,0,1,0
2024,REG,MIA,00-0037327,S.Thompson,00-0039040,D.Achane,8,7,76.0,0,4.200729490985399,0.5250911863731749,5,0.625,21.0,52.0,2.625,7.428571428571429,4.0,1,0,0
2024,REG,SF,00-0037834,B.Purdy,00-0029892,K.Juszczyk,27,16,137.0,1,-4.540289611196458,-0.16815887448875771,11,0.4074074074074074,156.0,64.0,5.777777777777778,4.0,5.0,2,2,1
2024,REG,SF,00-0037834,B.Purdy,00-0032128,C.Conley,7,2,17.0,0,-6.567514850990845,-0.9382164072844065,1,0.14285714285714285,119.0,7.0,17.0,3.5,1.0,0,1,0
2024,REG,SF,00-0037834,B.Purdy,00-0033280,C.McCaffrey,15,12,109.0,0,-0.7664652813234895,-0.051097685421565966,9,0.6,52.0,65.0,3.466666666666667,5.416666666666667,5.0,1,4,0
2024,REG,SF,00-0037834,B.Purdy,00-0033288,G.Kittle,84,69,986.0,7,58.33482342739025,0.6944621836594077,62,0.7380952380952381,703.0,478.0,8.369047619047619,6.927536231884058,44.0,18,18,7
2024,REG,SF,00-0037834,B.Purdy,00-0033576,E.Saubert,8,7,63.0,1,4.143570395713721,0.5179462994642151,7,0.875,69.0,15.0,8.625,2.142857142857143,3.0,0,1,1
2024,REG,SF,00-0037834,B.Purdy,00-0035719,D.Samuel,77,50,649.0,3,16.967803294220257,0.22036108174312022,32,0.4155844155844156,513.0,396.0,6.662337662337662,7.92,27.0,9,14,2
2024,REG,SF,00-0037834,B.Purdy,00-0035973,P.Taylor,7,2,13.0,0,-6.133967833709901,-0.8762811191014145,1,0.14285714285714285,15.0,12.0,2.142857142857143,6.0,1.0,0,1,0
2024,REG,SF,00-0037834,B.Purdy,00-0036259,J.Jennings,93,63,859.0,6,44.70601100863123,0.4807097957917337,53,0.5698924731182796,983.0,202.0,10.56989247311828,3.2063492063492065,43.0,11,13,5
2024,REG,SF,00-0037834,B.Purdy,00-0036261,B.Aiyuk,47,25,369.0,0,12.814397382476518,0.2726467528186493,23,0.48936170212765956,556.0,102.0,11.829787234042554,4.08,19.0,5,6,0
2024,REG,SF,00-0037834,B.Purdy,00-0037525,J.Mason,12,10,85.0,0,5.9409213597246,0.49507677997704996,8,0.6666666666666666,49.0,56.0,4.083333333333333,5.6,5.0,1,3,0
2024,REG,SF,00-0037834,B.Purdy,00-0038647,R.Bell,6,2,22.0,0,-4.306386332027607,-0.7177310553379345,1,0.16666666666666666,65.0,2.0,10.833333333333334,1.0,2.0,1,1,0
2024,REG,SF,00-0037834,B.Purdy,00-0039363,I.Guerendo,16,15,152.0,0,6.534524605667695,0.40840778785423093,9,0.5625,50.0,107.0,3.125,7.133333333333334,7.0,3,0,0
2024,REG,SF,00-0037834,B.Purdy,00-0039365,J.Cowing,3,2,50.0,0,3.090321820462124,1.0301072734873746,2,0.6666666666666666,39.0,16.0,13.0,8.0,1.0,1,2,0
2024,REG,SF,00-0037834,B.Purdy,00-0039916,R.Pearsall,39,25,331.0,2,3.972219182718835,0.10185177391586757,20,0.5128205128205128,454.0,100.0,11.64102564102564,4.0,15.0,4,7,1
2024,REG,PHI,00-0038102,K.Pickett,00-0034844,S.Barkley,3,2,2.0,0,-1.490826491964985,-0.4969421639883283,1,0.3333333333333333,24.0,1.0,8.0,0.5,0.0,0,1,0
2024,REG,PHI,00-0038102,K.Pickett,00-0035639,P.Campbell,1,0,0.0,0,-1.0988471203018,-1.0988471203018,0,0.0,5.0,0.0,5.0,0.0,0.0,0,0,0
2024,REG,PHI,00-0038102,K.Pickett,00-0035676,A.Brown,16,10,113.0,1,1.5668568109394998,0.09792855068371874,7,0.4375,144.0,24.0,9.0,2.4,4.0,1,3,1
2024,REG,PHI,00-0038102,K.Pickett,00-0036912,D.Smith,12,9,126.0,1,13.333260016421939,1.1111050013684949,7,0.5833333333333334,110.0,18.0,9.166666666666666,2.0,7.0,2,2,0
2024,REG,PHI,00-0038102,K.Pickett,00-0036919,K.Gainwell,2,2,11.0,0,-1.4171183386351922,-0.7085591693175961,0,0.0,-3.0,14.0,-1.5,7.0,0.0,0,0,0
2024,REG,PHI,00-0038102,K.Pickett,00-0037086,G.Calcaterra,3,1,34.0,0,1.318379617587193,0.4394598725290643,1,0.3333333333333333,43.0,0.0,14.333333333333334,0.0,1.0,1,0,0
2024,REG,PHI,00-0038102,K.Pickett,00-0038498,E.Jenkins,1,0,0.0,0,-0.767532833677251,-0.767532833677251,0,0.0,5.0,0.0,5.0,0.0,0.0,0,1,0
2024,REG,PHI,00-0038102,K.Pickett,00-0039747,A.Smith,1,1,5.0,0,0.152797565504443,0.152797565504443,1,1.0,5.0,0.0,5.0,0.0,0.0,0,0,0
2024,REG,CLE,00-0038108,B.Zappe,00-0033925,D.Foreman,1,1,8.0,0,-0.286123768426478,-0.286123768426478,0,0.0,2.0,6.0,2.0,6.0,0.0,0,0,0
2024,REG,CLE,00-0038108,B.Zappe,00-0034364,J.Akins,6,4,47.0,1,3.094305537525,0.5157175895875,3,0.5,60.0,17.0,10.0,4.25,2.0,1,2,1
2024,REG,CLE,00-0038108,B.Zappe,00-0036407,J.Jeudy,13,6,63.0,0,-7.086695547914126,-0.5451304267626251,4,0.3076923076923077,102.0,54.0,7.846153846153846,9.0,3.0,1,2,0
2024,REG,CLE,00-0038108,B.Zappe,00-0036980,E.Moore,4,3,36.0,0,-4.28423806431238,-1.071059516078095,2,0.5,27.0,12.0,6.75,4.0,2.0,1,0,0
2024,REG,CLE,00-0038108,B.Zappe,00-0038710,B.Whiteheart,1,1,1.0,0,-0.49125217134133,-0.49125217134133,0,0.0,0.0,1.0,0.0,1.0,0.0,0,0,0
2024,REG,CLE,00-0038108,B.Zappe,00-0039379,J.Thrash,1,0,0.0,0,-0.45146962441504,-0.45146962441504,0,0.0,27.0,0.0,27.0,0.0,0.0,0,0,0
2024,REG,CLE,00-0038108,B.Zappe,00-0039458,B.Bates,1,0,0.0,0,-0.801100357901305,-0.801100357901305,0,0.0,-2.0,0.0,-2.0,0.0,0.0,0,0,0
2024,REG,CLE,00-0038108,B.Zappe,00-0039617,J.Kibodi,3,1,15.0,0,-4.44747729733354,-1.4824924324445135,1,0.3333333333333333,9.0,11.0,3.0,11.0,1.0,0,2,0
2024,REG,LV,00-0038122,D.Ridder,00-0032104,A.Abdullah,13,11,69.0,1,2.851746862479674,0.2193651432676672,6,0.46153846153846156,26.0,53.0,2.0,4.818181818181818,4.0,1,2,1
2024,REG,LV,00-0038122,D.Ridder,00-0034960,J.Meyers,21,11,120.0,0,-0.8362832046696043,-0.03982300974617163,10,0.47619047619047616,232.0,35.0,11.047619047619047,3.1818181818181817,7.0,2,2,0
2024,REG,LV,00-0038122,D.Ridder,00-0034972,A.Mattison,4,2,3.0,0,-4.074702911078937,-1.0186757277697343,0,0.0,2.0,5.0,0.5,2.5,0.0,0,0,0
2024,REG,LV,00-0038122,D.Ridder,00-0036527,D.Turner,1,0,0.0,0,-0.363877467403654,-0.363877467403654,0,0.0,-2.0,0.0,-2.0,0.0,0.0,0,1,0
2024,REG,LV,00-0038122,D.Ridder,00-0036955,T.Marshall,2,2,13.0,0,0.802295603731181,0.4011478018655905,2,1.0,12.0,1.0,6.0,0.5,0.0,0,0,0
2024,REG,LV,00-0038122,D.Ridder,00-0037509,S.McCormick,2,2,17.0,0,0.17715366929769494,0.08857683464884747,1,0.5,15.0,2.0,7.5,1.0,1.0,0,0,0
2024,REG,LV,00-0038122,D.Ridder,00-0038563,T.Tucker,12,9,79.0,0,2.5311009546858196,0.21092507955715165,6,0.5,84.0,37.0,7.0,4.111111111111111,4.0,1,1,0
2024,REG,LV,00-0038122,D.Ridder,00-0039066,M.Mayer,8,6,49.0,0,1.9821778875775653,0.24777223594719566,4,0.5,60.0,22.0,7.5,3.6666666666666665,3.0,0,0,0
2024,REG,LV,00-0038122,D.Ridder,00-0039338,B.Bowers,13,8,101.0,1,3.9783979990997067,0.3060306153153621,6,0.46153846153846156,108.0,46.0,8.307692307692308,5.75,4.0,3,0,0
2024,REG,LV,00-0038122,D.Ridder,00-0039543,R.Keyton,2,1,7.0,0,0.507509620976634,0.253754810488317,1,0.5,20.0,0.0,10.0,0.0,1.0,0,0,0
2024,REG,GB,00-0038128,M.Willis,00-0035700,J.Jacobs,1,1,5.0,0,-0.251546194311231,-0.251546194311231,0,0.0,0.0,5.0,0.0,5.0,0.0,0,0,0
2024,REG,GB,00-0038128,M.Willis,00-0037816,R.Doubs,7,4,80.0,0,6.120693670061887,0.874384810008841,4,0.5714285714285714,122.0,10.0,17.428571428571427,2.5,4.0,1,0,0
2024,REG,GB,00-0038128,M.Willis,00-0038124,C.Watson,2,2,67.0,0,6.9254550277837605,3.4627275138918803,2,1.0,47.0,20.0,23.5,10.0,2.0,2,0,0
2024,REG,GB,00-0038128,M.Willis,00-0038393,D.Wicks,11,6,42.0,1,0.19327415804481307,0.017570378004073916,4,0.36363636363636365,119.0,11.0,10.818181818181818,1.8333333333333333,3.0,0,2,1
2024,REG,GB,00-0038128,M.Willis,00-0038465,M.Heath,4,3,53.0,0,4.015305513283233,1.0038263783208083,3,0.75,46.0,13.0,11.5,4.333333333333333,1.0,1,0,0
2024,REG,GB,00-0038128,M.Willis,00-0038797,Em.Wilson,4,4,30.0,1,0.646443011821245,0.16161075295531124,1,0.25,-25.0,55.0,-6.25,13.75,1.0,1,0,0
2024,REG,GB,00-0038128,M.Willis,00-0038996,T.Kraft,9,7,69.0,1,4.401294392591798,0.48903271028797757,4,0.4444444444444444,23.0,46.0,2.5555555555555554,6.571428571428571,4.0,2,1,1
2024,REG,GB,00-0038128,M.Willis,00-0039144,L.Musgrave,2,2,9.0,0,-0.28050780238118006,-0.14025390119059003,1,0.5,0.0,9.0,0.0,4.5,0.0,0,0,0
2024,REG,GB,00-0038128,M.Willis,00-0039146,J.Reed,13,10,192.0,0,8.530752584537515,0.6562117372721166,6,0.46153846153846156,88.0,97.0,6.769230769230769,9.7,5.0,4,2,0
2024,REG,GB,00-0038128,M.Willis,00-0039811,M.Lloyd,1,1,3.0,0,-0.234166648471728,-0.234166648471728,0,0.0,-5.0,8.0,-5.0,8.0,0.0,0,0,0
2024,REG,PHI,00-0038400,T.McKee,00-0034351,D.Goedert,6,4,55.0,0,4.09838254397031,0.683063757328385,4,0.6666666666666666,44.0,26.0,7.333333333333333,6.5,4.0,0,0,0
2024,REG,PHI,00-0038400,T.McKee,00-0035676,A.Brown,2,1,20.0,1,2.768900331575422,1.384450165787711,1,0.5,40.0,0.0,20.0,0.0,1.0,1,2,1
2024,REG,PHI,00-0038400,T.McKee,00-0036912,D.Smith,2,2,34.0,1,4.392086482956073,2.1960432414780366,2,1.0,12.0,22.0,6.0,11.0,1.0,1,0,0
2024,REG,PHI,00-0038400,T.McKee,00-0036919,K.Gainwell,4,2,9.0,0,-0.822513848717791,-0.20562846217944775,1,0.25,16.0,10.0,4.0,5.0,0.0,0,0,0
2024,REG,PHI,00-0038400,T.McKee,00-0037086,G.Calcaterra,4,2,10.0,0,-0.773891042859759,-0.19347276071493974,1,0.25,14.0,4.0,3.5,2.0,0.0,0,1,0
2024,REG,PHI,00-0038400,T.McKee,00-0037741,J.Dotson,11,7,94.0,0,4.9046259769238585,0.44587508881125987,6,0.5454545454545454,109.0,20.0,9.909090909090908,2.857142857142857,6.0,0,0,0
2024,REG,PHI,00-0038400,T.McKee,00-0038498,E.Jenkins,1,1,7.0,1,1.5671389507479,1.5671389507479,1,1.0,4.0,3.0,4.0,3.0,1.0,0,1,1
2024,REG,PHI,00-0038400,T.McKee,00-0039236,J.Wilson,5,3,24.0,0,0.130703541683033,0.0261407083366066,3,0.6,37.0,9.0,7.4,3.0,1.0,0,0,0
2024,REG,PHI,00-0038400,T.McKee,00-0039746,W.Shipley,4,4,35.0,0,2.2993972059159096,0.5748493014789774,3,0.75,7.0,28.0,1.75,7.0,2.0,0,1,0
2024,REG,PHI,00-0038400,T.McKee,00-0039747,A.Smith,6,4,35.0,1,0.25903435499640715,0.04317239249940119,3,0.5,39.0,16.0,6.5,4.0,1.0,0,1,1
2024,REG,CHI,00-0038416,T.Bagent,00-0036254,C.Johnson,1,1,6.0,0,0.39104867563583,0.39104867563583,1,1.0,3.0,3.0,3.0,3.0,1.0,0,0,0
2024,REG,CHI,00-0038416,T.Bagent,00-0038941,T.Scott,1,1,5.0,0,-0.072181174706202,-0.072181174706202,0,0.0,-2.0,7.0,-2.0,7.0,0.0,0,0,0
2024,REG,NYG,00-0038476,T.DeVito,00-0035250,D.Singletary,3,3,10.0,0,-0.682462910364845,-0.22748763678828166,1,0.3333333333333333,-5.0,15.0,-1.6666666666666667,5.0,1.0,0,0,0
2024,REG,NYG,00-0038476,T.DeVito,00-0035535,D.Slayton,3,1,16.0,0,-0.997594051004852,-0.3325313503349507,1,0.3333333333333333,36.0,8.0,12.0,8.0,1.0,0,2,0
2024,REG,NYG,00-0038476,T.DeVito,00-0038115,D.Bellinger,1,1,13.0,0,0.823638575850055,0.823638575850055,1,1.0,10.0,3.0,10.0,3.0,1.0,0,0,0
2024,REG,NYG,00-0038476,T.DeVito,00-0038117,W.Robinson,7,7,54.0,0,4.328274983854495,0.6183249976934994,3,0.42857142857142855,35.0,19.0,5.0,2.7142857142857144,3.0,0,0,0
2024,REG,NYG,00-0038476,T.DeVito,00-0038396,E.Gray,2,2,7.0,0,-0.928524709772319,-0.4642623548861595,0,0.0,0.0,7.0,0.0,3.5,0.0,0,0,0
2024,REG,NYG,00-0038476,T.DeVito,00-0039337,M.Nabers,15,11,93.0,0,2.605518507247327,0.17370123381648844,7,0.4666666666666667,108.0,24.0,7.2,2.1818181818181817,4.0,1,1,0
2024,REG,NYG,00-0038476,T.DeVito,00-0039384,T.Tracy,4,3,25.0,0,-1.1553747194120647,-0.2888436798530162,3,0.75,18.0,12.0,4.5,4.0,2.0,0,0,0
2024,REG,NYG,00-0038476,T.DeVito,00-0039847,T.Johnson,6,3,39.0,0,-0.5675021654460628,-0.09458369424101047,3,0.5,16.0,31.0,2.6666666666666665,10.333333333333334,3.0,1,0,0
2024,REG,SEA,00-0038543,J.Smith-Njigba,00-0035640,D.Metcalf,1,1,35.0,0,2.24360939417966,2.24360939417966,1,1.0,35.0,0.0,35.0,0.0,1.0,1,0,0
2024,REG,DET,00-0038550,H.Hooker,00-0031428,A.Robinson,3,1,7.0,0,0.2240533238885849,0.07468444129619496,1,0.3333333333333333,15.0,2.0,5.0,2.0,1.0,0,0,0
2024,REG,DET,00-0038550,H.Hooker,00-0032464,K.Raymond,3,3,49.0,0,3.863738810352518,1.2879129367841726,3,1.0,28.0,21.0,9.333333333333334,7.0,2.0,1,0,0
2024,REG,DET,00-0038550,H.Hooker,00-0039451,I.Williams,3,2,6.0,0,-2.347091557923706,-0.7823638526412354,0,0.0,15.0,7.0,5.0,3.5,0.0,0,0,0
2024,REG,LV,00-0038579,A.O'Connell,00-0031381,D.Adams,1,0,0.0,0,-0.531010385631817,-0.531010385631817,0,0.0,6.0,0.0,6.0,0.0,0.0,0,1,0
2024,REG,LV,00-0038579,A.O'Connell,00-0032104,A.Abdullah,20,16,126.0,0,6.525017152482186,0.3262508576241093,12,0.6,21.0,111.0,1.05,6.9375,8.0,0,2,0
2024,REG,LV,00-0038579,A.O'Connell,00-0034960,J.Meyers,49,33,443.0,2,18.906817439020884,0.3858534171228752,27,0.5510204081632653,564.0,99.0,11.510204081632653,3.0,20.0,9,6,1
2024,REG,LV,00-0038579,A.O'Connell,00-0034972,A.Mattison,22,15,88.0,0,-9.314757027836277,-0.4233980467198308,7,0.3181818181818182,15.0,94.0,0.6818181818181818,6.266666666666667,4.0,0,1,0
2024,REG,LV,00-0038579,A.O'Connell,00-0035602,A.Bachman,4,3,31.0,0,0.07557450111210506,0.018893625278026266,2,0.5,21.0,10.0,5.25,3.3333333333333335,2.0,0,1,0
2024,REG,LV,00-0038579,A.O'Connell,00-0036183,K.Wilkerson,3,2,18.0,1,2.861492906173217,0.9538309687244056,2,0.6666666666666666,16.0,11.0,5.333333333333333,5.5,2.0,0,3,1
2024,REG,LV,00-0038579,A.O'Connell,00-0036232,H.Bryant,7,5,43.0,0,0.8905009585432677,0.12721442264903823,4,0.5714285714285714,15.0,36.0,2.142857142857143,7.2,3.0,0,0,0
2024,REG,LV,00-0038579,A.O'Connell,00-0036527,D.Turner,11,5,84.0,0,-3.3319355137646074,-0.3029032285240552,3,0.2727272727272727,142.0,44.0,12.909090909090908,8.8,3.0,2,1,0
2024,REG,LV,00-0038579,A.O'Connell,00-0036955,T.Marshall,4,1,28.0,0,-1.3214497351461496,-0.3303624337865374,1,0.25,40.0,3.0,10.0,3.0,1.0,1,0,0
2024,REG,LV,00-0038579,A.O'Connell,00-0037509,S.McCormick,5,4,12.0,0,-1.0706686230259952,-0.21413372460519903,2,0.4,-12.0,27.0,-2.4,6.75,1.0,0,1,0
2024,REG,LV,00-0038579,A.O'Connell,00-0038563,T.Tucker,29,13,186.0,3,8.082723322655989,0.2787145973329651,12,0.41379310344827586,465.0,47.0,16.03448275862069,3.6153846153846154,8.0,2,3,2
2024,REG,LV,00-0038579,A.O'Connell,00-0039066,M.Mayer,13,8,70.0,0,-1.009941318363417,-0.07768779372026284,5,0.38461538461538464,95.0,28.0,7.3076923076923075,3.5,2.0,1,2,0
2024,REG,LV,00-0038579,A.O'Connell,00-0039244,C.Collier,2,1,-4.0,0,-1.5981849671807111,-0.7990924835903556,0,0.0,-5.0,1.0,-2.5,1.0,0.0,0,0,0
2024,REG,LV,00-0038579,A.O'Connell,00-0039338,B.Bowers,63,48,487.0,2,10.877711530318564,0.17266208778283434,35,0.5555555555555556,415.0,220.0,6.587301587301587,4.583333333333333,24.0,5,6,1
2024,REG,ARI,00-0038582,C.Tune,00-0037744,T.McBride,2,2,8.0,0,-1.128018678165968,-0.564009339082984,1,0.5,4.0,4.0,2.0,2.0,0.0,0,0,0
2024,REG,CLE,00-0038583,D.Thompson-Robinson,00-0033885,D.Njoku,16,11,86.0,0,-3.3241641610511605,-0.20776026006569753,7,0.4375,78.0,53.0,4.875,4.818181818181818,4.0,1,2,0
2024,REG,CLE,00-0038583,D.Thompson-Robinson,00-0033925,D.Foreman,2,0,0.0,0,-0.759281412698329,-0.3796407063491645,0,0.0,-5.0,0.0,-2.5,0.0,0.0,0,0,0
2024,REG,CLE,00-0038583,D.Thompson-Robinson,00-0034364,J.Akins,15,10,81.0,0,1.6226246269070548,0.10817497512713699,6,0.4,77.0,56.0,5.133333333333334,5.6,4.0,0,1,0
2024,REG,CLE,00-0038583,D.Thompson-Robinson,00-0034791,N.Chubb,1,0,0.0,0,-3.33877280750312,-3.33877280750312,0,0.0,2.0,0.0,2.0,0.0,0.0,0,0,0
2024,REG,CLE,00-0038583,D.Thompson-Robinson,00-0036407,J.Jeudy,27,16,127.0,0,-6.728840188181491,-0.24921630326598113,12,0.4444444444444444,230.0,30.0,8.518518518518519,1.875,6.0,0,3,0
2024,REG,CLE,00-0038583,D.Thompson-Robinson,00-0036980,E.Moore,13,5,34.0,0,-8.389986228605263,-0.6453835560465587,2,0.15384615384615385,124.0,8.0,9.538461538461538,1.6,1.0,0,1,0
2024,REG,CLE,00-0038583,D.Thompson-Robinson,00-0037267,J.Ford,6,6,33.0,0,0.6108611891977491,0.10181019819962485,3,0.5,-16.0,49.0,-2.6666666666666665,8.166666666666666,3.0,0,1,0
2024,REG,CLE,00-0038583,D.Thompson-Robinson,00-0037300,M.Woods,6,1,3.0,0,-8.578746852756009,-1.4297911421260014,0,0.0,67.0,0.0,11.166666666666666,0.0,0.0,0,2,0
2024,REG,CLE,00-0038583,D.Thompson-Robinson,00-0038098,P.Strong,9,6,27.0,0,-4.994680309202526,-0.5549644788002807,1,0.1111111111111111,6.0,33.0,0.6666666666666666,5.5,0.0,0,0,0
2024,REG,CLE,00-0038583,D.Thompson-Robinson,00-0038710,B.Whiteheart,2,1,8.0,0,-4.652481215074659,-2.3262406075373296,1,0.5,23.0,5.0,11.5,5.0,0.0,0,0,0
2024,REG,CLE,00-0038583,D.Thompson-Robinson,00-0038979,C.Tillman,7,5,41.0,0,-2.5133191292989085,-0.3590455898998441,3,0.42857142857142855,52.0,17.0,7.428571428571429,3.4,2.0,0,0,0
2024,REG,CLE,00-0038583,D.Thompson-Robinson,00-0039379,J.Thrash,2,0,0.0,0,-2.179397077066826,-1.089698538533413,0,0.0,5.0,0.0,2.5,0.0,0.0,0,0,0
2024,REG,NO,00-0038998,J.Haener,00-0033357,T.Hill,1,0,0.0,0,-1.60225560260005,-1.60225560260005,0,0.0,1.0,0.0,1.0,0.0,0.0,0,0,0
2024,REG,NO,00-0038998,J.Haener,00-0033906,A.Kamara,10,5,45.0,0,-5.124985211434453,-0.5124985211434453,2,0.2,40.0,41.0,4.0,8.2,2.0,1,0,0
2024,REG,NO,00-0038998,J.Haener,00-0034272,M.Valdes-Scantling,3,0,0.0,0,-1.529711646377109,-0.509903882125703,0,0.0,39.0,0.0,13.0,0.0,0.0,0,0,0
2024,REG,NO,00-0038998,J.Haener,00-0034418,C.Wilson,3,2,29.0,1,2.6690580642898514,0.8896860214299505,2,0.6666666666666666,21.0,14.0,7.0,7.0,2.0,0,1,1
2024,REG,NO,00-0038998,J.Haener,00-0034860,D.Pettis,1,1,12.0,0,1.18327289144509,1.18327289144509,1,1.0,6.0,6.0,6.0,6.0,1.0,0,0,0
2024,REG,NO,00-0038998,J.Haener,00-0034981,F.Moreau,1,0,0.0,0,-0.873379372816999,-0.873379372816999,0,0.0,7.0,0.0,7.0,0.0,0.0,0,1,0
2024,REG,NO,00-0038998,J.Haener,00-0036040,J.Johnson,3,3,37.0,0,3.068617577024269,1.0228725256747564,3,1.0,31.0,6.0,10.333333333333334,2.0,2.0,0,0,0
2024,REG,NO,00-0038998,J.Haener,00-0037239,C.Olave,11,5,58.0,0,-5.7823397806489965,-0.5256672527862724,3,0.2727272727272727,133.0,30.0,12.090909090909092,6.0,2.0,1,3,0
2024,REG,NO,00-0038998,J.Haener,00-0038551,K.Miller,1,0,0.0,0,-0.366073068755213,-0.366073068755213,0,0.0,2.0,0.0,2.0,0.0,0.0,0,0,0
2024,REG,NO,00-0038998,J.Haener,00-0039386,B.Means,2,1,36.0,0,3.5196596710011323,1.7598298355005662,1,0.5,44.0,0.0,22.0,0.0,1.0,1,0,0
2024,REG,NO,00-0038998,J.Haener,00-0039623,M.Tipton,1,1,9.0,0,0.484265908191446,0.484265908191446,1,1.0,9.0,0.0,9.0,0.0,0.0,0,0,0
2024,REG,CAR,00-0039150,B.Young,00-0030035,A.Thielen,57,45,575.0,4,37.37266698882079,0.6556608243652771,37,0.6491228070175439,648.0,147.0,11.368421052631579,3.2666666666666666,26.0,8,8,2
2024,REG,CAR,00-0039150,B.Young,00-0031299,J.Matthews,1,0,0.0,0,-0.581935274414718,-0.581935274414718,0,0.0,16.0,0.0,16.0,0.0,0.0,0,0,0
2024,REG,CAR,00-0039150,B.Young,00-0033589,D.Moore,53,28,321.0,3,7.006853423210293,0.13220478157000554,25,0.4716981132075472,612.0,49.0,11.547169811320755,1.75,18.0,2,10,3
2024,REG,CAR,00-0039150,B.Young,00-0034208,M.Boone,3,1,-2.0,0,-3.89994317345554,-1.2999810578185134,0,0.0,-14.0,2.0,-4.666666666666667,2.0,0.0,0,0,0
2024,REG,CAR,00-0039150,B.Young,00-0034365,I.Thomas,1,1,3.0,0,-0.328125910833478,-0.328125910833478,0,0.0,2.0,1.0,2.0,1.0,0.0,0,0,0
2024,REG,CAR,00-0039150,B.Young,00-0035216,Dio.Johnson,12,5,34.0,0,-11.476817552293252,-0.9564014626911043,4,0.3333333333333333,102.0,12.0,8.5,2.4,3.0,0,3,0
2024,REG,CAR,00-0039150,B.Young,00-0035243,M.Sanders,21,17,90.0,1,-7.294721680693334,-0.3473676990806349,6,0.2857142857142857,51.0,90.0,2.4285714285714284,5.294117647058823,3.0,2,3,0
2024,REG,CAR,00-0039150,B.Young,00-0035976,D.Chisena,4,3,37.0,0,2.039961123140525,0.5099902807851312,3,0.75,30.0,9.0,7.5,3.0,2.0,1,0,0
2024,REG,CAR,00-0039150,B.Young,00-0036438,S.Sullivan,1,0,0.0,0,-0.532159550348297,-0.532159550348297,0,0.0,16.0,0.0,16.0,0.0,0.0,0,0,0
2024,REG,CAR,00-0039150,B.Young,00-0036555,C.Hubbard,35,25,90.0,0,-17.83674058679027,-0.5096211596225791,8,0.22857142857142856,-48.0,147.0,-1.3714285714285714,5.88,4.0,0,7,0
2024,REG,CAR,00-0039150,B.Young,00-0036825,F.Franks,2,1,12.0,0,0.15295626188162903,0.07647813094081451,1,0.5,32.0,0.0,16.0,0.0,1.0,0,0,0
2024,REG,CAR,00-0039150,B.Young,00-0037005,T.Tremble,27,19,198.0,2,9.064865622654223,0.33573576380200826,15,0.5555555555555556,150.0,116.0,5.555555555555555,6.105263157894737,11.0,1,4,2
2024,REG,CAR,00-0039150,B.Young,00-0037487,D.Thompkins,4,4,20.0,0,-0.12848315184237502,-0.032120787960593755,2,0.5,-8.0,28.0,-2.0,7.0,2.0,0,1,0
2024,REG,CAR,00-0039150,B.Young,00-0039062,J.Mingo,10,3,41.0,0,-3.5316133410087804,-0.353161334100878,2,0.2,96.0,17.0,9.6,5.666666666666667,1.0,1,0,0
2024,REG,CAR,00-0039150,B.Young,00-0039342,X.Legette,63,35,355.0,2,-2.6783885088241015,-0.042514103314668275,23,0.36507936507936506,850.0,64.0,13.492063492063492,1.8285714285714285,18.0,6,8,2
2024,REG,CAR,00-0039150,B.Young,00-0039344,J.Brooks,3,3,23.0,0,1.456625814549628,0.48554193818320934,2,0.6666666666666666,-8.0,31.0,-2.6666666666666665,10.333333333333334,2.0,0,2,0
2024,REG,CAR,00-0039150,B.Young,00-0039356,J.Sanders,23,18,205.0,1,10.462649029097518,0.45489778387380514,12,0.5217391304347826,177.0,111.0,7.695652173913044,6.166666666666667,8.0,4,3,1
2024,REG,CAR,00-0039150,B.Young,00-0039491,J.Coker,39,26,401.0,2,24.298726480532956,0.6230442687316142,21,0.5384615384615384,436.0,145.0,11.179487179487179,5.576923076923077,18.0,5,7,1
2024,REG,TEN,00-0039152,W.Levis,00-0030564,D.Hopkins,18,13,160.0,1,-4.380327702616326,-0.24335153903424034,12,0.6666666666666666,208.0,7.0,11.555555555555555,0.5384615384615384,8.0,2,2,1
2024,REG,TEN,00-0039152,W.Levis,00-0032394,N.Vannett,11,9,52.0,1,-0.7751993709243847,-0.07047267008403497,6,0.5454545454545454,12.0,38.0,1.0909090909090908,4.222222222222222,2.0,0,2,1
2024,REG,TEN,00-0039152,W.Levis,00-0033009,T.Boyd,39,26,272.0,0,3.363399490641422,0.08624101258054928,18,0.46153846153846156,266.0,158.0,6.82051282051282,6.076923076923077,14.0,3,4,0
2024,REG,TEN,00-0039152,W.Levis,00-0034837,C.Ridley,70,35,547.0,3,13.068668524623098,0.18669526463747282,29,0.4142857142857143,1204.0,112.0,17.2,3.2,20.0,9,5,1
2024,REG,TEN,00-0039152,W.Levis,00-0035261,T.Pollard,38,29,160.0,0,-6.377656400669363,-0.16783306317550953,11,0.2894736842105263,-2.0,155.0,-0.05263157894736842,5.344827586206897,6.0,2,3,0
2024,REG,TEN,00-0039152,W.Levis,00-0036182,N.Westbrook-Ikhine,32,16,335.0,5,7.104949639819101,0.2220296762443469,14,0.4375,432.0,102.0,13.5,6.375,11.0,3,3,2
2024,REG,TEN,00-0039152,W.Levis,00-0037524,T.Martin,2,1,49.0,1,5.368295000516811,2.6841475002584056,1,0.5,63.0,5.0,31.5,5.0,1.0,1,0,0
2024,REG,TEN,00-0039152,W.Levis,00-0037594,J.Chestnut,1,1,2.0,0,-1.15464588697068,-1.15464588697068,0,0.0,0.0,2.0,0.0,2.0,0.0,0,0,0
2024,REG,TEN,00-0039152,W.Levis,00-0037742,T.Burks,7,3,21.0,0,-1.4227472441270947,-0.20324960630387068,2,0.2857142857142857,122.0,5.0,17.428571428571427,1.6666666666666667,2.0,0,0,0
2024,REG,TEN,00-0039152,W.Levis,00-0037809,C.Okonkwo,30,23,218.0,2,2.56180027204028,0.08539334240134266,14,0.4666666666666667,143.0,147.0,4.766666666666667,6.391304347826087,9.0,1,1,1
2024,REG,TEN,00-0039152,W.Levis,00-0038589,J.Whyle,17,11,98.0,0,0.28839708019021737,0.016964534128836316,7,0.4117647058823529,123.0,56.0,7.235294117647059,5.090909090909091,5.0,2,3,0
2024,REG,TEN,00-0039152,W.Levis,00-0039032,T.Spears,20,17,94.0,0,-5.333669254672722,-0.2666834627336361,5,0.25,-30.0,121.0,-1.5,7.117647058823529,4.0,1,0,0
2024,REG,TEN,00-0039152,W.Levis,00-0039648,D.Martin-Robinson,1,0,0.0,0,-0.549419083166868,-0.549419083166868,0,0.0,0.0,0.0,0.0,0.0,0.0,0,0,0
2024,REG,TEN,00-0039152,W.Levis,00-0039650,B.Oliver,7,5,87.0,0,4.18465655611362,0.597808079444803,4,0.5714285714285714,85.0,21.0,12.142857142857142,4.2,4.0,1,0,0
2024,REG,TEN,00-0039152,W.Levis,00-0039731,J.Latham,1,1,0.0,0,-1.70453689270653,-1.70453689270653,0,0.0,-4.0,4.0,-4.0,4.0,0.0,0,0,0
2024,REG,HOU,00-0039163,C.Stroud,00-0030431,R.Woods,26,17,159.0,0,3.611177780048175,0.13889145307877596,11,0.4230769230769231,244.0,68.0,9.384615384615385,4.0,10.0,1,2,0
2024,REG,HOU,00-0039163,C.Stroud,00-0031588,S.Diggs,60,44,478.0,3,16.91955720837418,0.28199262013956966,33,0.55,534.0,176.0,8.9,4.0,30.0,5,5,3
2024,REG,HOU,00-0039163,C.Stroud,00-0033854,D.Ogunbowale,24,16,159.0,1,1.7632057650353605,0.07346690687647335,10,0.4166666666666667,41.0,132.0,1.7083333333333333,8.25,6.0,2,6,1
2024,REG,HOU,00-0039163,C.Stroud,00-0033897,J.Mixon,52,36,309.0,1,3.0244838391737767,0.05816315075334186,23,0.4423076923076923,-27.0,360.0,-0.5192307692307693,10.0,12.0,4,7,1
2024,REG,HOU,00-0039163,C.Stroud,00-0034383,D.Schultz,83,51,516.0,2,2.238130771020506,0.026965430976150676,35,0.42168674698795183,672.0,210.0,8.096385542168674,4.117647058823529,26.0,5,7,1
2024,REG,HOU,00-0039163,C.Stroud,00-0034959,A.Beck,1,0,0.0,0,-0.60070790303871,-0.60070790303871,0,0.0,27.0,0.0,27.0,0.0,0.0,0,0,0
2024,REG,HOU,00-0039163,C.Stroud,00-0036096,J.Taylor,2,1,-2.0,0,-1.577844070736319,-0.7889220353681595,0,0.0,-8.0,1.0,-4.0,1.0,0.0,0,0,0
2024,REG,HOU,00-0039163,C.Stroud,00-0036414,C.Akers,7,4,16.0,1,-2.125546344439501,-0.3036494777770716,1,0.14285714285714285,-4.0,11.0,-0.5714285714285714,2.75,1.0,0,1,1
2024,REG,HOU,00-0039163,C.Stroud,00-0036554,N.Collins,93,66,975.0,7,47.30260534847894,0.508630165037408,53,0.5698924731182796,1068.0,337.0,11.483870967741936,5.106060606060606,47.0,13,9,5
2024,REG,HOU,00-0039163,C.Stroud,00-0036556,B.Jordan,3,2,7.0,0,1.451204311568286,0.483734770522762,1,0.3333333333333333,1.0,3.0,0.3333333333333333,1.5,1.0,0,0,0
2024,REG,HOU,00-0039163,C.Stroud,00-0037258,D.Pierce,2,2,2.0,0,-0.908288717502728,-0.454144358751364,0,0.0,-3.0,5.0,-1.5,2.5,0.0,0,0,0
2024,REG,HOU,00-0039163,C.Stroud,00-0037614,J.Metchie,33,22,230.0,1,3.043521773680636,0.09222793253577685,17,0.5151515151515151,301.0,68.0,9.121212121212121,3.090909090909091,10.0,2,8,1
2024,REG,HOU,00-0039163,C.Stroud,00-0038618,X.Hutchinson,23,11,112.0,0,-3.100937674300295,-0.1348233771434911,9,0.391304347826087,259.0,37.0,11.26086956521739,3.3636363636363638,6.0,0,1,0
2024,REG,HOU,00-0039163,C.Stroud,00-0038977,T.Dell,79,49,633.0,3,17.617853030383806,0.22301079785295957,39,0.4936708860759494,984.0,162.0,12.455696202531646,3.306122448979592,33.0,9,8,2
2024,REG,HOU,00-0039163,C.Stroud,00-0039359,C.Stover,21,15,133.0,1,5.3859172461088765,0.2564722498147084,8,0.38095238095238093,102.0,94.0,4.857142857142857,6.266666666666667,5.0,1,3,1
2024,REG,IND,00-0039164,A.Richardson,00-0033217,M.Alie-Cox,13,6,69.0,0,3.5307054759906564,0.2715927289223582,6,0.46153846153846156,93.0,26.0,7.153846153846154,4.333333333333333,4.0,1,2,0
2024,REG,IND,00-0039164,A.Richardson,00-0035021,A.Dulin,5,2,67.0,1,-1.4934062656830096,-0.29868125313660193,2,0.4,86.0,43.0,17.2,21.5,2.0,1,1,0
2024,REG,IND,00-0039164,A.Richardson,00-0036223,J.Taylor,12,7,83.0,1,0.311924741137776,0.025993728428148,5,0.4166666666666667,-9.0,95.0,-0.75,13.571428571428571,5.0,1,1,1
2024,REG,IND,00-0039164,A.Richardson,00-0036252,M.Pittman,68,41,488.0,0,-6.378941049791911,-0.09380795661458693,31,0.45588235294117646,812.0,168.0,11.941176470588236,4.097560975609756,19.0,8,6,0
2024,REG,IND,00-0039164,A.Richardson,00-0036876,K.Granson,19,7,104.0,0,-6.255739864487189,-0.3292494665519573,6,0.3157894736842105,227.0,67.0,11.947368421052632,9.571428571428571,4.0,1,3,0
2024,REG,IND,00-0039164,A.Richardson,00-0036984,T.Sermon,6,6,46.0,0,0.00704861528356604,0.0011747692139276733,3,0.5,2.0,44.0,0.3333333333333333,7.333333333333333,2.0,0,0,0
2024,REG,IND,00-0039164,A.Richardson,00-0037120,T.Goodson,2,1,2.0,0,-0.957716747652739,-0.4788583738263695,0,0.0,27.0,0.0,13.5,0.0,0.0,0,0,0
2024,REG,IND,00-0039164,A.Richardson,00-0037292,A.Ogletree,8,3,42.0,0,-5.273815574269975,-0.6592269467837468,2,0.25,113.0,20.0,14.125,6.666666666666667,2.0,1,1,0
2024,REG,IND,00-0039164,A.Richardson,00-0037664,A.Pierce,39,18,380.0,3,10.721765263385079,0.27491705803551486,17,0.4358974358974359,840.0,50.0,21.53846153846154,2.7777777777777777,15.0,5,2,2
2024,REG,IND,00-0039164,A.Richardson,00-0038394,W.Mallory,5,2,12.0,0,-6.396082279476099,-1.2792164558952197,0,0.0,51.0,0.0,10.2,0.0,0.0,0,0,0
2024,REG,IND,00-0039164,A.Richardson,00-0038997,J.Downs,42,23,349.0,3,13.015016062049263,0.30988133481069674,16,0.38095238095238093,324.0,207.0,7.714285714285714,9.0,13.0,6,3,1
2024,REG,IND,00-0039164,A.Richardson,00-0039164,A.Richardson,1,1,-1.0,0,-1.05584947846364,-1.05584947846364,0,0.0,-8.0,7.0,-8.0,7.0,0.0,0,0,0
2024,REG,IND,00-0039164,A.Richardson,00-0039816,A.Gould,1,1,23.0,0,1.88861330680083,1.88861330680083,1,1.0,18.0,5.0,18.0,5.0,1.0,1,0,0
2024,REG,IND,00-0039164,A.Richardson,00-0039890,A.Mitchell,29,8,150.0,0,-11.027421760391558,-0.38025592277212267,7,0.2413793103448276,488.0,44.0,16.82758620689655,5.5,6.0,3,3,0
2024,REG,NO,00-0039376,S.Rattler,00-0033357,T.Hill,3,2,21.0,0,-0.456644505029544,-0.152214835009848,1,0.3333333333333333,13.0,14.0,4.333333333333333,7.0,0.0,0,0,0
2024,REG,NO,00-0039376,S.Rattler,00-0033906,A.Kamara,22,15,88.0,0,-8.787903535412626,-0.39945016070057393,6,0.2727272727272727,-21.0,105.0,-0.9545454545454546,7.0,2.0,1,1,0
2024,REG,NO,00-0039376,S.Rattler,00-0033948,Ja.Williams,2,2,19.0,0,0.6549790140707039,0.32748950703535196,2,1.0,5.0,14.0,2.5,7.0,1.0,0,0,0
2024,REG,NO,00-0039376,S.Rattler,00-0034272,M.Valdes-Scantling,14,5,97.0,0,-1.0382464144701886,-0.07416045817644204,4,0.2857142857142857,208.0,31.0,14.857142857142858,6.2,4.0,3,1,0
2024,REG,NO,00-0039376,S.Rattler,00-0034418,C.Wilson,18,13,108.0,0,-4.367696011855389,-0.2426497784364105,9,0.5,100.0,48.0,5.555555555555555,3.6923076923076925,3.0,1,0,0
2024,REG,NO,00-0039376,S.Rattler,00-0034860,D.Pettis,21,8,86.0,1,-3.184796007636049,-0.15165695274457378,6,0.2857142857142857,259.0,15.0,12.333333333333334,1.875,6.0,1,3,1
2024,REG,NO,00-0039376,S.Rattler,00-0034981,F.Moreau,20,17,242.0,2,11.387053035425987,0.5693526517712993,15,0.75,160.0,114.0,8.0,6.705882352941177,12.0,4,3,1
2024,REG,NO,00-0039376,S.Rattler,00-0036040,J.Johnson,34,23,273.0,0,7.474128741581906,0.2198273159288796,17,0.5,287.0,117.0,8.441176470588236,5.086956521739131,13.0,4,2,0
2024,REG,NO,00-0039376,S.Rattler,00-0036360,C.Edwards-Helaire,5,3,24.0,0,0.48211961908964485,0.09642392381792897,1,0.2,-4.0,35.0,-0.8,11.666666666666666,1.0,0,0,0
2024,REG,NO,00-0039376,S.Rattler,00-0036727,A.Prentice,2,0,0.0,0,-1.122580763651058,-0.561290381825529,0,0.0,1.0,0.0,0.5,0.0,0.0,0,0,0
2024,REG,NO,00-0039376,S.Rattler,00-0037231,K.Austin,10,4,61.0,0,-2.9881934582372263,-0.2988193458237226,4,0.4,110.0,16.0,11.0,4.0,4.0,1,0,0
2024,REG,NO,00-0039376,S.Rattler,00-0037239,C.Olave,6,4,54.0,0,-8.300476734468257,-1.3834127890780428,3,0.5,67.0,4.0,11.166666666666666,1.0,3.0,1,0,0
2024,REG,NO,00-0039376,S.Rattler,00-0037545,R.Shaheed,7,1,11.0,0,-11.823524502804503,-1.689074928972072,1,0.14285714285714285,151.0,9.0,21.571428571428573,9.0,1.0,0,0,0
2024,REG,NO,00-0039376,S.Rattler,00-0038551,K.Miller,6,5,33.0,0,1.044495807378556,0.17408263456309267,4,0.6666666666666666,-1.0,33.0,-0.16666666666666666,6.6,2.0,0,0,0
2024,REG,NO,00-0039376,S.Rattler,00-0038678,J.Mims,15,10,42.0,0,-5.493059600179549,-0.3662039733453033,2,0.13333333333333333,4.0,46.0,0.26666666666666666,4.6,3.0,0,0,0
2024,REG,NO,00-0039376,S.Rattler,00-0039386,B.Means,13,8,82.0,1,-0.1611671817372511,-0.012397475518250083,7,0.5384615384615384,126.0,20.0,9.692307692307692,2.5,6.0,0,1,1
2024,REG,NO,00-0039376,S.Rattler,00-0039613,D.Holker,3,2,11.0,0,-1.6164028070634209,-0.538800935687807,0,0.0,37.0,2.0,12.333333333333334,1.0,0.0,0,0,0
2024,REG,NO,00-0039376,S.Rattler,00-0039623,M.Tipton,13,8,65.0,0,-3.2876329779974167,-0.25289484446133975,5,0.38461538461538464,142.0,19.0,10.923076923076923,2.375,1.0,0,0,0
2024,REG,NE,00-0039398,J.Milton,00-0032392,A.Hooper,5,4,27.0,0,-0.539979382304103,-0.10799587646082061,1,0.2,22.0,8.0,4.4,2.0,1.0,0,1,0
2024,REG,NE,00-0039398,J.Milton,00-0033307,K.Bourne,2,2,12.0,0,0.48367997002787877,0.24183998501393938,1,0.5,10.0,2.0,5.0,1.0,1.0,0,0,0
2024,REG,NE,00-0039398,J.Milton,00-0036328,A.Gibson,6,4,20.0,0,-0.08784552660653899,-0.014640921101089832,2,0.3333333333333333,54.0,22.0,9.0,5.5,2.0,0,1,0
2024,REG,NE,00-0039398,J.Milton,00-0038608,K.Boutte,7,7,117.0,1,9.707397544465492,1.3867710777807845,6,0.8571428571428571,85.0,32.0,12.142857142857142,4.571428571428571,5.0,2,0,0
2024,REG,NE,00-0039398,J.Milton,00-0038621,D.Douglas,4,3,34.0,0,2.479776586048414,0.6199441465121035,3,0.75,52.0,6.0,13.0,2.0,3.0,0,0,0
2024,REG,NE,00-0039398,J.Milton,00-0039420,J.Bell,1,1,19.0,0,1.49426346988184,1.49426346988184,1,1.0,17.0,2.0,17.0,2.0,1.0,0,0,0
2024,REG,NE,00-0039398,J.Milton,00-0039757,T.Jennings,1,0,0.0,0,-0.752186933532357,-0.752186933532357,0,0.0,29.0,0.0,29.0,0.0,0.0,0,0,0
2024,REG,NE,00-0039398,J.Milton,00-0039853,J.Baker,1,1,12.0,0,1.18960935040377,1.18960935040377,1,1.0,12.0,0.0,12.0,0.0,1.0,0,0,0
2024,REG,CAR,00-0039491,J.Coker,00-0035243,M.Sanders,1,1,19.0,0,1.31070934201125,1.31070934201125,1,1.0,16.0,3.0,16.0,3.0,1.0,0,0,0
2024,REG,DEN,00-0039732,B.Nix,00-0031595,M.Burton,9,9,37.0,1,0.800812671601308,0.08897918573347867,4,0.4444444444444444,7.0,30.0,0.7777777777777778,3.3333333333333335,2.0,0,2,1
2024,REG,DEN,00-0039732,B.Nix,00-0033943,J.Reynolds,19,12,183.0,1,11.731092823145442,0.6174259380602864,11,0.5789473684210527,217.0,35.0,11.421052631578947,2.9166666666666665,8.0,4,2,1
2024,REG,DEN,00-0039732,B.Nix,00-0034348,C.Sutton,135,81,1081.0,8,37.142923054151154,0.2751327633640826,74,0.5481481481481482,1787.0,179.0,13.237037037037037,2.2098765432098766,57.0,17,23,7
2024,REG,DEN,00-0039732,B.Nix,00-0035406,L.Humphrey,45,31,293.0,1,-8.642496813287039,-0.19205548473971198,18,0.4,293.0,192.0,6.511111111111111,6.193548387096774,12.0,5,6,0
2024,REG,DEN,00-0039732,B.Nix,00-0036422,A.Trautman,22,13,188.0,2,5.873607747751534,0.26698217035234245,9,0.4090909090909091,125.0,98.0,5.681818181818182,7.538461538461538,8.0,2,5,2
2024,REG,DEN,00-0039732,B.Nix,00-0036997,J.Williams,70,52,346.0,0,-5.536315441112963,-0.07909022058732805,25,0.35714285714285715,-29.0,395.0,-0.4142857142857143,7.596153846153846,14.0,3,4,0
2024,REG,DEN,00-0039732,B.Nix,00-0037085,T.Badie,3,3,-2.0,0,-5.940982915170027,-1.980327638390009,0,0.0,-6.0,4.0,-2.0,1.3333333333333333,0.0,0,1,0
2024,REG,DEN,00-0039732,B.Nix,00-0037252,G.Dulcich,12,5,28.0,0,-7.6045741482521425,-0.6337145123543452,1,0.08333333333333333,71.0,15.0,5.916666666666667,3.0,0.0,0,1,0
2024,REG,DEN,00-0039732,B.Nix,00-0037539,L.Krull,22,18,149.0,0,6.393092873448035,0.29059513061127434,12,0.5454545454545454,123.0,59.0,5.590909090909091,3.2777777777777777,7.0,1,0,0
2024,REG,DEN,00-0039732,B.Nix,00-0038783,N.Adkins,15,14,115.0,3,9.08091498515569,0.6053943323437126,11,0.7333333333333333,62.0,76.0,4.133333333333334,5.428571428571429,6.0,0,4,3
2024,REG,DEN,00-0039732,B.Nix,00-0038794,J.McLaughlin,27,24,76.0,2,-11.264630737914478,-0.4172085458486844,8,0.2962962962962963,-109.0,167.0,-4.037037037037037,6.958333333333333,3.0,0,3,2
2024,REG,DEN,00-0039732,B.Nix,00-0038976,M.Mims,53,39,501.0,6,22.412460302063213,0.4228766094728908,23,0.4339622641509434,384.0,475.0,7.245283018867925,12.179487179487179,14.0,7,6,2
2024,REG,DEN,00-0039732,B.Nix,00-0039373,A.Estime,5,5,27.0,0,-0.7653279736405314,-0.15306559472810627,2,0.4,-10.0,37.0,-2.0,7.4,2.0,0,0,0
2024,REG,DEN,00-0039732,B.Nix,00-0039424,D.Vele,55,41,475.0,3,35.08660535645321,0.6379382792082402,33,0.6,461.0,127.0,8.381818181818181,3.097560975609756,26.0,7,7,3
2024,REG,DEN,00-0039732,B.Nix,00-0039573,B.Watson,2,1,13.0,0,0.2514132558717399,0.12570662793586995,1,0.5,-4.0,18.0,-2.0,18.0,0.0,0,1,0
2024,REG,DEN,00-0039732,B.Nix,00-0039868,T.Franklin,53,28,263.0,2,-18.429685633488536,-0.3477299176129912,18,0.33962264150943394,690.0,163.0,13.018867924528301,5.821428571428571,11.0,5,8,2
2024,REG,NE,00-0039851,D.Maye,00-0032392,A.Hooper,39,32,360.0,2,7.877848360105424,0.20199611179757498,26,0.6666666666666666,282.0,134.0,7.230769230769231,4.1875,18.0,5,4,1
2024,REG,NE,00-0039851,D.Maye,00-0033090,H.Henry,67,46,460.0,2,16.875710411750795,0.25187627480225067,36,0.5373134328358209,488.0,190.0,7.2835820895522385,4.130434782608695,27.0,2,13,2
2024,REG,NE,00-0039851,D.Maye,00-0033307,K.Bourne,32,25,287.0,1,10.365713041818147,0.3239285325568171,21,0.65625,303.0,84.0,9.46875,3.36,12.0,2,1,1
2024,REG,NE,00-0039851,D.Maye,00-0035806,J.Hasty,11,10,59.0,1,0.8529434069059767,0.07754030971872515,4,0.36363636363636365,-9.0,72.0,-0.8181818181818182,7.2,2.0,0,1,1
2024,REG,NE,00-0039851,D.Maye,00-0036328,A.Gibson,15,12,99.0,0,-3.709331474034115,-0.24728876493560764,8,0.5333333333333333,-6.0,108.0,-0.4,9.0,6.0,1,1,0
2024,REG,NE,00-0039851,D.Maye,00-0036345,K.Osborn,4,2,26.0,1,1.4634138433012367,0.3658534608253092,1,0.25,32.0,10.0,8.0,5.0,1.0,1,1,0
2024,REG,NE,00-0039851,D.Maye,00-0036875,R.Stevenson,21,17,114.0,1,11.48333622749499,0.5468255346426185,13,0.6190476190476191,-22.0,149.0,-1.0476190476190477,8.764705882352942,6.0,0,4,1
2024,REG,NE,00-0039851,D.Maye,00-0037253,M.Jones,1,1,18.0,0,1.65872559970012,1.65872559970012,1,1.0,-7.0,25.0,-7.0,25.0,1.0,0,0,0
2024,REG,NE,00-0039851,D.Maye,00-0037287,V.Lowe,1,1,4.0,1,1.42774722713511,1.42774722713511,1,1.0,4.0,0.0,4.0,0.0,1.0,0,1,1
2024,REG,NE,00-0039851,D.Maye,00-0038104,T.Thornton,1,0,0.0,0,-0.71358706522733,-0.71358706522733,0,0.0,37.0,0.0,37.0,0.0,0.0,0,0,0
2024,REG,NE,00-0039851,D.Maye,00-0038608,K.Boutte,55,30,381.0,2,5.352071341124783,0.0973103880204506,26,0.4727272727272727,837.0,107.0,15.218181818181819,3.566666666666667,16.0,7,3,0
2024,REG,NE,00-0039851,D.Maye,00-0038621,D.Douglas,58,45,453.0,3,17.539903175940825,0.30241212372311765,33,0.5689655172413793,316.0,299.0,5.448275862068965,6.644444444444445,21.0,7,5,1
2024,REG,NE,00-0039851,D.Maye,00-0039420,J.Bell,2,1,1.0,0,-1.499387850053608,-0.749693925026804,0,0.0,6.0,3.0,3.0,3.0,0.0,0,0,0
2024,REG,NE,00-0039851,D.Maye,00-0039853,J.Baker,3,0,0.0,0,-2.030885245767419,-0.6769617485891396,0,0.0,38.0,0.0,12.666666666666666,0.0,0.0,0,0,0
2024,REG,NE,00-0039851,D.Maye,00-0039907,J.Polk,15,3,13.0,1,-14.864646727000824,-0.9909764484667216,1,0.06666666666666667,155.0,10.0,10.333333333333334,3.3333333333333335,1.0,0,3,1
2024,REG,IND,00-0039890,A.Mitchell,00-0037120,T.Goodson,1,1,24.0,0,2.44565882708412,2.44565882708412,1,1.0,-6.0,30.0,-6.0,30.0,1.0,1,0,0
2024,REG,WAS,00-0039910,J.Daniels,00-0030061,Z.Ertz,85,59,587.0,5,26.60739037105605,0.3130281220124241,52,0.611764705882353,624.0,169.0,7.341176470588235,2.864406779661017,33.0,7,18,5
2024,REG,WAS,00-0039910,J.Daniels,00-0031941,J.Crowder,13,9,72.0,2,2.0736022491999755,0.15950786532307504,7,0.5384615384615384,108.0,11.0,8.307692307692308,1.2222222222222223,4.0,0,3,2
2024,REG,WAS,00-0039910,J.Daniels,00-0033591,N.Brown,55,34,437.0,1,9.48268764159044,0.17241250257437163,30,0.5454545454545454,622.0,82.0,11.309090909090909,2.411764705882353,20.0,4,4,0
2024,REG,WAS,00-0039910,J.Daniels,00-0033699,A.Ekeler,38,32,346.0,0,12.306047191783081,0.3238433471521864,18,0.47368421052631576,-51.0,396.0,-1.3421052631578947,12.375,13.0,8,3,0
2024,REG,WAS,00-0039910,J.Daniels,00-0033955,J.McNichols,12,9,27.0,0,-1.2831246035639112,-0.1069270502969926,3,0.25,20.0,33.0,1.6666666666666667,3.6666666666666665,1.0,0,2,0
2024,REG,WAS,00-0039910,J.Daniels,00-0034571,T.Scott,1,1,1.0,1,0.877743525023107,0.877743525023107,1,1.0,1.0,0.0,1.0,0.0,1.0,0,1,1
2024,REG,WAS,00-0039910,J.Daniels,00-0035208,O.Zaccheaus,54,39,430.0,3,21.303332299231386,0.3945061536894701,32,0.5925925925925926,278.0,272.0,5.148148148148148,6.9743589743589745,22.0,3,7,2
2024,REG,WAS,00-0039910,J.Daniels,00-0035659,T.McLaurin,104,70,944.0,12,57.20592664557417,0.5500569869766747,54,0.5192307692307693,1411.0,267.0,13.567307692307692,3.8142857142857145,47.0,11,14,9
2024,REG,WAS,00-0039910,J.Daniels,00-0036626,D.Brown,37,29,285.0,1,2.7485400128270463,0.07428486521154179,15,0.40540540540540543,225.0,212.0,6.081081081081081,7.310344827586207,12.0,4,4,0
2024,REG,WAS,00-0039910,J.Daniels,00-0036628,J.Bates,12,8,84.0,0,-0.1187921864329764,-0.0098993488694147,6,0.5,31.0,49.0,2.5833333333333335,6.125,3.0,1,1,0
2024,REG,WAS,00-0039910,J.Daniels,00-0037746,B.Robinson,24,19,153.0,0,-2.9620487298234495,-0.12341869707597707,10,0.4166666666666667,-18.0,168.0,-0.75,8.842105263157896,4.0,1,4,0
2024,REG,WAS,00-0039910,J.Daniels,00-0038611,C.Rodriguez,1,1,12.0,0,1.13839163765078,1.13839163765078,1,1.0,1.0,11.0,1.0,11.0,1.0,0,0,0
2024,REG,WAS,00-0039910,J.Daniels,00-0039355,L.McCaffrey,25,18,168.0,0,3.36310601115406,0.1345242404461624,11,0.44,170.0,97.0,6.8,5.388888888888889,8.0,2,4,0
2024,REG,WAS,00-0039910,J.Daniels,00-0039912,B.Sinnott,3,3,22.0,0,0.4602187268901639,0.1534062422967213,1,0.3333333333333333,9.0,13.0,3.0,4.333333333333333,1.0,0,0,0
2024,REG,ATL,00-0039917,M.Penix,00-0034407,R.McCloud,13,9,118.0,0,-0.3352577951460037,-0.025789061165077207,8,0.6153846153846154,135.0,36.0,10.384615384615385,4.0,5.0,2,1,0
2024,REG,ATL,00-0039917,M.Penix,00-0034854,K.Hodge,7,3,37.0,0,2.522346983896567,0.3603352834137953,3,0.42857142857142855,105.0,16.0,15.0,5.333333333333333,3.0,1,2,0
2024,REG,ATL,00-0039917,M.Penix,00-0036309,D.Mooney,11,7,119.0,0,3.862331818954672,0.35112107445042473,7,0.6363636363636364,139.0,31.0,12.636363636363637,4.428571428571429,6.0,2,0,0
2024,REG,ATL,00-0039917,M.Penix,00-0036429,C.Woerner,3,1,6.0,0,-0.7480146087473261,-0.24933820291577535,1,0.3333333333333333,10.0,0.0,3.3333333333333335,0.0,0.0,0,0,0
2024,REG,ATL,00-0039917,M.Penix,00-0036463,C.Blair,2,1,17.0,0,-3.7777424185769597,-1.8888712092884798,1,0.5,37.0,0.0,18.5,0.0,1.0,0,0,0
2024,REG,ATL,00-0039917,M.Penix,00-0036970,K.Pitts,10,7,66.0,1,2.6964182812953377,0.26964182812953374,7,0.7,69.0,26.0,6.9,3.7142857142857144,3.0,1,4,1
2024,REG,ATL,00-0039917,M.Penix,00-0037238,D.London,39,22,352.0,2,19.851197929421943,0.5090050751133831,20,0.5128205128205128,494.0,86.0,12.666666666666666,3.909090909090909,15.0,6,6,1
2024,REG,ATL,00-0039917,M.Penix,00-0037263,T.Allgeier,3,3,26.0,0,1.425893460516817,0.47529782017227235,3,1.0,-3.0,29.0,-1.0,9.666666666666666,0.0,0,0,0
2024,REG,ATL,00-0039917,M.Penix,00-0038542,B.Robinson,12,7,20.0,0,-4.150720105681099,-0.3458933421400916,2,0.16666666666666666,48.0,36.0,4.0,5.142857142857143,1.0,0,2,0
2024,REG,ATL,00-0039917,M.Penix,00-0039394,Cas.Washington,2,1,14.0,0,0.950796763063412,0.475398381531706,1,0.5,36.0,11.0,18.0,11.0,1.0,0,0,0
2024,REG,CHI,00-0039918,C.Williams,00-0024243,M.Lewis,1,1,2.0,0,0.0646047429181635,0.0646047429181635,1,1.0,1.0,1.0,1.0,1.0,1.0,0,0,0
2024,REG,CHI,00-0039918,C.Williams,00-0030279,K.Allen,123,70,744.0,7,21.27083989555051,0.17293365768740251,53,0.43089430894308944,1115.0,240.0,9.065040650406504,3.4285714285714284,43.0,9,17,5
2024,REG,CHI,00-0039918,C.Williams,00-0031763,D.Carter,14,9,72.0,0,-4.037748288712476,-0.28841059205089115,6,0.42857142857142855,155.0,32.0,11.071428571428571,3.5555555555555554,3.0,0,3,0
2024,REG,CHI,00-0039918,C.Williams,00-0033895,G.Everett,13,8,36.0,0,-1.473079177725595,-0.11331378290196883,2,0.15384615384615385,35.0,41.0,2.6923076923076925,5.125,1.0,0,2,0
2024,REG,CHI,00-0039918,C.Williams,00-0034827,D.Moore,142,98,966.0,6,16.492915197120528,0.1161472901205671,64,0.4507042253521127,1049.0,588.0,7.387323943661972,6.0,43.0,11,23,2
2024,REG,CHI,00-0039918,C.Williams,00-0035594,T.Homer,3,3,11.0,0,-0.853370993980207,-0.28445699799340235,1,0.3333333333333333,1.0,10.0,0.3333333333333333,3.3333333333333335,0.0,0,0,0
2024,REG,CHI,00-0039918,C.Williams,00-0036254,C.Johnson,1,0,0.0,0,-0.709967016591691,-0.709967016591691,0,0.0,13.0,0.0,13.0,0.0,0.0,0,0,0
2024,REG,CHI,00-0039918,C.Williams,00-0036275,D.Swift,52,42,386.0,0,8.771506505263506,0.16868281740891358,27,0.5192307692307693,-12.0,405.0,-0.23076923076923078,9.642857142857142,12.0,5,1,0
2024,REG,CHI,00-0039918,C.Williams,00-0036290,C.Kmet,59,47,474.0,4,26.121952066424203,0.44274495027837635,38,0.6440677966101694,393.0,181.0,6.661016949152542,3.851063829787234,25.0,7,12,3
2024,REG,CHI,00-0039918,C.Williams,00-0036906,K.Herbert,3,2,4.0,0,-2.101625502240379,-0.7005418340801263,0,0.0,-2.0,6.0,-0.6666666666666666,3.0,0.0,0,1,0
2024,REG,CHI,00-0039918,C.Williams,00-0037745,V.Jones,1,1,8.0,0,0.564905805396847,0.564905805396847,1,1.0,-5.0,13.0,-5.0,13.0,0.0,0,0,0
2024,REG,CHI,00-0039918,C.Williams,00-0039021,R.Johnson,20,16,104.0,0,6.610261247697043,0.3305130623848521,9,0.45,11.0,96.0,0.55,6.0,6.0,0,2,0
2024,REG,CHI,00-0039918,C.Williams,00-0039919,R.Odunze,100,54,734.0,3,16.508433479688076,0.16508433479688076,45,0.45,1365.0,253.0,13.65,4.685185185185185,37.0,8,17,3
2025,REG,IND,00-0022942,P.Rivers,00-0032104,A.Abdullah,5,5,32.0,0,-0.23688993812538905,-0.04737798762507781,3,0.6,-5.0,37.0,-1.0,7.4,2.0,0,0,0
2025,REG,IND,00-0022942,P.Rivers,00-0036223,J.Taylor,4,3,14.0,0,-1.082312810176517,-0.27057820254412923,1,0.25,9.0,28.0,2.25,9.333333333333334,1.0,0,0,0
2025,REG,IND,00-0022942,P.Rivers,00-0036252,M.Pittman,5,3,26.0,0,2.4599122276263383,0.49198244552526765,3,0.6,47.0,17.0,9.4,5.666666666666667,2.0,0,0,0
2025,REG,IND,00-0022942,P.Rivers,00-0037664,A.Pierce,1,1,16.0,0,1.72560123552103,1.72560123552103,1,1.0,16.0,0.0,16.0,0.0,1.0,0,0,0
2025,REG,IND,00-0022942,P.Rivers,00-0038997,J.Downs,5,3,13.0,1,-0.18367915565612825,-0.03673583113122565,1,0.2,27.0,6.0,5.4,2.0,1.0,0,1,1
2025,REG,IND,00-0022942,P.Rivers,00-0040128,T.Warren,6,3,19.0,0,-3.4178361421800223,-0.5696393570300037,1,0.16666666666666666,43.0,7.0,7.166666666666667,2.3333333333333335,1.0,0,0,0
2025,REG,PIT,00-0023459,A.Rodgers,00-0023459,A.Rodgers,1,1,-9.0,0,-1.5339853016194,-1.5339853016194,0,0.0,-9.0,0.0,-9.0,0.0,0.0,0,0,0
2025,REG,PIT,00-0023459,A.Rodgers,00-0030035,A.Thielen,2,2,11.0,0,0.056046728452201905,0.028023364226100952,2,1.0,8.0,3.0,4.0,1.5,0.0,0,1,0
2025,REG,PIT,00-0023459,A.Rodgers,00-0033858,J.Smith,43,29,181.0,2,2.1028141378323437,0.04890265436819404,20,0.46511627906976744,170.0,154.0,3.953488372093023,5.310344827586207,9.0,1,6,2
2025,REG,PIT,00-0023459,A.Rodgers,00-0034272,M.Valdes-Scantling,2,1,19.0,1,1.767285266541878,0.883642633270939,1,0.5,23.0,0.0,11.5,0.0,1.0,0,1,1
2025,REG,PIT,00-0023459,A.Rodgers,00-0035298,S.Miller,2,1,9.0,0,-0.11477654715642205,-0.057388273578211024,1,0.5,7.0,10.0,3.5,10.0,0.0,0,1,0
2025,REG,PIT,00-0023459,A.Rodgers,00-0035640,D.Metcalf,77,47,758.0,6,33.69253692216113,0.4375654145735212,42,0.5454545454545454,854.0,368.0,11.090909090909092,7.829787234042553,31.0,14,13,3
2025,REG,PIT,00-0023459,A.Rodgers,00-0036862,B.Skowronek,4,3,48.0,1,4.259313441987617,1.0648283604969042,3,0.75,39.0,20.0,9.75,6.666666666666667,3.0,1,1,0
2025,REG,PIT,00-0023459,A.Rodgers,00-0036894,P.Freiermuth,37,28,333.0,3,15.553774170461125,0.4203722748773277,21,0.5675675675675675,222.0,184.0,6.0,6.571428571428571,12.0,3,7,2
2025,REG,PIT,00-0023459,A.Rodgers,00-0036919,K.Gainwell,53,45,234.0,1,-10.200728886274693,-0.19246658275989986,17,0.32075471698113206,-18.0,279.0,-0.33962264150943394,6.2,9.0,0,13,1
2025,REG,PIT,00-0023459,A.Rodgers,00-0037228,J.Warren,37,32,293.0,2,10.322546631039597,0.27898774678485394,19,0.5135135135135135,-74.0,360.0,-2.0,11.25,12.0,2,3,1
2025,REG,PIT,00-0023459,A.Rodgers,00-0037304,Co.Heyward,2,1,12.0,1,1.484190744871738,0.742095372435869,1,0.5,22.0,0.0,11.0,0.0,1.0,0,2,1
2025,REG,PIT,00-0023459,A.Rodgers,00-0037837,C.Austin,42,23,273.0,2,-10.367015284506296,-0.24683369725014992,18,0.42857142857142855,462.0,95.0,11.0,4.130434782608695,10.0,4,3,2
2025,REG,PIT,00-0023459,A.Rodgers,00-0038558,D.Washington,33,22,270.0,1,13.19771646925086,0.3999308020985109,20,0.6060606060606061,194.0,161.0,5.878787878787879,7.318181818181818,12.0,3,8,1
2025,REG,PIT,00-0023459,A.Rodgers,00-0038645,S.Anderson,1,1,4.0,0,-0.0077902199700474,-0.0077902199700474,0,0.0,0.0,4.0,0.0,4.0,0.0,0,0,0
2025,REG,PIT,00-0023459,A.Rodgers,00-0039739,R.Wilson,17,11,149.0,2,3.744609044089745,0.22027112024057321,6,0.35294117647058826,173.0,64.0,10.176470588235293,5.818181818181818,6.0,3,1,0
2025,REG,PIT,00-0023459,A.Rodgers,00-0040142,K.Johnson,2,1,9.0,0,0.24488592892885203,0.12244296446442601,1,0.5,-8.0,14.0,-4.0,14.0,0.0,0,0,0
2025,REG,CIN,00-0026158,J.Flacco,00-0033526,S.Perine,4,3,22.0,0,-1.31878215570895,-0.3296955389272375,2,0.5,-6.0,28.0,-1.5,9.333333333333334,1.0,0,0,0
2025,REG,CLE,00-0026158,J.Flacco,00-0033885,D.Njoku,21,14,128.0,0,-5.487401565001507,-0.2613048364286432,8,0.38095238095238093,115.0,70.0,5.476190476190476,5.0,4.0,1,1,0
2025,REG,CIN,00-0026158,J.Flacco,00-0034613,T.Hudson,13,11,92.0,1,3.64140988623292,0.2801084527871477,7,0.5384615384615384,56.0,44.0,4.3076923076923075,4.0,3.0,1,3,1
2025,REG,CIN,00-0026158,J.Flacco,00-0034829,M.Gesicki,6,4,35.0,0,0.8587374330963973,0.1431229055160662,3,0.5,62.0,6.0,10.333333333333334,1.5,3.0,0,0,0
2025,REG,CIN,00-0026158,J.Flacco,00-0035631,D.Sample,3,2,-2.0,0,-1.899964042706414,-0.6333213475688046,0,0.0,-7.0,4.0,-2.3333333333333335,2.0,0.0,0,0,0
2025,REG,CIN,00-0026158,J.Flacco,00-0035644,N.Fant,21,19,185.0,2,6.181454728266912,0.29435498706032914,15,0.7142857142857143,77.0,113.0,3.6666666666666665,5.947368421052632,8.0,2,1,1
2025,REG,CLE,00-0026158,J.Flacco,00-0036407,J.Jeudy,30,13,182.0,0,-14.69954206346302,-0.48998473544876736,11,0.36666666666666664,441.0,28.0,14.7,2.1538461538461537,9.0,3,1,0
2025,REG,CIN,00-0026158,J.Flacco,00-0036410,T.Higgins,44,27,417.0,5,18.310152050854843,0.4161398193376101,26,0.5909090909090909,544.0,105.0,12.363636363636363,3.888888888888889,19.0,8,6,1
2025,REG,CIN,00-0026158,J.Flacco,00-0036900,J.Chase,72,47,487.0,2,18.71748769563955,0.25996510688388264,38,0.5277777777777778,570.0,245.0,7.916666666666667,5.212765957446808,27.0,2,12,2
2025,REG,CLE,00-0026158,J.Flacco,00-0037267,J.Ford,13,11,34.0,0,-6.735861080100251,-0.5181431600077115,1,0.07692307692307693,-20.0,51.0,-1.5384615384615385,4.636363636363637,0.0,0,2,0
2025,REG,CIN,00-0026158,J.Flacco,00-0038576,C.Jones,1,0,0.0,0,-0.533708999399096,-0.533708999399096,0,0.0,42.0,0.0,42.0,0.0,0.0,0,0,0
2025,REG,CIN,00-0026158,J.Flacco,00-0038597,C.Brown,36,23,140.0,1,-5.699234895720602,-0.1583120804366834,13,0.3611111111111111,-4.0,149.0,-0.1111111111111111,6.478260869565218,6.0,1,4,1
2025,REG,CLE,00-0026158,J.Flacco,00-0038609,L.Wypler,1,0,0.0,0,-0.247140138468239,-0.247140138468239,0,0.0,1.0,0.0,1.0,0.0,0.0,0,1,0
2025,REG,CIN,00-0026158,J.Flacco,00-0038619,A.Iosivas,28,15,187.0,1,7.3402649973074,0.2621523213324071,11,0.39285714285714285,291.0,35.0,10.392857142857142,2.3333333333333335,9.0,2,4,1
2025,REG,CLE,00-0026158,J.Flacco,00-0038710,B.Whiteheart,1,0,0.0,0,-0.938977172831073,-0.938977172831073,0,0.0,26.0,0.0,26.0,0.0,0.0,0,0,0
2025,REG,CIN,00-0026158,J.Flacco,00-0038839,M.Tinsley,8,3,56.0,1,3.7953686406544866,0.47442108008181083,3,0.375,142.0,2.0,17.75,0.6666666666666666,3.0,1,1,1
2025,REG,CLE,00-0026158,J.Flacco,00-0038979,C.Tillman,20,11,106.0,2,1.3779528195737,0.068897640978685,9,0.45,186.0,17.0,9.3,1.5454545454545454,8.0,1,3,2
2025,REG,CLE,00-0026158,J.Flacco,00-0039379,J.Thrash,4,3,13.0,0,-0.5716088987828705,-0.14290222469571762,1,0.25,36.0,0.0,9.0,0.0,0.0,0,0,0
2025,REG,CLE,00-0026158,J.Flacco,00-0040162,D.Sampson,11,10,69.0,0,3.773104353051172,0.3430094866410156,7,0.6363636363636364,-27.0,95.0,-2.4545454545454546,9.5,3.0,0,2,0
2025,REG,CIN,00-0026158,J.Flacco,00-0040208,T.Brooks,1,0,0.0,0,-8.66052680043504,-8.66052680043504,0,0.0,-3.0,0.0,-3.0,0.0,0.0,0,0,0
2025,REG,CLE,00-0026158,J.Flacco,00-0040663,H.Fannin,24,17,160.0,0,0.5834355085363829,0.024309812855682622,11,0.4583333333333333,167.0,77.0,6.958333333333333,4.529411764705882,7.0,2,2,0
2025,REG,CLE,00-0026158,J.Flacco,00-0040782,I.Bond,12,6,79.0,0,0.2058254767299738,0.01715212306083115,5,0.4166666666666667,147.0,22.0,12.25,3.6666666666666665,2.0,1,0,0
2025,REG,CLE,00-0026158,J.Flacco,00-0040784,Q.Judkins,9,8,44.0,0,-0.8716371301561572,-0.0968485700173508,3,0.3333333333333333,8.0,42.0,0.8888888888888888,5.25,2.0,0,0,0
2025,REG,LA,00-0026498,M.Stafford,00-0031381,D.Adams,114,60,789.0,14,27.033441679594226,0.23713545332977393,59,0.5175438596491229,1444.0,117.0,12.666666666666666,1.95,51.0,14,32,12
2025,REG,LA,00-0026498,M.Stafford,00-0033110,T.Higbee,30,20,190.0,2,1.2893049233138658,0.04297683077712886,16,0.5333333333333333,36.0,129.0,1.2,6.45,12.0,3,7,2
2025,REG,LA,00-0026498,M.Stafford,00-0036244,C.Parkinson,42,33,319.0,6,7.26191328523489,0.17290269726749738,27,0.6428571428571429,150.0,219.0,3.5714285714285716,6.636363636363637,21.0,3,19,5
2025,REG,LA,00-0026498,M.Stafford,00-0036849,T.Atwell,11,5,173.0,1,3.580338410054182,0.32548531000492564,4,0.36363636363636365,196.0,61.0,17.818181818181817,12.2,3.0,3,1,0
2025,REG,LA,00-0026498,M.Stafford,00-0037840,K.Williams,42,30,222.0,3,7.059493791030758,0.16808318550073234,17,0.40476190476190477,98.0,117.0,2.3333333333333335,3.9,9.0,1,9,3
2025,REG,LA,00-0026498,M.Stafford,00-0038359,X.Smith,16,13,230.0,0,15.888817269937137,0.9930510793710711,12,0.75,258.0,67.0,16.125,5.153846153846154,7.0,4,2,0
2025,REG,LA,00-0026498,M.Stafford,00-0039074,D.Allen,32,24,208.0,3,5.845023364061498,0.1826569801269218,18,0.5625,111.0,137.0,3.46875,5.708333333333333,12.0,2,7,3
2025,REG,LA,00-0026498,M.Stafford,00-0039075,P.Nacua,145,114,1592.0,8,104.38750338990563,0.7199138164821078,101,0.696551724137931,1403.0,611.0,9.675862068965516,5.359649122807017,73.0,27,13,3
2025,REG,LA,00-0026498,M.Stafford,00-0039738,B.Corum,13,7,26.0,0,-6.296763779886532,-0.4843664446066563,3,0.23076923076923078,22.0,30.0,1.6923076923076923,4.285714285714286,1.0,0,1,0
2025,REG,LA,00-0026498,M.Stafford,00-0039751,J.Whittington,25,18,171.0,0,2.56362948475666,0.10254517939026639,13,0.52,171.0,88.0,6.84,4.888888888888889,7.0,2,1,0
2025,REG,LA,00-0026498,M.Stafford,00-0040590,K.Mumpfield,17,8,82.0,1,0.8366297085005877,0.04921351226474045,8,0.47058823529411764,222.0,25.0,13.058823529411764,3.125,7.0,0,2,1
2025,REG,LA,00-0026498,M.Stafford,00-0040737,T.Ferguson,21,9,177.0,2,8.90900316926658,0.4242382461555514,7,0.3333333333333333,394.0,40.0,18.761904761904763,4.444444444444445,7.0,5,3,1
2025,REG,CAR,00-0027973,A.Dalton,00-0034983,H.Renfrow,1,1,5.0,0,1.37389735179022,1.37389735179022,1,1.0,3.0,2.0,3.0,2.0,1.0,0,0,0
2025,REG,CAR,00-0027973,A.Dalton,00-0036555,C.Hubbard,1,0,0.0,0,-0.523151803761721,-0.523151803761721,0,0.0,5.0,0.0,5.0,0.0,0.0,0,0,0
2025,REG,CAR,00-0027973,A.Dalton,00-0037005,T.Tremble,3,2,9.0,0,0.07125044794520381,0.02375014931506794,2,0.6666666666666666,24.0,8.0,8.0,4.0,0.0,0,1,0
2025,REG,CAR,00-0027973,A.Dalton,00-0038840,B.Tremayne,1,1,24.0,0,2.63535816920921,2.63535816920921,1,1.0,11.0,13.0,11.0,13.0,1.0,1,0,0
2025,REG,CAR,00-0027973,A.Dalton,00-0039342,X.Legette,8,6,77.0,0,5.146141313016406,0.6432676641270507,4,0.5,90.0,5.0,11.25,0.8333333333333334,3.0,1,1,0
2025,REG,CAR,00-0027973,A.Dalton,00-0039356,J.Sanders,4,3,19.0,0,-1.1631395794101982,-0.29078489485254955,0,0.0,11.0,17.0,2.75,5.666666666666667,0.0,0,1,0
2025,REG,CAR,00-0027973,A.Dalton,00-0039491,J.Coker,4,3,36.0,0,-2.78318016565754,-0.695795041414385,3,0.75,21.0,8.0,5.25,2.6666666666666665,3.0,1,0,0
2025,REG,CAR,00-0027973,A.Dalton,00-0040124,T.McMillan,12,8,121.0,0,5.9406892354309075,0.495057436285909,8,0.6666666666666666,143.0,37.0,11.916666666666666,4.625,8.0,1,2,0
2025,REG,CAR,00-0027973,A.Dalton,00-0040187,M.Evans,1,1,2.0,1,3.80506303271977,3.80506303271977,1,1.0,2.0,0.0,2.0,0.0,1.0,0,1,1
2025,REG,CAR,00-0027973,A.Dalton,00-0040218,Ji.Horn,1,0,0.0,0,-1.308274553306,-1.308274553306,0,0.0,16.0,0.0,16.0,0.0,0.0,0,0,0
2025,REG,NYJ,00-0028118,T.Taylor,00-0033943,J.Reynolds,6,2,20.0,0,-3.818068164284347,-0.6363446940473911,2,0.3333333333333333,152.0,0.0,25.333333333333332,0.0,1.0,0,0,0
2025,REG,NYJ,00-0028118,T.Taylor,00-0034521,A.Lazard,9,5,41.0,1,-1.0208304335828993,-0.11342560373143325,4,0.4444444444444444,80.0,16.0,8.88888888888889,3.2,4.0,0,2,1
2025,REG,NYJ,00-0028118,T.Taylor,00-0034959,A.Beck,1,1,10.0,0,0.6968356911093,0.6968356911093,1,1.0,4.0,6.0,4.0,6.0,1.0,0,0,0
2025,REG,NYJ,00-0028118,T.Taylor,00-0036427,T.Johnson,7,5,92.0,0,5.938938949140714,0.8484198498772448,4,0.5714285714285714,105.0,31.0,15.0,6.2,4.0,3,0,0
2025,REG,NYJ,00-0028118,T.Taylor,00-0037614,J.Metchie,16,10,84.0,1,-2.6295917380266283,-0.16434948362666427,6,0.375,83.0,52.0,5.1875,5.2,4.0,0,2,1
2025,REG,NYJ,00-0028118,T.Taylor,00-0037740,G.Wilson,17,13,116.0,1,-0.1874634130537799,-0.011027259591398816,8,0.47058823529411764,97.0,39.0,5.705882352941177,3.0,5.0,0,2,1
2025,REG,NYJ,00-0028118,T.Taylor,00-0037805,J.Ruckert,4,3,17.0,1,3.993217940500471,0.9983044851251177,2,0.5,17.0,4.0,4.25,1.3333333333333333,1.0,0,1,1
2025,REG,NYJ,00-0028118,T.Taylor,00-0038120,B.Hall,14,11,120.0,0,4.407181249989656,0.31479866071354684,9,0.6428571428571429,17.0,104.0,1.2142857142857142,9.454545454545455,5.0,1,2,0
2025,REG,NYJ,00-0028118,T.Taylor,00-0039451,I.Williams,1,0,0.0,0,-1.19597243284807,-1.19597243284807,0,0.0,7.0,0.0,7.0,0.0,0.0,0,0,0
2025,REG,NYJ,00-0028118,T.Taylor,00-0039794,B.Allen,3,2,17.0,0,-0.21452642627991708,-0.07150880875997236,2,0.6666666666666666,8.0,9.0,2.6666666666666665,4.5,1.0,0,2,0
2025,REG,NYJ,00-0028118,T.Taylor,00-0039798,I.Davis,3,1,6.0,0,0.12813906068914016,0.042713020229713385,1,0.3333333333333333,27.0,6.0,9.0,6.0,1.0,0,0,0
2025,REG,NYJ,00-0028118,T.Taylor,00-0039890,A.Mitchell,19,10,144.0,1,6.994325865351135,0.3681224139658492,9,0.47368421052631576,355.0,14.0,18.68421052631579,1.4,6.0,2,3,0
2025,REG,NYJ,00-0028118,T.Taylor,00-0040582,A.Smith,4,3,10.0,0,1.3737170806271108,0.3434292701567777,2,0.5,34.0,5.0,8.5,1.6666666666666667,2.0,0,0,0
2025,REG,NYJ,00-0028118,T.Taylor,00-0040736,M.Taylor,23,14,102.0,0,-6.131268275342055,-0.2665768815366111,12,0.5217391304347826,113.0,45.0,4.913043478260869,3.2142857142857144,6.0,0,1,0
2025,REG,NYG,00-0029263,R.Wilson,00-0031484,C.Manhertz,1,1,7.0,0,0.414854025293607,0.414854025293607,1,1.0,1.0,6.0,1.0,6.0,0.0,0,0,0
2025,REG,NYG,00-0029263,R.Wilson,00-0035250,D.Singletary,2,2,37.0,0,2.2905076286988293,1.1452538143494146,1,0.5,-8.0,45.0,-4.0,22.5,1.0,1,0,0
2025,REG,NYG,00-0029263,R.Wilson,00-0035535,D.Slayton,8,6,91.0,0,4.792836614127737,0.5991045767659672,4,0.5,84.0,33.0,10.5,5.5,2.0,1,2,0
2025,REG,NYG,00-0029263,R.Wilson,00-0038115,D.Bellinger,2,2,20.0,0,2.543418528075568,1.271709264037784,2,1.0,20.0,0.0,10.0,0.0,1.0,0,1,0
2025,REG,NYG,00-0029263,R.Wilson,00-0038117,W.Robinson,25,16,231.0,1,8.436660936359067,0.33746643745436267,12,0.48,281.0,81.0,11.24,5.0625,10.0,5,2,0
2025,REG,NYG,00-0029263,R.Wilson,00-0038938,J.Hyatt,1,0,0.0,0,-1.76822812133469,-1.76822812133469,0,0.0,10.0,0.0,10.0,0.0,0.0,0,0,0
2025,REG,NYG,00-0029263,R.Wilson,00-0039337,M.Nabers,32,16,251.0,2,1.664072277584458,0.052002258674514315,14,0.4375,531.0,49.0,16.59375,3.0625,10.0,5,4,0
2025,REG,NYG,00-0029263,R.Wilson,00-0039384,T.Tracy,14,9,54.0,0,-7.755204182892766,-0.5539431559209118,2,0.14285714285714285,-10.0,58.0,-0.7142857142857143,6.444444444444445,1.0,0,0,0
2025,REG,NYG,00-0029263,R.Wilson,00-0039847,T.Johnson,11,7,53.0,0,-2.671393048134629,-0.24285391346678445,4,0.36363636363636365,49.0,28.0,4.454545454545454,4.0,3.0,0,4,0
2025,REG,NYG,00-0029263,R.Wilson,00-0040715,C.Skattebo,13,10,87.0,0,-0.4396365052089109,-0.03381819270837776,7,0.5384615384615384,14.0,76.0,1.0769230769230769,7.6,4.0,1,1,0
2025,REG,ATL,00-0029604,K.Cousins,00-0034407,R.McCloud,1,1,8.0,0,-0.371040726779029,-0.371040726779029,0,0.0,2.0,6.0,2.0,6.0,0.0,0,0,0
2025,REG,ATL,00-0029604,K.Cousins,00-0034854,K.Hodge,9,3,31.0,0,-3.023220180184577,-0.33591335335384187,3,0.3333333333333333,124.0,9.0,13.777777777777779,3.0,2.0,0,0,0
2025,REG,ATL,00-0029604,K.Cousins,00-0035359,D.Sills,26,13,134.0,2,0.4442513412795903,0.017086590049215013,11,0.4230769230769231,275.0,40.0,10.576923076923077,3.076923076923077,7.0,2,6,2
2025,REG,ATL,00-0029604,K.Cousins,00-0036309,D.Mooney,25,10,151.0,1,-1.4310731770755714,-0.05724292708302285,9,0.36,362.0,33.0,14.48,3.3,9.0,1,4,0
2025,REG,ATL,00-0029604,K.Cousins,00-0036429,C.Woerner,5,5,36.0,0,1.0797640140517601,0.21595280281035203,2,0.4,15.0,21.0,3.0,4.2,1.0,0,1,0
2025,REG,ATL,00-0029604,K.Cousins,00-0036970,K.Pitts,48,37,440.0,3,7.5464972980879965,0.15721869371016658,27,0.5625,336.0,211.0,7.0,5.702702702702703,19.0,8,4,3
2025,REG,ATL,00-0029604,K.Cousins,00-0037238,D.London,4,2,15.0,0,-0.4469402824700238,-0.11173507061750595,2,0.5,36.0,4.0,9.0,2.0,0.0,0,0,0
2025,REG,ATL,00-0029604,K.Cousins,00-0037263,T.Allgeier,9,8,85.0,0,5.074141595570836,0.5637935106189818,5,0.5555555555555556,-12.0,92.0,-1.3333333333333333,11.5,3.0,2,0,0
2025,REG,ATL,00-0029604,K.Cousins,00-0037487,D.Thompkins,3,3,27.0,0,0.9335535314166922,0.3111845104722307,2,0.6666666666666666,7.0,20.0,2.3333333333333335,6.666666666666667,1.0,0,0,0
2025,REG,ATL,00-0029604,K.Cousins,00-0038542,B.Robinson,30,24,224.0,0,5.375558953348734,0.1791852984449578,17,0.5666666666666667,31.0,260.0,1.0333333333333334,10.833333333333334,10.0,3,1,0
2025,REG,ATL,00-0029604,K.Cousins,00-0038953,D.Drummond,12,7,42.0,0,-7.062778018525147,-0.5885648348770957,4,0.3333333333333333,85.0,14.0,7.083333333333333,2.0,2.0,0,4,0
2025,REG,ATL,00-0029604,K.Cousins,00-0039394,C.Washington,1,1,25.0,0,1.93356656475225,1.93356656475225,1,1.0,17.0,8.0,17.0,8.0,1.0,1,0,0
2025,REG,LV,00-0030565,G.Smith,00-0031687,R.Mostert,9,9,63.0,0,2.5514085353352165,0.2834898372594685,4,0.4444444444444444,-14.0,77.0,-1.5555555555555556,8.555555555555555,6.0,0,0,0
2025,REG,LV,00-0030565,G.Smith,00-0032211,T.Lockett,19,15,165.0,0,9.663843445950466,0.5086233392605508,12,0.631578947368421,144.0,50.0,7.578947368421052,3.3333333333333335,8.0,1,2,0
2025,REG,LV,00-0030565,G.Smith,00-0034365,I.Thomas,13,13,114.0,0,5.073345937766123,0.39025737982816333,10,0.7692307692307693,42.0,72.0,3.230769230769231,5.538461538461538,5.0,1,0,0
2025,REG,LV,00-0030565,G.Smith,00-0034678,A.Cappa,1,0,0.0,0,-0.339787038916256,-0.339787038916256,0,0.0,2.0,0.0,2.0,0.0,0.0,0,1,0
2025,REG,LV,00-0030565,G.Smith,00-0034960,J.Meyers,49,33,352.0,0,-3.3079422423352014,-0.06750902535377962,28,0.5714285714285714,436.0,153.0,8.89795918367347,4.636363636363637,15.0,5,6,0
2025,REG,LV,00-0030565,G.Smith,00-0035602,A.Bachman,2,1,9.0,0,-0.013953625049906937,-0.0069768125249534685,1,0.5,11.0,2.0,5.5,2.0,1.0,0,0,0
2025,REG,LV,00-0030565,G.Smith,00-0036423,A.Okwuegbunam,6,5,36.0,0,1.6165097025805175,0.2694182837634196,3,0.5,18.0,34.0,3.0,6.8,2.0,0,1,0
2025,REG,LV,00-0030565,G.Smith,00-0038040,Z.White,5,3,19.0,0,-1.870514624074632,-0.3741029248149264,1,0.2,0.0,16.0,0.0,5.333333333333333,0.0,0,0,0
2025,REG,LV,00-0030565,G.Smith,00-0038563,T.Tucker,72,46,574.0,5,17.31824788923189,0.24053122068377628,33,0.4583333333333333,746.0,240.0,10.36111111111111,5.217391304347826,27.0,8,8,3
2025,REG,LV,00-0030565,G.Smith,00-0039066,M.Mayer,32,22,182.0,1,-8.41670016223971,-0.26302188006999094,15,0.46875,132.0,120.0,4.125,5.454545454545454,11.0,1,4,1
2025,REG,LV,00-0030565,G.Smith,00-0039338,B.Bowers,72,52,604.0,6,24.46188767524893,0.33974843993401294,42,0.5833333333333334,514.0,263.0,7.138888888888889,5.0576923076923075,30.0,8,16,5
2025,REG,LV,00-0030565,G.Smith,00-0039407,D.Laube,3,2,17.0,0,0.18639018258545503,0.06213006086181835,1,0.3333333333333333,-3.0,20.0,-1.0,10.0,1.0,0,0,0
2025,REG,LV,00-0030565,G.Smith,00-0040122,A.Jeanty,58,45,259.0,4,-5.231497141957213,-0.0901982265854692,23,0.39655172413793105,-129.0,384.0,-2.2241379310344827,8.533333333333333,11.0,2,10,4
2025,REG,LV,00-0030565,G.Smith,00-0040488,C.Runyon,1,1,3.0,0,-0.223862133920193,-0.223862133920193,0,0.0,-3.0,6.0,-3.0,6.0,0.0,0,0,0
2025,REG,LV,00-0030565,G.Smith,00-0040581,D.Thornton,25,8,123.0,0,-12.938614652830644,-0.5175445861132257,7,0.28,397.0,35.0,15.88,4.375,6.0,3,1,0
2025,REG,LV,00-0030565,G.Smith,00-0040729,J.Bech,15,11,128.0,0,4.491472156617072,0.2994314771078048,9,0.6,111.0,43.0,7.4,3.909090909090909,9.0,1,3,0
2025,REG,TB,00-0031237,T.Bridgewater,00-0032385,S.Shepard,3,2,5.0,0,-2.4828143558697793,-0.8276047852899264,0,0.0,13.0,10.0,4.333333333333333,5.0,0.0,0,1,0
2025,REG,TB,00-0031237,T.Bridgewater,00-0037256,R.White,1,1,4.0,0,-0.88929672219092,-0.88929672219092,0,0.0,-5.0,9.0,-5.0,9.0,0.0,0,1,0
2025,REG,TB,00-0031237,T.Bridgewater,00-0038129,C.Otton,3,3,18.0,0,1.762759397737673,0.5875864659125577,1,0.3333333333333333,7.0,11.0,2.3333333333333335,3.6666666666666665,1.0,0,0,0
2025,REG,TB,00-0031237,T.Bridgewater,00-0038951,S.Tucker,1,0,0.0,0,-0.492845829343423,-0.492845829343423,0,0.0,6.0,0.0,6.0,0.0,0.0,0,1,0
2025,REG,TB,00-0031237,T.Bridgewater,00-0040129,E.Egbuka,4,1,32.0,0,0.5181472203694337,0.12953680509235843,1,0.25,56.0,15.0,14.0,15.0,1.0,1,1,0
2025,REG,TB,00-0031237,T.Bridgewater,00-0040237,T.Johnson,2,1,3.0,0,-1.4069131631404188,-0.7034565815702094,0,0.0,7.0,7.0,3.5,7.0,0.0,0,1,0
2025,REG,NYG,00-0031503,J.Winston,00-0035250,D.Singletary,1,1,3.0,0,-1.12333503662376,-1.12333503662376,0,0.0,-5.0,8.0,-5.0,8.0,0.0,0,1,0
2025,REG,NYG,00-0031503,J.Winston,00-0035535,D.Slayton,2,1,23.0,0,1.2130987070850061,0.6065493535425031,1,0.5,34.0,14.0,17.0,14.0,1.0,1,0,0
2025,REG,NYG,00-0031503,J.Winston,00-0036165,I.Hodgins,12,7,99.0,1,8.775829679507307,0.7313191399589423,7,0.5833333333333334,134.0,9.0,11.166666666666666,1.2857142857142858,6.0,2,2,1
2025,REG,NYG,00-0031503,J.Winston,00-0038115,D.Bellinger,3,0,0.0,0,-2.045664626872167,-0.681888208957389,0,0.0,24.0,0.0,8.0,0.0,0.0,0,0,0
2025,REG,NYG,00-0031503,J.Winston,00-0038117,W.Robinson,24,13,192.0,1,3.032323893788856,0.126346828907869,9,0.375,250.0,38.0,10.416666666666666,2.923076923076923,7.0,4,2,0
2025,REG,NYG,00-0031503,J.Winston,00-0038938,J.Hyatt,4,2,18.0,0,-2.9925110720796484,-0.7481277680199121,1,0.25,71.0,0.0,17.75,0.0,1.0,0,1,0
2025,REG,NYG,00-0031503,J.Winston,00-0039384,T.Tracy,8,7,119.0,0,10.318909137044095,1.2898636421305119,6,0.75,-12.0,130.0,-1.5,18.571428571428573,5.0,4,0,0
2025,REG,NYG,00-0031503,J.Winston,00-0039847,T.Johnson,9,6,113.0,0,6.86819361397647,0.7631326237751633,6,0.6666666666666666,113.0,11.0,12.555555555555555,1.8333333333333333,5.0,2,2,0
2025,REG,WAS,00-0032268,M.Mariota,00-0030061,Z.Ertz,42,28,304.0,0,0.19144130622559286,0.004558126338704592,20,0.47619047619047616,417.0,73.0,9.928571428571429,2.607142857142857,13.0,3,5,0
2025,REG,WAS,00-0032268,M.Mariota,00-0032398,C.Moore,12,4,53.0,0,-0.027071055076622663,-0.002255921256385222,5,0.4166666666666667,182.0,18.0,15.166666666666666,4.5,3.0,0,1,0
2025,REG,WAS,00-0032268,M.Mariota,00-0032688,R.Chosen,6,2,30.0,0,-0.975857680139602,-0.16264294668993365,2,0.3333333333333333,113.0,0.0,18.833333333333332,0.0,1.0,0,0,0
2025,REG,WAS,00-0032268,M.Mariota,00-0033591,N.Brown,2,2,47.0,0,4.21490487048868,2.10745243524434,2,1.0,45.0,2.0,22.5,1.0,2.0,1,0,0
2025,REG,WAS,00-0032268,M.Mariota,00-0033955,J.McNichols,16,12,100.0,0,-3.312880556695629,-0.2070550347934768,7,0.4375,-7.0,112.0,-0.4375,9.333333333333334,5.0,1,2,0
2025,REG,WAS,00-0032268,M.Mariota,00-0035659,T.McLaurin,26,16,293.0,3,21.31894678881266,0.81995949187741,16,0.6153846153846154,429.0,51.0,16.5,3.1875,15.0,4,6,2
2025,REG,WAS,00-0032268,M.Mariota,00-0035719,D.Samuel,42,31,315.0,3,14.112035867576726,0.336000853989922,25,0.5952380952380952,267.0,146.0,6.357142857142857,4.709677419354839,15.0,4,8,2
2025,REG,WAS,00-0032268,M.Mariota,00-0036628,J.Bates,8,6,61.0,0,1.738273550290609,0.21728419378632613,5,0.625,20.0,30.0,2.5,5.0,2.0,1,1,0
2025,REG,WAS,00-0032268,M.Mariota,00-0037524,T.Martin,1,1,14.0,0,1.76659619319253,1.76659619319253,1,1.0,14.0,0.0,14.0,0.0,1.0,0,0,0
2025,REG,WAS,00-0032268,M.Mariota,00-0037742,T.Burks,10,4,63.0,1,-2.2039785640285485,-0.22039785640285486,4,0.4,174.0,13.0,17.4,3.25,3.0,1,1,1
2025,REG,WAS,00-0032268,M.Mariota,00-0038611,C.Rodriguez,2,1,6.0,0,-5.379317676939536,-2.689658838469768,1,0.5,15.0,3.0,7.5,3.0,0.0,0,1,0
2025,REG,WAS,00-0032268,M.Mariota,00-0039355,L.McCaffrey,10,8,101.0,2,4.180563051777433,0.41805630517774334,7,0.7,95.0,54.0,9.5,6.75,3.0,1,1,1
2025,REG,WAS,00-0032268,M.Mariota,00-0039686,C.Yankoff,2,2,18.0,0,3.41114757792093,1.705573788960465,2,1.0,14.0,4.0,7.0,2.0,2.0,0,0,0
2025,REG,WAS,00-0032268,M.Mariota,00-0039912,B.Sinnott,3,3,62.0,1,4.76535174221499,1.58845058073833,3,1.0,26.0,36.0,8.666666666666666,12.0,3.0,2,1,1
2025,REG,WAS,00-0032268,M.Mariota,00-0040164,J.Lane,13,7,88.0,0,-6.654932166308076,-0.5119178589467751,5,0.38461538461538464,225.0,8.0,17.307692307692307,1.1428571428571428,4.0,1,1,0
2025,REG,WAS,00-0032268,M.Mariota,00-0040242,J.Croskey-Merritt,5,4,20.0,0,0.2593188384780654,0.051863767695613086,2,0.4,-19.0,31.0,-3.8,7.75,1.0,0,0,0
2025,REG,WAS,00-0032268,M.Mariota,00-0040317,Ja.Jones,1,1,25.0,0,1.56264380965149,1.56264380965149,1,1.0,3.0,22.0,3.0,22.0,1.0,1,0,0
2025,REG,BAL,00-0032764,D.Henry,00-0036630,T.Wallace,1,0,0.0,0,-0.459118590631988,-0.459118590631988,0,0.0,10.0,0.0,10.0,0.0,0.0,0,1,0
2025,REG,MIN,00-0032950,C.Wentz,00-0030035,A.Thielen,6,3,21.0,0,1.7560259471647366,0.29267099119412276,3,0.5,33.0,2.0,5.5,0.6666666666666666,3.0,0,1,0
2025,REG,MIN,00-0032950,C.Wentz,00-0032918,C.Ham,1,1,5.0,0,0.0849601831287146,0.0849601831287146,1,1.0,4.0,1.0,4.0,1.0,0.0,0,0,0
2025,REG,MIN,00-0032950,C.Wentz,00-0033293,A.Jones,4,2,15.0,0,-0.05134270305279698,-0.012835675763199245,1,0.25,-5.0,27.0,-1.25,13.5,1.0,0,1,0
2025,REG,MIN,00-0032950,C.Wentz,00-0035229,T.Hockenson,29,23,195.0,1,7.666030699730541,0.26434588619760485,18,0.6206896551724138,116.0,117.0,4.0,5.086956521739131,10.0,0,7,1
2025,REG,MIN,00-0032950,C.Wentz,00-0035249,J.Oliver,5,3,24.0,1,1.908846174424978,0.3817692348849956,3,0.6,5.0,16.0,1.0,5.333333333333333,1.0,0,4,1
2025,REG,MIN,00-0032950,C.Wentz,00-0036322,J.Jefferson,50,34,477.0,0,14.499645435082407,0.2899929087016481,30,0.6,549.0,217.0,10.98,6.382352941176471,19.0,7,4,0
2025,REG,MIN,00-0032950,C.Wentz,00-0037291,J.Nailor,19,9,103.0,1,5.3524432484250895,0.2817075393907942,10,0.5263157894736842,167.0,32.0,8.789473684210526,3.5555555555555554,7.0,3,7,1
2025,REG,MIN,00-0032950,C.Wentz,00-0037525,J.Mason,8,7,22.0,0,-3.115496647451996,-0.3894370809314995,2,0.25,-30.0,50.0,-3.75,7.142857142857143,1.0,0,0,0
2025,REG,MIN,00-0032950,C.Wentz,00-0038440,Z.Scott,9,7,45.0,1,-1.5769192419247613,-0.17521324910275127,4,0.4444444444444444,46.0,23.0,5.111111111111111,3.2857142857142856,3.0,0,2,1
2025,REG,MIN,00-0032950,C.Wentz,00-0038994,J.Addison,30,21,309.0,2,15.290873170859431,0.509695772361981,20,0.6666666666666666,376.0,88.0,12.533333333333333,4.190476190476191,13.0,5,7,2
2025,REG,MIN,00-0032950,C.Wentz,00-0040509,B.Yurosek,1,0,0.0,0,-0.625522513408214,-0.625522513408214,0,0.0,6.0,0.0,6.0,0.0,0.0,0,0,0
2025,REG,DAL,00-0033077,D.Prescott,00-0035243,M.Sanders,8,8,30.0,0,-1.514869269983565,-0.18935865874794564,3,0.375,-14.0,44.0,-1.75,5.5,0.0,0,1,0
2025,REG,DAL,00-0033077,D.Prescott,00-0036358,C.Lamb,99,63,976.0,3,27.839571469789686,0.28120779262413825,54,0.5454545454545454,1190.0,302.0,12.02020202020202,4.7936507936507935,37.0,15,15,2
2025,REG,DAL,00-0033077,D.Prescott,00-0036997,J.Williams,46,33,128.0,2,-19.249137516638722,-0.41845951123127656,13,0.2826086956521739,-62.0,191.0,-1.3478260869565217,5.787878787878788,7.0,0,12,2
2025,REG,DAL,00-0033077,D.Prescott,00-0037247,G.Pickens,120,80,1188.0,8,73.59381276382773,0.6132817730318977,76,0.6333333333333333,1356.0,393.0,11.3,4.9125,63.0,17,20,4
2025,REG,DAL,00-0033077,D.Prescott,00-0037563,M.Davis,3,2,16.0,0,-4.139927386655473,-1.3799757955518244,0,0.0,13.0,6.0,4.333333333333333,3.0,0.0,0,0,0
2025,REG,DAL,00-0033077,D.Prescott,00-0037666,J.Tolbert,22,11,119.0,0,-1.8507435082136592,-0.0841247049188027,8,0.36363636363636365,243.0,29.0,11.045454545454545,2.6363636363636362,6.0,1,3,0
2025,REG,DAL,00-0033077,D.Prescott,00-0037801,K.Turpin,30,23,296.0,1,14.951006891857435,0.49836689639524784,17,0.5666666666666667,171.0,160.0,5.7,6.956521739130435,15.0,4,3,1
2025,REG,DAL,00-0033077,D.Prescott,00-0038041,J.Ferguson,95,77,570.0,7,17.30195340467831,0.1821258253124033,45,0.47368421052631576,438.0,301.0,4.610526315789474,3.909090909090909,27.0,2,22,6
2025,REG,DAL,00-0033077,D.Prescott,00-0038547,L.Schoonmaker,19,10,94.0,0,1.1488033372443107,0.06046333353917425,6,0.3157894736842105,157.0,52.0,8.263157894736842,5.2,4.0,1,2,0
2025,REG,DAL,00-0033077,D.Prescott,00-0038738,H.Luepke,11,10,77.0,1,3.691724527905923,0.3356113207187203,6,0.5454545454545454,-6.0,88.0,-0.5454545454545454,8.8,5.0,0,3,1
2025,REG,DAL,00-0033077,D.Prescott,00-0039062,J.Mingo,2,1,25.0,0,0.5468037544633251,0.27340187723166254,1,0.5,39.0,4.0,19.5,4.0,1.0,1,0,0
2025,REG,DAL,00-0033077,D.Prescott,00-0039410,R.Flournoy,46,32,378.0,3,19.47362013854609,0.4233395682292628,26,0.5652173913043478,394.0,161.0,8.565217391304348,5.03125,24.0,4,6,2
2025,REG,DAL,00-0033077,D.Prescott,00-0039530,B.Spann-Ford,8,6,29.0,1,0.07114202587399776,0.00889275323424972,4,0.5,49.0,14.0,6.125,2.3333333333333335,1.0,0,2,1
2025,REG,DAL,00-0033077,D.Prescott,00-0040586,J.Blue,1,1,5.0,0,-0.119361729361117,-0.119361729361117,0,0.0,-5.0,10.0,-5.0,10.0,0.0,0,0,0
2025,REG,DET,00-0033106,J.Goff,00-0032464,K.Raymond,20,16,170.0,0,5.841579185374892,0.2920789592687446,13,0.65,138.0,70.0,6.9,4.375,8.0,2,2,0
2025,REG,DET,00-0033106,J.Goff,00-0033455,A.Firkser,2,2,11.0,0,0.689839050348383,0.3449195251741915,1,0.5,6.0,5.0,3.0,2.5,1.0,0,1,0
2025,REG,DET,00-0033106,J.Goff,00-0034073,R.Dwelley,3,2,7.0,0,-1.7897943471907638,-0.5965981157302546,0,0.0,-3.0,7.0,-1.0,3.5,0.0,0,2,0
2025,REG,DET,00-0033106,J.Goff,00-0035544,T.Kennedy,4,4,36.0,0,4.502742598298944,1.125685649574736,2,0.5,32.0,4.0,8.0,1.0,2.0,1,0,0
2025,REG,DET,00-0033106,J.Goff,00-0035685,D.Montgomery,26,21,164.0,0,1.9346037310927438,0.07440783581125937,13,0.5,17.0,166.0,0.6538461538461539,7.904761904761905,9.0,1,2,0
2025,REG,DET,00-0033106,J.Goff,00-0036754,B.Wright,21,13,105.0,1,-3.3020801966486073,-0.15724191412612415,10,0.47619047619047616,19.0,86.0,0.9047619047619048,6.615384615384615,6.0,1,1,1
2025,REG,DET,00-0033106,J.Goff,00-0036963,A.St. Brown,135,94,1140.0,11,50.944566408056275,0.37736715857819464,75,0.5555555555555556,1123.0,463.0,8.318518518518518,4.925531914893617,56.0,15,27,10
2025,REG,DET,00-0033106,J.Goff,00-0037240,J.Williams,81,52,928.0,7,47.689650300859654,0.5887611148254278,44,0.5432098765432098,1094.0,382.0,13.506172839506172,7.346153846153846,41.0,19,6,1
2025,REG,DET,00-0033106,J.Goff,00-0039065,S.LaPorta,49,40,489.0,3,36.42784231275091,0.7434253533214472,33,0.673469387755102,277.0,274.0,5.653061224489796,6.85,23.0,6,6,2
2025,REG,DET,00-0033106,J.Goff,00-0039139,J.Gibbs,73,62,491.0,3,14.190399518749636,0.19438903450341968,35,0.4794520547945205,18.0,520.0,0.2465753424657534,8.387096774193548,22.0,7,9,3
2025,REG,DET,00-0033106,J.Goff,00-0040669,I.TeSlaa,15,8,120.0,4,6.015185912514857,0.40101239416765716,7,0.4666666666666667,225.0,5.0,15.0,0.625,7.0,1,6,4
2025,REG,ARI,00-0033119,J.Brissett,00-0033439,P.Brown,2,2,1.0,0,-0.885376922233263,-0.4426884611166315,0,0.0,1.0,0.0,0.5,0.0,0.0,0,1,0
2025,REG,ARI,00-0033119,J.Brissett,00-0033891,Z.Jones,11,7,146.0,0,4.563210637075814,0.41483733064325584,6,0.5454545454545454,167.0,28.0,15.181818181818182,4.0,6.0,4,2,0
2025,REG,ARI,00-0033119,J.Brissett,00-0034487,T.Sherfield,1,0,0.0,0,-0.472705512598623,-0.472705512598623,0,0.0,6.0,0.0,6.0,0.0,0.0,0,1,0
2025,REG,ARI,00-0033119,J.Brissett,00-0035500,G.Dortch,21,18,149.0,3,6.733841065666627,0.32065909836507744,9,0.42857142857142855,69.0,128.0,3.2857142857142856,7.111111111111111,8.0,1,4,2
2025,REG,ARI,00-0033119,J.Brissett,00-0035876,A.Baccellia,4,2,8.0,0,-1.8098246662411834,-0.45245616656029586,0,0.0,7.0,7.0,1.75,3.5,0.0,0,2,0
2025,REG,ARI,00-0033119,J.Brissett,00-0036332,J.Deguara,2,1,6.0,0,-0.44538977649062905,-0.22269488824531453,1,0.5,10.0,1.0,5.0,1.0,0.0,0,0,0
2025,REG,ARI,00-0033119,J.Brissett,00-0036924,M.Carter,31,23,210.0,0,3.7661789738562637,0.12148964431794398,18,0.5806451612903226,70.0,198.0,2.2580645161290325,8.608695652173912,11.0,0,7,0
2025,REG,ARI,00-0033119,J.Brissett,00-0037157,Z.Knight,30,21,147.0,1,0.41969391476596873,0.013989797158865624,13,0.43333333333333335,37.0,138.0,1.2333333333333334,6.571428571428571,9.0,1,6,1
2025,REG,ARI,00-0033119,J.Brissett,00-0037744,T.McBride,99,76,796.0,9,56.55879594878132,0.5713009691796093,64,0.6464646464646465,700.0,366.0,7.070707070707071,4.815789473684211,41.0,9,23,9
2025,REG,ARI,00-0033119,J.Brissett,00-0038559,M.Wilson,46,25,307.0,3,-8.114021578782538,-0.1763917734517943,21,0.45652173913043476,553.0,59.0,12.021739130434783,2.36,17.0,3,9,3
2025,REG,ARI,00-0033119,J.Brissett,00-0038559,Mi.Wilson,41,33,407.0,0,20.534930832258862,0.5008519715185088,25,0.6097560975609756,432.0,112.0,10.536585365853659,3.393939393939394,18.0,5,5,0
2025,REG,ARI,00-0033119,J.Brissett,00-0038640,J.Brooks,6,3,51.0,0,1.8382254684111121,0.306370911401852,3,0.5,68.0,19.0,11.333333333333334,6.333333333333333,3.0,1,0,0
2025,REG,ARI,00-0033119,J.Brissett,00-0038705,E.Demercado,12,8,51.0,0,-3.9034868976450445,-0.32529057480375373,3,0.25,-1.0,50.0,-0.08333333333333333,6.25,1.0,1,2,0
2025,REG,ARI,00-0033119,J.Brissett,00-0039041,E.Higgins,17,14,117.0,0,-9.590422281529754,-0.5641424871488091,9,0.5294117647058824,71.0,83.0,4.176470588235294,5.928571428571429,5.0,1,2,0
2025,REG,ARI,00-0033119,J.Brissett,00-0039521,X.Weaver,7,3,24.0,0,-3.498589338151719,-0.499798476878817,1,0.14285714285714285,104.0,5.0,14.857142857142858,1.6666666666666667,0.0,0,2,0
2025,REG,ARI,00-0033119,J.Brissett,00-0039737,T.Reiman,1,0,0.0,0,-0.779132153373212,-0.779132153373212,0,0.0,9.0,0.0,9.0,0.0,0.0,0,0,0
2025,REG,ARI,00-0033119,J.Brissett,00-0039849,M.Harrison,38,20,288.0,2,14.034345299745432,0.36932487630909033,21,0.5526315789473685,469.0,55.0,12.342105263157896,2.75,16.0,5,7,2
2025,REG,JAX,00-0033319,N.Mullens,00-0040238,L.Allen,1,1,3.0,0,-0.544267653191086,-0.544267653191086,0,0.0,-2.0,5.0,-2.0,5.0,0.0,0,0,0
2025,REG,NO,00-0033357,T.Hill,00-0036040,J.Johnson,1,1,19.0,0,1.83019448362757,1.83019448362757,1,1.0,19.0,0.0,19.0,0.0,1.0,0,0,0
2025,REG,NO,00-0033357,T.Hill,00-0037545,R.Shaheed,1,0,0.0,0,-0.739963968168013,-0.739963968168013,0,0.0,-1.0,0.0,-1.0,0.0,0.0,0,0,0
2025,REG,NO,00-0033357,T.Hill,00-0039424,D.Vele,1,0,0.0,0,-4.49161089886911,-4.49161089886911,0,0.0,-6.0,0.0,-6.0,0.0,0.0,0,1,0
2025,REG,BAL,00-0033662,C.Rush,00-0030564,D.Hopkins,3,2,46.0,0,2.741202704462917,0.9137342348209723,2,0.6666666666666666,37.0,23.0,12.333333333333334,11.5,2.0,1,0,0
2025,REG,BAL,00-0033662,C.Rush,00-0032764,D.Henry,2,1,8.0,0,-5.886226806556806,-2.943113403278403,1,0.5,0.0,8.0,0.0,8.0,0.0,0,0,0
2025,REG,BAL,00-0033662,C.Rush,00-0034753,M.Andrews,11,8,50.0,0,-2.9112896427977875,-0.26466269479979887,5,0.45454545454545453,68.0,6.0,6.181818181818182,0.75,4.0,0,0,0
2025,REG,BAL,00-0033662,C.Rush,00-0034975,J.Hill,6,5,31.0,0,-0.3848946442594803,-0.06414910737658004,3,0.5,-8.0,37.0,-1.3333333333333333,7.4,1.0,0,0,0
2025,REG,BAL,00-0033662,C.Rush,00-0036550,R.Bateman,5,1,8.0,0,-5.051451583625751,-1.0102903167251502,1,0.2,69.0,5.0,13.8,5.0,0.0,0,0,0
2025,REG,BAL,00-0033662,C.Rush,00-0036630,T.Wallace,2,1,14.0,0,-0.12627131142652992,-0.06313565571326496,1,0.5,21.0,3.0,10.5,3.0,1.0,0,0,0
2025,REG,BAL,00-0033662,C.Rush,00-0037340,Z.Mitchell-Paden,1,1,3.0,0,-0.221361539559439,-0.221361539559439,0,0.0,3.0,0.0,3.0,0.0,0.0,0,0,0
2025,REG,BAL,00-0033662,C.Rush,00-0037838,I.Likely,1,1,12.0,0,2.23323831800371,2.23323831800371,1,1.0,11.0,1.0,11.0,1.0,1.0,0,0,0
2025,REG,BAL,00-0033662,C.Rush,00-0038046,C.Kolar,2,1,10.0,0,0.6976110220421139,0.34880551102105695,1,0.5,5.0,0.0,2.5,0.0,1.0,0,0,0
2025,REG,BAL,00-0033662,C.Rush,00-0038454,K.Mitchell,1,1,5.0,0,-0.155890078400262,-0.155890078400262,0,0.0,-5.0,10.0,-5.0,10.0,0.0,0,0,0
2025,REG,BAL,00-0033662,C.Rush,00-0039064,Z.Flowers,17,12,116.0,0,-10.630991540296097,-0.6253524435468293,7,0.4117647058823529,131.0,56.0,7.705882352941177,4.666666666666667,3.0,1,1,0
2025,REG,BUF,00-0033869,M.Trubisky,00-0036980,E.Moore,2,1,14.0,0,0.9083648779196698,0.4541824389598349,1,0.5,10.0,0.0,5.0,0.0,1.0,0,0,0
2025,REG,BUF,00-0033869,M.Trubisky,00-0036988,J.Palmer,1,1,32.0,0,3.43759682029486,3.43759682029486,1,1.0,16.0,16.0,16.0,16.0,1.0,1,0,0
2025,REG,BUF,00-0033869,M.Trubisky,00-0038679,T.Shavers,1,0,0.0,0,-0.917850173311308,-0.917850173311308,0,0.0,9.0,0.0,9.0,0.0,0.0,0,0,0
2025,REG,BUF,00-0033869,M.Trubisky,00-0039901,K.Coleman,1,1,8.0,0,0.81320133106783,0.81320133106783,1,1.0,8.0,0.0,8.0,0.0,1.0,0,0,0
2025,REG,BUF,00-0033869,M.Trubisky,00-0040194,J.Hawes,1,0,0.0,0,-0.991816812194884,-0.991816812194884,0,0.0,13.0,0.0,13.0,0.0,0.0,0,0,0
2025,REG,KC,00-0033873,P.Mahomes,00-0030506,T.Kelce,90,65,778.0,5,42.912712326030245,0.4768079147336694,59,0.6555555555555556,590.0,403.0,6.555555555555555,6.2,41.0,9,12,3
2025,REG,KC,00-0033873,P.Mahomes,00-0033757,R.Tonyan,1,1,1.0,0,-0.518533631926402,-0.518533631926402,0,0.0,1.0,0.0,1.0,0.0,0.0,0,0,0
2025,REG,KC,00-0033873,P.Mahomes,00-0033857,J.Smith-Schuster,36,27,304.0,1,6.638015714237981,0.18438932539549946,24,0.6666666666666666,218.0,177.0,6.055555555555555,6.555555555555555,17.0,3,9,1
2025,REG,KC,00-0033873,P.Mahomes,00-0033873,P.Mahomes,1,1,-10.0,0,-2.5388513491489,-2.5388513491489,0,0.0,-8.0,-2.0,-8.0,-2.0,0.0,0,0,0
2025,REG,KC,00-0033873,P.Mahomes,00-0033923,K.Hunt,21,15,122.0,1,3.4310656157817854,0.16338407694198978,10,0.47619047619047616,4.0,132.0,0.19047619047619047,8.8,8.0,1,5,1
2025,REG,KC,00-0033873,P.Mahomes,00-0035662,M.Brown,62,42,494.0,5,25.143910571514304,0.4055469447018436,37,0.5967741935483871,667.0,141.0,10.758064516129032,3.357142857142857,26.0,6,10,5
2025,REG,KC,00-0033873,P.Mahomes,00-0036360,C.Edwards-Helaire,2,2,9.0,0,1.5574801142211108,0.7787400571105554,2,1.0,-4.0,13.0,-2.0,6.5,0.0,0,0,0
2025,REG,KC,00-0033873,P.Mahomes,00-0036567,E.Mitchell,1,0,0.0,0,-3.36506548570469,-3.36506548570469,0,0.0,16.0,0.0,16.0,0.0,0.0,0,0,0
2025,REG,KC,00-0033873,P.Mahomes,00-0036637,N.Gray,32,17,146.0,0,-6.843178038354867,-0.2138493136985896,11,0.34375,214.0,92.0,6.6875,5.411764705882353,7.0,1,3,0
2025,REG,KC,00-0033873,P.Mahomes,00-0037197,I.Pacheco,19,13,60.0,1,-3.995422474341476,-0.21028539338639346,6,0.3157894736842105,-28.0,83.0,-1.4736842105263157,6.384615384615385,3.0,0,3,1
2025,REG,KC,00-0033873,P.Mahomes,00-0038104,T.Thornton,37,19,438.0,3,26.24813281281211,0.7094089949408678,18,0.4864864864864865,995.0,59.0,26.89189189189189,3.1052631578947367,15.0,11,4,2
2025,REG,KC,00-0033873,P.Mahomes,00-0038492,J.Brownlee,1,0,0.0,0,-0.713425388044558,-0.713425388044558,0,0.0,9.0,0.0,9.0,0.0,0.0,0,1,0
2025,REG,KC,00-0033873,P.Mahomes,00-0038519,N.Remigio,1,1,21.0,0,2.17666199797532,2.17666199797532,1,1.0,18.0,3.0,18.0,3.0,1.0,1,0,0
2025,REG,KC,00-0033873,P.Mahomes,00-0039067,R.Rice,78,52,568.0,5,16.23665982836582,0.20816230549186948,41,0.5256410256410257,340.0,409.0,4.358974358974359,7.865384615384615,28.0,9,19,4
2025,REG,KC,00-0033873,P.Mahomes,00-0039824,J.Wiley,1,1,4.0,0,2.56564583489671,2.56564583489671,1,1.0,-4.0,8.0,-4.0,8.0,1.0,0,0,0
2025,REG,KC,00-0033873,P.Mahomes,00-0039894,X.Worthy,67,40,491.0,1,14.683865532473806,0.2191621721264747,32,0.47761194029850745,858.0,175.0,12.805970149253731,4.375,20.0,8,6,1
2025,REG,KC,00-0033873,P.Mahomes,00-0040078,B.Smith,26,19,161.0,0,2.3502922543557423,0.09039585593675932,13,0.5,-21.0,202.0,-0.8076923076923077,10.631578947368421,6.0,0,6,0
2025,REG,SEA,00-0033908,C.Kupp,00-0038543,J.Smith-Njigba,1,0,0.0,0,-5.37016646715347,-5.37016646715347,0,0.0,9.0,0.0,9.0,0.0,0.0,0,0,0
2025,REG,NE,00-0033949,J.Dobbs,00-0038608,K.Boutte,1,0,0.0,0,-0.854630142450333,-0.854630142450333,0,0.0,18.0,0.0,18.0,0.0,0.0,0,0,0
2025,REG,NE,00-0033949,J.Dobbs,00-0038621,D.Douglas,1,1,12.0,0,1.77493542066077,1.77493542066077,1,1.0,12.0,0.0,12.0,0.0,1.0,0,0,0
2025,REG,DET,00-0034577,K.Allen,00-0034073,R.Dwelley,1,0,0.0,0,-0.36093316989718,-0.36093316989718,0,0.0,0.0,0.0,0.0,0.0,0.0,0,0,0
2025,REG,DET,00-0034577,K.Allen,00-0037240,J.Williams,1,0,0.0,0,-0.994332197847206,-0.994332197847206,0,0.0,10.0,0.0,10.0,0.0,0.0,0,0,0
2025,REG,PIT,00-0034771,M.Rudolph,00-0033858,J.Smith,4,3,21.0,0,0.06253904855111597,0.015634762137778993,3,0.75,20.0,15.0,5.0,5.0,0.0,0,1,0
2025,REG,PIT,00-0034771,M.Rudolph,00-0035640,D.Metcalf,13,8,50.0,0,-0.9598961495794271,-0.07383816535226363,6,0.46153846153846156,85.0,28.0,6.538461538461538,3.5,4.0,0,0,0
2025,REG,PIT,00-0034771,M.Rudolph,00-0036862,B.Skowronek,2,1,21.0,0,1.149632658751218,0.574816329375609,1,0.5,22.0,3.0,11.0,3.0,1.0,1,0,0
2025,REG,PIT,00-0034771,M.Rudolph,00-0036894,P.Freiermuth,3,3,19.0,1,2.151355236186643,0.7171184120622143,2,0.6666666666666666,9.0,10.0,3.0,3.3333333333333335,2.0,0,1,1
2025,REG,PIT,00-0034771,M.Rudolph,00-0036919,K.Gainwell,12,12,98.0,1,7.70610229711748,0.6421751914264567,8,0.6666666666666666,-32.0,130.0,-2.6666666666666665,10.833333333333334,6.0,2,2,1
2025,REG,PIT,00-0034771,M.Rudolph,00-0037228,J.Warren,1,1,-1.0,0,-0.760108805727214,-0.760108805727214,0,0.0,-7.0,6.0,-7.0,6.0,0.0,0,0,0
2025,REG,PIT,00-0034771,M.Rudolph,00-0037304,Co.Heyward,1,1,6.0,0,0.0220260451897047,0.0220260451897047,1,1.0,5.0,1.0,5.0,1.0,0.0,0,0,0
2025,REG,PIT,00-0034771,M.Rudolph,00-0037837,C.Austin,5,4,36.0,0,1.8903746205032843,0.37807492410065685,2,0.4,26.0,23.0,5.2,5.75,1.0,0,0,0
2025,REG,PIT,00-0034771,M.Rudolph,00-0038558,D.Washington,5,4,43.0,0,-0.08496990625280532,-0.016993981250561063,3,0.6,27.0,36.0,5.4,9.0,2.0,0,0,0
2025,REG,PIT,00-0034771,M.Rudolph,00-0039739,R.Wilson,4,1,17.0,0,0.3245161105878669,0.08112902764696672,1,0.25,104.0,2.0,26.0,2.0,1.0,0,0,0
2025,REG,BAL,00-0034796,L.Jackson,00-0030564,D.Hopkins,24,13,209.0,2,6.091805490036737,0.25382522875153074,11,0.4583333333333333,351.0,31.0,14.625,2.3846153846153846,7.0,4,2,0
2025,REG,BAL,00-0034796,L.Jackson,00-0032764,D.Henry,16,14,142.0,0,5.844495235476647,0.36528095221729046,10,0.625,10.0,127.0,0.625,9.071428571428571,4.0,1,2,0
2025,REG,BAL,00-0034796,L.Jackson,00-0033376,P.Ricard,1,0,0.0,0,-0.69710745359771,-0.69710745359771,0,0.0,0.0,0.0,0.0,0.0,0.0,0,0,0
2025,REG,BAL,00-0034796,L.Jackson,00-0034753,M.Andrews,46,29,275.0,5,1.9950641341714388,0.04337095943850954,22,0.4782608695652174,348.0,72.0,7.565217391304348,2.4827586206896552,17.0,2,13,4
2025,REG,BAL,00-0034796,L.Jackson,00-0034975,J.Hill,17,13,119.0,1,2.3584992664982503,0.1387352509704853,7,0.4117647058823529,-4.0,132.0,-0.23529411764705882,10.153846153846153,5.0,1,1,1
2025,REG,BAL,00-0034796,L.Jackson,00-0036550,R.Bateman,27,15,158.0,2,4.262624049378198,0.15787496479178512,14,0.5185185185185185,305.0,24.0,11.296296296296296,1.6,11.0,2,7,2
2025,REG,BAL,00-0034796,L.Jackson,00-0036630,T.Wallace,4,2,25.0,1,2.3990772997058953,0.5997693249264738,2,0.5,77.0,7.0,19.25,3.5,2.0,0,1,1
2025,REG,BAL,00-0034796,L.Jackson,00-0037340,Z.Mitchell-Paden,1,0,0.0,0,-0.217104522802401,-0.217104522802401,0,0.0,1.0,0.0,1.0,0.0,0.0,0,1,0
2025,REG,BAL,00-0034796,L.Jackson,00-0037838,I.Likely,26,17,222.0,1,-0.5274083687573001,-0.02028493725989616,12,0.46153846153846156,224.0,95.0,8.615384615384615,5.588235294117647,7.0,3,5,1
2025,REG,BAL,00-0034796,L.Jackson,00-0038046,C.Kolar,10,7,104.0,1,1.187087808357324,0.1187087808357324,7,0.7,83.0,37.0,8.3,5.285714285714286,6.0,2,2,1
2025,REG,BAL,00-0034796,L.Jackson,00-0038454,K.Mitchell,9,6,51.0,0,-5.3235522121540235,-0.5915058013504471,5,0.5555555555555556,-16.0,61.0,-1.7777777777777777,10.166666666666666,2.0,0,0,0
2025,REG,BAL,00-0034796,L.Jackson,00-0039064,Z.Flowers,72,49,757.0,2,32.298242839834955,0.44858670610881884,41,0.5694444444444444,780.0,289.0,10.833333333333334,5.8979591836734695,30.0,15,6,0
2025,REG,BAL,00-0034796,L.Jackson,00-0039792,D.Walker,6,4,90.0,2,10.917466761195106,1.8195777935325177,4,0.6666666666666666,171.0,2.0,28.5,0.5,4.0,3,1,1
2025,REG,BAL,00-0034796,L.Jackson,00-0039796,R.Ali,6,5,58.0,1,1.56391835480462,0.26065305913410336,3,0.5,6.0,65.0,1.0,13.0,2.0,1,1,0
2025,REG,CHI,00-0034827,D.Moore,00-0039918,C.Williams,1,1,2.0,1,3.86819368979195,3.86819368979195,1,1.0,2.0,0.0,2.0,0.0,1.0,0,1,1
2025,REG,TB,00-0034855,B.Mayfield,00-0031408,M.Evans,44,20,272.0,1,2.4102357484297214,0.05477808519158458,20,0.45454545454545453,611.0,28.0,13.886363636363637,1.4,16.0,4,6,1
2025,REG,TB,00-0034855,B.Mayfield,00-0032385,S.Shepard,51,37,366.0,1,-0.3438511447785743,-0.00674217930938381,25,0.49019607843137253,440.0,139.0,8.627450980392156,3.7567567567567566,18.0,5,7,1
2025,REG,TB,00-0034855,B.Mayfield,00-0033921,C.Godwin,37,20,214.0,1,2.6512915709201272,0.07165652894378723,19,0.5135135135135135,282.0,114.0,7.621621621621622,5.7,12.0,4,6,1
2025,REG,TB,00-0034855,B.Mayfield,00-0036406,T.Wirfs,1,1,2.0,1,2.98821846296778,2.98821846296778,1,1.0,1.0,1.0,1.0,1.0,1.0,0,1,1
2025,REG,TB,00-0034855,B.Mayfield,00-0037256,R.White,38,33,174.0,0,-4.960727622207016,-0.1305454637422899,14,0.3684210526315789,-80.0,263.0,-2.1052631578947367,7.96969696969697,8.0,0,7,0
2025,REG,TB,00-0034855,B.Mayfield,00-0038129,C.Otton,64,43,412.0,0,-4.999599822527609,-0.07811874722699388,29,0.453125,340.0,222.0,5.3125,5.162790697674419,17.0,5,5,0
2025,REG,TB,00-0034855,B.Mayfield,00-0038824,R.Miller,4,2,34.0,1,-0.7049306242245372,-0.1762326560561343,1,0.25,70.0,0.0,17.5,0.0,1.0,1,1,1
2025,REG,TB,00-0034855,B.Mayfield,00-0038951,S.Tucker,9,8,34.0,1,-1.6847370322793735,-0.18719300358659707,2,0.2222222222222222,-20.0,49.0,-2.2222222222222223,6.125,1.0,1,1,0
2025,REG,TB,00-0034855,B.Mayfield,00-0039050,P.Durham,3,1,11.0,0,-0.73066934151575,-0.24355644717191668,1,0.3333333333333333,3.0,11.0,1.0,11.0,1.0,0,0,0
2025,REG,TB,00-0034855,B.Mayfield,00-0039361,B.Irving,27,24,250.0,3,12.665974214265589,0.4691101560839107,12,0.4444444444444444,-47.0,314.0,-1.7407407407407407,13.083333333333334,10.0,5,4,1
2025,REG,TB,00-0034855,B.Mayfield,00-0039589,K.Johnson,7,4,64.0,1,0.5218187012884723,0.07454552875549604,4,0.5714285714285714,88.0,20.0,12.571428571428571,5.0,3.0,1,0,0
2025,REG,TB,00-0034855,B.Mayfield,00-0039754,D.Culp,1,1,6.0,1,1.71396795928013,1.71396795928013,1,1.0,6.0,0.0,6.0,0.0,1.0,0,1,1
2025,REG,TB,00-0034855,B.Mayfield,00-0039855,J.McMillan,2,2,38.0,0,2.6854570759460348,1.3427285379730174,2,1.0,35.0,3.0,17.5,1.5,2.0,0,1,0
2025,REG,TB,00-0034855,B.Mayfield,00-0040129,E.Egbuka,114,57,838.0,6,13.073982964176283,0.11468406108926564,49,0.4298245614035088,1387.0,293.0,12.166666666666666,5.140350877192983,32.0,18,13,2
2025,REG,TB,00-0034855,B.Mayfield,00-0040237,T.Johnson,38,23,284.0,5,16.11551669309616,0.42409254455516215,20,0.5263157894736842,482.0,95.0,12.68421052631579,4.130434782608695,14.0,3,6,3
2025,REG,BUF,00-0034857,J.Allen,00-0031236,B.Cooks,4,1,13.0,0,0.5575882508419492,0.1393970627104873,1,0.25,122.0,0.0,30.5,0.0,1.0,0,0,0
2025,REG,BUF,00-0034857,J.Allen,00-0033282,C.Samuel,9,7,81.0,1,8.805984938517204,0.978442770946356,7,0.7777777777777778,145.0,27.0,16.11111111111111,3.857142857142857,5.0,2,1,1
2025,REG,BUF,00-0034857,J.Allen,00-0035140,M.Hardman,1,0,0.0,0,-0.508363496046513,-0.508363496046513,0,0.0,46.0,0.0,46.0,0.0,0.0,0,0,0
2025,REG,BUF,00-0034857,J.Allen,00-0035537,Ty.Johnson,27,19,199.0,1,7.647814680356528,0.2832523955687603,13,0.48148148148148145,-36.0,235.0,-1.3333333333333333,12.368421052631579,9.0,2,3,0
2025,REG,BUF,00-0034857,J.Allen,00-0035689,D.Knox,41,28,353.0,3,16.53400283739042,0.40326836188757126,27,0.6585365853658537,275.0,162.0,6.7073170731707314,5.785714285714286,18.0,5,10,3
2025,REG,BUF,00-0034857,J.Allen,00-0036187,R.Gilliam,2,1,2.0,0,-1.378208768161014,-0.689104384080507,0,0.0,1.0,1.0,0.5,1.0,0.0,0,1,0
2025,REG,BUF,00-0034857,J.Allen,00-0036196,G.Davis,10,7,88.0,0,5.372026051452843,0.5372026051452843,6,0.6,101.0,19.0,10.1,2.7142857142857144,5.0,2,3,0
2025,REG,BUF,00-0034857,J.Allen,00-0036980,E.Moore,15,8,98.0,0,-4.797888128960041,-0.3198592085973361,4,0.26666666666666666,132.0,58.0,8.8,7.25,3.0,3,0,0
2025,REG,BUF,00-0034857,J.Allen,00-0036988,J.Palmer,30,18,256.0,0,5.858193828198637,0.19527312760662122,14,0.4666666666666667,386.0,29.0,12.866666666666667,1.6111111111111112,12.0,4,4,0
2025,REG,BUF,00-0034857,J.Allen,00-0037248,J.Cook,34,31,271.0,2,10.34634058582014,0.304304134877063,16,0.47058823529411764,23.0,253.0,0.6764705882352942,8.161290322580646,10.0,4,3,1
2025,REG,BUF,00-0034857,J.Allen,00-0037261,K.Shakir,84,62,617.0,4,10.77405593987357,0.1282625707127806,37,0.44047619047619047,335.0,454.0,3.988095238095238,7.32258064516129,26.0,7,12,2
2025,REG,BUF,00-0034857,J.Allen,00-0038679,T.Shavers,17,12,188.0,1,9.639299191418111,0.567017599495183,11,0.6470588235294118,224.0,55.0,13.176470588235293,4.583333333333333,8.0,4,0,0
2025,REG,BUF,00-0034857,J.Allen,00-0038933,D.Kincaid,46,36,523.0,5,37.47844178180301,0.8147487343870219,29,0.6304347826086957,415.0,242.0,9.021739130434783,6.722222222222222,25.0,12,9,3
2025,REG,BUF,00-0034857,J.Allen,00-0039875,R.Davis,8,5,31.0,1,-0.07196413388009204,-0.008995516735011505,3,0.375,3.0,42.0,0.375,8.4,3.0,0,3,1
2025,REG,BUF,00-0034857,J.Allen,00-0039901,K.Coleman,56,35,347.0,4,9.6894822531906,0.173026468806975,32,0.5714285714285714,604.0,70.0,10.785714285714286,2.0,23.0,4,9,3
2025,REG,BUF,00-0034857,J.Allen,00-0040194,J.Hawes,15,13,161.0,3,15.750923513434834,1.0500615675623224,13,0.8666666666666667,118.0,73.0,7.866666666666666,5.615384615384615,12.0,2,3,2
2025,REG,BUF,00-0034857,J.Allen,00-0040363,K.Latu,1,1,4.0,0,-0.440488452790305,-0.440488452790305,0,0.0,4.0,0.0,4.0,0.0,0.0,0,0,0
2025,REG,SEA,00-0034869,S.Darnold,00-0033576,E.Saubert,3,2,21.0,0,3.520991877289026,1.173663959096342,3,1.0,10.0,11.0,3.3333333333333335,5.5,1.0,0,2,0
2025,REG,SEA,00-0034869,S.Darnold,00-0033908,C.Kupp,65,44,558.0,2,7.915767711868777,0.12178104172105811,38,0.5846153846153846,488.0,280.0,7.507692307692308,6.363636363636363,23.0,7,11,2
2025,REG,SEA,00-0034869,S.Darnold,00-0035891,C.White,4,3,90.0,1,4.842319958377631,1.2105799895944078,3,0.75,39.0,58.0,9.75,19.333333333333332,2.0,2,0,0
2025,REG,SEA,00-0034869,S.Darnold,00-0037093,D.Young,2,2,48.0,0,3.386090107145715,1.6930450535728574,2,1.0,48.0,0.0,24.0,0.0,2.0,1,0,0
2025,REG,SEA,00-0034869,S.Darnold,00-0037545,R.Shaheed,24,13,178.0,0,-3.7426932286507792,-0.15594555119378248,12,0.5,297.0,31.0,12.375,2.3846153846153846,7.0,3,2,0
2025,REG,SEA,00-0034869,S.Darnold,00-0038134,K.Walker,30,25,240.0,0,6.018337331622154,0.20061124438740513,13,0.43333333333333335,-19.0,275.0,-0.6333333333333333,11.0,10.0,4,3,0
2025,REG,SEA,00-0034869,S.Darnold,00-0038488,B.Russell,1,0,0.0,0,-0.447156252805144,-0.447156252805144,0,0.0,0.0,0.0,0.0,0.0,0.0,0,0,0
2025,REG,SEA,00-0034869,S.Darnold,00-0038543,J.Smith-Njigba,142,104,1637.0,10,88.5699209974212,0.6237318380100085,89,0.6267605633802817,1629.0,490.0,11.471830985915492,4.711538461538462,71.0,27,16,6
2025,REG,SEA,00-0034869,S.Darnold,00-0038752,J.Bobo,2,2,20.0,0,1.135261930408888,0.567630965204444,1,0.5,14.0,6.0,7.0,3.0,1.0,0,0,0
2025,REG,SEA,00-0034869,S.Darnold,00-0039165,Z.Charbonnet,18,15,109.0,0,-0.18294045672868361,-0.01016335870714909,7,0.3888888888888889,30.0,87.0,1.6666666666666667,5.8,5.0,1,2,0
2025,REG,SEA,00-0034869,S.Darnold,00-0039793,A.Barner,62,47,462.0,5,22.63273945771721,0.3650441848018905,40,0.6451612903225806,278.0,228.0,4.483870967741935,4.851063829787234,23.0,3,11,4
2025,REG,SEA,00-0034869,S.Darnold,00-0040058,N.Kallerup,1,0,0.0,0,-0.555433336994611,-0.555433336994611,0,0.0,8.0,0.0,8.0,0.0,0.0,0,1,0
2025,REG,SEA,00-0034869,S.Darnold,00-0040648,T.Horton,21,13,161.0,5,10.997956527988418,0.5237122156184961,12,0.5714285714285714,331.0,33.0,15.761904761904763,2.5384615384615383,7.0,3,4,2
2025,REG,SEA,00-0034869,S.Darnold,00-0040739,E.Arroyo,26,15,179.0,1,-16.238906289037494,-0.6245733188091344,11,0.4230769230769231,220.0,78.0,8.461538461538462,5.2,7.0,4,5,0
2025,REG,CIN,00-0035100,J.Browning,00-0033526,S.Perine,3,2,2.0,0,-1.460200634523062,-0.48673354484102066,1,0.3333333333333333,-7.0,6.0,-2.3333333333333335,3.0,0.0,0,1,0
2025,REG,CIN,00-0035100,J.Browning,00-0034829,M.Gesicki,13,7,47.0,0,-16.248534095590003,-1.2498872381223078,5,0.38461538461538464,107.0,11.0,8.23076923076923,1.5714285714285714,2.0,0,1,0
2025,REG,CIN,00-0035100,J.Browning,00-0035631,D.Sample,5,4,26.0,1,1.6670448311488242,0.33340896622976485,2,0.4,12.0,20.0,2.4,5.0,2.0,0,1,1
2025,REG,CIN,00-0035100,J.Browning,00-0035644,N.Fant,8,7,29.0,0,-11.126318548107504,-1.390789818513438,2,0.25,18.0,15.0,2.25,2.142857142857143,1.0,0,0,0
2025,REG,CIN,00-0035100,J.Browning,00-0036410,T.Higgins,20,8,111.0,2,1.5688616910583595,0.07844308455291797,7,0.35,293.0,25.0,14.65,3.125,6.0,1,3,1
2025,REG,CIN,00-0035100,J.Browning,00-0036900,J.Chase,35,26,311.0,2,2.6675288246811224,0.0762151092766035,17,0.4857142857142857,307.0,154.0,8.771428571428572,5.923076923076923,11.0,4,2,1
2025,REG,CIN,00-0035100,J.Browning,00-0038597,C.Brown,18,16,87.0,0,-12.106960612756671,-0.6726089229309262,6,0.3333333333333333,21.0,83.0,1.1666666666666667,5.1875,3.0,0,0,0
2025,REG,CIN,00-0035100,J.Browning,00-0038619,A.Iosivas,13,8,130.0,0,-0.31037302642902154,-0.023874848186847812,8,0.6153846153846154,131.0,40.0,10.076923076923077,5.0,7.0,3,1,0
2025,REG,CIN,00-0035100,J.Browning,00-0038839,M.Tinsley,4,2,22.0,1,1.4079123486881109,0.3519780871720277,2,0.5,40.0,5.0,10.0,2.5,1.0,0,1,1
2025,REG,CIN,00-0035100,J.Browning,00-0039631,C.Grandy,1,1,6.0,0,0.162044158903882,0.162044158903882,1,1.0,-2.0,8.0,-2.0,8.0,0.0,0,0,0
2025,REG,ARI,00-0035228,K.Murray,00-0033553,J.Conner,9,8,38.0,1,2.234454803401603,0.24827275593351145,4,0.4444444444444444,-9.0,68.0,-1.0,8.5,4.0,0,1,1
2025,REG,ARI,00-0035228,K.Murray,00-0033891,Z.Jones,7,5,37.0,0,1.039310420164834,0.14847291716640484,4,0.5714285714285714,74.0,8.0,10.571428571428571,1.6,1.0,0,0,0
2025,REG,ARI,00-0035228,K.Murray,00-0035500,G.Dortch,11,10,59.0,0,-0.9563597957558225,-0.08694179961416569,4,0.36363636363636365,-9.0,66.0,-0.8181818181818182,6.6,2.0,0,3,0
2025,REG,ARI,00-0035228,K.Murray,00-0036924,M.Carter,5,5,22.0,0,0.13385223667137297,0.026770447334274593,2,0.4,-1.0,23.0,-0.2,4.6,0.0,0,0,0
2025,REG,ARI,00-0035228,K.Murray,00-0037157,Z.Knight,1,1,13.0,0,0.984973447164521,0.984973447164521,1,1.0,0.0,13.0,0.0,13.0,1.0,0,0,0
2025,REG,ARI,00-0035228,K.Murray,00-0037744,T.McBride,42,29,275.0,1,14.14011153386672,0.3366693222349219,24,0.5714285714285714,248.0,132.0,5.904761904761905,4.551724137931035,16.0,2,5,1
2025,REG,ARI,00-0035228,K.Murray,00-0038559,Mi.Wilson,18,8,52.0,1,3.2755488489840054,0.18197493605466697,7,0.3888888888888889,212.0,18.0,11.777777777777779,2.25,6.0,0,1,1
2025,REG,ARI,00-0035228,K.Murray,00-0038705,E.Demercado,3,2,13.0,1,1.530890147704246,0.5102967159014153,2,0.6666666666666666,-7.0,21.0,-2.3333333333333335,10.5,1.0,0,2,1
2025,REG,ARI,00-0035228,K.Murray,00-0039041,E.Higgins,8,6,65.0,0,2.0940188121749093,0.26175235152186366,3,0.375,21.0,52.0,2.625,8.666666666666666,3.0,1,2,0
2025,REG,ARI,00-0035228,K.Murray,00-0039521,X.Weaver,1,0,0.0,0,-0.375429464504123,-0.375429464504123,0,0.0,27.0,0.0,27.0,0.0,0.0,0,0,0
2025,REG,ARI,00-0035228,K.Murray,00-0039737,T.Reiman,4,3,18.0,0,0.7858088019420348,0.1964522004855087,2,0.5,17.0,7.0,4.25,2.3333333333333335,1.0,0,0,0
2025,REG,ARI,00-0035228,K.Murray,00-0039849,M.Harrison,32,20,306.0,2,17.910623952891918,0.5597069985278724,19,0.59375,387.0,64.0,12.09375,3.2,13.0,4,4,2
2025,REG,ARI,00-0035228,K.Murray,00-0039921,T.Benson,16,13,64.0,0,-8.07334305129022,-0.5045839407056387,5,0.3125,-22.0,73.0,-1.375,5.615384615384615,2.0,0,2,0
2025,REG,KC,00-0035289,G.Minshew,00-0030506,T.Kelce,3,2,19.0,0,-0.60232100484427,-0.20077366828142332,2,0.6666666666666666,34.0,6.0,11.333333333333334,3.0,1.0,0,0,0
2025,REG,KC,00-0035289,G.Minshew,00-0039067,R.Rice,1,1,3.0,0,-0.217211767332628,-0.217211767332628,0,0.0,-2.0,5.0,-2.0,5.0,0.0,0,0,0
2025,REG,NYG,00-0035645,G.Olszewski,00-0031503,J.Winston,1,1,33.0,1,3.22335465252399,3.22335465252399,1,1.0,13.0,20.0,13.0,20.0,1.0,1,0,0
2025,REG,DET,00-0035685,D.Montgomery,00-0034073,R.Dwelley,1,0,0.0,0,-0.413568289543036,-0.413568289543036,0,0.0,4.0,0.0,4.0,0.0,0.0,0,1,0
2025,REG,DET,00-0035685,D.Montgomery,00-0036754,B.Wright,1,1,3.0,1,1.37305519467918,1.37305519467918,1,1.0,3.0,0.0,3.0,0.0,1.0,0,1,1
2025,REG,SEA,00-0035704,D.Lock,00-0039299,G.Holani,2,2,15.0,0,-0.14054189715534404,-0.07027094857767202,1,0.5,-1.0,16.0,-0.5,8.0,1.0,0,0,0
2025,REG,SEA,00-0035704,D.Lock,00-0040648,T.Horton,1,0,0.0,0,-0.75218091160059,-0.75218091160059,0,0.0,6.0,0.0,6.0,0.0,0.0,0,0,0
2025,REG,IND,00-0035710,D.Jones,00-0032104,A.Abdullah,6,5,30.0,0,-1.2410309569677336,-0.2068384928279556,2,0.3333333333333333,8.0,25.0,1.3333333333333333,5.0,0.0,0,1,0
2025,REG,IND,00-0035710,D.Jones,00-0033217,M.Alie-Cox,9,5,59.0,0,-5.074292890960355,-0.5638103212178173,5,0.5555555555555556,44.0,46.0,4.888888888888889,9.2,2.0,1,3,0
2025,REG,IND,00-0035710,D.Jones,00-0035021,A.Dulin,8,5,106.0,0,6.951571413257638,0.8689464266572048,4,0.5,105.0,53.0,13.125,10.6,4.0,3,1,0
2025,REG,IND,00-0035710,D.Jones,00-0036223,J.Taylor,41,35,304.0,2,9.066665129517885,0.2211381738906801,20,0.4878048780487805,-44.0,348.0,-1.0731707317073171,9.942857142857143,12.0,3,5,2
2025,REG,IND,00-0035710,D.Jones,00-0036252,M.Pittman,87,61,636.0,7,22.38709889261979,0.25732297577723895,51,0.5862068965517241,676.0,212.0,7.7701149425287355,3.4754098360655736,38.0,4,14,5
2025,REG,IND,00-0035710,D.Jones,00-0037120,T.Goodson,3,2,8.0,0,-0.9459662016597576,-0.31532206721991923,1,0.3333333333333333,-3.0,10.0,-1.0,5.0,0.0,0,1,0
2025,REG,IND,00-0035710,D.Jones,00-0037292,A.Ogletree,3,3,16.0,1,1.9947666500229355,0.6649222166743118,2,0.6666666666666666,14.0,2.0,4.666666666666667,0.6666666666666666,1.0,0,2,1
2025,REG,IND,00-0035710,D.Jones,00-0037664,A.Pierce,62,35,715.0,2,34.670934047756276,0.5592086136734883,34,0.5483870967741935,1213.0,93.0,19.56451612903226,2.657142857142857,31.0,12,4,1
2025,REG,IND,00-0035710,D.Jones,00-0037757,B.Raimann,1,0,0.0,0,-0.36578686919529,-0.36578686919529,0,0.0,2.0,0.0,2.0,0.0,0.0,0,1,0
2025,REG,IND,00-0035710,D.Jones,00-0038997,J.Downs,61,41,368.0,3,11.70845307190313,0.1919418536377562,32,0.5245901639344263,415.0,87.0,6.80327868852459,2.1219512195121952,25.0,2,10,3
2025,REG,IND,00-0035710,D.Jones,00-0039816,A.Gould,1,1,3.0,0,-0.639238842064515,-0.639238842064515,0,0.0,3.0,0.0,3.0,0.0,0.0,0,0,0
2025,REG,IND,00-0035710,D.Jones,00-0039890,A.Mitchell,14,9,152.0,0,-5.298005800704746,-0.3784289857646247,6,0.42857142857142855,225.0,51.0,16.071428571428573,5.666666666666667,2.0,1,0,0
2025,REG,IND,00-0035710,D.Jones,00-0040128,T.Warren,80,59,697.0,4,35.58886452936369,0.44486080661704613,46,0.575,410.0,417.0,5.125,7.067796610169491,34.0,10,16,4
2025,REG,IND,00-0035710,D.Jones,00-0040179,D.Giddens,2,0,0.0,0,-1.657732485312681,-0.8288662426563405,0,0.0,-6.0,0.0,-3.0,0.0,0.0,0,1,0
2025,REG,BAL,00-0035993,T.Huntley,00-0030564,D.Hopkins,4,3,34.0,0,2.8063101128791414,0.7015775282197854,3,0.75,56.0,6.0,14.0,2.0,3.0,0,0,0
2025,REG,BAL,00-0035993,T.Huntley,00-0032764,D.Henry,2,0,0.0,0,-2.0225004418753127,-1.0112502209376564,0,0.0,10.0,0.0,5.0,0.0,0.0,0,0,0
2025,REG,BAL,00-0035993,T.Huntley,00-0034753,M.Andrews,3,3,34.0,0,1.7753670684760432,0.5917890228253477,3,1.0,27.0,7.0,9.0,2.3333333333333335,1.0,1,1,0
2025,REG,BAL,00-0035993,T.Huntley,00-0034975,J.Hill,4,3,19.0,0,-1.552107462019197,-0.38802686550479926,1,0.25,6.0,15.0,1.5,5.0,0.0,0,0,0
2025,REG,BAL,00-0035993,T.Huntley,00-0036550,R.Bateman,4,2,51.0,0,0.5203997064381929,0.13009992660954822,2,0.5,64.0,7.0,16.0,3.5,1.0,1,1,0
2025,REG,BAL,00-0035993,T.Huntley,00-0036630,T.Wallace,1,1,6.0,0,-0.302309277234599,-0.302309277234599,0,0.0,-1.0,7.0,-1.0,7.0,0.0,0,0,0
2025,REG,BAL,00-0035993,T.Huntley,00-0037838,I.Likely,4,4,14.0,0,-2.0549405131451,-0.513735128286275,1,0.25,11.0,3.0,2.75,0.75,0.0,0,1,0
2025,REG,BAL,00-0035993,T.Huntley,00-0038046,C.Kolar,1,1,10.0,1,2.43484902952332,2.43484902952332,1,1.0,5.0,5.0,5.0,5.0,1.0,0,1,1
2025,REG,BAL,00-0035993,T.Huntley,00-0039064,Z.Flowers,12,10,86.0,0,5.851880758898798,0.4876567299082332,8,0.6666666666666666,102.0,27.0,8.5,2.7,5.0,1,2,0
2025,REG,MIA,00-0036212,T.Tagovailoa,00-0031610,D.Waller,27,20,243.0,6,25.844603895893783,0.9572075516997698,18,0.6666666666666666,270.0,70.0,10.0,3.5,16.0,4,8,6
2025,REG,MIA,00-0036212,T.Tagovailoa,00-0033040,T.Hill,29,21,265.0,1,19.834595010732308,0.6839515520942175,19,0.6551724137931034,399.0,57.0,13.758620689655173,2.7142857142857144,17.0,4,2,1
2025,REG,MIA,00-0036212,T.Tagovailoa,00-0034418,C.Wilson,4,3,25.0,0,2.276977694768,0.569244423692,2,0.5,39.0,18.0,9.75,6.0,2.0,0,1,0
2025,REG,MIA,00-0036212,T.Tagovailoa,00-0035125,A.Ingold,8,6,40.0,0,-0.5398578583262836,-0.06748223229078545,2,0.25,26.0,32.0,3.25,5.333333333333333,3.0,1,0,0
2025,REG,MIA,00-0036212,T.Tagovailoa,00-0036182,N.Westbrook-Ikhine,16,9,84.0,0,2.381451009947337,0.14884068812170856,8,0.5,97.0,26.0,6.0625,2.888888888888889,7.0,0,2,0
2025,REG,MIA,00-0036212,T.Tagovailoa,00-0036613,J.Waddle,89,59,838.0,6,37.632794981895735,0.42284039305500826,52,0.5842696629213483,1149.0,203.0,12.910112359550562,3.440677966101695,44.0,13,11,3
2025,REG,MIA,00-0036212,T.Tagovailoa,00-0036620,D.Eskridge,3,1,8.0,0,-1.499218346492858,-0.4997394488309526,1,0.3333333333333333,28.0,1.0,9.333333333333334,1.0,0.0,0,0,0
2025,REG,MIA,00-0036212,T.Tagovailoa,00-0037252,G.Dulcich,21,15,200.0,0,10.527126647081012,0.5012917450990958,13,0.6190476190476191,100.0,115.0,4.761904761904762,7.666666666666667,9.0,4,4,0
2025,REG,MIA,00-0036212,T.Tagovailoa,00-0037348,T.Conner,14,8,85.0,0,-6.394627177971408,-0.45675908414081484,6,0.42857142857142855,114.0,38.0,8.142857142857142,4.75,3.0,1,3,0
2025,REG,MIA,00-0036212,T.Tagovailoa,00-0038720,J.Hill,18,13,116.0,0,-1.6089002915180266,-0.08938334952877926,9,0.5,57.0,94.0,3.1666666666666665,7.230769230769231,5.0,1,4,0
2025,REG,MIA,00-0036212,T.Tagovailoa,00-0039040,D.Achane,78,60,435.0,4,-8.869652309442664,-0.11371349114670082,32,0.41025641025641024,45.0,489.0,0.5769230769230769,8.15,22.0,3,10,3
2025,REG,MIA,00-0036212,T.Tagovailoa,00-0039874,J.Wright,4,1,9.0,0,-1.091054774908116,-0.272763693727029,1,0.25,-16.0,9.0,-4.0,9.0,0.0,0,0,0
2025,REG,MIA,00-0036212,T.Tagovailoa,00-0039880,M.Washington,52,38,263.0,2,-7.602740252171756,-0.1462065433109953,22,0.4230769230769231,209.0,210.0,4.019230769230769,5.526315789473684,13.0,1,9,2
2025,REG,MIA,00-0036212,T.Tagovailoa,00-0039884,T.Washington,2,1,11.0,0,-6.17330251971726,-3.08665125985863,0,0.0,56.0,6.0,28.0,6.0,0.0,0,0,0
2025,REG,MIA,00-0036212,T.Tagovailoa,00-0040198,O.Gordon,7,5,31.0,1,0.5698743176180834,0.08141061680258334,1,0.14285714285714285,-11.0,42.0,-1.5714285714285714,8.4,1.0,1,2,1
2025,REG,GB,00-0036264,J.Love,00-0035700,J.Jacobs,41,33,270.0,1,11.96003942112765,0.29170827856408904,20,0.4878048780487805,-33.0,286.0,-0.8048780487804879,8.666666666666666,8.0,4,4,1
2025,REG,GB,00-0036264,J.Love,00-0037091,B.Melton,9,3,73.0,1,1.0717659299843934,0.11908510333159926,3,0.3333333333333333,172.0,2.0,19.11111111111111,0.6666666666666666,3.0,1,0,0
2025,REG,GB,00-0036264,J.Love,00-0037306,J.FitzPatrick,13,11,67.0,1,3.558194511686457,0.27370727012972745,7,0.5384615384615384,22.0,54.0,1.6923076923076923,4.909090909090909,3.0,0,3,1
2025,REG,GB,00-0036264,J.Love,00-0037816,R.Doubs,77,47,578.0,5,20.826301181759323,0.2704714439189522,41,0.5324675324675324,965.0,132.0,12.532467532467532,2.8085106382978724,34.0,9,16,5
2025,REG,GB,00-0036264,J.Love,00-0038124,C.Watson,42,27,480.0,4,27.43405643623553,0.6531918199103698,26,0.6190476190476191,833.0,91.0,19.833333333333332,3.3703703703703702,20.0,8,2,1
2025,REG,GB,00-0036264,J.Love,00-0038393,D.Wicks,43,27,313.0,2,12.508828168742136,0.2909029806684218,23,0.5348837209302325,502.0,63.0,11.674418604651162,2.3333333333333335,20.0,3,4,1
2025,REG,GB,00-0036264,J.Love,00-0038465,M.Heath,7,6,86.0,0,6.949825530622258,0.9928322186603226,6,0.8571428571428571,65.0,29.0,9.285714285714286,4.833333333333333,4.0,1,0,0
2025,REG,GB,00-0036264,J.Love,00-0038589,J.Whyle,4,3,24.0,1,1.726034223554403,0.43150855588860076,2,0.5,19.0,13.0,4.75,4.333333333333333,2.0,1,1,1
2025,REG,GB,00-0036264,J.Love,00-0038685,C.Brooks,15,12,80.0,0,-1.1822217598113651,-0.07881478398742434,7,0.4666666666666667,8.0,89.0,0.5333333333333333,7.416666666666667,2.0,0,2,0
2025,REG,GB,00-0036264,J.Love,00-0038797,E.Wilson,16,13,87.0,0,1.513307763986869,0.09458173524917932,8,0.5,-29.0,118.0,-1.8125,9.076923076923077,4.0,1,3,0
2025,REG,GB,00-0036264,J.Love,00-0038996,T.Kraft,44,32,489.0,6,39.12387683053387,0.8891790188757697,28,0.6363636363636364,201.0,344.0,4.568181818181818,10.75,22.0,6,12,5
2025,REG,GB,00-0036264,J.Love,00-0039144,L.Musgrave,27,20,207.0,0,6.385322141111834,0.23649341263377163,14,0.5185185185185185,236.0,54.0,8.74074074074074,2.7,9.0,4,1,0
2025,REG,GB,00-0036264,J.Love,00-0039146,J.Reed,15,12,131.0,1,6.901168799609877,0.46007791997399183,8,0.5333333333333333,135.0,53.0,9.0,4.416666666666667,6.0,2,2,1
2025,REG,GB,00-0036264,J.Love,00-0040009,S.Williams,10,10,78.0,1,4.62500496424036,0.462500496424036,5,0.5,17.0,61.0,1.7,6.1,3.0,1,4,1
2025,REG,GB,00-0036264,J.Love,00-0040667,M.Golden,37,27,341.0,0,19.050505037951844,0.514878514539239,21,0.5675675675675675,489.0,92.0,13.216216216216216,3.4074074074074074,15.0,7,2,0
2025,REG,CHI,00-0036290,C.Kmet,00-0039919,R.Odunze,1,0,0.0,0,-0.492736021056771,-0.492736021056771,0,0.0,13.0,0.0,13.0,0.0,0.0,0,0,0
2025,REG,LAC,00-0036355,J.Herbert,00-0030279,K.Allen,100,67,671.0,4,34.60722806270076,0.3460722806270076,57,0.57,841.0,183.0,8.41,2.7313432835820897,42.0,6,14,4
2025,REG,LAC,00-0036355,J.Herbert,00-0034159,W.Dissly,6,5,44.0,0,0.7719744717469408,0.12866241195782346,2,0.3333333333333333,19.0,34.0,3.1666666666666665,6.8,2.0,0,0,0
2025,REG,LAC,00-0036355,J.Herbert,00-0034270,T.Conklin,7,4,65.0,0,-2.760402235805712,-0.3943431765436731,2,0.2857142857142857,30.0,36.0,4.285714285714286,9.0,2.0,1,0,0
2025,REG,LAC,00-0036355,J.Herbert,00-0036893,N.Harris,3,3,25.0,0,1.3118299120105803,0.4372766373368601,2,0.6666666666666666,10.0,15.0,3.3333333333333335,5.0,1.0,0,0,0
2025,REG,LAC,00-0036355,J.Herbert,00-0037241,T.Penning,1,0,0.0,0,-0.996737723995466,-0.996737723995466,0,0.0,5.0,0.0,5.0,0.0,0.0,0,1,0
2025,REG,LAC,00-0036355,J.Herbert,00-0037617,H.Haskins,4,4,13.0,0,-1.513439311645922,-0.3783598279114805,1,0.25,-3.0,16.0,-0.75,4.0,0.0,0,0,0
2025,REG,LAC,00-0036355,J.Herbert,00-0037654,T.Fisk,4,2,19.0,0,-0.889272824453655,-0.22231820611341374,1,0.25,22.0,21.0,5.5,10.5,1.0,0,0,0
2025,REG,LAC,00-0036355,J.Herbert,00-0038544,Q.Johnston,70,42,533.0,7,9.32344988459605,0.133192141208515,29,0.4142857142857143,674.0,197.0,9.628571428571428,4.690476190476191,20.0,9,12,4
2025,REG,LAC,00-0036355,J.Herbert,00-0038573,D.Davis,1,1,3.0,0,-0.139878777437843,-0.139878777437843,0,0.0,-4.0,7.0,-4.0,7.0,0.0,0,0,0
2025,REG,LAC,00-0036355,J.Herbert,00-0038614,S.Matlock,4,4,12.0,1,0.7844509934075155,0.19611274835187886,3,0.75,0.0,12.0,0.0,3.0,1.0,0,1,1
2025,REG,LAC,00-0036355,J.Herbert,00-0039391,K.Vidal,21,15,138.0,1,3.018674703069725,0.14374641443189168,9,0.42857142857142855,-11.0,169.0,-0.5238095238095238,11.266666666666667,6.0,1,6,1
2025,REG,LAC,00-0036355,J.Herbert,00-0039915,L.McConkey,98,61,715.0,5,4.272968901655597,0.0436017234862816,49,0.5,950.0,294.0,9.693877551020408,4.819672131147541,32.0,6,13,4
2025,REG,LAC,00-0036355,J.Herbert,00-0040184,K.Lambert-Smith,5,2,17.0,1,1.9165011963923457,0.3833002392784691,1,0.2,111.0,3.0,22.2,1.5,1.0,0,2,1
2025,REG,LAC,00-0036355,J.Herbert,00-0040189,O.Gadsden,56,41,560.0,2,19.55187664277259,0.34914065433522484,37,0.6607142857142857,488.0,190.0,8.714285714285714,4.634146341463414,23.0,9,12,2
2025,REG,LAC,00-0036355,J.Herbert,00-0040666,O.Hampton,25,23,151.0,1,2.381637762766331,0.09526551051065324,13,0.52,-32.0,182.0,-1.28,7.913043478260869,6.0,1,1,1
2025,REG,LAC,00-0036355,J.Herbert,00-0040727,T.Harris,30,22,225.0,1,7.800263311636066,0.2600087770545355,18,0.6,248.0,96.0,8.266666666666667,4.363636363636363,12.0,2,4,1
2025,REG,PHI,00-0036389,J.Hurts,00-0034351,D.Goedert,73,54,551.0,9,33.268541267074674,0.45573344201472155,44,0.6027397260273972,534.0,219.0,7.315068493150685,4.055555555555555,32.0,7,11,8
2025,REG,PHI,00-0036389,J.Hurts,00-0034844,S.Barkley,49,37,273.0,2,-3.185988287630492,-0.06502016913531616,19,0.3877551020408163,39.0,296.0,0.7959183673469388,8.0,11.0,2,8,1
2025,REG,PHI,00-0036389,J.Hurts,00-0035676,A.Brown,102,64,840.0,7,24.101109180626146,0.23628538412378575,52,0.5098039215686274,1240.0,214.0,12.156862745098039,3.34375,38.0,12,11,3
2025,REG,PHI,00-0036389,J.Hurts,00-0036265,A.Dillon,2,2,18.0,0,-4.046990365139209,-2.0234951825696044,1,0.5,9.0,9.0,4.5,4.5,0.0,0,0,0
2025,REG,PHI,00-0036389,J.Hurts,00-0036876,K.Granson,4,3,10.0,0,-1.368069243617359,-0.34201731090433973,2,0.5,37.0,4.0,9.25,1.3333333333333333,2.0,0,0,0
2025,REG,PHI,00-0036389,J.Hurts,00-0036912,D.Smith,97,66,889.0,3,49.004596969674836,0.5052020306152045,50,0.5154639175257731,1152.0,259.0,11.876288659793815,3.9242424242424243,37.0,13,10,1
2025,REG,PHI,00-0036389,J.Hurts,00-0037086,G.Calcaterra,8,5,48.0,0,-0.2221827495377472,-0.0277728436922184,4,0.5,54.0,28.0,6.75,5.6,2.0,0,0,0
2025,REG,PHI,00-0036389,J.Hurts,00-0037614,J.Metchie,4,4,18.0,0,0.07071512204129199,0.017678780510322997,3,0.75,6.0,12.0,1.5,3.0,2.0,0,0,0
2025,REG,PHI,00-0036389,J.Hurts,00-0037741,J.Dotson,24,12,209.0,1,-9.645218643129496,-0.40188411013039566,8,0.3333333333333333,366.0,47.0,15.25,3.9166666666666665,7.0,4,3,0
2025,REG,PHI,00-0036389,J.Hurts,00-0038496,X.Gipson,2,2,6.0,0,-0.613713318947702,-0.306856659473851,0,0.0,-9.0,15.0,-4.5,7.5,0.0,0,1,0
2025,REG,PHI,00-0036389,J.Hurts,00-0038555,T.Bigsby,2,1,-1.0,0,-2.197981281206014,-1.098990640603007,0,0.0,-6.0,6.0,-3.0,6.0,0.0,0,0,0
2025,REG,PHI,00-0036389,J.Hurts,00-0039746,W.Shipley,8,6,42.0,0,-2.3757412455743223,-0.2969676556967903,1,0.125,1.0,34.0,0.125,5.666666666666667,1.0,0,0,0
2025,REG,PHI,00-0036389,J.Hurts,00-0040024,D.Cooper,3,3,26.0,0,0.20133319566957297,0.06711106522319099,1,0.3333333333333333,14.0,12.0,4.666666666666667,4.0,1.0,0,0,0
2025,REG,MIN,00-0036414,C.Akers,00-0035249,J.Oliver,1,1,32.0,1,3.26001056085806,3.26001056085806,1,1.0,15.0,17.0,15.0,17.0,1.0,1,0,0
2025,REG,CIN,00-0036442,J.Burrow,00-0033526,S.Perine,6,6,29.0,0,0.22457562077383297,0.03742927012897216,2,0.3333333333333333,-1.0,30.0,-0.16666666666666666,5.0,2.0,0,0,0
2025,REG,CIN,00-0036442,J.Burrow,00-0034613,T.Hudson,8,5,41.0,1,-6.832318354747299,-0.8540397943434124,4,0.5,55.0,12.0,6.875,2.4,3.0,0,3,1
2025,REG,CIN,00-0036442,J.Burrow,00-0034829,M.Gesicki,15,10,130.0,1,9.007007111416886,0.6004671407611257,9,0.6,160.0,24.0,10.666666666666666,2.4,8.0,1,5,1
2025,REG,CIN,00-0036442,J.Burrow,00-0035631,D.Sample,6,3,26.0,0,-1.603154531854668,-0.267192421975778,1,0.16666666666666666,-3.0,20.0,-0.5,6.666666666666667,1.0,0,0,0
2025,REG,CIN,00-0036442,J.Burrow,00-0035644,N.Fant,10,7,69.0,1,2.4567819637595605,0.24567819637595606,6,0.6,46.0,40.0,4.6,5.714285714285714,4.0,1,2,1
2025,REG,CIN,00-0036442,J.Burrow,00-0036410,T.Higgins,18,11,139.0,2,13.316700202354692,0.739816677908594,10,0.5555555555555556,235.0,14.0,13.055555555555555,1.2727272727272727,8.0,2,2,0
2025,REG,CIN,00-0036442,J.Burrow,00-0036900,J.Chase,48,28,349.0,1,1.0358493653892915,0.021580195112276906,25,0.5208333333333334,475.0,118.0,9.895833333333334,4.214285714285714,18.0,4,5,1
2025,REG,CIN,00-0036442,J.Burrow,00-0038597,C.Brown,22,19,92.0,1,2.167571801200317,0.09852599096365076,11,0.5,30.0,89.0,1.3636363636363635,4.684210526315789,4.0,0,5,1
2025,REG,CIN,00-0036442,J.Burrow,00-0038619,A.Iosivas,7,3,46.0,1,2.0424062921665564,0.2917723274523652,3,0.42857142857142855,91.0,10.0,13.0,3.3333333333333335,2.0,1,1,0
2025,REG,CIN,00-0036442,J.Burrow,00-0038839,M.Tinsley,11,3,38.0,0,-1.6960143055804622,-0.15418311868913293,3,0.2727272727272727,148.0,9.0,13.454545454545455,3.0,2.0,0,3,0
2025,REG,MIA,00-0036613,J.Waddle,00-0039040,D.Achane,1,1,8.0,0,-0.592364791144432,-0.592364791144432,0,0.0,-5.0,13.0,-5.0,13.0,0.0,0,0,0
2025,REG,HOU,00-0036898,D.Mills,00-0033854,D.Ogunbowale,2,2,11.0,0,-1.5951195535599259,-0.7975597767799629,0,0.0,1.0,10.0,0.5,5.0,0.0,0,0,0
2025,REG,HOU,00-0036898,D.Mills,00-0034383,D.Schultz,30,18,140.0,1,3.051882046922005,0.10172940156406683,14,0.4666666666666667,240.0,53.0,8.0,2.9444444444444446,8.0,1,4,1
2025,REG,HOU,00-0036898,D.Mills,00-0034775,C.Kirk,18,9,74.0,1,-12.065951209883233,-0.6703306227712907,4,0.2222222222222222,88.0,45.0,4.888888888888889,5.0,2.0,1,6,1
2025,REG,HOU,00-0036898,D.Mills,00-0034791,N.Chubb,4,2,4.0,0,-1.6477171740261845,-0.4119292935065461,1,0.25,6.0,0.0,1.5,0.0,0.0,0,0,0
2025,REG,HOU,00-0036898,D.Mills,00-0036232,H.Bryant,2,1,2.0,0,-1.581680333823901,-0.7908401669119505,0,0.0,15.0,0.0,7.5,0.0,0.0,0,0,0
2025,REG,HOU,00-0036898,D.Mills,00-0036554,N.Collins,37,25,349.0,1,12.13377678289773,0.32793991305129,22,0.5945945945945946,428.0,61.0,11.567567567567568,2.44,18.0,4,9,1
2025,REG,HOU,00-0036898,D.Mills,00-0038618,X.Hutchinson,9,5,66.0,0,2.5597800747993382,0.2844200083110376,5,0.5555555555555556,109.0,15.0,12.11111111111111,3.0,3.0,1,0,0
2025,REG,HOU,00-0036898,D.Mills,00-0039359,C.Stover,2,0,0.0,0,-1.3342555621638899,-0.6671277810819449,0,0.0,5.0,0.0,2.5,0.0,0.0,0,0,0
2025,REG,HOU,00-0036898,D.Mills,00-0039458,B.Bates,2,2,23.0,0,2.6126588345505297,1.3063294172752649,2,1.0,23.0,0.0,11.5,0.0,2.0,0,0,0
2025,REG,HOU,00-0036898,D.Mills,00-0040130,J.Higgins,25,14,139.0,2,6.069288582584819,0.24277154330339276,11,0.44,318.0,12.0,12.72,0.8571428571428571,9.0,1,5,2
2025,REG,HOU,00-0036898,D.Mills,00-0040138,J.Noel,8,6,51.0,0,1.7931092266226138,0.22413865332782673,3,0.375,48.0,22.0,6.0,3.6666666666666665,3.0,1,2,0
2025,REG,HOU,00-0036898,D.Mills,00-0040583,W.Marks,8,4,20.0,0,-0.8667999690515029,-0.10834999613143786,3,0.375,7.0,36.0,0.875,9.0,1.0,0,1,0
2025,REG,NYJ,00-0036945,J.Fields,00-0033943,J.Reynolds,16,9,81.0,0,1.395859985219547,0.08724124907622169,8,0.5,124.0,14.0,7.75,1.5555555555555556,3.0,0,2,0
2025,REG,NYJ,00-0036945,J.Fields,00-0034521,A.Lazard,6,4,23.0,0,-1.7133905646624048,-0.2855650941104008,2,0.3333333333333333,41.0,17.0,6.833333333333333,4.25,0.0,0,2,0
2025,REG,NYJ,00-0036945,J.Fields,00-0034959,A.Beck,4,3,16.0,1,-1.837581953441262,-0.4593954883603155,3,0.75,8.0,9.0,2.0,3.0,1.0,0,1,1
2025,REG,NYJ,00-0036945,J.Fields,00-0036427,T.Johnson,9,5,95.0,1,7.138684116033081,0.7931871240036757,4,0.4444444444444444,99.0,29.0,11.0,5.8,4.0,2,2,1
2025,REG,NYJ,00-0036945,J.Fields,00-0037614,J.Metchie,4,4,48.0,1,4.9931813905131985,1.2482953476282996,3,0.75,35.0,13.0,8.75,3.25,3.0,1,0,0
2025,REG,NYJ,00-0036945,J.Fields,00-0037740,G.Wilson,43,23,279.0,3,-1.877664635099836,-0.04366661942092642,16,0.37209302325581395,438.0,61.0,10.186046511627907,2.652173913043478,13.0,4,3,1
2025,REG,NYJ,00-0036945,J.Fields,00-0037805,J.Ruckert,14,13,103.0,0,5.095873031823432,0.3639909308445309,9,0.6428571428571429,52.0,56.0,3.7142857142857144,4.3076923076923075,5.0,1,1,0
2025,REG,NYJ,00-0036945,J.Fields,00-0038120,B.Hall,25,19,189.0,1,6.150426438947162,0.24601705755788647,15,0.6,23.0,162.0,0.92,8.526315789473685,6.0,2,3,0
2025,REG,NYJ,00-0036945,J.Fields,00-0039451,I.Williams,9,5,37.0,0,-1.8909563558408897,-0.21010626176009886,3,0.3333333333333333,23.0,32.0,2.5555555555555554,6.4,2.0,0,0,0
2025,REG,NYJ,00-0036945,J.Fields,00-0039798,I.Davis,20,14,112.0,0,2.7206422305701072,0.13603211152850536,8,0.4,15.0,105.0,0.75,7.5,5.0,1,2,0
2025,REG,NYJ,00-0036945,J.Fields,00-0039890,A.Mitchell,6,1,10.0,0,-2.443373450718355,-0.40722890845305915,1,0.16666666666666666,104.0,1.0,17.333333333333332,1.0,1.0,0,1,0
2025,REG,NYJ,00-0036945,J.Fields,00-0040582,A.Smith,6,3,37.0,0,-2.1106540352338925,-0.35177567253898206,2,0.3333333333333333,114.0,15.0,19.0,5.0,2.0,1,0,0
2025,REG,NYJ,00-0036945,J.Fields,00-0040736,M.Taylor,36,25,218.0,0,12.557753160341973,0.3488264766761659,22,0.6111111111111112,222.0,61.0,6.166666666666667,2.44,13.0,2,7,0
2025,REG,JAX,00-0036971,T.Lawrence,00-0033246,J.Mundt,17,8,95.0,0,3.66550058254506,0.21561768132618,8,0.47058823529411764,74.0,66.0,4.352941176470588,8.25,5.0,1,1,0
2025,REG,JAX,00-0036971,T.Lawrence,00-0033375,T.Patrick,21,13,172.0,3,6.274523771182133,0.2987868462467682,12,0.5714285714285714,239.0,45.0,11.380952380952381,3.4615384615384617,9.0,4,8,2
2025,REG,JAX,00-0036971,T.Lawrence,00-0034960,J.Meyers,38,27,355.0,3,15.61775193181798,0.41099347188994684,26,0.6842105263157895,365.0,111.0,9.605263157894736,4.111111111111111,21.0,4,6,3
2025,REG,JAX,00-0036971,T.Lawrence,00-0036497,T.Jones,1,1,15.0,0,1.07519215316279,1.07519215316279,1,1.0,4.0,11.0,4.0,11.0,1.0,0,0,0
2025,REG,JAX,00-0036971,T.Lawrence,00-0036590,Q.Morris,7,4,45.0,0,-2.58713725110283,-0.36959103587183284,4,0.5714285714285714,39.0,17.0,5.571428571428571,4.25,3.0,0,1,0
2025,REG,JAX,00-0036971,T.Lawrence,00-0036626,D.Brown,36,19,219.0,1,-3.9278818469690826,-0.10910782908247452,14,0.3888888888888889,510.0,31.0,14.166666666666666,1.631578947368421,12.0,2,8,1
2025,REG,JAX,00-0036971,T.Lawrence,00-0036841,A.Trammell,10,3,46.0,0,-4.970840585587138,-0.4970840585587138,3,0.3,130.0,2.0,13.0,0.6666666666666666,2.0,0,1,0
2025,REG,JAX,00-0036971,T.Lawrence,00-0036973,T.Etienne,43,29,254.0,5,8.584883248433478,0.19964844763798786,18,0.4186046511627907,-57.0,290.0,-1.3255813953488371,10.0,11.0,2,9,4
2025,REG,JAX,00-0036971,T.Lawrence,00-0037004,H.Long,17,12,85.0,2,7.768738388316708,0.45698461107745336,10,0.5882352941176471,66.0,31.0,3.8823529411764706,2.5833333333333335,5.0,0,4,2
2025,REG,JAX,00-0036971,T.Lawrence,00-0038606,P.Washington,68,39,500.0,3,8.080093104442991,0.11882489859474987,35,0.5147058823529411,807.0,118.0,11.867647058823529,3.0256410256410255,25.0,7,12,3
2025,REG,JAX,00-0036971,T.Lawrence,00-0038935,B.Strange,42,32,395.0,1,21.07568604057336,0.5018020485850799,28,0.6666666666666666,324.0,172.0,7.714285714285714,5.375,19.0,7,5,0
2025,REG,JAX,00-0036971,T.Lawrence,00-0039893,B.Thomas,76,39,601.0,2,12.818965473508856,0.16867059833564282,36,0.47368421052631576,1102.0,143.0,14.5,3.6666666666666665,27.0,10,7,1
2025,REG,JAX,00-0036971,T.Lawrence,00-0040238,L.Allen,10,9,51.0,0,-3.3165318881665873,-0.33165318881665873,2,0.2,-13.0,56.0,-1.3,6.222222222222222,0.0,0,2,0
2025,REG,JAX,00-0036971,T.Lawrence,00-0040718,T.Hunter,45,28,298.0,1,-2.3070901150441308,-0.0512686692232029,20,0.4444444444444444,354.0,140.0,7.866666666666666,5.0,12.0,5,5,0
2025,REG,JAX,00-0036971,T.Lawrence,00-0040719,B.Tuten,14,10,79.0,2,5.495415985467851,0.39252971324770364,8,0.5714285714285714,8.0,80.0,0.5714285714285714,8.0,3.0,1,2,2
2025,REG,SF,00-0036972,M.Jones,00-0029892,K.Juszczyk,14,11,70.0,1,0.6374773537390892,0.04553409669564923,9,0.6428571428571429,41.0,45.0,2.9285714285714284,4.090909090909091,3.0,0,3,1
2025,REG,SF,00-0036972,M.Jones,00-0032775,D.Robinson,20,10,122.0,0,-0.08405974205976552,-0.004202987102988276,10,0.5,272.0,22.0,13.6,2.2,7.0,1,3,0
2025,REG,SF,00-0036972,M.Jones,00-0033280,C.McCaffrey,69,54,527.0,3,26.341998530498422,0.3817680946449047,41,0.5942028985507246,165.0,409.0,2.391304347826087,7.574074074074074,25.0,4,11,3
2025,REG,SF,00-0036972,M.Jones,00-0033288,G.Kittle,20,17,159.0,2,13.112884815491274,0.6556442407745637,12,0.6,118.0,54.0,5.9,3.176470588235294,8.0,1,6,2
2025,REG,SF,00-0036972,M.Jones,00-0033307,K.Bourne,38,30,465.0,0,25.467791206224504,0.6702050317427501,28,0.7368421052631579,425.0,148.0,11.18421052631579,4.933333333333334,22.0,4,2,0
2025,REG,SF,00-0036972,M.Jones,00-0034272,M.Valdes-Scantling,8,4,40.0,0,-0.9958343941985519,-0.12447929927481899,3,0.375,88.0,4.0,11.0,1.0,1.0,0,0,0
2025,REG,SF,00-0036972,M.Jones,00-0034867,M.Turner,1,0,0.0,0,-0.565274677006528,-0.565274677006528,0,0.0,-5.0,0.0,-5.0,0.0,0.0,0,0,0
2025,REG,SF,00-0036972,M.Jones,00-0036259,J.Jennings,42,24,284.0,3,-8.27835563589581,-0.1971037056165669,17,0.40476190476190477,441.0,90.0,10.5,3.75,13.0,5,6,2
2025,REG,SF,00-0036972,M.Jones,00-0036887,L.Farrell,9,7,58.0,2,5.269211020437073,0.5854678911596748,6,0.6666666666666666,27.0,37.0,3.0,5.285714285714286,4.0,0,2,2
2025,REG,SF,00-0036972,M.Jones,00-0037112,J.Tonges,27,20,153.0,2,2.473705345692032,0.0916187165071123,15,0.5555555555555556,97.0,94.0,3.5925925925925926,4.7,9.0,0,3,2
2025,REG,SF,00-0036972,M.Jones,00-0037746,B.Robinson,5,5,11.0,0,-2.5050729595241163,-0.5010145919048232,0,0.0,0.0,11.0,0.0,2.2,0.0,0,2,0
2025,REG,SF,00-0036972,M.Jones,00-0038090,S.Moore,5,4,64.0,0,3.533370169228874,0.7066740338457749,4,0.8,81.0,27.0,16.2,6.75,4.0,1,0,0
2025,REG,SF,00-0036972,M.Jones,00-0038643,B.Willis,1,0,0.0,0,-0.729447938269004,-0.729447938269004,0,0.0,2.0,0.0,2.0,0.0,0.0,0,0,0
2025,REG,SF,00-0036972,M.Jones,00-0039916,R.Pearsall,17,12,173.0,0,8.93166381446646,0.5253919890862624,12,0.7058823529411765,262.0,10.0,15.411764705882353,0.8333333333333334,10.0,2,1,0
2025,REG,SF,00-0036972,M.Jones,00-0040172,J.Watkins,3,2,26.0,0,0.9922397133777823,0.3307465711259274,1,0.3333333333333333,43.0,1.0,14.333333333333334,0.5,1.0,0,0,0
2025,REG,SF,00-0036972,M.Jones,00-0040245,C.Colby,1,1,-1.0,0,-1.21485274131992,-1.21485274131992,0,0.0,-6.0,5.0,-6.0,5.0,0.0,0,0,0
2025,REG,LAC,00-0037012,T.Lance,00-0030279,K.Allen,1,1,9.0,0,0.740467164665461,0.740467164665461,1,1.0,5.0,4.0,5.0,4.0,0.0,0,0,0
2025,REG,LAC,00-0037012,T.Lance,00-0034270,T.Conklin,2,2,30.0,0,-1.029638019041159,-0.5148190095205795,1,0.5,11.0,19.0,5.5,9.5,1.0,1,0,0
2025,REG,LAC,00-0037012,T.Lance,00-0035291,T.Williams,1,1,0.0,0,-2.7549481280148,-2.7549481280148,0,0.0,-1.0,1.0,-1.0,1.0,0.0,0,0,0
2025,REG,LAC,00-0037012,T.Lance,00-0038544,Q.Johnston,1,0,0.0,0,-0.349092670949176,-0.349092670949176,0,0.0,30.0,0.0,30.0,0.0,0.0,0,0,0
2025,REG,LAC,00-0037012,T.Lance,00-0038573,D.Davis,1,0,0.0,0,-0.605345077463426,-0.605345077463426,0,0.0,31.0,0.0,31.0,0.0,0.0,0,0,0
2025,REG,LAC,00-0037012,T.Lance,00-0040039,A.Johnson,1,0,0.0,0,-0.741847567493096,-0.741847567493096,0,0.0,-2.0,0.0,-2.0,0.0,0.0,0,0,0
2025,REG,LAC,00-0037012,T.Lance,00-0040189,O.Gadsden,4,2,42.0,0,0.10386612173170096,0.02596653043292524,2,0.5,59.0,10.0,14.75,5.0,2.0,1,0,0
2025,REG,LAC,00-0037012,T.Lance,00-0040727,T.Harris,1,1,9.0,0,0.901624030433595,0.901624030433595,1,1.0,7.0,2.0,7.0,2.0,0.0,0,0,0
2025,REG,MIA,00-0037013,Z.Wilson,00-0036182,N.Westbrook-Ikhine,2,1,7.0,0,0.30478294554632096,0.15239147277316048,1,0.5,13.0,0.0,6.5,0.0,1.0,0,0,0
2025,REG,MIA,00-0037013,Z.Wilson,00-0036620,D.Eskridge,2,1,9.0,0,0.7015286043751999,0.35076430218759996,1,0.5,33.0,0.0,16.5,0.0,1.0,0,0,0
2025,REG,MIA,00-0037013,Z.Wilson,00-0037348,T.Conner,1,1,6.0,0,-0.113723087823018,-0.113723087823018,0,0.0,5.0,1.0,5.0,1.0,0.0,0,0,0
2025,REG,MIA,00-0037013,Z.Wilson,00-0039874,J.Wright,1,1,0.0,0,-3.38895023911027,-3.38895023911027,0,0.0,-3.0,3.0,-3.0,3.0,0.0,0,0,0
2025,REG,MIA,00-0037013,Z.Wilson,00-0039880,M.Washington,2,1,11.0,0,0.7383228383841971,0.36916141919209855,1,0.5,22.0,15.0,11.0,15.0,1.0,0,0,0
2025,REG,MIA,00-0037013,Z.Wilson,00-0040198,O.Gordon,1,1,-1.0,0,-3.40090451115975,-3.40090451115975,0,0.0,-5.0,4.0,-5.0,4.0,0.0,0,0,0
2025,REG,NO,00-0037239,C.Olave,00-0039376,S.Rattler,1,0,0.0,0,-3.5951321736211,-3.5951321736211,0,0.0,4.0,0.0,4.0,0.0,0.0,0,1,0
2025,REG,SF,00-0037834,B.Purdy,00-0029892,K.Juszczyk,10,10,124.0,0,8.229216149833519,0.8229216149833519,10,1.0,66.0,58.0,6.6,5.8,6.0,3,1,0
2025,REG,SF,00-0037834,B.Purdy,00-0032775,D.Robinson,8,5,77.0,0,1.6581214258787655,0.2072651782348457,5,0.625,118.0,3.0,14.75,0.6,4.0,2,1,0
2025,REG,SF,00-0037834,B.Purdy,00-0033280,C.McCaffrey,39,32,273.0,2,13.592755763580522,0.3485321990661672,20,0.5128205128205128,88.0,225.0,2.2564102564102564,7.03125,17.0,2,10,2
2025,REG,SF,00-0037834,B.Purdy,00-0033288,G.Kittle,34,28,325.0,4,24.7995588950435,0.7293987910306912,24,0.7058823529411765,215.0,158.0,6.323529411764706,5.642857142857143,20.0,5,5,3
2025,REG,SF,00-0037834,B.Purdy,00-0033307,K.Bourne,8,3,34.0,0,-1.1034089557928877,-0.13792611947411096,3,0.375,83.0,8.0,10.375,2.6666666666666665,2.0,0,0,0
2025,REG,SF,00-0037834,B.Purdy,00-0036259,J.Jennings,35,20,211.0,4,3.9008613960929175,0.11145318274551193,20,0.5714285714285714,326.0,45.0,9.314285714285715,2.25,15.0,2,13,4
2025,REG,SF,00-0037834,B.Purdy,00-0036887,L.Farrell,5,4,27.0,0,-1.723312776884989,-0.3446625553769978,2,0.4,14.0,15.0,2.8,3.75,2.0,0,2,0
2025,REG,SF,00-0037834,B.Purdy,00-0037112,J.Tonges,8,6,73.0,2,7.694722923391964,0.9618403654239955,5,0.625,65.0,35.0,8.125,5.833333333333333,5.0,2,2,1
2025,REG,SF,00-0037834,B.Purdy,00-0037746,B.Robinson,5,2,8.0,0,-1.6673133894801133,-0.3334626778960227,1,0.2,4.0,12.0,0.8,6.0,0.0,0,0,0
2025,REG,SF,00-0037834,B.Purdy,00-0038090,S.Moore,1,0,0.0,0,-0.815519611933269,-0.815519611933269,0,0.0,8.0,0.0,8.0,0.0,0.0,0,0,0
2025,REG,SF,00-0037834,B.Purdy,00-0039916,R.Pearsall,28,19,270.0,0,8.555203185321435,0.30554297090433696,16,0.5714285714285714,386.0,47.0,13.785714285714286,2.473684210526316,14.0,6,3,0
2025,REG,LV,00-0038102,K.Pickett,00-0031687,R.Mostert,2,2,4.0,0,-0.631289596378337,-0.3156447981891685,0,0.0,-1.0,5.0,-0.5,2.5,0.0,0,0,0
2025,REG,LV,00-0038102,K.Pickett,00-0032211,T.Lockett,6,3,36.0,0,-1.599503585942204,-0.2665839309903673,2,0.3333333333333333,55.0,0.0,9.166666666666666,0.0,2.0,1,0,0
2025,REG,LV,00-0038102,K.Pickett,00-0038563,T.Tucker,3,0,0.0,0,-1.628899619856384,-0.5429665399521281,0,0.0,25.0,0.0,8.333333333333334,0.0,0.0,0,0,0
2025,REG,LV,00-0038102,K.Pickett,00-0038891,S.Jackson,1,1,25.0,1,3.36324320256244,3.36324320256244,1,1.0,25.0,0.0,25.0,0.0,1.0,1,0,0
2025,REG,LV,00-0038102,K.Pickett,00-0039338,B.Bowers,10,7,43.0,0,-5.345921448722945,-0.5345921448722945,4,0.4,28.0,27.0,2.8,3.857142857142857,4.0,0,1,0
2025,REG,LV,00-0038102,K.Pickett,00-0039407,D.Laube,1,1,1.0,0,-0.976257965667173,-0.976257965667173,0,0.0,-3.0,4.0,-3.0,4.0,0.0,0,0,0
2025,REG,LV,00-0038102,K.Pickett,00-0040122,A.Jeanty,6,4,7.0,0,-3.180365749401977,-0.5300609582336628,1,0.16666666666666666,4.0,10.0,0.6666666666666666,2.5,0.0,0,0,0
2025,REG,LV,00-0038102,K.Pickett,00-0040729,J.Bech,9,7,53.0,0,-1.6199662124854495,-0.1799962458317166,3,0.3333333333333333,71.0,8.0,7.888888888888889,1.1428571428571428,1.0,0,1,0
2025,REG,NYJ,00-0038120,B.Hall,00-0040736,M.Taylor,1,1,4.0,1,1.19456161110429,1.19456161110429,1,1.0,4.0,0.0,4.0,0.0,1.0,0,1,1
2025,REG,GB,00-0038128,M.Willis,00-0037306,J.FitzPatrick,1,1,5.0,0,0.75922091898974,0.75922091898974,1,1.0,2.0,3.0,2.0,3.0,1.0,0,1,0
2025,REG,GB,00-0038128,M.Willis,00-0038124,C.Watson,1,1,1.0,1,1.31265403580619,1.31265403580619,1,1.0,1.0,0.0,1.0,0.0,1.0,0,1,1
2025,REG,GB,00-0038128,M.Willis,00-0039144,L.Musgrave,1,1,7.0,0,0.370042172260582,0.370042172260582,1,1.0,1.0,6.0,1.0,6.0,0.0,0,0,0
2025,REG,PHI,00-0038400,T.McKee,00-0037086,G.Calcaterra,1,1,4.0,0,1.15142022166401,1.15142022166401,1,1.0,4.0,0.0,4.0,0.0,1.0,0,0,0
2025,REG,PHI,00-0038400,T.McKee,00-0040024,D.Cooper,2,2,29.0,0,2.543371435895093,1.2716857179475465,2,1.0,24.0,5.0,12.0,2.5,2.0,0,0,0
2025,REG,CHI,00-0038416,T.Bagent,00-0036290,C.Kmet,1,1,22.0,0,2.17430793051608,2.17430793051608,1,1.0,12.0,10.0,12.0,10.0,1.0,1,0,0
2025,REG,CHI,00-0038416,T.Bagent,00-0039918,C.Williams,1,1,20.0,0,1.40881598583655,1.40881598583655,1,1.0,-5.0,25.0,-5.0,25.0,1.0,1,0,0
2025,REG,CHI,00-0038416,T.Bagent,00-0040126,C.Loveland,1,0,0.0,0,-0.561261221882887,-0.561261221882887,0,0.0,22.0,0.0,22.0,0.0,0.0,0,0,0
2025,REG,CHI,00-0038416,T.Bagent,00-0040735,L.Burden,1,1,5.0,0,-0.716780080925673,-0.716780080925673,0,0.0,1.0,4.0,1.0,4.0,0.0,0,0,0
2025,REG,CAR,00-0039150,B.Young,00-0033589,D.Moore,1,1,5.0,0,-0.3032329112757,-0.3032329112757,0,0.0,5.0,0.0,5.0,0.0,0.0,0,0,0
2025,REG,CAR,00-0039150,B.Young,00-0034983,H.Renfrow,25,14,84.0,2,-3.3767371740981034,-0.13506948696392412,9,0.36,191.0,22.0,7.64,1.5714285714285714,7.0,0,6,2
2025,REG,CAR,00-0039150,B.Young,00-0036139,R.Dowdle,37,30,259.0,1,2.9247352629149996,0.07904689899770269,17,0.4594594594594595,-39.0,296.0,-1.054054054054054,9.866666666666667,13.0,2,4,0
2025,REG,CAR,00-0039150,B.Young,00-0036555,C.Hubbard,32,24,203.0,3,8.648561864043407,0.27026755825135645,14,0.4375,-33.0,259.0,-1.03125,10.791666666666666,11.0,3,6,1
2025,REG,CAR,00-0039150,B.Young,00-0037005,T.Tremble,28,20,190.0,1,3.6249825929734363,0.12946366403476559,14,0.5,111.0,133.0,3.9642857142857144,6.65,7.0,1,3,1
2025,REG,CAR,00-0039150,B.Young,00-0037282,J.Mitchell,3,3,28.0,0,2.244154987856745,0.748051662618915,3,1.0,7.0,21.0,2.3333333333333335,7.0,2.0,0,0,0
2025,REG,CAR,00-0039150,B.Young,00-0038840,B.Tremayne,14,11,109.0,0,5.278186997939612,0.37701335699568655,10,0.7142857142857143,117.0,33.0,8.357142857142858,3.0,5.0,1,1,0
2025,REG,CAR,00-0039150,B.Young,00-0039342,X.Legette,48,24,249.0,3,-9.664422274363298,-0.20134213071590204,16,0.3333333333333333,469.0,63.0,9.770833333333334,2.625,12.0,6,10,2
2025,REG,CAR,00-0039150,B.Young,00-0039356,J.Sanders,28,24,162.0,0,4.2041093325067225,0.1501467618752401,15,0.5357142857142857,147.0,66.0,5.25,2.75,7.0,0,8,0
2025,REG,CAR,00-0039150,B.Young,00-0039491,J.Coker,27,19,248.0,2,21.474344841903296,0.7953461052556776,18,0.6666666666666666,287.0,65.0,10.62962962962963,3.4210526315789473,14.0,4,3,0
2025,REG,CAR,00-0039150,B.Young,00-0040124,T.McMillan,90,51,730.0,6,20.248997696046573,0.22498886328940637,43,0.4777777777777778,1012.0,207.0,11.244444444444444,4.0588235294117645,39.0,14,12,4
2025,REG,CAR,00-0039150,B.Young,00-0040187,M.Evans,17,13,136.0,1,0.4826967583794609,0.0283939269634977,12,0.7058823529411765,72.0,83.0,4.235294117647059,6.384615384615385,7.0,2,3,1
2025,REG,CAR,00-0039150,B.Young,00-0040218,Ji.Horn,11,8,84.0,0,4.22111637000172,0.3837378518183382,5,0.45454545454545453,68.0,53.0,6.181818181818182,6.625,3.0,1,2,0
2025,REG,CAR,00-0039150,B.Young,00-0040644,T.Etienne,3,3,13.0,0,-0.5817596112610768,-0.19391987042035894,1,0.3333333333333333,2.0,11.0,0.6666666666666666,3.6666666666666665,1.0,0,0,0
2025,REG,HOU,00-0039163,C.Stroud,00-0033854,D.Ogunbowale,8,6,57.0,0,-4.017656225044359,-0.5022070281305449,3,0.375,23.0,43.0,2.875,7.166666666666667,3.0,0,3,0
2025,REG,HOU,00-0039163,C.Stroud,00-0034383,D.Schultz,64,52,510.0,1,26.893864661829966,0.4202166353410932,40,0.625,355.0,241.0,5.546875,4.634615384615385,26.0,3,7,1
2025,REG,HOU,00-0039163,C.Stroud,00-0034386,J.Watson,4,3,30.0,0,1.3515022930677967,0.33787557326694917,2,0.5,33.0,14.0,8.25,4.666666666666667,1.0,0,2,0
2025,REG,HOU,00-0039163,C.Stroud,00-0034419,B.Berrios,8,6,37.0,0,2.359640075010241,0.2949550093762801,4,0.5,24.0,18.0,3.0,3.0,3.0,0,2,0
2025,REG,HOU,00-0039163,C.Stroud,00-0034775,C.Kirk,23,13,130.0,0,-1.7084549856064186,-0.07428065154810516,10,0.43478260869565216,227.0,46.0,9.869565217391305,3.5384615384615383,7.0,1,1,0
2025,REG,HOU,00-0039163,C.Stroud,00-0034791,N.Chubb,15,10,54.0,0,-1.8027072573313498,-0.12018048382208998,6,0.4,5.0,58.0,0.3333333333333333,5.8,1.0,1,2,0
2025,REG,HOU,00-0039163,C.Stroud,00-0036232,H.Bryant,4,1,5.0,0,-1.7541855224408216,-0.4385463806102054,1,0.25,43.0,0.0,10.75,0.0,1.0,0,0,0
2025,REG,HOU,00-0039163,C.Stroud,00-0036554,N.Collins,71,39,652.0,5,21.205710483418816,0.29867197863970163,31,0.43661971830985913,891.0,242.0,12.549295774647888,6.205128205128205,24.0,12,10,2
2025,REG,HOU,00-0039163,C.Stroud,00-0037258,D.Pierce,1,0,0.0,0,-0.631294521968812,-0.631294521968812,0,0.0,-4.0,0.0,-4.0,0.0,0.0,0,0,0
2025,REG,HOU,00-0039163,C.Stroud,00-0038618,X.Hutchinson,34,22,253.0,3,9.145808741624577,0.26899437475366406,18,0.5294117647058824,350.0,80.0,10.294117647058824,3.6363636363636362,12.0,4,6,2
2025,REG,HOU,00-0039163,C.Stroud,00-0038728,J.Wayne,2,2,20.0,0,0.5945223955204701,0.2972611977602351,1,0.5,17.0,3.0,8.5,1.5,1.0,0,0,0
2025,REG,HOU,00-0039163,C.Stroud,00-0039359,C.Stover,9,9,60.0,0,2.613827934022993,0.2904253260025548,6,0.6666666666666666,19.0,41.0,2.111111111111111,4.555555555555555,3.0,0,3,0
2025,REG,HOU,00-0039163,C.Stroud,00-0039405,J.Jordan,2,2,17.0,0,0.765528932912275,0.3827644664561375,1,0.5,-9.0,26.0,-4.5,13.0,1.0,0,0,0
2025,REG,HOU,00-0039163,C.Stroud,00-0040130,J.Higgins,32,22,258.0,2,10.117994689557241,0.3161873340486638,19,0.59375,363.0,64.0,11.34375,2.909090909090909,14.0,3,3,1
2025,REG,HOU,00-0039163,C.Stroud,00-0040138,J.Noel,22,16,174.0,1,9.038693167152797,0.4108496894160362,11,0.5,207.0,64.0,9.409090909090908,4.0,8.0,4,3,1
2025,REG,HOU,00-0039163,C.Stroud,00-0040583,W.Marks,23,17,184.0,3,12.048443006141369,0.523845348093103,11,0.4782608695652174,44.0,179.0,1.9130434782608696,10.529411764705882,6.0,3,6,3
2025,REG,IND,00-0039164,A.Richardson,00-0039164,A.Richardson,1,1,9.0,0,0.457541021518409,0.457541021518409,1,1.0,2.0,7.0,2.0,7.0,1.0,0,0,0
2025,REG,IND,00-0039164,A.Richardson,00-0039890,A.Mitchell,1,0,0.0,0,-1.66916097467765,-1.66916097467765,0,0.0,29.0,0.0,29.0,0.0,0.0,0,0,0
2025,REG,NO,00-0039376,S.Rattler,00-0031236,B.Cooks,18,14,127.0,0,5.138084816449114,0.2854491564693952,11,0.6111111111111112,190.0,28.0,10.555555555555555,2.0,7.0,2,1,0
2025,REG,NO,00-0039376,S.Rattler,00-0033357,T.Hill,2,2,12.0,0,-0.515849859919399,-0.2579249299596995,1,0.5,9.0,3.0,4.5,1.5,0.0,0,0,0
2025,REG,NO,00-0039376,S.Rattler,00-0033906,A.Kamara,31,27,147.0,0,-9.424479429369075,-0.30401546546351854,12,0.3870967741935484,39.0,147.0,1.2580645161290323,5.444444444444445,6.0,1,5,0
2025,REG,NO,00-0039376,S.Rattler,00-0034981,F.Moreau,2,1,9.0,0,-6.73934468976222,-3.36967234488111,1,0.5,-4.0,6.0,-2.0,6.0,0.0,0,0,0
2025,REG,NO,00-0039376,S.Rattler,00-0036040,J.Johnson,45,32,314.0,1,5.615945204811044,0.1247987823291343,23,0.5111111111111111,276.0,169.0,6.133333333333334,5.28125,16.0,4,5,1
2025,REG,NO,00-0039376,S.Rattler,00-0036741,J.Stoll,4,3,28.0,1,-0.5958505129092431,-0.14896262822731077,3,0.75,22.0,10.0,5.5,3.3333333333333335,1.0,0,1,1
2025,REG,NO,00-0039376,S.Rattler,00-0037239,C.Olave,77,48,483.0,3,9.883256355783677,0.12835397864654127,36,0.4675324675324675,772.0,108.0,10.025974025974026,2.25,22.0,4,9,2
2025,REG,NO,00-0039376,S.Rattler,00-0037545,R.Shaheed,49,33,386.0,2,3.956322695760925,0.080741279505325,22,0.4489795918367347,576.0,111.0,11.755102040816327,3.3636363636363638,17.0,2,6,1
2025,REG,NO,00-0039376,S.Rattler,00-0038551,K.Miller,5,5,30.0,0,-0.36688589118421044,-0.07337717823684209,3,0.6,-5.0,35.0,-1.0,7.0,1.0,0,0,0
2025,REG,NO,00-0039376,S.Rattler,00-0039376,S.Rattler,1,1,0.0,0,-1.49736677319743,-1.49736677319743,0,0.0,0.0,0.0,0.0,0.0,0.0,0,0,0
2025,REG,NO,00-0039376,S.Rattler,00-0039424,D.Vele,7,5,39.0,1,4.136068674706617,0.5908669535295167,5,0.7142857142857143,71.0,9.0,10.142857142857142,1.8,4.0,0,2,1
2025,REG,NO,00-0039376,S.Rattler,00-0039623,M.Tipton,1,0,0.0,0,-5.42295793932863,-5.42295793932863,0,0.0,13.0,0.0,13.0,0.0,0.0,0,0,0
2025,REG,NO,00-0039376,S.Rattler,00-0040202,D.Neal,3,3,11.0,0,-2.982301037176517,-0.9941003457255057,0,0.0,-5.0,16.0,-1.6666666666666667,5.333333333333333,0.0,0,0,0
2025,REG,DAL,00-0039398,J.Milton,00-0037247,G.Pickens,1,1,24.0,0,1.43018990382552,1.43018990382552,1,1.0,18.0,6.0,18.0,6.0,1.0,1,0,0
2025,REG,DAL,00-0039398,J.Milton,00-0037666,J.Tolbert,4,3,53.0,1,5.57749805919593,1.3943745147989826,3,0.75,65.0,6.0,16.25,2.0,3.0,1,1,0
2025,REG,DAL,00-0039398,J.Milton,00-0037801,K.Turpin,2,0,0.0,0,-3.739484363177327,-1.8697421815886635,0,0.0,19.0,0.0,9.5,0.0,0.0,0,1,0
2025,REG,DAL,00-0039398,J.Milton,00-0038547,L.Schoonmaker,1,1,11.0,0,0.624855949543417,0.624855949543417,1,1.0,2.0,9.0,2.0,9.0,1.0,0,0,0
2025,REG,DAL,00-0039398,J.Milton,00-0039410,R.Flournoy,1,1,11.0,0,1.11455015093088,1.11455015093088,1,1.0,11.0,0.0,11.0,0.0,0.0,0,0,0
2025,REG,NYJ,00-0039451,I.Williams,00-0036945,J.Fields,1,0,0.0,0,-0.818771343037952,-0.818771343037952,0,0.0,6.0,0.0,6.0,0.0,0.0,0,1,0
2025,REG,ARI,00-0039577,K.Slovis,00-0035500,G.Dortch,1,1,-2.0,0,-1.52640016027726,-1.52640016027726,0,0.0,-2.0,0.0,-2.0,0.0,0.0,0,0,0
2025,REG,ARI,00-0039577,K.Slovis,00-0038559,Mi.Wilson,1,0,0.0,0,-0.620231265667826,-0.620231265667826,0,0.0,5.0,0.0,5.0,0.0,0.0,0,0,0
2025,REG,DEN,00-0039732,B.Nix,00-0033538,G.Bolles,1,0,0.0,0,-0.82037357360241,-0.82037357360241,0,0.0,2.0,0.0,2.0,0.0,0.0,0,1,0
2025,REG,DEN,00-0039732,B.Nix,00-0033881,E.Engram,65,41,359.0,1,2.963587526322792,0.04559365425111988,26,0.4,265.0,254.0,4.076923076923077,6.195121951219512,17.0,2,9,1
2025,REG,DEN,00-0039732,B.Nix,00-0034348,C.Sutton,101,63,886.0,6,48.503016094750045,0.48022788212623807,58,0.5742574257425742,1217.0,197.0,12.049504950495049,3.126984126984127,44.0,15,14,3
2025,REG,DEN,00-0039732,B.Nix,00-0034487,T.Sherfield,4,3,21.0,0,-0.38196908356621906,-0.09549227089155476,1,0.25,39.0,14.0,9.75,4.666666666666667,1.0,0,1,0
2025,REG,DEN,00-0039732,B.Nix,00-0035406,L.Humphrey,8,6,69.0,1,7.003548137523467,0.8754435171904333,6,0.75,65.0,19.0,8.125,3.1666666666666665,5.0,1,1,1
2025,REG,DEN,00-0039732,B.Nix,00-0036158,J.Dobbins,14,11,37.0,0,-4.985711282643027,-0.356122234474502,4,0.2857142857142857,-30.0,56.0,-2.142857142857143,5.090909090909091,0.0,0,0,0
2025,REG,DEN,00-0039732,B.Nix,00-0036422,A.Trautman,18,16,157.0,1,9.457952445896794,0.5254418025498219,12,0.6666666666666666,67.0,96.0,3.7222222222222223,6.0,9.0,3,1,1
2025,REG,DEN,00-0039732,B.Nix,00-0036727,A.Prentice,8,6,53.0,0,1.7344127474352717,0.21680159342940897,5,0.625,9.0,43.0,1.125,7.166666666666667,3.0,0,2,0
2025,REG,DEN,00-0039732,B.Nix,00-0036959,M.Bandy,2,2,36.0,1,5.321089270524681,2.6605446352623403,2,1.0,13.0,23.0,6.5,11.5,2.0,1,1,1
2025,REG,DEN,00-0039732,B.Nix,00-0037085,T.Badie,26,16,111.0,0,-0.34824833407316413,-0.013394166695121697,9,0.34615384615384615,-30.0,164.0,-1.1538461538461537,10.25,7.0,0,4,0
2025,REG,DEN,00-0039732,B.Nix,00-0037539,L.Krull,4,2,15.0,0,-2.383333942154417,-0.5958334855386043,2,0.5,20.0,4.0,5.0,2.0,0.0,0,0,0
2025,REG,DEN,00-0039732,B.Nix,00-0038783,N.Adkins,10,6,48.0,1,-0.09831867337924882,-0.009831867337924882,4,0.4,29.0,26.0,2.9,4.333333333333333,3.0,0,2,1
2025,REG,DEN,00-0039732,B.Nix,00-0038794,J.McLaughlin,4,3,10.0,0,-2.564691105159,-0.64117277628975,1,0.25,-12.0,17.0,-3.0,5.666666666666667,1.0,0,0,0
2025,REG,DEN,00-0039732,B.Nix,00-0038976,M.Mims,41,29,276.0,1,5.9282064064493465,0.14459040015730112,17,0.4146341463414634,470.0,170.0,11.463414634146341,5.862068965517241,12.0,5,1,0
2025,REG,DEN,00-0039732,B.Nix,00-0039868,T.Franklin,97,57,626.0,6,6.971422965216627,0.0718703398475941,44,0.4536082474226804,1238.0,258.0,12.762886597938145,4.526315789473684,29.0,8,19,4
2025,REG,DEN,00-0039732,B.Nix,00-0040134,P.Bryant,36,22,305.0,1,12.978240161432087,0.3605066711508913,21,0.5833333333333334,324.0,113.0,9.0,5.136363636363637,18.0,4,6,0
2025,REG,DEN,00-0039732,B.Nix,00-0040730,R.Harvey,43,37,247.0,4,14.813990097145972,0.34451139760804583,21,0.4883720930232558,21.0,256.0,0.4883720930232558,6.918918918918919,13.0,1,8,3
2025,REG,NE,00-0039851,D.Maye,00-0031588,S.Diggs,83,67,731.0,3,44.46524656224975,0.5357258621957801,53,0.6385542168674698,691.0,248.0,8.325301204819278,3.701492537313433,38.0,9,11,3
2025,REG,NE,00-0039851,D.Maye,00-0032392,A.Hooper,19,16,213.0,1,13.950834383780588,0.7342544412516099,14,0.7368421052631579,169.0,79.0,8.894736842105264,4.9375,11.0,5,3,1
2025,REG,NE,00-0039851,D.Maye,00-0033090,H.Henry,72,46,628.0,5,27.897640852233778,0.38746723405880246,44,0.6111111111111112,616.0,272.0,8.555555555555555,5.913043478260869,34.0,9,17,3
2025,REG,NE,00-0039851,D.Maye,00-0033555,M.Hollins,56,39,481.0,2,23.06379149865826,0.41185341961889754,35,0.625,741.0,103.0,13.232142857142858,2.641025641025641,25.0,6,5,2
2025,REG,NE,00-0039851,D.Maye,00-0036328,A.Gibson,3,2,6.0,0,-1.235023250570521,-0.4116744168568403,0,0.0,-6.0,16.0,-2.0,8.0,0.0,0,0,0
2025,REG,NE,00-0039851,D.Maye,00-0036875,R.Stevenson,27,23,241.0,0,3.789906427613466,0.14036690472642468,12,0.4444444444444444,100.0,196.0,3.7037037037037037,8.521739130434783,6.0,3,4,0
2025,REG,NE,00-0039851,D.Maye,00-0038608,K.Boutte,38,30,511.0,6,40.80745521796046,1.0738804004726437,30,0.7894736842105263,607.0,34.0,15.973684210526315,1.1333333333333333,24.0,10,3,2
2025,REG,NE,00-0039851,D.Maye,00-0038621,D.Douglas,38,26,390.0,3,24.62017713047478,0.6478993981703889,21,0.5526315789473685,360.0,160.0,9.473684210526315,6.153846153846154,15.0,6,7,2
2025,REG,NE,00-0039851,D.Maye,00-0039305,J.Westover,1,0,0.0,0,-0.534751997562125,-0.534751997562125,0,0.0,2.0,0.0,2.0,0.0,0.0,0,0,0
2025,REG,NE,00-0039851,D.Maye,00-0039757,T.Jennings,1,1,9.0,0,0.656292526517063,0.656292526517063,1,1.0,2.0,7.0,2.0,7.0,0.0,0,0,0
2025,REG,NE,00-0039851,D.Maye,00-0039851,D.Maye,1,1,2.0,0,-1.32933220104314,-1.32933220104314,0,0.0,-8.0,10.0,-8.0,10.0,0.0,0,0,0
2025,REG,NE,00-0039851,D.Maye,00-0040131,K.Williams,13,5,143.0,2,6.442757977551077,0.495596767503929,5,0.38461538461538464,287.0,73.0,22.076923076923077,14.6,4.0,2,0,0
2025,REG,NE,00-0039851,D.Maye,00-0040734,T.Henderson,41,34,212.0,1,1.9174095982928856,0.046766087763241114,19,0.4634146341463415,-3.0,237.0,-0.07317073170731707,6.970588235294118,7.0,0,4,1
2025,REG,WAS,00-0039910,J.Daniels,00-0030061,Z.Ertz,31,22,200.0,4,11.518854633381126,0.37157595591552023,17,0.5483870967741935,239.0,50.0,7.709677419354839,2.272727272727273,12.0,2,4,4
2025,REG,WAS,00-0039910,J.Daniels,00-0032398,C.Moore,10,6,139.0,1,9.932055050157931,0.9932055050157931,6,0.6,142.0,28.0,14.2,4.666666666666667,6.0,3,1,0
2025,REG,WAS,00-0039910,J.Daniels,00-0032688,R.Chosen,3,3,23.0,0,0.7047418029978919,0.23491393433263064,1,0.3333333333333333,18.0,5.0,6.0,1.6666666666666667,1.0,0,0,0
2025,REG,WAS,00-0039910,J.Daniels,00-0033591,N.Brown,8,3,36.0,0,-1.9308791355870167,-0.2413598919483771,3,0.375,100.0,9.0,12.5,3.0,1.0,0,2,0
2025,REG,WAS,00-0039910,J.Daniels,00-0033699,A.Ekeler,7,5,38.0,0,0.22969329675153138,0.03281332810736163,2,0.2857142857142857,12.0,49.0,1.7142857142857142,9.8,2.0,0,0,0
2025,REG,WAS,00-0039910,J.Daniels,00-0033955,J.McNichols,9,7,67.0,0,4.109747365971237,0.4566385962190263,5,0.5555555555555556,-12.0,78.0,-1.3333333333333333,11.142857142857142,4.0,0,0,0
2025,REG,WAS,00-0039910,J.Daniels,00-0035659,T.McLaurin,19,10,116.0,0,-5.488032765974475,-0.2888438297881303,10,0.5263157894736842,230.0,21.0,12.105263157894736,2.1,7.0,1,2,0
2025,REG,WAS,00-0039910,J.Daniels,00-0035719,D.Samuel,45,34,289.0,2,4.85140679118924,0.10780903980420534,24,0.5333333333333333,207.0,209.0,4.6,6.147058823529412,12.0,3,5,2
2025,REG,WAS,00-0039910,J.Daniels,00-0036628,J.Bates,5,3,29.0,0,3.526945761987001,0.7053891523974002,3,0.6,20.0,23.0,4.0,7.666666666666667,2.0,0,0,0
2025,REG,WAS,00-0039910,J.Daniels,00-0037524,T.Martin,1,1,9.0,0,0.765898724435829,0.765898724435829,1,1.0,4.0,5.0,4.0,5.0,0.0,0,0,0
2025,REG,WAS,00-0039910,J.Daniels,00-0037742,T.Burks,1,1,14.0,0,0.824631291616242,0.824631291616242,1,1.0,14.0,0.0,14.0,0.0,1.0,0,0,0
2025,REG,WAS,00-0039910,J.Daniels,00-0039355,L.McCaffrey,6,3,102.0,1,5.270747319170361,0.8784578865283935,4,0.6666666666666666,123.0,15.0,20.5,5.0,3.0,2,2,0
2025,REG,WAS,00-0039910,J.Daniels,00-0039686,C.Yankoff,1,0,0.0,0,-0.569577370071784,-0.569577370071784,0,0.0,4.0,0.0,4.0,0.0,0.0,0,0,0
2025,REG,WAS,00-0039910,J.Daniels,00-0039912,B.Sinnott,2,2,15.0,0,0.761874919757247,0.3809374598786235,2,1.0,7.0,8.0,3.5,4.0,0.0,0,0,0
2025,REG,WAS,00-0039910,J.Daniels,00-0040164,J.Lane,19,9,137.0,0,1.0032443306408774,0.052802333191625125,8,0.42105263157894735,202.0,31.0,10.631578947368421,3.4444444444444446,6.0,2,1,0
2025,REG,WAS,00-0039910,J.Daniels,00-0040242,J.Croskey-Merritt,8,5,48.0,0,0.7748944762861378,0.09686180953576723,4,0.5,0.0,46.0,0.0,9.2,2.0,1,1,0
2025,REG,ATL,00-0039917,M.Penix,00-0034407,R.McCloud,13,5,56.0,0,-9.257452546972727,-0.7121117343825175,4,0.3076923076923077,77.0,40.0,5.923076923076923,8.0,4.0,1,1,0
2025,REG,ATL,00-0039917,M.Penix,00-0034854,K.Hodge,1,0,0.0,0,0.231058150762828,0.231058150762828,1,1.0,26.0,0.0,26.0,0.0,0.0,0,0,0
2025,REG,ATL,00-0039917,M.Penix,00-0035359,D.Sills,4,1,9.0,0,-2.309219296090302,-0.5773048240225755,1,0.25,76.0,3.0,19.0,3.0,0.0,0,0,0
2025,REG,ATL,00-0039917,M.Penix,00-0036309,D.Mooney,35,15,213.0,0,-0.19510361228908535,-0.005574388922545296,12,0.34285714285714286,503.0,27.0,14.371428571428572,1.8,12.0,3,2,0
2025,REG,ATL,00-0039917,M.Penix,00-0036429,C.Woerner,3,2,9.0,0,-1.0225442511728011,-0.34084808372426706,1,0.3333333333333333,-1.0,9.0,-0.3333333333333333,4.5,1.0,0,0,0
2025,REG,ATL,00-0039917,M.Penix,00-0036970,K.Pitts,50,36,357.0,1,9.280122181472175,0.1856024436294435,25,0.5,389.0,145.0,7.78,4.027777777777778,20.0,4,5,1
2025,REG,ATL,00-0039917,M.Penix,00-0037238,D.London,91,58,795.0,6,23.124432321410733,0.25411464089462343,52,0.5714285714285714,935.0,219.0,10.274725274725276,3.7758620689655173,39.0,12,13,6
2025,REG,ATL,00-0039917,M.Penix,00-0037263,T.Allgeier,4,4,14.0,0,-0.08547604113118654,-0.021369010282796634,2,0.5,-7.0,21.0,-1.75,5.25,0.0,0,1,0
2025,REG,ATL,00-0039917,M.Penix,00-0038542,B.Robinson,51,40,460.0,2,16.85071529647674,0.33040618228385765,28,0.5490196078431373,74.0,420.0,1.4509803921568627,10.5,18.0,6,9,1
2025,REG,ATL,00-0039917,M.Penix,00-0039394,C.Washington,4,1,17.0,0,-2.007862869824749,-0.5019657174561872,1,0.25,71.0,0.0,17.75,0.0,1.0,0,0,0
2025,REG,ATL,00-0039917,M.Penix,00-0039394,Cas.Washington,9,4,52.0,0,3.803174803324516,0.42257497814716843,4,0.4444444444444444,174.0,4.0,19.333333333333332,1.0,4.0,0,0,0
2025,REG,CHI,00-0039918,C.Williams,00-0034798,D.Smythe,5,3,14.0,0,-1.254745413549245,-0.250949082709849,1,0.2,20.0,8.0,4.0,2.6666666666666665,0.0,0,0,0
2025,REG,CHI,00-0039918,C.Williams,00-0034827,D.Moore,71,43,552.0,5,14.898590943170621,0.20983930905874115,34,0.4788732394366197,796.0,191.0,11.211267605633802,4.441860465116279,28.0,9,10,3
2025,REG,CHI,00-0039918,C.Williams,00-0035208,O.Zaccheaus,61,37,280.0,2,-3.4944598703615664,-0.0572862273829765,27,0.4426229508196721,409.0,122.0,6.704918032786885,3.2972972972972974,14.0,0,12,2
2025,REG,CHI,00-0039918,C.Williams,00-0036275,D.Swift,41,29,254.0,1,-0.39372026246996605,-0.009602933230974782,14,0.34146341463414637,-29.0,317.0,-0.7073170731707317,10.931034482758621,10.0,3,1,0
2025,REG,CHI,00-0039918,C.Williams,00-0036290,C.Kmet,38,23,279.0,2,8.160608397156466,0.2147528525567491,18,0.47368421052631576,374.0,102.0,9.842105263157896,4.434782608695652,13.0,4,6,1
2025,REG,CHI,00-0039918,C.Williams,00-0036331,D.Duvernay,4,2,26.0,0,-0.03409906733250212,-0.00852476683312553,2,0.5,72.0,0.0,18.0,0.0,1.0,1,1,0
2025,REG,CHI,00-0039918,C.Williams,00-0037329,B.Brown,1,0,0.0,0,-0.166052983433474,-0.166052983433474,0,0.0,4.0,0.0,4.0,0.0,0.0,0,0,0
2025,REG,CHI,00-0039918,C.Williams,00-0039919,R.Odunze,90,44,661.0,6,21.385457103867214,0.23761619004296905,42,0.4666666666666667,1239.0,214.0,13.766666666666667,4.863636363636363,37.0,13,13,3
2025,REG,CHI,00-0039918,C.Williams,00-0040126,C.Loveland,54,39,498.0,4,37.59553434846408,0.6962135990456311,33,0.6111111111111112,487.0,198.0,9.018518518518519,5.076923076923077,25.0,7,9,3
2025,REG,CHI,00-0039918,C.Williams,00-0040236,K.Monangai,21,11,97.0,0,-9.568029107515528,-0.45562043369121563,7,0.3333333333333333,-12.0,103.0,-0.5714285714285714,9.363636363636363,5.0,1,1,0
2025,REG,CHI,00-0039918,C.Williams,00-0040735,L.Burden,46,35,474.0,1,16.912790115078693,0.3676693503277977,25,0.5434782608695652,359.0,248.0,7.804347826086956,7.085714285714285,18.0,7,4,0
2025,REG,MIN,00-0039923,J.McCarthy,00-0030035,A.Thielen,11,5,48.0,0,1.3901041889186025,0.12637310808350932,6,0.5454545454545454,96.0,8.0,8.727272727272727,1.6,3.0,0,1,0
2025,REG,MIN,00-0039923,J.McCarthy,00-0033293,A.Jones,26,17,144.0,1,0.02699268824007267,0.001038180316925872,11,0.4230769230769231,14.0,130.0,0.5384615384615384,7.647058823529412,7.0,1,2,0
2025,REG,MIN,00-0039923,J.McCarthy,00-0035229,T.Hockenson,30,21,182.0,2,3.4584709542633556,0.11528236514211185,12,0.4,185.0,69.0,6.166666666666667,3.2857142857142856,9.0,2,3,2
2025,REG,MIN,00-0039923,J.McCarthy,00-0035249,J.Oliver,7,6,48.0,2,2.0176228568744934,0.2882318366963562,4,0.5714285714285714,22.0,26.0,3.142857142857143,4.333333333333333,3.0,0,3,2
2025,REG,MIN,00-0039923,J.McCarthy,00-0036322,J.Jefferson,62,30,351.0,2,-34.42014091349913,-0.5551635631209537,24,0.3870967741935484,693.0,123.0,11.17741935483871,4.1,18.0,4,12,2
2025,REG,MIN,00-0039923,J.McCarthy,00-0037291,J.Nailor,28,17,292.0,3,14.010495198538132,0.500374828519219,15,0.5357142857142857,404.0,66.0,14.428571428571429,3.8823529411764706,14.0,5,6,3
2025,REG,MIN,00-0039923,J.McCarthy,00-0037525,J.Mason,6,5,22.0,0,-1.0654820475028823,-0.1775803412504804,2,0.3333333333333333,-13.0,36.0,-2.1666666666666665,7.2,0.0,0,1,0
2025,REG,MIN,00-0039923,J.McCarthy,00-0038440,Z.Scott,1,1,5.0,0,-0.22846790967742,-0.22846790967742,0,0.0,-6.0,11.0,-6.0,11.0,0.0,0,0,0
2025,REG,MIN,00-0039923,J.McCarthy,00-0038809,B.Sims,1,1,9.0,0,0.989481216296554,0.989481216296554,1,1.0,4.0,5.0,4.0,5.0,1.0,0,0,0
2025,REG,MIN,00-0039923,J.McCarthy,00-0038994,J.Addison,32,13,231.0,1,1.4447063361294665,0.04514707300404583,13,0.40625,492.0,44.0,15.375,3.3846153846153846,10.0,5,4,1
2025,REG,MIN,00-0039923,J.McCarthy,00-0040154,T.Felton,1,1,10.0,0,0.61771970265545,0.61771970265545,1,1.0,-2.0,12.0,-2.0,12.0,1.0,0,0,0
2025,REG,IND,00-0040206,R.Leonard,00-0032104,A.Abdullah,2,2,5.0,0,-1.310311850102152,-0.655155925051076,0,0.0,-5.0,10.0,-2.5,5.0,0.0,0,0,0
2025,REG,IND,00-0040206,R.Leonard,00-0033217,M.Alie-Cox,2,0,0.0,0,-2.131558992608917,-1.0657794963044585,0,0.0,20.0,0.0,10.0,0.0,0.0,0,0,0
2025,REG,IND,00-0040206,R.Leonard,00-0036252,M.Pittman,10,8,63.0,0,-0.4774392907777945,-0.047743929077779454,5,0.5,68.0,16.0,6.8,2.0,4.0,1,1,0
2025,REG,IND,00-0040206,R.Leonard,00-0037292,A.Ogletree,1,0,0.0,0,-1.21337571693584,-1.21337571693584,0,0.0,5.0,0.0,5.0,0.0,0.0,0,0,0
2025,REG,IND,00-0040206,R.Leonard,00-0037664,A.Pierce,5,3,54.0,0,4.171215069422037,0.8342430138844075,3,0.6,63.0,33.0,12.6,11.0,2.0,1,1,0
2025,REG,IND,00-0040206,R.Leonard,00-0038997,J.Downs,4,3,18.0,0,1.5345520813215892,0.3836380203303973,2,0.5,10.0,2.0,2.5,0.6666666666666666,2.0,0,3,0
2025,REG,IND,00-0040206,R.Leonard,00-0039816,A.Gould,1,1,3.0,0,-0.350590683461633,-0.350590683461633,0,0.0,-5.0,8.0,-5.0,8.0,0.0,0,0,0
2025,REG,IND,00-0040206,R.Leonard,00-0039890,A.Mitchell,1,0,0.0,0,-0.902830684091896,-0.902830684091896,0,0.0,4.0,0.0,4.0,0.0,0.0,0,0,0
2025,REG,IND,00-0040206,R.Leonard,00-0040128,T.Warren,6,1,2.0,0,-3.69911607629899,-0.6165193460498316,0,0.0,20.0,0.0,3.3333333333333335,0.0,0.0,0,4,0
2025,REG,MIA,00-0040234,Q.Ewers,00-0036182,N.Westbrook-Ikhine,2,1,-2.0,0,-1.524094414955474,-0.762047207477737,0,0.0,0.0,2.0,0.0,2.0,0.0,0,0,0
2025,REG,MIA,00-0040234,Q.Ewers,00-0036613,J.Waddle,1,0,0.0,0,-0.504076536279172,-0.504076536279172,0,0.0,17.0,0.0,17.0,0.0,0.0,0,0,0
2025,REG,MIA,00-0040234,Q.Ewers,00-0036620,D.Eskridge,2,2,45.0,0,3.8435557128978,1.9217778564489,2,1.0,37.0,8.0,18.5,4.0,2.0,1,0,0
2025,REG,MIA,00-0040234,Q.Ewers,00-0039880,M.Washington,3,2,10.0,0,-0.33414142439141903,-0.11138047479713968,1,0.3333333333333333,18.0,5.0,6.0,2.5,0.0,0,0,0
2025,REG,NYJ,00-0040398,B.Cook,00-0034521,A.Lazard,3,1,6.0,0,-6.923167186323555,-2.307722395441185,1,0.3333333333333333,21.0,0.0,7.0,0.0,0.0,0,2,0
2025,REG,NYJ,00-0040398,B.Cook,00-0034959,A.Beck,2,1,17.0,0,0.5892366182524699,0.29461830912623493,1,0.5,26.0,5.0,13.0,5.0,1.0,0,0,0
2025,REG,NYJ,00-0040398,B.Cook,00-0036906,K.Herbert,1,0,0.0,0,-0.424744484364055,-0.424744484364055,0,0.0,-4.0,0.0,-4.0,0.0,0.0,0,0,0
2025,REG,NYJ,00-0040398,B.Cook,00-0037475,S.Smartt,1,0,0.0,0,-0.491979061916936,-0.491979061916936,0,0.0,16.0,0.0,16.0,0.0,0.0,0,0,0
2025,REG,NYJ,00-0040398,B.Cook,00-0037614,J.Metchie,12,8,59.0,0,-2.3608055256772933,-0.1967337938064411,5,0.4166666666666667,70.0,31.0,5.833333333333333,3.875,3.0,0,2,0
2025,REG,NYJ,00-0040398,B.Cook,00-0037805,J.Ruckert,5,4,32.0,0,0.30067238415358477,0.06013447683071695,2,0.4,16.0,21.0,3.2,5.25,2.0,0,0,0
2025,REG,NYJ,00-0040398,B.Cook,00-0038120,B.Hall,3,2,14.0,0,-0.6377989245317149,-0.21259964151057165,1,0.3333333333333333,-2.0,16.0,-0.6666666666666666,8.0,0.0,0,1,0
2025,REG,NYJ,00-0040398,B.Cook,00-0039451,I.Williams,10,8,77.0,0,6.66242572912597,0.666242572912597,7,0.7,56.0,30.0,5.6,3.75,5.0,1,0,0
2025,REG,NYJ,00-0040398,B.Cook,00-0039798,I.Davis,1,1,7.0,0,0.200968893826939,0.200968893826939,1,1.0,6.0,1.0,6.0,1.0,0.0,0,0,0
2025,REG,NYJ,00-0040398,B.Cook,00-0039890,A.Mitchell,15,7,82.0,1,-5.15201683433021,-0.34346778895534735,6,0.4,166.0,2.0,11.066666666666666,0.2857142857142857,5.0,2,3,1
2025,REG,NYJ,00-0040398,B.Cook,00-0040582,A.Smith,2,0,0.0,0,-3.5909536646213427,-1.7954768323106713,0,0.0,27.0,0.0,13.5,0.0,0.0,0,0,0
2025,REG,NYJ,00-0040398,B.Cook,00-0040736,M.Taylor,6,4,45.0,0,2.075004235317461,0.34583403921957684,3,0.5,36.0,27.0,6.0,6.75,3.0,0,0,0
2025,REG,MIN,00-0040494,M.Brosmer,00-0030035,A.Thielen,2,0,0.0,0,-1.1879996160278101,-0.5939998080139051,0,0.0,16.0,0.0,8.0,0.0,0.0,0,0,0
2025,REG,MIN,00-0040494,M.Brosmer,00-0033293,A.Jones,4,4,22.0,0,-3.110834902618084,-0.777708725654521,2,0.5,-24.0,46.0,-6.0,11.5,1.0,0,0,0
2025,REG,MIN,00-0040494,M.Brosmer,00-0035229,T.Hockenson,6,6,59.0,0,3.3903156356536823,0.5650526059422804,3,0.5,27.0,32.0,4.5,5.333333333333333,3.0,1,1,0
2025,REG,MIN,00-0040494,M.Brosmer,00-0036322,J.Jefferson,6,2,4.0,0,-7.3160757428268,-1.2193459571378,1,0.16666666666666666,48.0,9.0,8.0,4.5,0.0,0,0,0
2025,REG,MIN,00-0040494,M.Brosmer,00-0036414,C.Akers,1,0,0.0,0,-1.43015986331739,-1.43015986331739,0,0.0,-6.0,0.0,-6.0,0.0,0.0,0,0,0
2025,REG,MIN,00-0040494,M.Brosmer,00-0037291,J.Nailor,1,0,0.0,0,-3.71707394439727,-3.71707394439727,0,0.0,24.0,0.0,24.0,0.0,0.0,0,0,0
2025,REG,MIN,00-0040494,M.Brosmer,00-0037525,J.Mason,1,1,1.0,0,-0.471261157188565,-0.471261157188565,0,0.0,-5.0,6.0,-5.0,6.0,0.0,0,0,0
2025,REG,MIN,00-0040494,M.Brosmer,00-0038440,Z.Scott,4,4,32.0,0,-0.7955270755337599,-0.19888176888343997,1,0.25,-18.0,50.0,-4.5,12.5,2.0,1,0,0
2025,REG,MIN,00-0040494,M.Brosmer,00-0038994,J.Addison,10,5,36.0,0,-2.111166398914067,-0.2111166398914067,2,0.2,110.0,6.0,11.0,1.2,2.0,0,1,0
2025,REG,MIN,00-0040494,M.Brosmer,00-0040154,T.Felton,1,1,9.0,0,-0.486819130601361,-0.486819130601361,0,0.0,7.0,2.0,7.0,2.0,0.0,0,0,0
2025,REG,MIN,00-0040494,M.Brosmer,00-0040509,B.Yurosek,1,1,5.0,0,-0.100240745581687,-0.100240745581687,0,0.0,0.0,5.0,0.0,5.0,0.0,0,0,0
2025,REG,CLE,00-0040668,S.Sanders,00-0033885,D.Njoku,5,4,12.0,1,-1.8497624335577671,-0.36995248671155345,2,0.4,11.0,5.0,2.2,1.25,1.0,0,1,1
2025,REG,CLE,00-0040668,S.Sanders,00-0035291,T.Williams,2,2,4.0,0,-0.428488620033022,-0.214244310016511,1,0.5,-6.0,10.0,-3.0,5.0,0.0,0,1,0
2025,REG,CLE,00-0040668,S.Sanders,00-0036407,J.Jeudy,20,10,173.0,1,-10.003331778571013,-0.5001665889285507,8,0.4,274.0,68.0,13.7,6.8,6.0,2,0,0
2025,REG,CLE,00-0040668,S.Sanders,00-0037267,J.Ford,6,5,27.0,0,3.19942346375319,0.533237243958865,3,0.5,-12.0,45.0,-2.0,9.0,2.0,0,1,0
2025,REG,CLE,00-0040668,S.Sanders,00-0038710,B.Whiteheart,1,0,0.0,0,-0.584133410360664,-0.584133410360664,0,0.0,4.0,0.0,4.0,0.0,0.0,0,0,0
2025,REG,CLE,00-0040668,S.Sanders,00-0038979,C.Tillman,9,3,33.0,0,-1.339649974730838,-0.14884999719231531,2,0.2222222222222222,140.0,5.0,15.555555555555555,1.6666666666666667,1.0,1,0,0
2025,REG,CLE,00-0040668,S.Sanders,00-0039920,M.Corley,2,2,18.0,0,1.152990365866569,0.5764951829332845,1,0.5,1.0,17.0,0.5,8.5,1.0,0,0,0
2025,REG,CLE,00-0040668,S.Sanders,00-0040162,D.Sampson,9,7,123.0,1,3.426389543194091,0.38070994924378787,6,0.6666666666666666,-21.0,133.0,-2.3333333333333335,19.0,2.0,2,1,0
2025,REG,CLE,00-0040668,S.Sanders,00-0040259,G.Larvadain,9,5,49.0,0,-3.5126090121048064,-0.3902898902338674,5,0.5555555555555556,96.0,22.0,10.666666666666666,4.4,3.0,0,0,0
2025,REG,CLE,00-0040668,S.Sanders,00-0040663,H.Fannin,39,23,270.0,2,-3.413812940416398,-0.087533665138882,15,0.38461538461538464,228.0,140.0,5.846153846153846,6.086956521739131,11.0,3,3,1
2025,REG,CLE,00-0040668,S.Sanders,00-0040782,I.Bond,11,5,165.0,0,7.940013565090323,0.7218194150082112,4,0.36363636363636365,308.0,20.0,28.0,4.0,4.0,3,0,0
2025,REG,CLE,00-0040668,S.Sanders,00-0040784,Q.Judkins,11,6,72.0,0,-0.09463377704377529,-0.008603070640343208,2,0.18181818181818182,-22.0,94.0,-2.0,15.666666666666666,2.0,1,0,0
2025,REG,TEN,00-0040676,C.Ward,00-0032211,T.Lockett,21,10,70.0,0,-10.712304061011205,-0.5101097171910097,6,0.2857142857142857,160.0,28.0,7.619047619047619,2.8,3.0,0,0,0
2025,REG,TEN,00-0040676,C.Ward,00-0034837,C.Ridley,36,17,303.0,0,12.221225031865295,0.3394784731073693,15,0.4166666666666667,453.0,84.0,12.583333333333334,4.9411764705882355,13.0,7,2,0
2025,REG,TEN,00-0040676,C.Ward,00-0035261,T.Pollard,36,28,179.0,0,-12.799916359459353,-0.35555323220720425,14,0.3888888888888889,24.0,164.0,0.6666666666666666,5.857142857142857,9.0,1,0,0
2025,REG,TEN,00-0040676,C.Ward,00-0035643,J.Simmons,1,1,1.0,1,0.563946080277674,0.563946080277674,1,1.0,1.0,0.0,1.0,0.0,1.0,0,1,1
2025,REG,TEN,00-0040676,C.Ward,00-0036133,J.Proche,6,4,55.0,0,3.769468301616148,0.6282447169360247,4,0.6666666666666666,64.0,2.0,10.666666666666666,0.5,2.0,1,0,0
2025,REG,TEN,00-0040676,C.Ward,00-0036176,M.Kinsey,3,1,14.0,0,1.2201938092475741,0.4067312697491914,1,0.3333333333333333,59.0,2.0,19.666666666666668,2.0,1.0,0,0,0
2025,REG,TEN,00-0040676,C.Ward,00-0036415,V.Jefferson,47,24,280.0,1,2.5491478312352758,0.05423718789862289,21,0.44680851063829785,563.0,73.0,11.97872340425532,3.0416666666666665,14.0,5,3,1
2025,REG,TEN,00-0040676,C.Ward,00-0037594,J.Chestnut,2,0,0.0,0,-1.451850987737998,-0.725925493868999,0,0.0,22.0,0.0,11.0,0.0,0.0,0,0,0
2025,REG,TEN,00-0040676,C.Ward,00-0037809,C.Okonkwo,59,45,459.0,0,10.305353857591465,0.17466701453544856,30,0.5084745762711864,289.0,257.0,4.898305084745763,5.711111111111111,20.0,5,2,0
2025,REG,TEN,00-0040676,C.Ward,00-0039032,T.Spears,36,32,203.0,0,1.768282735735947,0.04911896488155408,15,0.4166666666666667,-36.0,240.0,-1.0,7.5,7.0,2,5,0
2025,REG,TEN,00-0040676,C.Ward,00-0039648,D.Martin-Robinson,2,2,7.0,1,0.895186022447888,0.447593011223944,2,1.0,1.0,6.0,0.5,3.0,2.0,0,1,1
2025,REG,TEN,00-0040676,C.Ward,00-0039650,B.Oliver,1,1,8.0,0,0.517880074912682,0.517880074912682,1,1.0,6.0,2.0,6.0,2.0,0.0,0,0,0
2025,REG,TEN,00-0040676,C.Ward,00-0040170,E.Ayomanor,68,31,370.0,3,-9.605629542403724,-0.14125925797652536,27,0.39705882352941174,854.0,88.0,12.558823529411764,2.838709677419355,22.0,5,6,3
2025,REG,TEN,00-0040676,C.Ward,00-0040522,X.Restrepo,7,3,41.0,0,3.0452236733108338,0.4350319533301191,3,0.42857142857142855,77.0,9.0,11.0,3.0,3.0,0,1,0
2025,REG,TEN,00-0040676,C.Ward,00-0040584,G.Helm,50,41,347.0,2,8.407077087098921,0.16814154174197843,24,0.48,288.0,148.0,5.76,3.6097560975609757,17.0,2,8,1
2025,REG,TEN,00-0040676,C.Ward,00-0040705,C.Dike,60,38,301.0,3,-1.8896307742000977,-0.031493846236668295,23,0.38333333333333336,455.0,193.0,7.583333333333333,5.078947368421052,14.0,3,13,2
2025,REG,NYG,00-0040691,J.Dart,00-0034407,R.McCloud,1,1,5.0,0,0.176517076790333,0.176517076790333,1,1.0,5.0,0.0,5.0,0.0,0.0,0,0,0
2025,REG,NYG,00-0040691,J.Dart,00-0035250,D.Singletary,11,10,87.0,0,1.5567891665836422,0.1415262878712402,6,0.5454545454545454,19.0,67.0,1.7272727272727273,6.7,2.0,1,1,0
2025,REG,NYG,00-0040691,J.Dart,00-0035406,L.Humphrey,10,4,55.0,0,1.2524704267270879,0.12524704267270878,3,0.3,146.0,2.0,14.6,0.5,2.0,1,2,0
2025,REG,NYG,00-0040691,J.Dart,00-0035535,D.Slayton,40,23,346.0,1,5.234663214618088,0.1308665803654522,20,0.5,627.0,125.0,15.675,5.434782608695652,14.0,4,2,0
2025,REG,NYG,00-0040691,J.Dart,00-0035645,G.Olszewski,3,1,24.0,1,2.184645415768532,0.7282151385895107,1,0.3333333333333333,51.0,1.0,17.0,1.0,1.0,1,2,0
2025,REG,NYG,00-0040691,J.Dart,00-0036165,I.Hodgins,3,2,8.0,0,-1.1910530275199562,-0.39701767583998543,0,0.0,28.0,0.0,9.333333333333334,0.0,0.0,0,0,0
2025,REG,NYG,00-0040691,J.Dart,00-0038115,D.Bellinger,16,13,217.0,1,16.976644091366342,1.0610402557103964,13,0.8125,184.0,87.0,11.5,6.6923076923076925,11.0,3,4,0
2025,REG,NYG,00-0040691,J.Dart,00-0038117,W.Robinson,72,49,459.0,2,6.876537555086655,0.0955074660428702,33,0.4583333333333333,512.0,224.0,7.111111111111111,4.571428571428571,17.0,4,7,1
2025,REG,NYG,00-0040691,J.Dart,00-0038938,J.Hyatt,9,3,17.0,0,-4.323326702171472,-0.480369633574608,3,0.3333333333333333,199.0,2.0,22.11111111111111,0.6666666666666666,1.0,0,0,0
2025,REG,NYG,00-0040691,J.Dart,00-0039337,M.Nabers,3,2,20.0,0,0.64481624844484,0.21493874948161332,2,0.6666666666666666,24.0,3.0,8.0,1.5,1.0,0,0,0
2025,REG,NYG,00-0040691,J.Dart,00-0039384,T.Tracy,13,9,57.0,1,0.2468756111920778,0.01899043163015983,6,0.46153846153846156,15.0,55.0,1.1538461538461537,6.111111111111111,4.0,0,1,1
2025,REG,NYG,00-0040691,J.Dart,00-0039847,T.Johnson,52,32,362.0,5,9.054628331330235,0.17412746791019684,20,0.38461538461538464,447.0,148.0,8.596153846153847,4.625,17.0,6,7,4
2025,REG,NYG,00-0040691,J.Dart,00-0040432,B.Collins,6,2,25.0,0,-5.744555426470473,-0.9574259044117456,2,0.3333333333333333,73.0,6.0,12.166666666666666,3.0,1.0,0,1,0
2025,REG,NYG,00-0040691,J.Dart,00-0040715,C.Skattebo,19,14,120.0,2,3.787802249484212,0.199358013130748,9,0.47368421052631576,-19.0,133.0,-1.0,9.5,7.0,0,3,2
2025,REG,CLE,00-0040704,D.Gabriel,00-0033885,D.Njoku,22,15,153.0,3,3.7223916550715033,0.16919962068506833,13,0.5909090909090909,127.0,85.0,5.7727272727272725,5.666666666666667,6.0,1,7,3
2025,REG,CLE,00-0040704,D.Gabriel,00-0036407,J.Jeudy,39,17,164.0,1,-7.086992708431984,-0.18171776175466625,12,0.3076923076923077,367.0,58.0,9.41025641025641,3.411764705882353,11.0,1,8,0
2025,REG,CLE,00-0040704,D.Gabriel,00-0037267,J.Ford,13,10,42.0,0,-2.051107884733944,-0.15777752959491875,4,0.3076923076923077,-17.0,58.0,-1.3076923076923077,5.8,2.0,0,3,0
2025,REG,CLE,00-0040704,D.Gabriel,00-0038710,B.Whiteheart,2,2,4.0,0,-1.73468224192038,-0.86734112096019,0,0.0,3.0,1.0,1.5,0.5,0.0,0,0,0
2025,REG,CLE,00-0040704,D.Gabriel,00-0038979,C.Tillman,6,4,58.0,0,2.104816144554158,0.3508026907590263,3,0.5,79.0,14.0,13.166666666666666,3.5,2.0,2,1,0
2025,REG,CLE,00-0040704,D.Gabriel,00-0039379,J.Thrash,11,7,94.0,0,2.922408059705056,0.2656734599731869,5,0.45454545454545453,66.0,39.0,6.0,5.571428571428571,5.0,3,1,0
2025,REG,CLE,00-0040704,D.Gabriel,00-0039920,M.Corley,5,4,26.0,0,-0.5506394191179379,-0.11012788382358758,1,0.2,-8.0,28.0,-1.6,7.0,1.0,0,0,0
2025,REG,CLE,00-0040704,D.Gabriel,00-0040162,D.Sampson,14,11,67.0,1,1.6591446130187202,0.11851032950133715,6,0.42857142857142855,6.0,57.0,0.42857142857142855,5.181818181818182,3.0,0,3,1
2025,REG,CLE,00-0040704,D.Gabriel,00-0040259,G.Larvadain,5,2,22.0,0,-0.3219055250519879,-0.06438110501039758,1,0.2,29.0,6.0,5.8,3.0,0.0,0,0,0
2025,REG,CLE,00-0040704,D.Gabriel,00-0040663,H.Fannin,37,26,237.0,2,2.078263413658432,0.0561692814502279,15,0.40540540540540543,195.0,113.0,5.27027027027027,4.346153846153846,11.0,2,5,2
2025,REG,CLE,00-0040704,D.Gabriel,00-0040782,I.Bond,18,5,44.0,0,-11.265001323093161,-0.625833406838509,3,0.16666666666666666,233.0,15.0,12.944444444444445,3.0,3.0,1,4,0
2025,REG,CLE,00-0040704,D.Gabriel,00-0040784,Q.Judkins,10,7,26.0,0,-2.987274199025696,-0.2987274199025696,2,0.2,0.0,26.0,0.0,3.7142857142857144,1.0,0,0,0
2025,REG,DEN,00-0040730,R.Harvey,00-0039732,B.Nix,1,0,0.0,0,-0.45860766939586,-0.45860766939586,0,0.0,2.0,0.0,2.0,0.0,0.0,0,1,0
2025,REG,NO,00-0040743,T.Shough,00-0031236,B.Cooks,7,5,38.0,0,4.6896627434180065,0.6699518204882866,4,0.5714285714285714,41.0,9.0,5.857142857142857,1.8,3.0,0,0,0
2025,REG,NO,00-0040743,T.Shough,00-0033357,T.Hill,5,2,11.0,0,-2.3848117073648614,-0.4769623414729723,1,0.2,12.0,4.0,2.4,2.0,0.0,0,0,0
2025,REG,NO,00-0040743,T.Shough,00-0033906,A.Kamara,8,6,39.0,0,-2.247250899517377,-0.28090636243967215,1,0.125,-6.0,55.0,-0.75,9.166666666666666,1.0,1,0,0
2025,REG,NO,00-0040743,T.Shough,00-0034860,D.Pettis,1,1,14.0,0,-1.8262963629677,-1.8262963629677,0,0.0,14.0,0.0,14.0,0.0,0.0,0,0,0
2025,REG,NO,00-0040743,T.Shough,00-0034981,F.Moreau,7,5,45.0,0,3.284423743141809,0.4692033918774013,5,0.7142857142857143,18.0,29.0,2.5714285714285716,5.8,2.0,0,1,0
2025,REG,NO,00-0040743,T.Shough,00-0036040,J.Johnson,38,29,311.0,2,16.12022151518613,0.4242163556627929,23,0.6052631578947368,284.0,116.0,7.473684210526316,4.0,15.0,2,3,1
2025,REG,NO,00-0040743,T.Shough,00-0036741,J.Stoll,5,2,14.0,0,-4.18378427886637,-0.8367568557732741,2,0.4,7.0,7.0,1.4,3.5,0.0,0,0,0
2025,REG,NO,00-0040743,T.Shough,00-0037231,K.Austin,6,3,33.0,0,-0.6896217428147831,-0.11493695713579717,2,0.3333333333333333,60.0,8.0,10.0,2.6666666666666665,2.0,0,0,0
2025,REG,NO,00-0040743,T.Shough,00-0037239,C.Olave,52,34,413.0,3,4.513103137859192,0.0867904449588306,27,0.5192307692307693,696.0,92.0,13.384615384615385,2.7058823529411766,19.0,3,3,2
2025,REG,NO,00-0040743,T.Shough,00-0037340,Z.Mitchell-Paden,1,1,14.0,0,1.58398449560627,1.58398449560627,1,1.0,9.0,5.0,9.0,5.0,1.0,0,0,0
2025,REG,NO,00-0040743,T.Shough,00-0037545,R.Shaheed,16,11,113.0,0,-3.928645819425578,-0.24554036371409863,7,0.4375,173.0,33.0,10.8125,3.0,5.0,1,1,0
2025,REG,NO,00-0040743,T.Shough,00-0038397,E.Hull,1,1,6.0,0,0.151240378152579,0.151240378152579,1,1.0,-4.0,10.0,-4.0,10.0,0.0,0,0,0
2025,REG,NO,00-0040743,T.Shough,00-0039373,A.Estime,3,3,39.0,0,1.212587152724154,0.404195717574718,2,0.6666666666666666,-9.0,48.0,-3.0,16.0,1.0,0,0,0
2025,REG,NO,00-0040743,T.Shough,00-0039424,D.Vele,32,20,254.0,1,17.16708744647632,0.536471482702385,19,0.59375,367.0,25.0,11.46875,1.25,15.0,0,2,1
2025,REG,NO,00-0040743,T.Shough,00-0039623,M.Tipton,11,7,47.0,0,-2.422333346877795,-0.2202121224434359,5,0.45454545454545453,106.0,18.0,9.636363636363637,2.5714285714285716,2.0,0,1,0
2025,REG,NO,00-0040743,T.Shough,00-0040202,D.Neal,16,14,93.0,0,0.7548559470295163,0.04717849668934477,7,0.4375,-33.0,122.0,-2.0625,8.714285714285714,4.0,0,1,0
2025,REG,CLE,00-0040784,Q.Judkins,00-0040259,G.Larvadain,1,0,0.0,0,-0.947,-0.947,0,0.0,0.0,0.0,0.0,0.0,0.0,0,1,0
