season,season_type,player_id,player_name,team,targets,receptions,receiving_yards,receiving_tds,epa_total,epa_per_target,success_plays,success_rate,total_air_yards,total_yac_yards,avg_air_yards,avg_yac_per_reception,first_downs,explosive_plays,red_zone_targets,red_zone_tds
2020,POST,00-0024243,M.Lewis,GB,3,3,28.0,0,2.301126225269397,0.7670420750897989,3,1.0,12.0,16.0,4.0,5.333333333333333,1.0,0,0,0
2020,POST,00-0025580,M.Crosby,GB,1,0,0.0,0,-0.947,-0.947,0,0.0,0.0,0.0,0.0,0.0,0.0,0,1,0
2020,POST,00-0027061,J.Cook,NO,14,9,68.0,0,-11.535036011133348,-0.8239311436523821,5,0.35714285714285715,117.0,23.0,8.357142857142858,2.5555555555555554,2.0,0,1,0
2020,POST,00-0027656,R.Gronkowski,TB,14,8,110.0,2,5.518204052163764,0.3941574322974117,8,0.5714285714285714,125.0,76.0,8.928571428571429,9.5,6.0,2,6,2
2020,POST,00-0027685,E.Sanders,NO,12,8,51.0,0,2.063832162937612,0.17198601357813434,6,0.5,84.0,21.0,7.0,2.625,4.0,0,1,0
2020,POST,00-0027696,J.Graham,CHI,2,2,25.0,1,4.0147492753458245,2.0073746376729122,1,0.5,21.0,4.0,10.5,2.0,1.0,0,1,1
2020,POST,00-0027793,A.Brown,TB,12,8,81.0,2,3.000748856712286,0.25006240472602387,6,0.5,125.0,22.0,10.416666666666666,2.75,5.0,1,3,1
2020,POST,00-0027902,D.Bryant,BAL,2,0,0.0,0,-1.509868777124215,-0.7549343885621075,0,0.0,19.0,0.0,9.5,0.0,0.0,0,0,0
2020,POST,00-0029000,C.Beasley,BUF,18,14,145.0,0,4.291773087821258,0.2384318382122921,11,0.6111111111111112,112.0,62.0,6.222222222222222,4.428571428571429,6.0,1,0,0
2020,POST,00-0029608,T.Hilton,IND,5,2,32.0,0,-0.18306634214241474,-0.03661326842848295,2,0.4,81.0,9.0,16.2,4.5,1.0,1,0,0
2020,POST,00-0029701,R.Tannehill,TEN,1,1,-10.0,0,-1.11917399044614,-1.11917399044614,0,0.0,-10.0,0.0,-10.0,0.0,0.0,0,0,0
2020,POST,00-0030181,J.Doyle,IND,10,7,70.0,1,5.5949051170465465,0.5594905117046547,6,0.6,71.0,10.0,7.1,1.4285714285714286,4.0,1,2,0
2020,POST,00-0030216,J.Hill,NO,1,1,-3.0,0,-0.985904334462248,-0.985904334462248,0,0.0,-7.0,4.0,-7.0,4.0,0.0,0,0,0
2020,POST,00-0030431,R.Woods,LA,18,12,96.0,1,1.5578621683525802,0.08654789824181001,11,0.6111111111111112,84.0,23.0,4.666666666666667,1.9166666666666667,8.0,1,2,1
2020,POST,00-0030470,V.McDonald,PIT,2,0,0.0,0,-5.122314848995301,-2.5611574244976505,0,0.0,4.0,0.0,2.0,0.0,0.0,0,1,0
2020,POST,00-0030496,L.Bell,KC,3,0,0.0,0,-2.674560021206868,-0.891520007068956,0,0.0,22.0,0.0,7.333333333333333,0.0,0.0,0,2,0
2020,POST,00-0030506,T.Kelce,KC,40,31,360.0,3,19.445123119541925,0.4861280779885481,28,0.7,301.0,131.0,7.525,4.225806451612903,19.0,4,9,3
2020,POST,00-0030513,L.Murray,NO,2,2,11.0,1,1.490189486416061,0.7450947432080305,1,0.5,-11.0,22.0,-5.5,11.0,1.0,0,1,1
2020,POST,00-0030663,W.Snead,BAL,7,7,34.0,0,0.17377205105731208,0.024824578722473154,4,0.5714285714285714,21.0,13.0,3.0,1.8571428571428572,0.0,0,0,0
2020,POST,00-0030710,T.Burton,IND,3,3,34.0,0,4.288265421491815,1.4294218071639382,2,0.6666666666666666,29.0,5.0,9.666666666666666,1.6666666666666667,2.0,0,1,0
2020,POST,00-0031051,J.Brown,BUF,19,10,86.0,0,-10.491448554924435,-0.5521815028907597,6,0.3157894736842105,209.0,15.0,11.0,1.5,4.0,1,3,0
2020,POST,00-0031260,L.Thomas,WAS,10,5,74.0,0,-1.976479950590126,-0.1976479950590126,3,0.3,107.0,29.0,10.7,5.8,3.0,2,3,0
2020,POST,00-0031273,C.Brate,TB,19,14,175.0,1,10.622913139424494,0.5591006915486576,13,0.6842105263157895,173.0,60.0,9.105263157894736,4.285714285714286,9.0,2,2,1
2020,POST,00-0031325,S.Watkins,KC,1,1,13.0,0,0.956382189644501,0.956382189644501,1,1.0,12.0,1.0,12.0,1.0,1.0,0,0,0
2020,POST,00-0031381,D.Adams,GB,25,18,133.0,2,8.6763023218988,0.347052092875952,15,0.6,115.0,72.0,4.6,4.0,9.0,1,9,2
2020,POST,00-0031382,J.Landry,CLE,18,12,112.0,2,0.3225669787096559,0.017920387706091993,6,0.3333333333333333,76.0,70.0,4.222222222222222,5.833333333333333,6.0,1,5,1
2020,POST,00-0031387,E.Ebron,PIT,11,7,62.0,1,-0.3903320249228335,-0.035484729538439404,7,0.6363636363636364,49.0,36.0,4.454545454545454,5.142857142857143,5.0,0,3,1
2020,POST,00-0031408,M.Evans,TB,22,11,204.0,2,5.909129962790743,0.26859681649048833,11,0.5,423.0,33.0,19.227272727272727,3.0,10.0,4,3,2
2020,POST,00-0031428,A.Robinson,CHI,7,6,55.0,0,2.5652075358666524,0.3664582194095218,4,0.5714285714285714,53.0,13.0,7.571428571428571,2.1666666666666665,2.0,1,0,0
2020,POST,00-0031588,S.Diggs,BUF,32,20,311.0,2,18.249847226560117,0.5703077258300037,19,0.59375,471.0,75.0,14.71875,3.75,18.0,5,4,1
2020,POST,00-0031595,M.Burton,NO,3,2,15.0,0,-0.8131935681305362,-0.2710645227101787,2,0.6666666666666666,4.0,11.0,1.3333333333333333,5.5,0.0,0,0,0
2020,POST,00-0031763,D.Carter,CHI,4,3,17.0,0,-2.2247434955788847,-0.5561858738947212,2,0.5,24.0,5.0,6.0,1.6666666666666667,1.0,0,0,0
2020,POST,00-0031806,M.Brown,LA,2,2,13.0,0,0.228407566261012,0.114203783130506,1,0.5,5.0,8.0,2.5,4.0,0.0,0,0,0
2020,POST,00-0032141,G.Swaim,TEN,1,1,5.0,0,0.0059380107559263,0.0059380107559263,1,1.0,5.0,0.0,5.0,0.0,0.0,0,0,0
2020,POST,00-0032200,T.Montgomery,NO,1,1,13.0,0,0.925521961413324,0.925521961413324,1,1.0,6.0,7.0,6.0,7.0,1.0,0,0,0
2020,POST,00-0032209,T.Yeldon,BUF,5,4,41.0,0,0.43760299438145095,0.08752059887629018,3,0.6,15.0,32.0,3.0,8.0,1.0,1,1,0
2020,POST,00-0032211,T.Lockett,SEA,4,2,43.0,0,1.493776188930499,0.37344404723262475,2,0.5,84.0,5.0,21.0,2.5,2.0,1,0,0
2020,POST,00-0032392,A.Hooper,CLE,14,9,62.0,1,5.757325471485151,0.4112375336775108,8,0.5714285714285714,118.0,11.0,8.428571428571429,1.2222222222222223,5.0,0,5,1
2020,POST,00-0032419,J.Haeg,TB,1,0,0.0,0,-0.870834263565484,-0.870834263565484,0,0.0,2.0,0.0,2.0,0.0,0.0,0,1,0
2020,POST,00-0032464,K.Raymond,TEN,1,0,0.0,0,-2.70376658870373,-2.70376658870373,0,0.0,23.0,0.0,23.0,0.0,0.0,0,0,0
2020,POST,00-0032602,J.McKissic,WAS,3,2,8.0,0,-0.8618224312085654,-0.2872741437361885,1,0.3333333333333333,-5.0,14.0,-1.6666666666666667,7.0,0.0,0,0,0
2020,POST,00-0032764,D.Henry,TEN,3,3,11.0,0,-0.975723894184992,-0.32524129806166396,2,0.6666666666666666,3.0,8.0,1.0,2.6666666666666665,0.0,0,1,0
2020,POST,00-0032765,M.Thomas,NO,11,5,73.0,1,-5.309174717870714,-0.48265224707915577,4,0.36363636363636365,87.0,25.0,7.909090909090909,5.0,3.0,1,3,1
2020,POST,00-0032775,D.Robinson,KC,5,2,25.0,0,-0.7168135021638653,-0.14336270043277305,2,0.4,75.0,4.0,15.0,2.0,2.0,0,2,0
2020,POST,00-0032977,R.Higgins,CLE,14,7,116.0,0,-1.8553876585792906,-0.13252768989852076,5,0.35714285714285715,162.0,28.0,11.571428571428571,4.0,5.0,2,1,0
2020,POST,00-0033040,T.Hill,KC,31,24,355.0,0,17.304326907429935,0.5582040937880625,21,0.6774193548387096,308.0,186.0,9.935483870967742,7.75,15.0,6,4,0
2020,POST,00-0033110,T.Higbee,LA,5,3,9.0,0,-1.8415159315336505,-0.3683031863067301,1,0.2,35.0,0.0,7.0,0.0,0.0,0,0,0
2020,POST,00-0033217,M.Alie-Cox,IND,4,4,32.0,0,3.152781474520454,0.7881953686301135,2,0.5,24.0,8.0,6.0,2.0,2.0,0,2,0
2020,POST,00-0033251,Z.Pascal,IND,5,3,37.0,1,3.7268039165064755,0.7453607833012951,3,0.6,38.0,11.0,7.6,3.6666666666666665,3.0,0,1,1
2020,POST,00-0033293,A.Jones,GB,9,5,21.0,0,-8.670838864942084,-0.9634265405491205,3,0.3333333333333333,-8.0,29.0,-0.8888888888888888,5.8,2.0,0,1,0
2020,POST,00-0033357,T.Hill,NO,2,2,5.0,0,-0.9312040391378104,-0.4656020195689052,0,0.0,1.0,4.0,0.5,2.0,0.0,0,0,0
2020,POST,00-0033376,P.Ricard,BAL,5,4,37.0,0,2.201428479515017,0.44028569590300337,4,0.8,4.0,33.0,0.8,8.25,2.0,0,1,0
2020,POST,00-0033387,J.Hollister,SEA,5,0,0.0,0,-3.7901300119701746,-0.758026002394035,0,0.0,61.0,0.0,12.2,0.0,0.0,0,0,0
2020,POST,00-0033455,A.Firkser,TEN,2,2,44.0,0,3.8602584861219,1.93012924306095,2,1.0,9.0,35.0,4.5,17.5,2.0,1,1,0
2020,POST,00-0033466,I.McKenzie,BUF,3,3,14.0,1,1.776990520651454,0.5923301735504847,2,0.6666666666666666,2.0,12.0,0.6666666666666666,4.0,2.0,0,1,1
2020,POST,00-0033528,J.Sprinkle,WAS,1,1,8.0,0,0.423322477377951,0.423322477377951,1,1.0,2.0,6.0,2.0,6.0,0.0,0,0,0
2020,POST,00-0033553,J.Conner,PIT,7,5,30.0,0,2.855366223404645,0.4079094604863779,5,0.7142857142857143,-9.0,39.0,-1.2857142857142858,7.8,2.0,0,2,0
2020,POST,00-0033589,D.Moore,SEA,1,1,1.0,0,-0.608087200671434,-0.608087200671434,0,0.0,-4.0,5.0,-4.0,5.0,0.0,0,0,0
2020,POST,00-0033594,C.Carson,SEA,2,1,5.0,0,-2.2444441522975254,-1.1222220761487627,1,0.5,25.0,9.0,12.5,9.0,0.0,0,0,0
2020,POST,00-0033757,R.Tonyan,GB,8,8,82.0,1,5.331237313395832,0.666404664174479,7,0.875,37.0,45.0,4.625,5.625,4.0,1,1,1
2020,POST,00-0033856,L.Fournette,TB,21,18,148.0,1,10.676299993239807,0.5083952377733242,16,0.7619047619047619,3.0,143.0,0.14285714285714285,7.944444444444445,10.0,1,2,1
2020,POST,00-0033857,J.Smith-Schuster,PIT,20,13,157.0,1,8.51402240899926,0.425701120449963,9,0.45,193.0,41.0,9.65,3.1538461538461537,7.0,3,4,1
2020,POST,00-0033858,J.Smith,TEN,3,2,9.0,0,-1.91588749107905,-0.6386291636930167,0,0.0,8.0,2.0,2.6666666666666665,1.0,0.0,0,0,0
2020,POST,00-0033871,C.Davis,TEN,2,0,0.0,0,-3.24862996457155,-1.624314982285775,0,0.0,12.0,0.0,6.0,0.0,0.0,0,0,0
2020,POST,00-0033885,D.Njoku,CLE,6,5,66.0,0,3.8643636214546855,0.6440606035757809,4,0.6666666666666666,28.0,40.0,4.666666666666667,8.0,3.0,2,0,0
2020,POST,00-0033895,G.Everett,LA,2,0,0.0,0,-2.0853872396983237,-1.0426936198491619,0,0.0,16.0,0.0,8.0,0.0,0.0,0,0,0
2020,POST,00-0033906,A.Kamara,NO,8,5,37.0,0,-5.6266785279149225,-0.7033348159893653,4,0.5,23.0,29.0,2.875,5.8,1.0,0,0,0
2020,POST,00-0033908,C.Kupp,LA,9,4,78.0,0,2.6770075705135197,0.2974452856126133,4,0.4444444444444444,161.0,7.0,17.88888888888889,1.75,3.0,1,0,0
2020,POST,00-0033921,C.Godwin,TB,32,16,232.0,1,10.629411930143021,0.3321691228169694,14,0.4375,340.0,104.0,10.625,6.5,10.0,2,2,0
2020,POST,00-0033923,K.Hunt,CLE,2,2,15.0,0,0.65972359268926,0.32986179634463,1,0.5,-9.0,24.0,-4.5,12.0,1.0,0,0,0
2020,POST,00-0033943,J.Reynolds,LA,4,3,65.0,0,4.0835968980099935,1.0208992245024984,3,0.75,47.0,23.0,11.75,7.666666666666667,3.0,2,0,0
2020,POST,00-0033948,J.Williams,GB,4,4,22.0,0,0.5113606134546,0.12784015336365,2,0.5,-4.0,26.0,-1.0,6.5,1.0,0,0,0
2020,POST,00-0034104,C.Sims,WAS,13,7,104.0,0,2.6851192047470245,0.2065476311343865,6,0.46153846153846156,160.0,23.0,12.307692307692308,3.2857142857142856,5.0,2,2,0
2020,POST,00-0034159,W.Dissly,SEA,2,1,1.0,0,-1.178845605812967,-0.5894228029064835,0,0.0,5.0,1.0,2.5,1.0,0.0,0,0,0
2020,POST,00-0034192,N.Keizer,KC,1,0,0.0,0,-0.461384366964921,-0.461384366964921,0,0.0,4.0,0.0,4.0,0.0,0.0,0,0,0
2020,POST,00-0034272,M.Valdes-Scantling,GB,14,8,148.0,1,8.374415318389246,0.598172522742089,9,0.6428571428571429,246.0,57.0,17.571428571428573,7.125,7.0,3,1,0
2020,POST,00-0034279,E.St. Brown,GB,4,2,37.0,0,2.458229129362851,0.6145572823407127,2,0.5,31.0,13.0,7.75,6.5,2.0,1,1,0
2020,POST,00-0034297,B.Pringle,KC,10,6,39.0,0,-0.9923920392757279,-0.0992392039275728,4,0.4,55.0,13.0,5.5,2.1666666666666665,2.0,0,1,0
2020,POST,00-0034301,Darr.Williams,KC,12,7,35.0,0,-4.5608140991287485,-0.38006784159406237,5,0.4166666666666667,-8.0,53.0,-0.6666666666666666,7.571428571428571,3.0,0,2,0
2020,POST,00-0034353,A.Miller,CHI,3,2,22.0,0,-1.015258593717593,-0.3384195312391977,1,0.3333333333333333,29.0,1.0,9.666666666666666,0.5,1.0,0,0,0
2020,POST,00-0034367,N.Hines,IND,3,1,8.0,0,0.8168511367985011,0.27228371226616704,1,0.3333333333333333,3.0,4.0,1.0,4.0,1.0,0,1,0
2020,POST,00-0034426,J.Wims,CHI,4,1,28.0,0,-1.071921626571568,-0.267980406642892,1,0.25,114.0,2.0,28.5,2.0,1.0,1,0,0
2020,POST,00-0034521,A.Lazard,GB,14,7,158.0,1,9.6752944154803,0.6910924582485929,7,0.5,196.0,58.0,14.0,8.285714285714286,7.0,4,4,0
2020,POST,00-0034613,T.Hudson,TB,1,0,0.0,0,-0.495957957347855,-0.495957957347855,0,0.0,19.0,0.0,19.0,0.0,0.0,0,1,0
2020,POST,00-0034652,C.Batson,TEN,1,1,6.0,0,1.40626233327203,1.40626233327203,1,1.0,4.0,2.0,4.0,2.0,1.0,0,0,0
2020,POST,00-0034676,J.Washington,PIT,6,5,72.0,0,2.7447486408927917,0.4574581068154653,4,0.6666666666666666,73.0,22.0,12.166666666666666,4.4,4.0,1,1,0
2020,POST,00-0034753,M.Andrews,BAL,17,8,69.0,0,-14.805551428736742,-0.8709147899256907,4,0.23529411764705882,118.0,25.0,6.9411764705882355,3.125,3.0,0,4,0
2020,POST,00-0034765,T.Smith,NO,3,3,85.0,2,9.17415845487266,3.058052818290887,3,1.0,57.0,28.0,19.0,9.333333333333334,3.0,1,1,1
2020,POST,00-0034791,N.Chubb,CLE,9,6,73.0,1,3.2113358859205587,0.35681509843561765,3,0.3333333333333333,-9.0,85.0,-1.0,14.166666666666666,2.0,2,1,0
2020,POST,00-0034816,R.Jones,TB,2,0,0.0,0,-1.155860597267747,-0.5779302986338735,0,0.0,0.0,0.0,0.0,0.0,0.0,0,0,0
2020,POST,00-0034855,B.Mayfield,CLE,1,1,-8.0,0,-1.11156375519931,-1.11156375519931,0,0.0,-9.0,1.0,-9.0,1.0,0.0,0,0,0
2020,POST,00-0034928,S.Sims,WAS,4,3,33.0,1,4.44317284127465,1.1107932103186624,2,0.5,37.0,1.0,9.25,0.3333333333333333,2.0,0,2,1
2020,POST,00-0034975,J.Hill,BAL,1,0,0.0,0,-0.490570352703799,-0.490570352703799,0,0.0,-1.0,0.0,-1.0,0.0,0.0,0,1,0
2020,POST,00-0035140,M.Hardman,KC,13,8,66.0,1,-0.44421736622462255,-0.034170566632663275,4,0.3076923076923077,43.0,82.0,3.3076923076923075,10.25,4.0,1,2,1
2020,POST,00-0035215,D.Harris,NO,8,8,82.0,0,8.260923402209299,1.0326154252761623,6,0.75,20.0,62.0,2.5,7.75,5.0,1,0,0
2020,POST,00-0035216,Di.Johnson,PIT,16,11,117.0,0,-0.2412823962804368,-0.0150801497675273,9,0.5625,183.0,28.0,11.4375,2.5454545454545454,8.0,0,2,0
2020,POST,00-0035217,B.Snell,PIT,2,1,4.0,0,-6.046141547383744,-3.023070773691872,0,0.0,1.0,4.0,0.5,4.0,0.0,0,0,0
2020,POST,00-0035250,D.Singletary,BUF,9,8,44.0,0,-1.395308695442511,-0.15503429949361233,3,0.3333333333333333,7.0,36.0,0.7777777777777778,4.5,1.0,0,2,0
2020,POST,00-0035298,S.Miller,TB,6,4,80.0,1,8.367740957038237,1.394623492839706,3,0.5,75.0,7.0,12.5,1.75,3.0,2,1,0
2020,POST,00-0035406,L.Humphrey,NO,1,1,14.0,0,2.78476190753281,2.78476190753281,1,1.0,3.0,11.0,3.0,11.0,1.0,0,0,0
2020,POST,00-0035590,R.Ridley,CHI,2,2,36.0,0,2.39655049348948,1.19827524674474,2,1.0,18.0,18.0,9.0,9.0,2.0,0,0,0
2020,POST,00-0035640,D.Metcalf,SEA,11,5,96.0,2,-5.029191884619659,-0.4571992622381508,4,0.36363636363636365,196.0,20.0,17.818181818181817,4.0,2.0,1,1,1
2020,POST,00-0035659,T.McLaurin,WAS,7,6,75.0,0,0.464090924593634,0.06629870351337629,5,0.7142857142857143,71.0,9.0,10.142857142857142,1.5,5.0,0,0,0
2020,POST,00-0035662,M.Brown,BAL,16,11,196.0,0,10.796224370363342,0.6747640231477089,11,0.6875,263.0,54.0,16.4375,4.909090909090909,7.0,5,1,0
2020,POST,00-0035676,A.Brown,TEN,10,6,83.0,1,5.707264378026597,0.5707264378026597,5,0.5,119.0,21.0,11.9,3.5,5.0,1,2,1
2020,POST,00-0035685,D.Montgomery,CHI,1,0,0.0,0,-1.32977557415143,-1.32977557415143,0,0.0,4.0,0.0,4.0,0.0,0.0,0,0,0
2020,POST,00-0035689,D.Knox,BUF,13,10,65.0,2,5.514950614142367,0.4242269703186436,7,0.5384615384615384,41.0,45.0,3.1538461538461537,4.5,6.0,0,6,2
2020,POST,00-0035703,M.Boykin,BAL,5,3,20.0,0,-2.212161038244717,-0.4424322076489434,2,0.4,54.0,5.0,10.8,1.6666666666666667,0.0,0,0,0
2020,POST,00-0036142,I.Wright,WAS,1,0,0.0,0,-0.448241154430434,-0.448241154430434,0,0.0,15.0,0.0,15.0,0.0,0.0,0,0,0
2020,POST,00-0036158,J.Dobbins,BAL,6,4,45.0,0,1.2813253775821067,0.21355422959701778,3,0.5,35.0,21.0,5.833333333333333,5.25,3.0,1,1,0
2020,POST,00-0036182,N.Westbrook-Ikhine,TEN,2,2,17.0,0,0.654938957071863,0.3274694785359315,1,0.5,15.0,2.0,7.5,1.0,1.0,0,0,0
2020,POST,00-0036196,G.Davis,BUF,11,4,85.0,0,0.6137500445429762,0.05579545859481602,4,0.36363636363636365,172.0,0.0,15.636363636363637,0.0,4.0,1,4,0
2020,POST,00-0036219,M.Callaway,NO,2,0,0.0,0,-1.112438061623834,-0.556219030811917,0,0.0,0.0,0.0,0.0,0.0,0.0,0,1,0
2020,POST,00-0036223,J.Taylor,IND,4,2,6.0,0,-1.4158343663038717,-0.35395859157596793,1,0.25,-10.0,14.0,-2.5,7.0,1.0,0,2,0
2020,POST,00-0036232,H.Bryant,CLE,1,0,0.0,0,-0.404557959642261,-0.404557959642261,0,0.0,12.0,0.0,12.0,0.0,0.0,0,0,0
2020,POST,00-0036233,D.Peoples-Jones,CLE,3,2,31.0,0,1.517168421065442,0.5057228070218139,2,0.6666666666666666,38.0,2.0,12.666666666666666,1.0,1.0,1,0,0
2020,POST,00-0036247,F.Swain,SEA,1,1,28.0,0,2.85528818180319,2.85528818180319,1,1.0,28.0,0.0,28.0,0.0,1.0,1,0,0
2020,POST,00-0036251,Z.Moss,BUF,4,4,26.0,0,2.056518980010882,0.5141297450027205,3,0.75,8.0,18.0,2.0,4.5,2.0,0,1,0
2020,POST,00-0036252,M.Pittman,IND,10,5,90.0,0,-0.13767516638778934,-0.013767516638778935,4,0.4,66.0,54.0,6.6,10.8,3.0,3,3,0
2020,POST,00-0036265,A.Dillon,GB,1,1,13.0,0,0.717395588057116,0.717395588057116,1,1.0,2.0,11.0,2.0,11.0,1.0,0,0,0
2020,POST,00-0036290,C.Kmet,CHI,4,3,16.0,0,-2.4041743400739533,-0.6010435850184883,1,0.25,1.0,15.0,0.25,5.0,0.0,0,1,0
2020,POST,00-0036326,C.Claypool,PIT,7,5,59.0,2,4.773106623321303,0.6818723747601861,4,0.5714285714285714,71.0,13.0,10.142857142857142,2.6,3.0,1,3,1
2020,POST,00-0036328,A.Gibson,WAS,3,2,4.0,0,-1.359568887972273,-0.45318962932409096,0,0.0,0.0,9.0,0.0,4.5,0.0,0,0,0
2020,POST,00-0036360,C.Edwards-Helaire,KC,5,3,23.0,0,-1.749313269646561,-0.3498626539293122,2,0.4,16.0,24.0,3.2,8.0,1.0,0,0,0
2020,POST,00-0036414,C.Akers,LA,4,3,51.0,0,4.257910225700585,1.0644775564251463,3,0.75,8.0,43.0,2.0,14.333333333333334,1.0,1,2,0
2020,POST,00-0036415,V.Jefferson,LA,7,6,46.0,1,3.70134227426024,0.5287631820371772,5,0.7142857142857143,36.0,10.0,5.142857142857143,1.6666666666666667,3.0,0,1,1
2020,POST,00-0036422,A.Trautman,NO,3,1,4.0,0,-1.591460781753994,-0.5304869272513314,0,0.0,6.0,3.0,2.0,3.0,0.0,0,0,0
2020,POST,00-0036427,T.Johnson,TB,4,2,31.0,0,2.867400566639837,0.7168501416599592,2,0.5,57.0,1.0,14.25,0.5,2.0,0,0,0
2020,POST,00-0036450,K.Vaughn,TB,1,0,0.0,0,-0.502494870917872,-0.502494870917872,0,0.0,0.0,0.0,0.0,0.0,0.0,0,0,0
2020,REG,00-0022127,J.Witten,LV,17,13,69.0,2,2.407177959205715,0.14159870348268913,9,0.5294117647058824,91.0,20.0,5.352941176470588,1.5384615384615385,8.0,0,7,2
2020,REG,00-0022921,L.Fitzgerald,ARI,72,54,409.0,1,-1.7713509171222244,-0.024602096071142006,36,0.5,432.0,185.0,6.0,3.425925925925926,25.0,0,7,1
2020,REG,00-0023459,A.Rodgers,GB,1,1,-6.0,0,-1.35517050104681,-1.35517050104681,0,0.0,-4.0,-2.0,-4.0,-2.0,0.0,0,0,0
2020,REG,00-0023500,F.Gore,NYJ,19,16,89.0,0,0.43420873383383696,0.022853091254412473,9,0.47368421052631576,34.0,73.0,1.7894736842105263,4.5625,3.0,0,2,0
2020,REG,00-0023682,R.Fitzpatrick,MIA,1,1,0.0,0,-1.53161310218275,-1.53161310218275,0,0.0,-4.0,4.0,-4.0,4.0,0.0,0,0,0
2020,REG,00-0024243,M.Lewis,GB,17,10,107.0,3,3.9134463765658456,0.23020272803328504,8,0.47058823529411764,111.0,57.0,6.529411764705882,5.7,6.0,1,4,3
2020,REG,00-0025394,A.Peterson,DET,18,12,101.0,0,1.7225846247165493,0.09569914581758607,7,0.3888888888888889,-6.0,103.0,-0.3333333333333333,8.583333333333334,4.0,1,1,0
2020,REG,00-0025396,T.Ginn,CHI,6,3,40.0,0,-0.6106500560417785,-0.10177500934029642,2,0.3333333333333333,121.0,10.0,20.166666666666668,3.3333333333333335,1.0,1,0,0
2020,REG,00-0025418,G.Olsen,SEA,37,24,239.0,1,2.12737639143598,0.05749665922799946,20,0.5405405405405406,289.0,49.0,7.8108108108108105,2.0416666666666665,16.0,3,9,1
2020,REG,00-0026035,D.Amendola,DET,69,46,602.0,0,12.317427298847212,0.17851343911372772,37,0.5362318840579711,558.0,290.0,8.08695652173913,6.304347826086956,30.0,8,6,0
2020,REG,00-0026189,D.Jackson,PHI,26,14,236.0,1,7.3370020547300205,0.2821923867203854,12,0.46153846153846156,432.0,65.0,16.615384615384617,4.642857142857143,10.0,3,2,0
2020,REG,00-0026498,M.Stafford,DET,1,0,0.0,0,-0.46816249890253,-0.46816249890253,0,0.0,15.0,0.0,15.0,0.0,0.0,0,1,0
2020,REG,00-0027029,L.McCoy,TB,19,15,101.0,0,-0.595304243611567,-0.03133180229534563,6,0.3157894736842105,19.0,102.0,1.0,6.8,3.0,0,4,0
2020,REG,00-0027061,J.Cook,NO,60,37,504.0,7,28.561888541882023,0.4760314756980337,33,0.55,687.0,124.0,11.45,3.3513513513513513,27.0,6,15,6
2020,REG,00-0027150,J.Edelman,NE,39,21,315.0,0,-0.3457389845921466,-0.0088651021690294,20,0.5128205128205128,401.0,64.0,10.282051282051283,3.0476190476190474,18.0,3,4,0
2020,REG,00-0027656,R.Gronkowski,TB,77,45,623.0,7,23.11389812645443,0.30018049514875883,38,0.4935064935064935,845.0,246.0,10.974025974025974,5.466666666666667,29.0,10,17,5
2020,REG,00-0027685,E.Sanders,NO,82,61,726.0,5,32.73749560655135,0.3992377512994067,51,0.6219512195121951,723.0,170.0,8.817073170731707,2.7868852459016393,33.0,7,13,4
2020,REG,00-0027691,A.Roberts,BUF,5,4,34.0,0,-1.6239815693115787,-0.3247963138623157,3,0.6,48.0,5.0,9.6,1.25,2.0,0,1,0
2020,REG,00-0027696,J.Graham,CHI,76,50,456.0,8,7.926541196948896,0.104296594696696,38,0.5,519.0,198.0,6.828947368421052,3.96,32.0,4,20,7
2020,REG,00-0027793,A.Brown,TB,62,45,483.0,4,24.550108062686924,0.39596948488204714,36,0.5806451612903226,549.0,251.0,8.85483870967742,5.5777777777777775,27.0,6,6,1
2020,REG,00-0027891,G.Tate,NYG,34,24,270.0,2,6.745260858406179,0.19839002524724056,15,0.4411764705882353,259.0,65.0,7.617647058823529,2.7083333333333335,13.0,4,3,1
2020,REG,00-0027891,G.Tate III,NYG,18,11,118.0,0,6.7240994226919,0.3735610790384389,8,0.4444444444444444,205.0,10.0,11.38888888888889,0.9090909090909091,6.0,1,2,0
2020,REG,00-0027902,D.Bryant,BAL,11,6,47.0,2,1.4943519641622056,0.1358501785602005,4,0.36363636363636365,52.0,34.0,4.7272727272727275,5.666666666666667,3.0,0,2,2
2020,REG,00-0027939,C.Newton,NE,2,2,35.0,1,3.74552738224157,1.872763691120785,2,1.0,17.0,18.0,8.5,9.0,2.0,0,1,1
2020,REG,00-0027942,A.Green,CIN,104,47,523.0,2,-15.264712276453288,-0.1467760795812816,41,0.3942307692307692,1427.0,86.0,13.721153846153847,1.8297872340425532,34.0,3,9,2
2020,REG,00-0027944,J.Jones,ATL,68,51,771.0,3,53.428660383585026,0.7857155938762503,45,0.6617647058823529,764.0,231.0,11.235294117647058,4.529411764705882,36.0,16,10,1
2020,REG,00-0027966,M.Ingram,BAL,8,6,50.0,0,0.04204380888709558,0.0052554761108869474,3,0.375,12.0,49.0,1.5,8.166666666666666,2.0,0,2,0
2020,REG,00-0027973,A.Dalton,DAL,1,1,-3.0,0,-1.70650344807655,-1.70650344807655,0,0.0,-7.0,4.0,-7.0,4.0,0.0,0,0,0
2020,REG,00-0027981,K.Rudolph,MIN,38,28,334.0,1,7.725041541816739,0.20329056688991418,24,0.631578947368421,261.0,164.0,6.868421052631579,5.857142857142857,16.0,5,6,1
2020,REG,00-0028002,R.Cobb,HOU,50,38,441.0,3,23.97350142776417,0.47947002855528337,29,0.58,323.0,171.0,6.46,4.5,20.0,6,9,2
2020,REG,00-0028042,L.Stocker,ATL,11,7,63.0,0,1.054195458302277,0.09583595075475246,5,0.45454545454545453,21.0,52.0,1.9090909090909092,7.428571428571429,4.0,1,1,0
2020,REG,00-0028063,T.Jones,BUF,2,0,0.0,0,-1.0273529724217951,-0.5136764862108976,0,0.0,44.0,0.0,22.0,0.0,0.0,0,0,0
2020,REG,00-0028074,A.Sherman,KC,2,1,5.0,1,2.3352097967872347,1.1676048983936174,1,0.5,8.0,7.0,4.0,7.0,1.0,0,1,1
2020,REG,00-0028087,D.Lewis,NYG,31,19,127.0,1,-0.8340031042291114,-0.026903325942874562,9,0.2903225806451613,69.0,80.0,2.225806451612903,4.2105263157894735,8.0,0,6,1
2020,REG,00-0028097,L.Smith,BUF,6,4,35.0,2,-0.136273412732403,-0.022712235455400503,3,0.5,22.0,20.0,3.6666666666666665,5.0,3.0,1,3,2
2020,REG,00-0028142,V.Green,LAC,6,3,50.0,1,1.9138455621432482,0.31897426035720805,3,0.5,71.0,23.0,11.833333333333334,7.666666666666667,2.0,1,0,0
2020,REG,00-0028149,B.Miller,JAX,2,1,2.0,0,-0.079300873796456,-0.039650436898228,1,0.5,-3.0,3.0,-1.5,3.0,1.0,0,0,0
2020,REG,00-0028237,C.Hogan,NYJ,26,14,118.0,0,-6.59469107351394,-0.2536419643659208,11,0.4230769230769231,259.0,40.0,9.961538461538462,2.857142857142857,6.0,1,4,0
2020,REG,00-0028292,N.Bellore,SEA,1,1,9.0,0,2.0095897638239,2.0095897638239,1,1.0,3.0,6.0,3.0,6.0,1.0,0,0,0
2020,REG,00-0028411,D.Inman,WAS,29,18,163.0,2,5.13540856335033,0.17708305390863208,14,0.4827586206896552,231.0,44.0,7.9655172413793105,2.4444444444444446,11.0,0,3,2
2020,REG,00-0029000,C.Beasley,BUF,108,82,967.0,4,59.435797569245956,0.5503314589744996,68,0.6296296296296297,832.0,355.0,7.703703703703703,4.329268292682927,53.0,15,11,3
2020,REG,00-0029119,D.Carrier,LV,1,1,14.0,0,0.832860550726764,0.832860550726764,1,1.0,-4.0,18.0,-4.0,18.0,1.0,0,0,0
2020,REG,00-0029137,A.Jeffery,PHI,13,6,115.0,1,4.162867524020838,0.32022057877083365,6,0.46153846153846156,188.0,25.0,14.461538461538462,4.166666666666667,5.0,3,2,1
2020,REG,00-0029141,A.Morris,NYG,4,3,19.0,1,2.248290986521167,0.5620727466302917,2,0.5,4.0,17.0,1.0,5.666666666666667,2.0,0,1,1
2020,REG,00-0029293,M.Jones,DET,116,76,978.0,9,25.595726302278297,0.220652812950675,63,0.5431034482758621,1461.0,196.0,12.594827586206897,2.5789473684210527,52.0,19,15,4
2020,REG,00-0029528,B.Massie,CHI,1,1,4.0,0,1.90331952483393,1.90331952483393,1,1.0,3.0,1.0,3.0,1.0,1.0,0,0,0
2020,REG,00-0029608,T.Hilton,IND,94,56,762.0,5,29.483317407048315,0.31365231284093953,50,0.5319148936170213,1166.0,194.0,12.404255319148936,3.4642857142857144,42.0,11,11,3
2020,REG,00-0029615,L.Miller,CHI,2,2,6.0,0,-0.041862758807838074,-0.020931379403919037,1,0.5,2.0,4.0,1.0,2.0,1.0,0,0,0
2020,REG,00-0029627,J.Crawford,TEN,1,0,0.0,0,-0.947,-0.947,0,0.0,0.0,0.0,0.0,0.0,0.0,0,1,0
2020,REG,00-0029632,M.Sanu,DET,24,16,178.0,1,15.133755191488387,0.6305731329786828,16,0.6666666666666666,284.0,33.0,11.833333333333334,2.0625,12.0,3,2,1
2020,REG,00-0029632,M.Sanu,SF,1,1,9.0,0,2.09973601350794,2.09973601350794,1,1.0,5.0,4.0,5.0,4.0,1.0,0,1,0
2020,REG,00-0029701,R.Tannehill,TEN,1,1,0.0,0,-1.4736892051283,-1.4736892051283,0,0.0,0.0,0.0,0.0,0.0,0.0,0,0,0
2020,REG,00-0029738,D.Fells,HOU,28,21,312.0,4,22.770065922290094,0.8132166400817891,20,0.7142857142857143,199.0,177.0,7.107142857142857,8.428571428571429,16.0,3,4,2
2020,REG,00-0029892,K.Juszczyk,SF,29,19,202.0,4,-0.7838107500866031,-0.027027956899538037,15,0.5172413793103449,188.0,101.0,6.482758620689655,5.315789473684211,10.0,3,9,4
2020,REG,00-0030035,A.Thielen,MIN,110,74,925.0,14,46.13811530578094,0.41943741187073585,71,0.6454545454545455,1239.0,243.0,11.263636363636364,3.2837837837837838,52.0,11,22,13
2020,REG,00-0030061,Z.Ertz,PHI,73,36,335.0,1,-18.212162982885925,-0.24948168469706747,26,0.3561643835616438,536.0,88.0,7.342465753424658,2.4444444444444446,16.0,4,8,1
2020,REG,00-0030085,K.Stills,HOU,19,11,144.0,1,4.001331335981371,0.2105963861042827,9,0.47368421052631576,238.0,17.0,12.526315789473685,1.5454545454545454,8.0,2,1,0
2020,REG,00-0030089,L.Willson,BAL,3,1,12.0,0,-4.692213719361458,-1.5640712397871528,1,0.3333333333333333,13.0,2.0,4.333333333333333,2.0,0.0,0,1,0
2020,REG,00-0030107,T.Riddick,LV,6,5,43.0,0,-0.2624161535641229,-0.04373602559402048,3,0.5,10.0,33.0,1.6666666666666667,6.6,1.0,0,1,0
2020,REG,00-0030108,R.Griffin,NYJ,12,9,86.0,0,2.2589172719453883,0.18824310599544902,5,0.4166666666666667,63.0,49.0,5.25,5.444444444444445,4.0,1,0,0
2020,REG,00-0030155,D.Harris,CHI,14,7,45.0,0,-7.808701497329307,-0.557764392666379,5,0.35714285714285715,92.0,25.0,6.571428571428571,3.5714285714285716,2.0,0,3,0
2020,REG,00-0030181,J.Doyle,IND,33,23,251.0,3,12.010161358676372,0.3639442835962537,21,0.6363636363636364,229.0,91.0,6.9393939393939394,3.9565217391304346,13.0,2,8,3
2020,REG,00-0030216,J.Hill,NO,10,8,46.0,1,2.4096867117332263,0.24096867117332263,5,0.5,45.0,37.0,4.5,4.625,4.0,0,1,1
2020,REG,00-0030279,K.Allen,LAC,149,100,992.0,8,29.9826605819237,0.20122590994579664,78,0.5234899328859061,1052.0,437.0,7.060402684563758,4.37,61.0,10,19,7
2020,REG,00-0030288,R.Burkhead,NE,33,25,192.0,3,0.8191561441442463,0.024822913458916556,12,0.36363636363636365,31.0,201.0,0.9393939393939394,8.04,11.0,1,6,2
2020,REG,00-0030404,C.Thompson,JAX,23,20,146.0,1,-0.5434789085836993,-0.023629517764508664,11,0.4782608695652174,64.0,107.0,2.782608695652174,5.35,5.0,0,4,1
2020,REG,00-0030431,R.Woods,LA,129,90,936.0,6,12.13304318742099,0.0940545983521007,61,0.4728682170542636,898.0,494.0,6.961240310077519,5.488888888888889,46.0,11,11,4
2020,REG,00-0030443,L.Toilolo,NYG,6,5,46.0,0,1.9419461692450581,0.32365769487417634,4,0.6666666666666666,26.0,26.0,4.333333333333333,5.2,3.0,0,0,0
2020,REG,00-0030456,G.Bernard,CIN,59,47,355.0,3,6.240529358006716,0.10577168403401215,26,0.4406779661016949,77.0,350.0,1.305084745762712,7.446808510638298,15.0,3,11,3
2020,REG,00-0030465,K.Barner,TB,1,0,0.0,0,1.09104115411174,1.09104115411174,1,1.0,3.0,0.0,3.0,0.0,0.0,0,0,0
2020,REG,00-0030470,V.McDonald,PIT,20,15,99.0,0,-2.9008884077775376,-0.14504442038887688,6,0.3,37.0,79.0,1.85,5.266666666666667,4.0,0,2,0
2020,REG,00-0030472,J.Reed,SF,46,26,231.0,4,4.329654821074088,0.09412293089291497,19,0.41304347826086957,370.0,84.0,8.043478260869565,3.230769230769231,16.0,1,8,4
2020,REG,00-0030496,L.Bell,KC,17,13,99.0,0,2.0793208397226453,0.12231299057192031,9,0.5294117647058824,-11.0,118.0,-0.6470588235294118,9.076923076923077,5.0,0,5,0
2020,REG,00-0030496,L.Bell,NYJ,3,3,39.0,0,1.633593333885069,0.544531111295023,2,0.6666666666666666,21.0,18.0,7.0,6.0,2.0,1,0,0
2020,REG,00-0030506,T.Kelce,KC,146,105,1416.0,11,75.21991161171188,0.5152048740528211,94,0.6438356164383562,1243.0,587.0,8.513698630136986,5.59047619047619,79.0,23,22,10
2020,REG,00-0030513,L.Murray,NO,26,23,176.0,1,3.9810810963821996,0.1531185037070077,13,0.5,-25.0,198.0,-0.9615384615384616,8.608695652173912,8.0,2,5,0
2020,REG,00-0030525,T.Austin,GB,5,5,20.0,0,-0.307193114946131,-0.0614386229892262,3,0.6,-22.0,42.0,-4.4,8.4,1.0,0,1,0
2020,REG,00-0030549,T.Eifert,JAX,60,36,349.0,2,-1.2515523006366365,-0.02085920501061061,30,0.5,503.0,102.0,8.383333333333333,2.8333333333333335,22.0,1,11,2
2020,REG,00-0030564,D.Hopkins,ARI,161,115,1407.0,6,52.762435132661,0.3277169884016211,91,0.5652173913043478,1432.0,519.0,8.894409937888199,4.51304347826087,75.0,17,19,3
2020,REG,00-0030578,C.Patterson,CHI,25,21,132.0,0,-0.6680522247625027,-0.026722088990500107,12,0.48,90.0,114.0,3.6,5.428571428571429,7.0,1,3,0
2020,REG,00-0030584,E.Fisher,KC,1,1,2.0,1,0.904668471921468,0.904668471921468,1,1.0,1.0,1.0,1.0,1.0,1.0,0,1,1
2020,REG,00-0030663,W.Snead,BAL,48,33,432.0,3,18.345950578026677,0.3822073037088891,28,0.5833333333333334,428.0,187.0,8.916666666666666,5.666666666666667,23.0,7,8,3
2020,REG,00-0030670,B.Fowler,NO,6,2,11.0,0,-8.024719271488726,-1.3374532119147877,1,0.16666666666666666,47.0,1.0,7.833333333333333,0.5,1.0,0,0,0
2020,REG,00-0030710,T.Burton,IND,47,28,250.0,3,-3.9201984147483535,-0.08340847690953944,24,0.5106382978723404,341.0,87.0,7.25531914893617,3.107142857142857,14.0,1,9,3
2020,REG,00-0030968,K.Smith,ATL,15,11,59.0,0,-2.553450974170119,-0.1702300649446746,4,0.26666666666666666,28.0,44.0,1.8666666666666667,4.0,4.0,0,1,0
2020,REG,00-0031045,C.Hyde,SEA,20,16,93.0,0,-0.9464918978440489,-0.04732459489220244,8,0.4,47.0,108.0,2.35,6.75,4.0,0,0,0
2020,REG,00-0031051,J.Brown,BUF,52,33,458.0,3,27.627609191676314,0.531300176763006,31,0.5961538461538461,643.0,177.0,12.365384615384615,5.363636363636363,22.0,7,8,1
2020,REG,00-0031062,J.White,NE,62,49,375.0,1,-0.018926412005253523,-0.0003052647097621536,28,0.45161290322580644,-40.0,411.0,-0.6451612903225806,8.387755102040817,20.0,4,6,1
2020,REG,00-0031166,S.Roberts,CAR,6,4,31.0,0,-1.0353864721608281,-0.1725644120268047,2,0.3333333333333333,44.0,22.0,7.333333333333333,5.5,2.0,0,0,0
2020,REG,00-0031235,O.Beckham,CLE,42,23,319.0,3,6.5932144925088165,0.15698129744068612,19,0.4523809523809524,549.0,46.0,13.071428571428571,2.0,17.0,3,6,1
2020,REG,00-0031235,O.Beckham Jr.,CLE,1,0,0.0,0,-4.44302691880148,-4.44302691880148,0,0.0,35.0,0.0,35.0,0.0,0.0,0,0,0
2020,REG,00-0031236,B.Cooks,HOU,119,81,1143.0,6,48.26113919501091,0.40555579155471355,72,0.6050420168067226,1408.0,338.0,11.831932773109244,4.172839506172839,51.0,20,11,2
2020,REG,00-0031260,L.Thomas,WAS,111,72,670.0,6,6.808255846641622,0.06133563825803263,53,0.4774774774774775,770.0,288.0,6.936936936936937,4.0,36.0,5,18,6
2020,REG,00-0031273,C.Brate,TB,34,28,282.0,2,23.42131520512345,0.6888622119153955,23,0.6764705882352942,291.0,71.0,8.558823529411764,2.5357142857142856,17.0,2,4,2
2020,REG,00-0031285,D.Freeman,NYG,10,7,58.0,0,1.2837847552727868,0.12837847552727868,5,0.5,-14.0,70.0,-1.4,10.0,3.0,0,3,0
2020,REG,00-0031319,D.Spencer,DEN,6,3,26.0,0,0.786576507046787,0.13109608450779783,3,0.5,33.0,12.0,5.5,4.0,1.0,0,0,0
2020,REG,00-0031325,S.Watkins,KC,55,37,421.0,2,21.28732849876675,0.38704233634121366,36,0.6545454545454545,443.0,157.0,8.054545454545455,4.243243243243243,27.0,4,9,2
2020,REG,00-0031339,D.Moncrief,NE,2,1,15.0,0,1.103159950580448,0.551579975290224,1,0.5,5.0,14.0,2.5,14.0,1.0,0,0,0
2020,REG,00-0031357,C.Goodwin,DAL,1,0,0.0,0,-3.32160479493905,-3.32160479493905,0,0.0,9.0,0.0,9.0,0.0,0.0,0,0,0
2020,REG,00-0031376,J.McKinnon,SF,47,33,253.0,1,-10.488061513119034,-0.22315024495997943,22,0.46808510638297873,156.0,178.0,3.3191489361702127,5.393939393939394,12.0,2,7,1
2020,REG,00-0031381,D.Adams,GB,149,115,1374.0,18,77.43359819182902,0.5196885784686511,96,0.6442953020134228,1330.0,597.0,8.926174496644295,5.191304347826087,73.0,18,28,14
2020,REG,00-0031382,J.Landry,CLE,101,72,840.0,3,48.56912168855471,0.4808823929559872,62,0.6138613861386139,826.0,347.0,8.178217821782178,4.819444444444445,46.0,11,16,3
2020,REG,00-0031384,R.Rodgers,PHI,32,24,345.0,2,21.607315667191997,0.6752286145997499,21,0.65625,305.0,95.0,9.53125,3.9583333333333335,16.0,5,4,1
2020,REG,00-0031387,E.Ebron,PIT,92,56,558.0,5,2.630922497644674,0.028596983670050802,42,0.45652173913043476,658.0,192.0,7.1521739130434785,3.4285714285714284,30.0,6,20,5
2020,REG,00-0031408,M.Evans,TB,111,70,1006.0,13,49.98284588575147,0.4502959088806439,61,0.5495495495495496,1320.0,265.0,11.891891891891891,3.7857142857142856,55.0,20,21,9
2020,REG,00-0031428,A.Robinson,CHI,151,102,1250.0,6,35.19439964967042,0.2330754943686783,85,0.5629139072847682,1450.0,319.0,9.602649006622517,3.127450980392157,68.0,22,19,4
2020,REG,00-0031484,C.Manhertz,CAR,8,6,52.0,0,-0.7028197830659335,-0.08785247288324169,3,0.375,32.0,33.0,4.0,5.5,1.0,0,0,0
2020,REG,00-0031544,A.Cooper,DAL,130,92,1114.0,5,38.777174538753826,0.298285957990414,76,0.5846153846153846,1145.0,413.0,8.807692307692308,4.489130434782608,54.0,13,16,4
2020,REG,00-0031547,D.Parker,MIA,104,63,793.0,4,18.370443866528536,0.17663888333200514,57,0.5480769230769231,1010.0,173.0,9.711538461538462,2.746031746031746,45.0,10,15,3
2020,REG,00-0031549,N.Agholor,LV,82,48,896.0,8,36.94452028729544,0.45054293033287124,44,0.5365853658536586,1269.0,230.0,15.475609756097562,4.791666666666667,37.0,15,13,3
2020,REG,00-0031558,M.Williams,ARI,10,8,102.0,1,2.2427271036722143,0.22427271036722143,5,0.5,38.0,66.0,3.8,8.25,4.0,2,3,1
2020,REG,00-0031585,M.Pruitt,TEN,8,5,49.0,2,3.0374506296939177,0.3796813287117397,5,0.625,67.0,13.0,8.375,2.6,4.0,1,2,1
2020,REG,00-0031588,S.Diggs,BUF,166,127,1535.0,8,84.82890373178046,0.5110174923601233,109,0.6566265060240963,1674.0,464.0,10.08433734939759,3.6535433070866143,73.0,20,16,5
2020,REG,00-0031595,M.Burton,NO,4,4,28.0,0,2.928763680043628,0.732190920010907,3,0.75,6.0,22.0,1.5,5.5,1.0,0,1,0
2020,REG,00-0031598,N.Boyle,BAL,17,14,113.0,2,6.218766208155997,0.36580977695035277,10,0.5882352941176471,93.0,34.0,5.470588235294118,2.4285714285714284,8.0,1,3,2
2020,REG,00-0031610,D.Waller,LV,146,107,1196.0,9,57.387833747269944,0.3930673544333558,90,0.6164383561643836,1128.0,572.0,7.726027397260274,5.345794392523365,69.0,16,24,6
2020,REG,00-0031687,R.Mostert,SF,19,16,156.0,1,5.396689271321524,0.28403627743797494,10,0.5263157894736842,20.0,136.0,1.0526315789473684,8.5,5.0,1,0,0
2020,REG,00-0031690,E.Tomlinson,BAL,1,0,0.0,0,-2.29745125357294,-2.29745125357294,0,0.0,34.0,0.0,34.0,0.0,0.0,0,0,0
2020,REG,00-0031763,D.Carter,HOU,2,1,8.0,0,1.1507289875298738,0.5753644937649369,1,0.5,16.0,4.0,8.0,4.0,0.0,0,1,0
2020,REG,00-0031787,J.Kumerow,BUF,1,1,22.0,1,3.94803707470419,3.94803707470419,1,1.0,22.0,0.0,22.0,0.0,1.0,1,0,0
2020,REG,00-0031806,M.Brown,LA,33,23,162.0,0,-2.89763496808075,-0.08780712024487121,14,0.42424242424242425,-5.0,178.0,-0.15151515151515152,7.739130434782608,9.0,1,4,0
2020,REG,00-0031868,D.Byrd,NE,77,47,604.0,1,16.15130947141736,0.2097572658625631,41,0.5324675324675324,882.0,172.0,11.454545454545455,3.6595744680851063,29.0,10,2,0
2020,REG,00-0031921,K.Lamm,CLE,1,1,1.0,1,1.24492190295132,1.24492190295132,1,1.0,1.0,0.0,1.0,0.0,1.0,0,1,1
2020,REG,00-0031941,J.Crowder,NYJ,89,59,699.0,6,24.324352867736746,0.2733073355925477,43,0.48314606741573035,673.0,327.0,7.561797752808989,5.5423728813559325,32.0,9,10,4
2020,REG,00-0031951,J.O'Shaughnessy,JAX,39,28,262.0,0,9.297991644402037,0.2384100421641548,24,0.6153846153846154,274.0,94.0,7.0256410256410255,3.357142857142857,12.0,3,3,0
2020,REG,00-0032009,A.Humphries,TEN,35,23,228.0,2,5.427032957863081,0.15505808451037373,22,0.6285714285714286,335.0,45.0,9.571428571428571,1.9565217391304348,11.0,2,6,1
2020,REG,00-0032054,B.Perriman,NYJ,60,30,505.0,3,0.959921756655679,0.01599869594426132,24,0.4,906.0,160.0,15.1,5.333333333333333,20.0,10,6,1
2020,REG,00-0032058,T.Coleman,SF,5,4,34.0,0,0.978089921991344,0.1956179843982688,3,0.6,13.0,21.0,2.6,5.25,2.0,0,2,0
2020,REG,00-0032062,B.Bell,DAL,15,11,110.0,0,1.521892757795282,0.10145951718635214,9,0.6,77.0,48.0,5.133333333333334,4.363636363636363,7.0,1,3,0
2020,REG,00-0032063,M.Davis,CAR,70,59,373.0,2,-6.551974284023284,-0.09359963262890407,34,0.4857142857142857,-39.0,422.0,-0.5571428571428572,7.1525423728813555,17.0,4,11,2
2020,REG,00-0032098,D.Brown,NYJ,2,2,31.0,0,4.36922450916609,2.184612254583045,2,1.0,10.0,21.0,5.0,10.5,2.0,0,0,0
2020,REG,00-0032104,A.Abdullah,MIN,9,8,58.0,2,4.559923368593462,0.5066581520659402,4,0.4444444444444444,-5.0,63.0,-0.5555555555555556,7.875,4.0,1,3,1
2020,REG,00-0032128,C.Conley,JAX,63,40,471.0,2,12.111614303506487,0.19224784608740456,35,0.5555555555555556,652.0,180.0,10.34920634920635,4.5,24.0,5,6,1
2020,REG,00-0032134,C.Uzomah,CIN,11,8,87.0,1,5.250519627103432,0.477319966100312,8,0.7272727272727273,94.0,30.0,8.545454545454545,3.75,6.0,1,2,0
2020,REG,00-0032135,J.James,DET,22,14,129.0,2,-4.079514953948091,-0.1854324979067314,8,0.36363636363636365,118.0,76.0,5.363636363636363,5.428571428571429,6.0,2,7,2
2020,REG,00-0032141,G.Swaim,TEN,12,9,83.0,1,4.2518372736813035,0.3543197728067753,8,0.6666666666666666,79.0,35.0,6.583333333333333,3.888888888888889,6.0,0,3,1
2020,REG,00-0032144,M.Gordon,DEN,44,32,158.0,1,-18.343351275425572,-0.416894347168763,14,0.3181818181818182,9.0,162.0,0.20454545454545456,5.0625,7.0,1,4,1
2020,REG,00-0032187,D.Johnson,HOU,19,17,153.0,1,6.805307558254647,0.35817408201340245,10,0.5263157894736842,39.0,116.0,2.0526315789473686,6.823529411764706,6.0,3,8,1
2020,REG,00-0032187,Da.Johnson,HOU,27,16,161.0,1,-5.468116700958862,-0.20252284077625415,12,0.4444444444444444,129.0,119.0,4.777777777777778,7.4375,10.0,1,6,1
2020,REG,00-0032200,T.Montgomery,NO,6,3,27.0,0,-2.394389351422437,-0.39906489190373945,1,0.16666666666666666,10.0,33.0,1.6666666666666667,11.0,1.0,0,1,0
2020,REG,00-0032209,T.Yeldon,BUF,4,1,22.0,1,1.8824117638287117,0.4706029409571779,1,0.25,14.0,0.0,3.5,0.0,1.0,1,0,0
2020,REG,00-0032211,T.Lockett,SEA,132,100,1054.0,10,73.64311364111447,0.557902376069049,87,0.6590909090909091,1285.0,327.0,9.734848484848484,3.27,57.0,10,16,8
2020,REG,00-0032214,T.Kroft,BUF,16,12,119.0,3,8.547316091771492,0.5342072557357183,11,0.6875,121.0,44.0,7.5625,3.6666666666666665,9.0,1,5,3
2020,REG,00-0032241,T.Gurley,ATL,35,25,164.0,0,1.2359981352929035,0.035314232436940096,14,0.4,51.0,123.0,1.457142857142857,4.92,7.0,1,0,0
2020,REG,00-0032257,D.Johnson,HOU,27,20,172.0,1,-0.21354256419735418,-0.007908983859161266,12,0.4444444444444444,64.0,146.0,2.3703703703703702,7.3,6.0,2,7,0
2020,REG,00-0032257,Du.Johnson,HOU,8,8,77.0,0,4.648764407436829,0.5810955509296036,5,0.625,3.0,74.0,0.375,9.25,2.0,1,1,0
2020,REG,00-0032385,S.Shepard,NYG,92,66,656.0,3,25.96677410946018,0.2822475446680454,52,0.5652173913043478,746.0,204.0,8.108695652173912,3.090909090909091,37.0,10,13,3
2020,REG,00-0032392,A.Hooper,CLE,70,46,435.0,4,22.45112205340092,0.32073031504858457,39,0.5571428571428572,456.0,169.0,6.514285714285714,3.6739130434782608,27.0,3,9,4
2020,REG,00-0032393,C.Prosise,HOU,5,5,18.0,1,-0.881071604730095,-0.17621432094601902,1,0.2,-8.0,26.0,-1.6,5.2,1.0,0,1,1
2020,REG,00-0032394,N.Vannett,DEN,22,14,95.0,1,-4.733247256008206,-0.21514760254582754,10,0.45454545454545453,93.0,64.0,4.2272727272727275,4.571428571428571,6.0,0,4,1
2020,REG,00-0032404,T.Ervin,GB,15,11,84.0,0,2.858416678674982,0.19056111191166547,9,0.6,-15.0,84.0,-1.0,7.636363636363637,6.0,1,1,0
2020,REG,00-0032426,A.Collins,SEA,2,1,4.0,0,-1.076321283122524,-0.538160641561262,0,0.0,11.0,1.0,5.5,1.0,0.0,0,0,0
2020,REG,00-0032434,B.Allen,CIN,1,0,0.0,0,-0.500217972323299,-0.500217972323299,0,0.0,8.0,0.0,8.0,0.0,0.0,0,1,0
2020,REG,00-0032464,K.Raymond,TEN,15,9,187.0,0,6.811269694606545,0.454084646307103,8,0.5333333333333333,263.0,38.0,17.533333333333335,4.222222222222222,7.0,4,0,0
2020,REG,00-0032543,A.Erickson,CIN,17,12,139.0,0,2.6832760619712834,0.15783976835125196,10,0.5882352941176471,122.0,67.0,7.176470588235294,5.583333333333333,5.0,2,1,0
2020,REG,00-0032577,D.Foster,ARI,1,1,7.0,0,0.662165773333982,0.662165773333982,1,1.0,4.0,3.0,4.0,3.0,1.0,0,0,0
2020,REG,00-0032602,J.McKissic,WAS,110,80,589.0,2,-9.488661995427972,-0.08626056359479974,51,0.4636363636363636,186.0,503.0,1.690909090909091,6.2875,32.0,2,12,1
2020,REG,00-0032688,R.Anderson,CAR,137,95,1093.0,3,28.13957065418675,0.20539832594296897,69,0.5036496350364964,1318.0,494.0,9.620437956204379,5.2,49.0,16,16,1
2020,REG,00-0032725,S.Anderson,LAC,11,8,106.0,0,5.368926214985537,0.48808420136232156,7,0.6363636363636364,44.0,80.0,4.0,10.0,7.0,1,0,0
2020,REG,00-0032741,P.Barber,WAS,7,4,12.0,0,-2.775825373595581,-0.39654648194222586,1,0.14285714285714285,1.0,11.0,0.14285714285714285,2.75,1.0,0,0,0
2020,REG,00-0032764,D.Henry,TEN,31,19,114.0,0,-6.837931312404503,-0.22057842943240333,9,0.2903225806451613,-29.0,127.0,-0.9354838709677419,6.684210526315789,4.0,1,1,0
2020,REG,00-0032765,M.Thomas,NO,55,40,438.0,0,15.378163100121956,0.27960296545676283,32,0.5818181818181818,528.0,82.0,9.6,2.05,25.0,5,11,0
2020,REG,00-0032775,D.Robinson,KC,59,45,466.0,3,20.56948566253413,0.3486353502124429,35,0.5932203389830508,525.0,173.0,8.898305084745763,3.8444444444444446,26.0,7,6,1
2020,REG,00-0032778,T.Sharpe,MIN,3,0,0.0,0,-4.866008272161709,-1.6220027573872364,0,0.0,112.0,0.0,37.333333333333336,0.0,0.0,0,0,0
2020,REG,00-0032780,J.Howard,MIA,1,1,-3.0,0,-1.0240601899568,-1.0240601899568,0,0.0,-4.0,0.0,-4.0,0.0,0.0,0,0,0
2020,REG,00-0032791,J.Grant,MIA,54,36,373.0,1,6.309339333699631,0.1168396172907339,29,0.5370370370370371,567.0,172.0,10.5,4.777777777777778,22.0,3,4,1
2020,REG,00-0032813,E.Penny,NYG,3,2,20.0,0,1.230562415032181,0.41018747167739367,2,0.6666666666666666,4.0,16.0,1.3333333333333333,8.0,1.0,0,1,0
2020,REG,00-0032881,T.Lewis,NO,3,1,5.0,0,-1.68247993348632,-0.5608266444954401,0,0.0,38.0,0.0,12.666666666666666,0.0,0.0,0,0,0
2020,REG,00-0032918,C.Ham,MIN,13,8,97.0,1,4.880745358765125,0.3754419506742404,8,0.6153846153846154,43.0,75.0,3.3076923076923075,9.375,6.0,1,3,1
2020,REG,00-0032940,D.Washington,KC,1,1,2.0,0,2.39874882888398,2.39874882888398,1,1.0,1.0,1.0,1.0,1.0,0.0,0,1,0
2020,REG,00-0032940,D.Washington,MIA,9,4,28.0,0,-0.037009292398578975,-0.004112143599842109,4,0.4444444444444444,25.0,22.0,2.7777777777777777,5.5,2.0,0,0,0
2020,REG,00-0032951,L.Treadwell,ATL,7,6,49.0,2,3.866599450383581,0.5523713500547973,5,0.7142857142857143,39.0,13.0,5.571428571428571,2.1666666666666665,4.0,0,3,2
2020,REG,00-0032956,A.Janovich,CLE,5,2,13.0,0,-1.786224134033546,-0.3572448268067092,1,0.2,9.0,12.0,1.8,6.0,1.0,0,0,0
2020,REG,00-0032972,D.Booker,LV,21,17,84.0,0,-13.60494181672916,-0.647854372225198,7,0.3333333333333333,7.0,81.0,0.3333333333333333,4.764705882352941,2.0,0,3,0
2020,REG,00-0032975,J.Williams,DET,4,4,21.0,0,0.23987041902728512,0.05996760475682128,2,0.5,-2.0,23.0,-0.5,5.75,2.0,0,0,0
2020,REG,00-0032977,R.Higgins,CLE,52,37,599.0,4,36.1214779190226,0.6946438061350501,37,0.7115384615384616,733.0,78.0,14.096153846153847,2.108108108108108,26.0,12,8,3
2020,REG,00-0032980,M.Johnson,IND,28,14,255.0,0,8.794779760514759,0.31409927716124136,12,0.42857142857142855,487.0,49.0,17.392857142857142,3.5,11.0,6,1,0
2020,REG,00-0032986,J.Holtz,CHI,1,0,0.0,0,-5.06785566196777,-5.06785566196777,0,0.0,6.0,0.0,6.0,0.0,0.0,0,1,0
2020,REG,00-0033006,J.Mickens,TB,10,7,58.0,0,4.593217787790045,0.4593217787790045,6,0.6,73.0,31.0,7.3,4.428571428571429,6.0,0,1,0
2020,REG,00-0033009,T.Boyd,CIN,110,79,841.0,4,37.628769738104864,0.3420797248918624,66,0.6,940.0,350.0,8.545454545454545,4.430379746835443,43.0,7,16,3
2020,REG,00-0033025,J.Richard,LV,23,19,138.0,0,-8.925862856222253,-0.38808099374879357,9,0.391304347826087,49.0,97.0,2.130434782608696,5.105263157894737,5.0,0,4,0
2020,REG,00-0033040,T.Hill,KC,135,87,1276.0,15,75.19457852968289,0.556996877997651,77,0.5703703703703704,1739.0,434.0,12.881481481481481,4.988505747126437,57.0,20,19,8
2020,REG,00-0033045,E.Elliott,DAL,72,52,338.0,2,-17.34692570289177,-0.2409295236512746,37,0.5138888888888888,-17.0,360.0,-0.2361111111111111,6.923076923076923,20.0,0,8,2
2020,REG,00-0033077,D.Prescott,DAL,1,1,11.0,1,2.66843739943579,2.66843739943579,1,1.0,10.0,1.0,10.0,1.0,1.0,0,1,1
2020,REG,00-0033080,S.DeValve,ARI,1,0,0.0,0,-0.579306447412819,-0.579306447412819,0,0.0,35.0,0.0,35.0,0.0,0.0,0,0,0
2020,REG,00-0033085,J.Hawkins,PIT,1,0,0.0,0,-1.08256936987164,-1.08256936987164,0,0.0,0.0,0.0,0.0,0.0,0.0,0,1,0
2020,REG,00-0033090,H.Henry,LAC,93,60,613.0,4,18.15768157797278,0.19524388793519118,52,0.5591397849462365,741.0,226.0,7.967741935483871,3.7666666666666666,35.0,5,14,4
2020,REG,00-0033094,M.Hall,CLE,2,1,12.0,0,0.6443147475365549,0.32215737376827747,1,0.5,31.0,0.0,15.5,0.0,0.0,0,0,0
2020,REG,00-0033094,M.Hall,DET,30,17,290.0,2,16.372632447688392,0.5457544149229464,17,0.5666666666666667,518.0,58.0,17.266666666666666,3.411764705882353,10.0,4,2,0
2020,REG,00-0033110,T.Higbee,LA,61,44,521.0,5,35.266588258338835,0.5781407911203088,37,0.6065573770491803,479.0,238.0,7.852459016393443,5.409090909090909,27.0,9,7,4
2020,REG,00-0033111,P.Cooper,CAR,8,5,73.0,0,2.664461337553799,0.33305766719422486,5,0.625,79.0,35.0,9.875,7.0,3.0,1,0,0
2020,REG,00-0033112,T.Hemingway,WAS,2,1,10.0,0,-0.02164561790414199,-0.010822808952070995,1,0.5,7.0,6.0,3.5,6.0,1.0,0,0,0
2020,REG,00-0033114,M.Thomas,CIN,21,13,132.0,1,-6.5722332806908526,-0.3129634895567073,10,0.47619047619047616,181.0,28.0,8.619047619047619,2.1538461538461537,7.0,2,1,1
2020,REG,00-0033118,K.Drake,ARI,31,25,137.0,0,-1.9532168779323478,-0.0630069960623338,14,0.45161290322580644,-30.0,165.0,-0.967741935483871,6.6,5.0,0,2,0
2020,REG,00-0033127,W.Fuller,HOU,75,53,879.0,8,58.204213190034345,0.7760561758671246,48,0.64,940.0,291.0,12.533333333333333,5.490566037735849,38.0,14,8,3
2020,REG,00-0033164,T.Pope,LAC,10,8,42.0,0,-3.465752639476456,-0.3465752639476456,3,0.3,-16.0,44.0,-1.6,5.5,1.0,0,2,0
2020,REG,00-0033215,C.Grayson,TB,3,0,0.0,0,-3.0834270485211177,-1.027809016173706,0,0.0,71.0,0.0,23.666666666666668,0.0,0.0,0,0,0
2020,REG,00-0033217,M.Alie-Cox,IND,39,31,394.0,2,12.752992411871695,0.32699980543260754,24,0.6153846153846154,264.0,182.0,6.769230769230769,5.870967741935484,19.0,6,5,2
2020,REG,00-0033246,J.Mundt,LA,4,4,53.0,0,2.8845773113425857,0.7211443278356464,3,0.75,8.0,45.0,2.0,11.25,1.0,1,1,0
2020,REG,00-0033251,Z.Pascal,IND,72,44,629.0,5,21.678771989918147,0.3010940554155298,36,0.5,772.0,233.0,10.722222222222221,5.295454545454546,29.0,13,15,4
2020,REG,00-0033258,D.Daniels,ARI,12,8,92.0,1,6.28681058493396,0.52390088207783,7,0.5833333333333334,67.0,57.0,5.583333333333333,7.125,4.0,2,1,0
2020,REG,00-0033275,P.Walker,CAR,1,0,0.0,0,-0.408470925525762,-0.408470925525762,0,0.0,6.0,0.0,6.0,0.0,0.0,0,0,0
2020,REG,00-0033280,C.McCaffrey,CAR,19,17,146.0,1,8.91171532927546,0.4690376489092347,12,0.631578947368421,27.0,120.0,1.4210526315789473,7.0588235294117645,8.0,1,1,1
2020,REG,00-0033282,C.Samuel,CAR,97,77,851.0,3,37.836861780344236,0.3900707400035488,55,0.5670103092783505,711.0,320.0,7.329896907216495,4.1558441558441555,39.0,12,12,2
2020,REG,00-0033288,G.Kittle,SF,64,48,634.0,2,36.213139931747264,0.565830311433551,41,0.640625,460.0,297.0,7.1875,6.1875,32.0,8,5,1
2020,REG,00-0033292,T.Taylor,SF,21,10,86.0,0,-12.918861228424467,-0.6151838680202127,7,0.3333333333333333,117.0,43.0,5.571428571428571,4.3,5.0,2,7,0
2020,REG,00-0033293,A.Jones,GB,63,47,355.0,2,5.729756250330697,0.09094851191001106,30,0.47619047619047616,77.0,365.0,1.2222222222222223,7.76595744680851,15.0,4,10,2
2020,REG,00-0033296,A.Armah,CAR,9,5,18.0,0,-9.999593806511255,-1.1110659785012507,1,0.1111111111111111,2.0,20.0,0.2222222222222222,4.0,1.0,0,3,0
2020,REG,00-0033307,K.Bourne,SF,75,49,667.0,2,31.191795847122776,0.41589061129497035,45,0.6,686.0,219.0,9.146666666666667,4.469387755102041,35.0,7,12,1
2020,REG,00-0033308,M.Breida,MIA,10,9,96.0,0,3.3880325646605356,0.3388032564660536,5,0.5,-1.0,96.0,-0.1,10.666666666666666,5.0,2,0,0
2020,REG,00-0033338,C.Carter,CIN,7,5,53.0,0,1.635020989459006,0.23357442706557227,4,0.5714285714285714,54.0,10.0,7.714285714285714,2.0,3.0,2,1,0
2020,REG,00-0033357,T.Hill,NO,13,8,98.0,1,0.3553991703362211,0.027338397718170853,4,0.3076923076923077,91.0,35.0,7.0,4.375,4.0,2,3,1
2020,REG,00-0033367,C.Board,NYG,16,11,101.0,0,2.3401165840914517,0.14625728650571573,9,0.5625,160.0,33.0,10.0,3.0,6.0,0,0,0
2020,REG,00-0033375,T.Patrick,DEN,80,51,742.0,6,34.38974193332604,0.4298717741665755,42,0.525,986.0,238.0,12.325,4.666666666666667,33.0,14,11,6
2020,REG,00-0033376,P.Ricard,BAL,12,9,45.0,1,1.916882381192408,0.15974019843270068,7,0.5833333333333334,1.0,45.0,0.08333333333333333,5.0,3.0,0,4,1
2020,REG,00-0033382,A.Carr,NO,4,3,27.0,1,2.624678299413061,0.6561695748532652,3,0.75,32.0,11.0,8.0,3.6666666666666665,3.0,0,2,1
2020,REG,00-0033386,C.Hollister,TEN,1,1,12.0,0,1.64737863047048,1.64737863047048,1,1.0,10.0,2.0,10.0,2.0,1.0,0,0,0
2020,REG,00-0033387,J.Hollister,SEA,41,25,209.0,3,6.674273990256549,0.16278717049406216,21,0.5121951219512195,237.0,80.0,5.780487804878049,3.2,14.0,1,11,3
2020,REG,00-0033421,A.Auclair,TB,1,0,0.0,0,-0.681436180137098,-0.681436180137098,0,0.0,12.0,0.0,12.0,0.0,0.0,0,0,0
2020,REG,00-0033439,P.Brown,HOU,16,14,163.0,2,10.921073866717057,0.6825671166698161,12,0.75,127.0,76.0,7.9375,5.428571428571429,9.0,2,4,2
2020,REG,00-0033455,A.Firkser,TEN,53,39,387.0,1,18.857271886971834,0.35579758277305346,31,0.5849056603773585,371.0,143.0,7.0,3.6666666666666665,26.0,4,7,1
2020,REG,00-0033460,J.Ross III,CIN,7,2,17.0,0,-2.3238688118872224,-0.33198125884103175,1,0.14285714285714285,84.0,3.0,12.0,1.5,1.0,0,0,0
2020,REG,00-0033466,I.McKenzie,BUF,34,30,282.0,5,21.49181298541685,0.6321121466299073,22,0.6470588235294118,149.0,190.0,4.382352941176471,6.333333333333333,17.0,3,7,3
2020,REG,00-0033471,I.Ford,MIA,44,28,276.0,0,4.657289844949457,0.10584749647612401,25,0.5681818181818182,405.0,68.0,9.204545454545455,2.4285714285714284,18.0,0,5,0
2020,REG,00-0033474,G.Dieter,KC,2,1,10.0,0,0.05323829769622601,0.026619148848113006,1,0.5,15.0,5.0,7.5,5.0,1.0,0,1,0
2020,REG,00-0033481,M.Kemp,KC,1,1,11.0,0,0.968358507903758,0.968358507903758,1,1.0,1.0,10.0,1.0,10.0,1.0,0,0,0
2020,REG,00-0033526,S.Perine,CIN,12,11,66.0,0,0.6048980085158706,0.05040816737632255,6,0.5,-21.0,89.0,-1.75,8.090909090909092,4.0,0,5,0
2020,REG,00-0033528,J.Sprinkle,WAS,3,1,6.0,0,-0.928665812592953,-0.30955527086431767,1,0.3333333333333333,6.0,3.0,2.0,3.0,0.0,0,0,0
2020,REG,00-0033536,M.Williams,LAC,85,48,756.0,5,29.817666042266282,0.35079607108548566,43,0.5058823529411764,1236.0,162.0,14.541176470588235,3.375,35.0,13,11,1
2020,REG,00-0033553,J.Conner,PIT,43,35,215.0,0,-3.2405438927948116,-0.0753614858789491,16,0.37209302325581395,-7.0,233.0,-0.16279069767441862,6.6571428571428575,10.0,0,7,0
2020,REG,00-0033555,M.Hollins,MIA,26,16,176.0,1,-1.6465793714394525,-0.06332997582459433,14,0.5384615384615384,240.0,29.0,9.23076923076923,1.8125,7.0,2,3,1
2020,REG,00-0033556,T.Cohen,CHI,9,6,41.0,0,-0.4873350336565636,-0.05414833707295151,3,0.3333333333333333,15.0,61.0,1.6666666666666667,10.166666666666666,1.0,1,2,0
2020,REG,00-0033564,J.Butt,DEN,4,2,5.0,0,-5.50382869888563,-1.3759571747214074,0,0.0,7.0,2.0,1.75,1.0,0.0,0,1,0
2020,REG,00-0033567,B.Hill,ATL,30,25,199.0,0,3.0377780425116505,0.10125926808372168,14,0.4666666666666667,38.0,162.0,1.2666666666666666,6.48,7.0,2,1,0
2020,REG,00-0033572,J.Agnew,DET,20,13,89.0,0,-5.3249742078259406,-0.26624871039129705,7,0.35,97.0,101.0,4.85,7.769230769230769,4.0,1,3,0
2020,REG,00-0033576,E.Saubert,JAX,4,3,16.0,0,-4.740323364851067,-1.1850808412127667,1,0.25,13.0,7.0,3.25,2.3333333333333335,0.0,0,0,0
2020,REG,00-0033589,D.Moore,SEA,47,35,417.0,6,25.61113889863845,0.5449178489072011,26,0.5531914893617021,416.0,169.0,8.851063829787234,4.828571428571428,18.0,5,13,4
2020,REG,00-0033591,N.Brown,DAL,25,14,154.0,0,5.4291973392187165,0.21716789356874866,13,0.52,247.0,47.0,9.88,3.357142857142857,6.0,1,3,0
2020,REG,00-0033594,C.Carson,SEA,47,37,287.0,4,-13.316180925685195,-0.28332299841883396,24,0.5106382978723404,61.0,257.0,1.297872340425532,6.945945945945946,14.0,2,7,3
2020,REG,00-0033611,R.Seals-Jones,KC,1,0,0.0,0,-0.533207026310265,-0.533207026310265,0,0.0,7.0,0.0,7.0,0.0,0.0,0,0,0
2020,REG,00-0033627,J.Croom,PHI,1,1,3.0,1,1.23572376818629,1.23572376818629,1,1.0,3.0,0.0,3.0,0.0,1.0,0,1,1
2020,REG,00-0033658,B.Jarwin,DAL,1,1,12.0,0,0.915660924627446,0.915660924627446,1,1.0,12.0,0.0,12.0,0.0,1.0,0,0,0
2020,REG,00-0033681,K.Cole,JAX,18,15,148.0,2,11.799971618864225,0.6555539788257903,13,0.7222222222222222,105.0,53.0,5.833333333333333,3.533333333333333,10.0,2,1,1
2020,REG,00-0033681,K.Cole Sr.,JAX,71,40,494.0,3,14.278088746162545,0.20109984149524712,33,0.4647887323943662,852.0,121.0,12.0,3.025,24.0,6,10,3
2020,REG,00-0033699,A.Ekeler,LAC,65,54,403.0,2,12.726700321200664,0.1957953895569333,32,0.49230769230769234,-78.0,473.0,-1.2,8.75925925925926,20.0,2,10,2
2020,REG,00-0033720,C.Thompson,CAR,2,1,7.0,1,0.8301298317383021,0.41506491586915106,1,0.5,6.0,0.0,3.0,0.0,1.0,0,1,1
2020,REG,00-0033725,C.Clement,PHI,6,5,25.0,0,-0.8252911531017127,-0.13754852551695212,3,0.5,-10.0,32.0,-1.6666666666666667,6.4,2.0,0,0,0
2020,REG,00-0033733,G.Ward,PHI,80,53,419.0,6,14.494710953846381,0.18118388692307977,37,0.4625,444.0,164.0,5.55,3.0943396226415096,24.0,3,8,4
2020,REG,00-0033757,R.Tonyan,GB,59,52,586.0,11,43.79369479993514,0.7422660135582227,39,0.6610169491525424,457.0,223.0,7.745762711864407,4.288461538461538,33.0,9,11,7
2020,REG,00-0033798,M.Schreck,CIN,1,0,0.0,0,-0.766915416810662,-0.766915416810662,0,0.0,2.0,0.0,2.0,0.0,0.0,0,0,0
2020,REG,00-0033839,D.Westbrook,JAX,1,1,4.0,0,-0.0418007022817619,-0.0418007022817619,0,0.0,4.0,0.0,4.0,0.0,0.0,0,1,0
2020,REG,00-0033840,C.Hansen,HOU,25,17,236.0,1,10.101060331299966,0.40404241325199863,13,0.52,290.0,39.0,11.6,2.2941176470588234,12.0,4,1,0
2020,REG,00-0033854,D.Ogunbowale,JAX,20,10,54.0,0,-13.99685552250593,-0.6998427761252966,4,0.2,17.0,63.0,0.85,6.3,4.0,0,1,0
2020,REG,00-0033856,L.Fournette,TB,47,36,233.0,0,-1.8479957873565458,-0.03931905930545842,20,0.425531914893617,7.0,235.0,0.14893617021276595,6.527777777777778,9.0,1,9,0
2020,REG,00-0033857,J.Smith-Schuster,PIT,129,97,831.0,9,25.034840247974802,0.19406852905406824,77,0.5968992248062015,703.0,409.0,5.449612403100775,4.216494845360825,48.0,13,20,6
2020,REG,00-0033858,J.Smith,TEN,66,41,448.0,8,15.739810098302053,0.23848197118639475,37,0.5606060606060606,360.0,238.0,5.454545454545454,5.804878048780488,25.0,4,19,8
2020,REG,00-0033859,J.Malone,NYJ,6,4,16.0,0,-4.07589504081988,-0.6793158401366467,1,0.16666666666666666,17.0,8.0,2.8333333333333335,2.0,1.0,0,0,0
2020,REG,00-0033871,C.Davis,TEN,92,65,984.0,5,55.972070822885094,0.6083920741617945,57,0.6195652173913043,1080.0,291.0,11.73913043478261,4.476923076923077,49.0,14,8,4
2020,REG,00-0033873,P.Mahomes,KC,2,0,0.0,0,-2.384233193297405,-1.1921165966487024,0,0.0,25.0,0.0,12.5,0.0,0.0,0,1,0
2020,REG,00-0033879,O.Howard,TB,19,11,146.0,2,3.927629019250154,0.2067173168026397,10,0.5263157894736842,226.0,17.0,11.894736842105264,1.5454545454545454,8.0,2,3,1
2020,REG,00-0033881,E.Engram,NYG,109,63,654.0,1,-21.58912508536482,-0.19806536775564054,43,0.3944954128440367,785.0,287.0,7.201834862385321,4.555555555555555,32.0,6,13,1
2020,REG,00-0033885,D.Njoku,CLE,29,19,213.0,2,11.38184784086762,0.3924775117540559,16,0.5517241379310345,216.0,87.0,7.448275862068965,4.578947368421052,13.0,4,6,2
2020,REG,00-0033891,Z.Jones,LV,20,14,154.0,1,-1.1626644140924474,-0.05813322070462237,10,0.5,142.0,65.0,7.1,4.642857142857143,6.0,1,4,1
2020,REG,00-0033893,D.Cook,MIN,54,44,361.0,1,-2.095607762291956,-0.03880755115355474,24,0.4444444444444444,-96.0,438.0,-1.7777777777777777,9.954545454545455,17.0,4,2,0
2020,REG,00-0033895,G.Everett,LA,62,41,417.0,1,-1.4543599627711743,-0.02345741875437378,30,0.4838709677419355,385.0,243.0,6.209677419354839,5.926829268292683,24.0,3,5,1
2020,REG,00-0033896,A.Shaheen,MIA,22,12,150.0,3,6.726093934237728,0.3057315424653513,9,0.4090909090909091,95.0,105.0,4.318181818181818,8.75,9.0,2,6,3
2020,REG,00-0033897,J.Mixon,CIN,26,21,138.0,1,4.439090937055879,0.17073426680984152,12,0.46153846153846156,-29.0,171.0,-1.1153846153846154,8.142857142857142,5.0,0,3,1
2020,REG,00-0033906,A.Kamara,NO,107,83,756.0,5,8.163480030002379,0.0762942058878727,43,0.40186915887850466,60.0,731.0,0.5607476635514018,8.80722891566265,35.0,9,17,4
2020,REG,00-0033908,C.Kupp,LA,124,92,974.0,3,28.34769537814479,0.22861044659794183,72,0.5806451612903226,782.0,525.0,6.306451612903226,5.706521739130435,45.0,12,13,2
2020,REG,00-0033911,T.Taylor,CLE,1,0,0.0,0,-0.49715586588718,-0.49715586588718,0,0.0,15.0,0.0,15.0,0.0,0.0,0,0,0
2020,REG,00-0033921,C.Godwin,TB,84,65,840.0,7,55.18849837249132,0.657005933005849,56,0.6666666666666666,858.0,280.0,10.214285714285714,4.3076923076923075,43.0,13,9,6
2020,REG,00-0033923,K.Hunt,CLE,51,38,304.0,5,10.173344304168088,0.1994773392974135,26,0.5098039215686274,71.0,280.0,1.392156862745098,7.368421052631579,19.0,3,9,4
2020,REG,00-0033925,D.Foreman,TEN,1,1,5.0,1,1.03447581053479,1.03447581053479,1,1.0,2.0,3.0,2.0,3.0,1.0,0,1,1
2020,REG,00-0033932,K.Golladay,DET,32,20,338.0,2,21.662456989948414,0.6769517809358879,17,0.53125,466.0,38.0,14.5625,1.9,16.0,4,5,2
2020,REG,00-0033943,J.Reynolds,LA,81,52,618.0,2,9.79274604063964,0.12089809926715606,42,0.5185185185185185,886.0,225.0,10.938271604938272,4.326923076923077,31.0,8,6,1
2020,REG,00-0033948,J.Williams,GB,35,31,236.0,1,3.7145939942674873,0.10613125697907107,20,0.5714285714285714,19.0,219.0,0.5428571428571428,7.064516129032258,11.0,1,3,1
2020,REG,00-0033950,W.Gallman,NYG,16,13,75.0,0,-0.9667461345088724,-0.06042163340680452,5,0.3125,-6.0,82.0,-0.375,6.3076923076923075,2.0,0,3,0
2020,REG,00-0033950,W.Gallman Jr.,NYG,11,8,39.0,0,-0.8037077893968658,-0.07306434449062417,4,0.36363636363636365,16.0,18.0,1.4545454545454546,2.25,4.0,0,2,0
2020,REG,00-0033951,M.Mack,IND,3,3,30.0,0,1.584533732733686,0.5281779109112287,2,0.6666666666666666,-1.0,31.0,-0.3333333333333333,10.333333333333334,1.0,0,0,0
2020,REG,00-0033955,J.McNichols,TEN,17,12,55.0,0,-6.754241546049547,-0.39730832623820866,3,0.17647058823529413,8.0,51.0,0.47058823529411764,4.25,0.0,0,6,0
2020,REG,00-0034011,D.Arnold,ARI,45,31,438.0,4,25.691728998819606,0.5709273110848802,29,0.6444444444444445,565.0,173.0,12.555555555555555,5.580645161290323,24.0,8,6,3
2020,REG,00-0034052,B.Zylstra,CAR,4,3,35.0,0,5.771752778324303,1.4429381945810758,3,0.75,55.0,15.0,13.75,5.0,3.0,1,1,0
2020,REG,00-0034054,R.Cracraft,SF,9,6,41.0,0,0.23572055560311178,0.0261911728447902,4,0.4444444444444444,58.0,11.0,6.444444444444445,1.8333333333333333,2.0,0,3,0
2020,REG,00-0034073,R.Dwelley,SF,24,19,245.0,1,16.52886915096315,0.6887028812901312,16,0.6666666666666666,182.0,107.0,7.583333333333333,5.631578947368421,10.0,3,3,1
2020,REG,00-0034081,S.Mitchell,HOU,8,5,60.0,0,4.716525048483162,0.5895656310603953,4,0.5,110.0,10.0,13.75,2.0,3.0,1,2,0
2020,REG,00-0034104,C.Sims,WAS,48,32,477.0,1,19.660104081075623,0.4095855016890755,24,0.5,523.0,249.0,10.895833333333334,7.78125,18.0,9,3,0
2020,REG,00-0034109,P.Lindsay,DEN,14,7,28.0,0,-4.184614260739175,-0.2989010186242268,4,0.2857142857142857,-6.0,39.0,-0.42857142857142855,5.571428571428571,1.0,0,1,0
2020,REG,00-0034115,J.Wilson,SF,28,13,133.0,3,4.000003297443992,0.1428572606229997,12,0.42857142857142855,51.0,111.0,1.8214285714285714,8.538461538461538,8.0,1,6,2
2020,REG,00-0034132,C.Blake,ATL,18,13,141.0,0,1.3524434753030137,0.0751357486279452,7,0.3888888888888889,173.0,26.0,9.61111111111111,2.0,6.0,3,1,0
2020,REG,00-0034159,W.Dissly,SEA,29,24,251.0,2,5.903164808696608,0.20355740719643475,16,0.5517241379310345,138.0,169.0,4.758620689655173,7.041666666666667,12.0,3,4,2
2020,REG,00-0034164,T.Cannon,CAR,4,3,16.0,0,-1.5519104123958378,-0.38797760309895946,1,0.25,3.0,13.0,0.75,4.333333333333333,1.0,0,1,0
2020,REG,00-0034169,M.Baugh,WAS,1,1,2.0,0,-0.294975804979913,-0.294975804979913,0,0.0,0.0,2.0,0.0,2.0,0.0,0,1,0
2020,REG,00-0034171,J.Cabinda,DET,3,2,8.0,0,-8.65938339848071,-2.8864611328269034,1,0.3333333333333333,-4.0,6.0,-1.3333333333333333,3.0,1.0,0,0,0
2020,REG,00-0034184,G.Edwards,BAL,13,9,129.0,0,5.888166799268215,0.45293590763601654,6,0.46153846153846156,49.0,93.0,3.769230769230769,10.333333333333334,4.0,3,1,0
2020,REG,00-0034192,N.Keizer,KC,9,6,63.0,0,-5.355935496394521,-0.5951039440438356,3,0.3333333333333333,81.0,40.0,9.0,6.666666666666667,2.0,1,0,0
2020,REG,00-0034193,K.Rader,PIT,1,0,0.0,0,-1.4395779594779,-1.4395779594779,0,0.0,4.0,0.0,4.0,0.0,0.0,0,0,0
2020,REG,00-0034207,J.Badet,WAS,1,0,0.0,0,-0.228880364215001,-0.228880364215001,0,0.0,25.0,0.0,25.0,0.0,0.0,0,0,0
2020,REG,00-0034208,M.Boone,MIN,2,2,10.0,0,-0.1703740287339315,-0.08518701436696575,0,0.0,-7.0,17.0,-3.5,8.5,0.0,0,0,0
2020,REG,00-0034253,D.Hilliard,CLE,1,1,2.0,0,2.05534475343302,2.05534475343302,1,1.0,0.0,2.0,0.0,2.0,0.0,0,0,0
2020,REG,00-0034267,J.Scott,NYJ,1,1,16.0,0,1.15588378952816,1.15588378952816,1,1.0,13.0,3.0,13.0,3.0,1.0,0,0,0
2020,REG,00-0034270,T.Conklin,MIN,26,19,194.0,1,7.924270922900188,0.30477965088077646,16,0.6153846153846154,114.0,126.0,4.384615384615385,6.631578947368421,11.0,2,1,1
2020,REG,00-0034272,M.Valdes-Scantling,GB,63,33,690.0,6,29.16033765865725,0.4628625025183691,31,0.49206349206349204,1153.0,241.0,18.3015873015873,7.303030303030303,27.0,10,6,2
2020,REG,00-0034273,D.Ratley,NYG,10,4,63.0,0,-3.560662507202,-0.35606625072020004,4,0.4,104.0,10.0,10.4,2.5,2.0,1,4,0
2020,REG,00-0034279,E.St. Brown,GB,13,7,117.0,1,5.776400765753338,0.44433852044256444,7,0.5384615384615384,157.0,59.0,12.076923076923077,8.428571428571429,6.0,3,0,0
2020,REG,00-0034286,R.James,SF,35,23,391.0,1,23.662511031026966,0.6760717437436276,17,0.4857142857142857,373.0,190.0,10.657142857142857,8.26086956521739,14.0,7,4,0
2020,REG,00-0034297,B.Pringle,KC,17,13,160.0,1,15.089731177809867,0.8876312457535216,12,0.7058823529411765,173.0,68.0,10.176470588235293,5.230769230769231,9.0,3,3,1
2020,REG,00-0034301,D.Williams,KC,12,6,35.0,0,-1.3504768907003997,-0.11253974089169998,4,0.3333333333333333,-6.0,46.0,-0.5,7.666666666666667,3.0,0,2,0
2020,REG,00-0034301,Darr.Williams,KC,15,12,81.0,0,1.0847169735628495,0.07231446490418997,8,0.5333333333333333,-16.0,110.0,-1.0666666666666667,9.166666666666666,3.0,0,2,0
2020,REG,00-0034309,C.Beebe,MIN,30,20,201.0,2,6.102052922127783,0.20340176407092608,15,0.5,181.0,73.0,6.033333333333333,3.65,12.0,1,4,1
2020,REG,00-0034317,K.Kirkwood,CAR,2,1,13.0,0,-0.960921583503749,-0.4804607917518745,0,0.0,32.0,9.0,16.0,9.0,0.0,0,0,0
2020,REG,00-0034319,D.Yelder,KC,11,7,36.0,0,-2.5545581913320357,-0.23223256284836688,3,0.2727272727272727,57.0,30.0,5.181818181818182,4.285714285714286,2.0,0,2,0
2020,REG,00-0034331,J.Samuels,PIT,14,9,46.0,0,-3.0637966215144834,-0.2188426158224631,5,0.35714285714285715,-3.0,56.0,-0.21428571428571427,6.222222222222222,2.0,0,0,0
2020,REG,00-0034348,C.Sutton,DEN,6,3,66.0,0,-4.616442561121266,-0.769407093520211,2,0.3333333333333333,106.0,7.0,17.666666666666668,2.3333333333333335,2.0,2,0,0
2020,REG,00-0034349,K.Johnson,DET,26,19,187.0,1,0.8042736727684094,0.03093360279878498,11,0.4230769230769231,-3.0,183.0,-0.11538461538461539,9.631578947368421,11.0,1,2,1
2020,REG,00-0034351,D.Goedert,PHI,65,46,524.0,3,14.879573279526086,0.22891651199270902,36,0.5538461538461539,560.0,202.0,8.615384615384615,4.391304347826087,28.0,7,6,2
2020,REG,00-0034353,A.Miller,CHI,76,49,485.0,2,3.2304215061531076,0.04250554613359352,34,0.4473684210526316,735.0,148.0,9.671052631578947,3.020408163265306,23.0,4,10,0
2020,REG,00-0034364,J.Akins,HOU,49,37,403.0,1,16.1622072641866,0.3298409645752367,32,0.6530612244897959,369.0,172.0,7.530612244897959,4.648648648648648,20.0,7,8,1
2020,REG,00-0034365,I.Thomas,CAR,31,20,145.0,1,-5.499420326494153,-0.17740065569335978,13,0.41935483870967744,196.0,78.0,6.32258064516129,3.9,11.0,1,5,1
2020,REG,00-0034366,K.Coutee,HOU,41,33,400.0,3,11.695675106250839,0.2852603684451424,25,0.6097560975609756,377.0,148.0,9.195121951219512,4.484848484848484,18.0,3,12,3
2020,REG,00-0034367,N.Hines,IND,76,63,482.0,4,8.828977514605779,0.11617075677112866,35,0.4605263157894737,52.0,470.0,0.6842105263157895,7.4603174603174605,24.0,2,12,2
2020,REG,00-0034370,D.Hamilton,DEN,44,23,293.0,2,-8.628780534589897,-0.19610864851340673,20,0.45454545454545453,591.0,95.0,13.431818181818182,4.130434782608695,16.0,2,7,1
2020,REG,00-0034378,I.Smith,ATL,26,17,75.0,0,-12.011110126534023,-0.4619657740974624,8,0.3076923076923077,1.0,81.0,0.038461538461538464,4.764705882352941,3.0,0,8,0
2020,REG,00-0034383,D.Schultz,DAL,89,63,615.0,4,13.081543445433185,0.1469836342183504,50,0.5617977528089888,584.0,279.0,6.561797752808989,4.428571428571429,33.0,3,14,3
2020,REG,00-0034386,J.Watson,TB,11,7,94.0,0,-12.898699100071086,-1.1726090090973715,6,0.5454545454545454,106.0,19.0,9.636363636363637,2.7142857142857144,5.0,1,0,0
2020,REG,00-0034391,S.Neal,BUF,1,1,13.0,0,3.11536745866761,3.11536745866761,1,1.0,10.0,3.0,10.0,3.0,1.0,0,0,0
2020,REG,00-0034393,T.Fumagalli,DEN,15,8,80.0,1,-5.2487255175656236,-0.3499150345043749,8,0.5333333333333333,110.0,60.0,7.333333333333333,7.5,6.0,1,6,1
2020,REG,00-0034395,D.Fountain,IND,3,2,23.0,0,0.5846643310505921,0.19488811035019737,2,0.6666666666666666,28.0,0.0,9.333333333333334,0.0,2.0,0,0,0
2020,REG,00-0034400,J.Wilkins,IND,16,12,105.0,0,-0.8807275724827897,-0.055045473280174353,7,0.4375,-13.0,143.0,-0.8125,11.916666666666666,3.0,2,2,0
2020,REG,00-0034407,R.McCloud,PIT,22,20,77.0,0,0.09034955844981701,0.004106798111355319,9,0.4090909090909091,-33.0,105.0,-1.5,5.25,4.0,0,1,0
2020,REG,00-0034411,R.Gage,ATL,109,72,786.0,4,31.428842125081136,0.2883380011475334,59,0.5412844036697247,927.0,281.0,8.504587155963304,3.9027777777777777,50.0,6,17,4
2020,REG,00-0034414,B.Scott,PHI,36,25,212.0,1,-0.4704102040354672,-0.01306695011209631,14,0.3888888888888889,95.0,181.0,2.638888888888889,7.24,8.0,0,5,1
2020,REG,00-0034418,C.Wilson,DAL,28,17,189.0,2,4.126200041268014,0.14736428718814334,15,0.5357142857142857,244.0,113.0,8.714285714285714,6.647058823529412,10.0,2,6,0
2020,REG,00-0034419,B.Berrios,NYJ,55,37,394.0,3,4.318439460412348,0.07851708109840633,29,0.5272727272727272,416.0,216.0,7.5636363636363635,5.837837837837838,19.0,6,5,1
2020,REG,00-0034420,J.Thomas,ARI,1,1,3.0,1,1.4984674040461,1.4984674040461,1,1.0,3.0,0.0,3.0,0.0,1.0,0,1,1
2020,REG,00-0034420,J.Thomas,NE,1,0,0.0,0,-0.626399885863066,-0.626399885863066,0,0.0,12.0,0.0,12.0,0.0,0.0,0,0,0
2020,REG,00-0034426,J.Wims,CHI,12,6,48.0,1,-1.271389262812411,-0.10594910523436758,5,0.4166666666666667,177.0,4.0,14.75,0.6666666666666666,4.0,0,1,1
2020,REG,00-0034439,R.Izzo,NE,20,13,199.0,0,-6.5348396092013,-0.326741980460065,10,0.5,205.0,68.0,10.25,5.230769230769231,6.0,3,1,0
2020,REG,00-0034440,J.Jackson,LAC,25,19,173.0,0,5.0831358488504765,0.20332543395401906,13,0.52,-47.0,221.0,-1.88,11.631578947368421,7.0,2,2,0
2020,REG,00-0034445,N.Gates,NYG,1,0,0.0,0,-2.57392822386464,-2.57392822386464,0,0.0,8.0,0.0,8.0,0.0,0.0,0,1,0
2020,REG,00-0034449,B.Howell,HOU,2,1,3.0,0,-0.46858886786503795,-0.23429443393251898,0,0.0,19.0,7.0,9.5,7.0,0.0,0,0,0
2020,REG,00-0034457,J.Adams,NYJ,8,6,29.0,0,1.739879091328479,0.21748488641605987,5,0.625,1.0,24.0,0.125,4.0,2.0,0,0,0
2020,REG,00-0034487,T.Sherfield,ARI,7,5,50.0,0,-7.488986970041832,-1.0698552814345474,3,0.42857142857142855,82.0,27.0,11.714285714285714,5.4,2.0,1,1,0
2020,REG,00-0034490,E.Turner,ARI,1,1,26.0,0,4.01401143427938,4.01401143427938,1,1.0,14.0,12.0,14.0,12.0,1.0,1,0,0
2020,REG,00-0034510,R.Foster,WAS,6,2,37.0,0,1.6460745032527377,0.27434575054212296,2,0.3333333333333333,84.0,32.0,14.0,16.0,2.0,1,1,0
2020,REG,00-0034521,A.Lazard,GB,46,33,451.0,3,38.1918016698619,0.8302565580404762,30,0.6521739130434783,458.0,195.0,9.956521739130435,5.909090909090909,23.0,6,6,3
2020,REG,00-0034578,R.Bonnafon,CAR,2,2,18.0,1,2.77165372931631,1.385826864658155,2,1.0,-2.0,20.0,-1.0,10.0,2.0,0,1,1
2020,REG,00-0034597,R.Nall,CHI,9,8,67.0,1,5.749260328710079,0.6388067031900088,6,0.6666666666666666,20.0,47.0,2.2222222222222223,5.875,5.0,0,2,1
2020,REG,00-0034613,T.Hudson,TB,7,3,41.0,0,0.011744582145287286,0.001677797449326755,3,0.42857142857142855,108.0,12.0,15.428571428571429,4.0,3.0,1,1,0
2020,REG,00-0034631,V.Smith,NYJ,3,1,13.0,0,-0.7697453142609471,-0.2565817714203157,1,0.3333333333333333,39.0,1.0,13.0,1.0,1.0,0,1,0
2020,REG,00-0034646,B.Powell,ATL,18,12,69.0,2,-4.475280727320849,-0.24862670707338047,7,0.3888888888888889,83.0,34.0,4.611111111111111,2.8333333333333335,5.0,0,5,2
2020,REG,00-0034652,C.Batson,TEN,13,12,100.0,1,10.975554894503007,0.8442734534233083,10,0.7692307692307693,80.0,43.0,6.153846153846154,3.5833333333333335,7.0,0,1,1
2020,REG,00-0034653,D.Burnett,PHI,4,3,19.0,0,-0.39034732419531776,-0.09758683104882944,1,0.25,15.0,4.0,3.75,1.3333333333333333,1.0,0,1,0
2020,REG,00-0034660,R.Gafford,LV,2,0,0.0,0,-2.36495387402829,-1.182476937014145,0,0.0,64.0,0.0,32.0,0.0,0.0,0,0,0
2020,REG,00-0034676,J.Washington,PIT,56,30,392.0,5,6.916027646337165,0.12350049368459223,25,0.44642857142857145,699.0,139.0,12.482142857142858,4.633333333333334,19.0,5,7,3
2020,REG,00-0034681,C.Edmonds,ARI,67,53,402.0,4,9.082410035773693,0.13555835874289093,32,0.47761194029850745,135.0,326.0,2.014925373134328,6.150943396226415,21.0,2,11,4
2020,REG,00-0034686,A.Tate,CIN,22,14,150.0,0,2.484761249696898,0.11294369316804082,10,0.45454545454545453,207.0,58.0,9.409090909090908,4.142857142857143,9.0,0,4,0
2020,REG,00-0034753,M.Andrews,BAL,88,58,701.0,7,36.731953805955285,0.4174085659767646,48,0.5454545454545454,899.0,182.0,10.215909090909092,3.1379310344827585,37.0,10,18,4
2020,REG,00-0034764,M.Gallup,DAL,105,59,843.0,5,29.17307774765558,0.2778388356919579,52,0.49523809523809526,1237.0,252.0,11.780952380952382,4.271186440677966,44.0,11,14,3
2020,REG,00-0034765,T.Smith,NO,50,34,448.0,4,24.341424969179023,0.48682849938358047,27,0.54,450.0,135.0,9.0,3.9705882352941178,22.0,9,7,4
2020,REG,00-0034766,C.Herndon,NYJ,46,31,287.0,3,0.7671931840516437,0.016678112696774862,25,0.5434782608695652,308.0,128.0,6.695652173913044,4.129032258064516,17.0,3,5,2
2020,REG,00-0034772,A.Callaway,MIA,4,2,20.0,0,0.898361240047957,0.22459031001198926,2,0.5,28.0,3.0,7.0,1.5,1.0,0,0,0
2020,REG,00-0034775,C.Kirk,ARI,79,48,621.0,6,11.202781278512024,0.1418073579558484,39,0.4936708860759494,935.0,175.0,11.835443037974683,3.6458333333333335,30.0,7,14,4
2020,REG,00-0034777,D.Chark,JAX,7,7,109.0,1,11.436690758273478,1.6338129654676397,7,1.0,87.0,22.0,12.428571428571429,3.142857142857143,7.0,1,1,1
2020,REG,00-0034777,D.Chark Jr.,JAX,87,46,597.0,4,-1.5468176857750424,-0.01777951362959819,36,0.41379310344827586,1213.0,143.0,13.942528735632184,3.108695652173913,30.0,9,12,3
2020,REG,00-0034788,J.Graham,ATL,5,3,25.0,0,-0.04573529434855583,-0.009147058869711167,2,0.4,18.0,14.0,3.6,4.666666666666667,1.0,0,0,0
2020,REG,00-0034791,N.Chubb,CLE,18,16,150.0,0,4.857563224853953,0.2698646236029974,11,0.6111111111111112,49.0,133.0,2.7222222222222223,8.3125,6.0,1,2,0
2020,REG,00-0034798,D.Smythe,MIA,29,26,208.0,2,14.018864578500658,0.4834091233965744,21,0.7241379310344828,114.0,122.0,3.9310344827586206,4.6923076923076925,13.0,0,6,2
2020,REG,00-0034799,K.Ballage,LAC,27,20,99.0,0,-4.2492002474609745,-0.15737778694299906,9,0.3333333333333333,-22.0,130.0,-0.8148148148148148,6.5,4.0,0,4,0
2020,REG,00-0034799,K.Ballage,NYJ,10,9,67.0,0,0.6644391132285862,0.06644391132285862,3,0.3,3.0,83.0,0.3,9.222222222222221,1.0,1,1,0
2020,REG,00-0034816,R.Jones,TB,42,28,165.0,1,-21.51022335488232,-0.5121481751162458,11,0.2619047619047619,37.0,157.0,0.8809523809523809,5.607142857142857,2.0,1,4,0
2020,REG,00-0034827,D.Moore,CAR,118,66,1193.0,4,26.485065160322403,0.22444970474849493,64,0.5423728813559322,1561.0,382.0,13.228813559322035,5.787878787878788,53.0,19,9,1
2020,REG,00-0034829,M.Gesicki,MIA,85,53,703.0,6,20.421374650338162,0.2402514664745666,44,0.5176470588235295,940.0,167.0,11.058823529411764,3.150943396226415,36.0,10,16,5
2020,REG,00-0034830,H.Hurst,ATL,89,56,571.0,6,14.649026043973226,0.1645957982468902,44,0.4943820224719101,594.0,245.0,6.674157303370786,4.375,35.0,5,16,4
2020,REG,00-0034837,C.Ridley,ATL,145,90,1374.0,9,50.082496046997335,0.3453965244620506,80,0.5517241379310345,2052.0,275.0,14.151724137931035,3.0555555555555554,65.0,23,24,7
2020,REG,00-0034838,R.Freeman,DEN,13,12,81.0,0,2.699709704799347,0.20766997729225745,5,0.38461538461538464,22.0,63.0,1.6923076923076923,5.25,4.0,1,4,0
2020,REG,00-0034844,S.Barkley,NYG,9,6,60.0,0,3.641316238208678,0.4045906931342975,4,0.4444444444444444,34.0,55.0,3.7777777777777777,9.166666666666666,3.0,1,2,0
2020,REG,00-0034845,S.Michel,NE,9,7,114.0,1,8.750541653600521,0.9722824059556134,7,0.7777777777777778,-2.0,110.0,-0.2222222222222222,15.714285714285714,5.0,2,0,0
2020,REG,00-0034854,K.Hodge,CLE,17,11,180.0,0,10.484842254576503,0.6167554267397942,11,0.6470588235294118,278.0,23.0,16.352941176470587,2.090909090909091,11.0,2,3,0
2020,REG,00-0034855,B.Mayfield,CLE,1,1,6.0,0,1.77058824489359,1.77058824489359,1,1.0,5.0,1.0,5.0,1.0,1.0,0,0,0
2020,REG,00-0034857,J.Allen,BUF,1,1,12.0,1,2.29472383309621,2.29472383309621,1,1.0,-5.0,17.0,-5.0,17.0,1.0,0,1,1
2020,REG,00-0034860,D.Pettis,NYG,5,4,76.0,1,5.2727355143372865,1.0545471028674573,4,0.8,76.0,6.0,15.2,1.5,3.0,2,0,0
2020,REG,00-0034860,D.Pettis,SF,1,0,0.0,0,-0.448526155669242,-0.448526155669242,0,0.0,34.0,0.0,34.0,0.0,0.0,0,0,0
2020,REG,00-0034928,S.Sims,WAS,37,27,265.0,1,10.904936803048574,0.2947280217040155,18,0.4864864864864865,262.0,126.0,7.081081081081081,4.666666666666667,13.0,3,2,1
2020,REG,00-0034960,J.Meyers,NE,82,59,729.0,0,25.619675161758273,0.3124350629482716,50,0.6097560975609756,826.0,216.0,10.073170731707316,3.6610169491525424,37.0,11,6,0
2020,REG,00-0034970,I.Smith,MIN,44,30,365.0,5,28.842881841079812,0.6555200418427231,25,0.5681818181818182,346.0,126.0,7.863636363636363,4.2,22.0,6,13,5
2020,REG,00-0034972,A.Mattison,MIN,15,13,125.0,1,8.095390505943218,0.5396927003962145,11,0.7333333333333333,41.0,108.0,2.7333333333333334,8.307692307692308,5.0,1,0,0
2020,REG,00-0034975,J.Hill,BAL,5,5,20.0,0,-3.016067020653276,-0.6032134041306552,1,0.2,-7.0,27.0,-1.4,5.4,0.0,0,2,0
2020,REG,00-0034981,F.Moreau,LV,9,7,140.0,2,10.175309042679155,1.1305898936310173,7,0.7777777777777778,109.0,51.0,12.11111111111111,7.285714285714286,5.0,4,1,1
2020,REG,00-0034983,H.Renfrow,LV,77,56,656.0,2,27.79444867287964,0.36096686588155374,43,0.5584415584415584,547.0,338.0,7.103896103896104,6.035714285714286,32.0,7,8,2
2020,REG,00-0034988,K.Smith,NYG,21,18,112.0,0,6.103765589534309,0.2906555042635385,12,0.5714285714285714,41.0,89.0,1.9523809523809523,4.944444444444445,8.0,0,4,0
2020,REG,00-0035006,O.Johnson,MIN,20,14,189.0,0,4.638839760024111,0.23194198800120555,12,0.6,215.0,49.0,10.75,3.5,9.0,3,1,0
2020,REG,00-0035021,A.Dulin,IND,6,3,53.0,0,1.8435714414226818,0.3072619069037803,3,0.5,31.0,28.0,5.166666666666667,9.333333333333334,2.0,1,0,0
2020,REG,00-0035022,P.Hart,SEA,1,1,3.0,0,-0.204255594639108,-0.204255594639108,0,0.0,-1.0,4.0,-1.0,4.0,0.0,0,0,0
2020,REG,00-0035039,S.Carlson,CLE,2,1,11.0,0,-1.001539334596604,-0.500769667298302,1,0.5,0.0,11.0,0.0,11.0,1.0,0,1,0
2020,REG,00-0035099,K.Blasingame,TEN,5,4,39.0,0,2.030884983018038,0.4061769966036076,3,0.6,5.0,34.0,1.0,8.5,2.0,0,0,0
2020,REG,00-0035102,B.Dillon,MIN,1,1,6.0,0,-0.377996272407472,-0.377996272407472,0,0.0,5.0,1.0,5.0,1.0,0.0,0,0,0
2020,REG,00-0035125,A.Ingold,LV,17,12,110.0,1,6.382107320419764,0.37541807767175084,10,0.5882352941176471,76.0,88.0,4.470588235294118,7.333333333333333,9.0,2,3,1
2020,REG,00-0035140,M.Hardman,KC,63,41,560.0,4,31.62693694727216,0.5020148721789232,35,0.5555555555555556,660.0,285.0,10.476190476190476,6.951219512195122,23.0,7,5,2
2020,REG,00-0035148,D.Thompson,KC,11,7,65.0,1,1.0113250414724462,0.09193864013385875,3,0.2727272727272727,-29.0,88.0,-2.6363636363636362,12.571428571428571,3.0,1,2,1
2020,REG,00-0035181,D.Shepherd,GB,8,5,46.0,0,0.5665892803226591,0.07082366004033239,3,0.375,120.0,18.0,15.0,3.6,1.0,0,1,0
2020,REG,00-0035184,D.Ozigbo,JAX,9,9,42.0,0,-5.0749514810158916,-0.5638834978906546,3,0.3333333333333333,3.0,39.0,0.3333333333333333,4.333333333333333,3.0,0,1,0
2020,REG,00-0035187,A.Walter,SF,1,1,27.0,0,1.03164030937478,1.03164030937478,1,1.0,-6.0,33.0,-6.0,33.0,1.0,1,0,0
2020,REG,00-0035208,O.Zaccheaus,ATL,32,20,274.0,1,12.340582720455853,0.3856432100142454,18,0.5625,440.0,63.0,13.75,3.15,16.0,2,2,0
2020,REG,00-0035215,D.Harris,NO,25,20,186.0,1,12.096646738180421,0.4838658695272169,16,0.64,101.0,127.0,4.04,6.35,10.0,1,3,1
2020,REG,00-0035216,D.Johnson,PIT,106,65,654.0,5,11.387189557392505,0.10742631657917458,49,0.46226415094339623,790.0,328.0,7.452830188679245,5.046153846153846,36.0,6,9,4
2020,REG,00-0035216,Di.Johnson,PIT,38,23,269.0,2,7.008092069252658,0.1844234755066489,17,0.4473684210526316,350.0,66.0,9.210526315789474,2.869565217391304,9.0,4,2,0
2020,REG,00-0035217,B.Snell,PIT,14,10,61.0,0,-5.010769340122811,-0.3579120957230579,6,0.42857142857142855,-27.0,88.0,-1.9285714285714286,8.8,3.0,0,3,0
2020,REG,00-0035229,T.Hockenson,DET,102,67,723.0,6,9.887433879042337,0.09693562626512095,54,0.5294117647058824,710.0,329.0,6.96078431372549,4.91044776119403,40.0,6,18,6
2020,REG,00-0035243,M.Sanders,PHI,52,28,197.0,0,-19.239947251081237,-0.3699989855977161,16,0.3076923076923077,95.0,211.0,1.8269230769230769,7.535714285714286,8.0,3,1,0
2020,REG,00-0035246,J.Arcega-Whiteside,PHI,9,4,85.0,0,-1.5759636143774325,-0.17510706826415917,4,0.4444444444444444,121.0,11.0,13.444444444444445,2.75,4.0,2,2,0
2020,REG,00-0035250,D.Singletary,BUF,50,38,269.0,0,0.4880635912196174,0.009761271824392348,25,0.5,51.0,269.0,1.02,7.078947368421052,8.0,2,7,0
2020,REG,00-0035259,T.Wesco,NYJ,2,1,5.0,0,-0.245783035410568,-0.122891517705284,1,0.5,7.0,0.0,3.5,0.0,0.0,0,1,0
2020,REG,00-0035261,T.Pollard,DAL,40,28,193.0,1,-4.468342639352991,-0.11170856598382477,15,0.375,-14.0,232.0,-0.35,8.285714285714286,9.0,1,8,1
2020,REG,00-0035287,K.Johnson,ARI,23,15,173.0,0,-2.487890692718791,-0.1081691605529909,12,0.5217391304347826,250.0,50.0,10.869565217391305,3.3333333333333335,7.0,2,2,0
2020,REG,00-0035289,G.Minshew II,JAX,1,1,0.0,0,-0.719744556117803,-0.719744556117803,0,0.0,-8.0,8.0,-8.0,8.0,0.0,0,0,0
2020,REG,00-0035291,T.Williams,CIN,5,5,30.0,0,-0.41158042912138404,-0.08231608582427681,3,0.6,-11.0,41.0,-2.2,8.2,1.0,0,0,0
2020,REG,00-0035298,S.Miller,TB,53,33,501.0,3,14.04256171900625,0.2649539946982311,25,0.4716981132075472,840.0,109.0,15.849056603773585,3.303030303030303,20.0,7,4,1
2020,REG,00-0035304,C.Gillaspia,HOU,1,1,6.0,0,-0.223516345722601,-0.223516345722601,0,0.0,-2.0,8.0,-2.0,8.0,0.0,0,0,0
2020,REG,00-0035310,C.Cox,MIA,2,2,9.0,0,0.543198565021157,0.2715992825105785,2,1.0,2.0,7.0,1.0,3.5,1.0,0,0,0
2020,REG,00-0035311,M.Gaskin,MIA,47,41,388.0,2,17.7321592822075,0.37727998472781915,27,0.574468085106383,10.0,388.0,0.2127659574468085,9.463414634146341,12.0,3,7,1
2020,REG,00-0035313,T.Godwin,JAX,6,3,32.0,0,-2.034411488682963,-0.3390685814471605,3,0.5,70.0,3.0,11.666666666666666,1.0,2.0,1,0,0
2020,REG,00-0035329,D.Parham Jr.,LAC,20,10,159.0,3,2.580791882472129,0.12903959412360647,10,0.5,175.0,56.0,8.75,5.6,8.0,4,7,2
2020,REG,00-0035341,T.Irwin,CIN,2,1,5.0,0,-0.8627662873181999,-0.43138314365909997,1,0.5,12.0,1.0,6.0,1.0,0.0,0,1,0
2020,REG,00-0035342,P.Laird,MIA,12,10,68.0,0,-0.1962841198163192,-0.016357009984693267,5,0.4166666666666667,31.0,40.0,2.5833333333333335,4.0,3.0,0,1,0
2020,REG,00-0035350,P.Williams,MIA,37,18,288.0,4,6.211110540545777,0.16786785244718316,17,0.4594594594594595,508.0,42.0,13.72972972972973,2.3333333333333335,14.0,6,8,3
2020,REG,00-0035406,L.Humphrey,NO,5,3,46.0,1,-1.9649074470508028,-0.39298148941016053,3,0.6,53.0,10.0,10.6,3.3333333333333335,3.0,0,1,1
2020,REG,00-0035414,J.Guyton,LAC,55,28,511.0,3,8.435678717515177,0.15337597668209413,22,0.4,895.0,179.0,16.272727272727273,6.392857142857143,18.0,7,7,1
2020,REG,00-0035457,T.Johnson,LAC,4,3,157.0,1,10.678518008906405,2.6696295022266012,3,0.75,196.0,5.0,49.0,1.6666666666666667,3.0,3,0,0
2020,REG,00-0035457,Ty.Johnson,LAC,22,17,241.0,2,18.653524708322948,0.8478874867419521,13,0.5909090909090909,338.0,54.0,15.363636363636363,3.176470588235294,12.0,4,1,1
2020,REG,00-0035480,M.Taylor,GB,6,5,66.0,1,7.3359543932954665,1.2226590655492444,5,0.8333333333333334,40.0,47.0,6.666666666666667,9.4,4.0,2,1,1
2020,REG,00-0035510,J.Smith,NYJ,37,17,167.0,0,-10.767100835695375,-0.2910027252890642,12,0.32432432432432434,468.0,49.0,12.64864864864865,2.8823529411764706,9.0,1,2,0
2020,REG,00-0035527,A.Isabella,ARI,35,21,224.0,2,-13.55305987506434,-0.38723028214469546,11,0.3142857142857143,394.0,82.0,11.257142857142858,3.9047619047619047,10.0,3,3,2
2020,REG,00-0035529,H.Butler,PHI,1,0,0.0,0,-2.63816357363248,-2.63816357363248,0,0.0,3.0,0.0,3.0,0.0,0.0,0,1,0
2020,REG,00-0035535,D.Slayton,NYG,96,50,751.0,3,16.846943651304823,0.17548899636775858,48,0.5,1303.0,159.0,13.572916666666666,3.18,40.0,10,10,1
2020,REG,00-0035537,T.Johnson,DET,1,0,0.0,0,-2.33122999453917,-2.33122999453917,0,0.0,50.0,0.0,50.0,0.0,0.0,0,0,0
2020,REG,00-0035537,T.Johnson,NYJ,20,16,99.0,1,-0.7774754882557229,-0.038873774412786145,8,0.4,3.0,129.0,0.15,8.0625,6.0,0,1,1
2020,REG,00-0035539,I.Nauta,DET,2,1,3.0,0,-1.4647159193409611,-0.7323579596704806,0,0.0,3.0,0.0,1.5,0.0,0.0,0,1,0
2020,REG,00-0035567,C.Reynolds,JAX,1,1,3.0,0,-1.13143861456774,-1.13143861456774,0,0.0,1.0,2.0,1.0,2.0,0.0,0,0,0
2020,REG,00-0035590,R.Ridley,CHI,4,4,39.0,0,4.77955688949441,1.1948892223736025,4,1.0,36.0,3.0,9.0,0.75,3.0,0,1,0
2020,REG,00-0035592,T.Fulgham,PHI,67,38,539.0,4,23.91789065169524,0.35698344256261555,36,0.5373134328358209,803.0,100.0,11.985074626865671,2.6315789473684212,26.0,5,10,3
2020,REG,00-0035594,T.Homer,SEA,10,9,90.0,1,3.813418406213284,0.38134184062132837,4,0.4,2.0,92.0,0.2,10.222222222222221,4.0,1,1,1
2020,REG,00-0035624,N.Harry,NE,57,33,309.0,2,-5.7796546061709835,-0.10139744923106989,27,0.47368421052631576,457.0,105.0,8.017543859649123,3.1818181818181817,15.0,2,10,2
2020,REG,00-0035628,D.Johnson,CLE,4,3,14.0,0,-0.940128476591781,-0.23503211914794525,1,0.25,0.0,12.0,0.0,4.0,0.0,0,1,0
2020,REG,00-0035631,D.Sample,CIN,53,40,349.0,1,2.3630574195412866,0.044585989047948804,29,0.5471698113207547,222.0,198.0,4.188679245283019,4.95,16.0,1,11,1
2020,REG,00-0035639,P.Campbell,IND,9,6,71.0,0,-0.5445356343989352,-0.06050395937765946,4,0.4444444444444444,107.0,18.0,11.88888888888889,3.0,4.0,1,0,0
2020,REG,00-0035640,D.Metcalf,SEA,129,83,1303.0,10,59.35053433746419,0.46008166153073016,74,0.5736434108527132,1768.0,363.0,13.705426356589147,4.373493975903615,63.0,17,16,5
2020,REG,00-0035644,N.Fant,DEN,94,62,673.0,3,11.599787657826218,0.12340199635985338,47,0.5,626.0,377.0,6.659574468085107,6.080645161290323,34.0,8,13,3
2020,REG,00-0035645,G.Olszewski,NE,5,5,62.0,1,6.97662608424434,1.395325216848868,3,0.6,27.0,35.0,5.4,7.0,3.0,1,0,0
2020,REG,00-0035657,D.Harris,NE,7,5,52.0,0,-9.217372092709391,-1.3167674418156274,4,0.5714285714285714,-3.0,55.0,-0.42857142857142855,11.0,4.0,0,1,0
2020,REG,00-0035659,T.McLaurin,WAS,135,87,1118.0,4,28.03740490410415,0.20768448077114185,68,0.5037037037037037,1300.0,478.0,9.62962962962963,5.494252873563219,51.0,17,14,1
2020,REG,00-0035660,K.Warring,HOU,7,3,35.0,0,-1.811113055376326,-0.2587304364823323,2,0.2857142857142857,58.0,8.0,8.285714285714286,2.6666666666666665,2.0,1,2,0
2020,REG,00-0035662,M.Brown,BAL,100,58,769.0,8,26.96447493026774,0.2696447493026774,46,0.46,1291.0,274.0,12.91,4.724137931034483,35.0,13,11,6
2020,REG,00-0035664,D.Henderson,LA,24,16,155.0,1,-0.7281895290419726,-0.03034123037674886,9,0.375,16.0,156.0,0.6666666666666666,9.75,8.0,1,4,1
2020,REG,00-0035671,J.Sternberger,GB,15,12,114.0,1,3.342020992023295,0.22280139946821967,7,0.4666666666666667,103.0,66.0,6.866666666666666,5.5,6.0,2,3,1
2020,REG,00-0035676,A.Brown,TEN,106,70,1075.0,11,65.57294332681612,0.6186126728944916,63,0.5943396226415094,1150.0,432.0,10.849056603773585,6.171428571428572,55.0,13,12,7
2020,REG,00-0035685,D.Montgomery,CHI,68,54,438.0,2,3.486221259207764,0.05126795969423183,32,0.47058823529411764,64.0,396.0,0.9411764705882353,7.333333333333333,25.0,2,12,1
2020,REG,00-0035689,D.Knox,BUF,44,24,288.0,3,-0.17381258570566283,-0.003950286038765064,20,0.45454545454545453,360.0,160.0,8.181818181818182,6.666666666666667,14.0,3,10,3
2020,REG,00-0035700,J.Jacobs,LV,45,33,238.0,0,0.2612802999904069,0.0058062288886757095,19,0.4222222222222222,33.0,238.0,0.7333333333333333,7.212121212121212,9.0,1,3,0
2020,REG,00-0035703,M.Boykin,BAL,33,19,266.0,4,10.527551754531236,0.31901671983427987,17,0.5151515151515151,383.0,80.0,11.606060606060606,4.2105263157894735,14.0,3,6,2
2020,REG,00-0035719,D.Samuel,SF,44,33,391.0,1,10.135529147577465,0.2303529351722151,21,0.4772727272727273,110.0,398.0,2.5,12.06060606060606,19.0,8,2,1
2020,REG,00-0035726,J.Johnson,NE,3,3,8.0,1,0.6866705655993429,0.2288901885331143,2,0.6666666666666666,5.0,3.0,1.6666666666666667,1.0,1.0,0,1,1
2020,REG,00-0035726,Jak.Johnson,NE,6,5,27.0,0,0.977540991618299,0.16292349860304983,3,0.5,10.0,17.0,1.6666666666666667,3.4,2.0,0,1,0
2020,REG,00-0035806,J.Hasty,SF,8,7,33.0,0,-2.038758525683079,-0.25484481571038486,3,0.375,-19.0,47.0,-2.375,6.714285714285714,0.0,0,0,0
2020,REG,00-0035823,B.Ellefson,JAX,5,1,10.0,0,-2.129437614072108,-0.4258875228144216,2,0.4,45.0,3.0,9.0,3.0,1.0,0,1,0
2020,REG,00-0035831,J.Robinson,JAX,62,49,344.0,3,6.49315294143185,0.10472827324890081,27,0.43548387096774194,-49.0,383.0,-0.7903225806451613,7.816326530612245,15.0,2,8,3
2020,REG,00-0035848,D.Harris,IND,10,10,79.0,0,4.228856289701065,0.4228856289701065,6,0.6,16.0,63.0,1.6,6.3,3.0,1,1,0
2020,REG,00-0035869,A.Mack,NYG,11,7,91.0,0,4.934487554083923,0.44858977764399294,6,0.5454545454545454,91.0,37.0,8.272727272727273,5.285714285714286,5.0,1,3,0
2020,REG,00-0035908,G.Nabers,LAC,7,5,25.0,2,1.1054906639204864,0.15792723770292663,3,0.42857142857142855,6.0,23.0,0.8571428571428571,4.6,2.0,0,3,2
2020,REG,00-0035912,L.Bellamy,DEN,1,1,5.0,0,-0.856522758258507,-0.856522758258507,0,0.0,0.0,5.0,0.0,5.0,0.0,0,0,0
2020,REG,00-0035924,J.Ward,ARI,1,1,11.0,1,2.20048037706874,2.20048037706874,1,1.0,-4.0,15.0,-4.0,15.0,1.0,0,1,1
2020,REG,00-0035957,R.Smith,CAR,11,9,59.0,0,-1.7573295580805275,-0.1597572325527752,4,0.36363636363636365,16.0,46.0,1.4545454545454546,5.111111111111111,1.0,0,1,0
2020,REG,00-0036000,A.Killins,PHI,1,1,2.0,0,-0.268913462059572,-0.268913462059572,0,0.0,-4.0,6.0,-4.0,6.0,0.0,0,0,0
2020,REG,00-0036005,N.Togiai,IND,1,0,0.0,0,-1.17798682348803,-1.17798682348803,0,0.0,3.0,0.0,3.0,0.0,0.0,0,0,0
2020,REG,00-0036008,H.Bryant,DET,3,1,44.0,0,1.65834529325366,0.5527817644178866,1,0.3333333333333333,67.0,12.0,22.333333333333332,12.0,1.0,1,1,0
2020,REG,00-0036020,S.Ahmed,MIA,15,11,61.0,0,-2.1804593537962065,-0.1453639569197471,6,0.4,-7.0,71.0,-0.4666666666666667,6.454545454545454,2.0,0,2,0
2020,REG,00-0036040,J.Johnson,NO,10,4,39.0,0,-3.975363305130443,-0.39753633051304427,3,0.3,73.0,20.0,7.3,5.0,3.0,0,1,0
2020,REG,00-0036069,S.Phillips,HOU,1,1,7.0,0,0.603047332668211,0.603047332668211,1,1.0,3.0,4.0,3.0,4.0,0.0,0,1,0
2020,REG,00-0036096,J.Taylor,NE,2,1,4.0,0,-0.8373493591789155,-0.41867467958945775,0,0.0,-7.0,8.0,-3.5,8.0,0.0,0,1,0
2020,REG,00-0036100,I.Zuber,NE,2,2,29.0,0,1.06446036486886,0.53223018243443,1,0.5,-1.0,30.0,-0.5,15.0,1.0,0,0,0
2020,REG,00-0036110,J.Bradley,CLE,11,5,60.0,0,1.042836426990106,0.0948033115445551,4,0.36363636363636365,126.0,11.0,11.454545454545455,2.2,2.0,1,0,0
2020,REG,00-0036133,J.Proche,BAL,3,1,14.0,0,-11.361122009344399,-3.7870406697814665,1,0.3333333333333333,12.0,8.0,4.0,8.0,1.0,0,0,0
2020,REG,00-0036142,I.Wright,WAS,35,27,197.0,0,0.9226537626974163,0.026361536077069037,17,0.4857142857142857,136.0,143.0,3.8857142857142857,5.296296296296297,10.0,1,4,0
2020,REG,00-0036145,L.Cager,NYJ,6,2,35.0,0,-13.18233124940889,-2.197055208234815,2,0.3333333333333333,84.0,14.0,14.0,7.0,2.0,0,1,0
2020,REG,00-0036158,J.Dobbins,BAL,25,18,120.0,0,1.2507166668813636,0.050028666675254546,11,0.44,0.0,129.0,0.0,7.166666666666667,4.0,0,2,0
2020,REG,00-0036171,A.Brewer,TEN,1,0,0.0,0,-1.749491202645,-1.749491202645,0,0.0,3.0,0.0,3.0,0.0,0.0,0,0,0
2020,REG,00-0036182,N.Westbrook,TEN,4,1,7.0,0,-3.678754524516874,-0.9196886311292185,2,0.5,39.0,4.0,9.75,4.0,1.0,0,1,0
2020,REG,00-0036182,N.Westbrook-Ikhine,TEN,5,2,26.0,0,1.800594415923114,0.3601188831846228,2,0.4,43.0,1.0,8.6,0.5,2.0,0,1,0
2020,REG,00-0036187,R.Gilliam,BUF,2,2,16.0,1,1.625335898541381,0.8126679492706905,2,1.0,8.0,8.0,4.0,4.0,2.0,0,1,1
2020,REG,00-0036188,A.Williams,BUF,1,1,20.0,0,1.48158319439972,1.48158319439972,1,1.0,4.0,16.0,4.0,16.0,1.0,1,0,0
2020,REG,00-0036194,D.Asiasi,NE,7,2,39.0,1,-2.91143363341689,-0.4159190904881272,2,0.2857142857142857,67.0,6.0,9.571428571428571,3.0,2.0,1,1,0
2020,REG,00-0036196,G.Davis,BUF,62,35,599.0,7,13.358168720017527,0.2154543341938311,32,0.5161290322580645,945.0,131.0,15.241935483870968,3.742857142857143,27.0,10,12,4
2020,REG,00-0036219,M.Callaway,NO,27,21,213.0,0,10.638597245502218,0.39402212020378585,18,0.6666666666666666,226.0,58.0,8.37037037037037,2.761904761904762,10.0,1,3,0
2020,REG,00-0036223,J.Taylor,IND,39,36,299.0,1,13.237643447689075,0.33942675506895065,19,0.48717948717948717,-44.0,362.0,-1.1282051282051282,10.055555555555555,12.0,5,5,0
2020,REG,00-0036225,D.Keene,NE,5,3,16.0,0,-1.6783072496182865,-0.3356614499236573,1,0.2,44.0,1.0,8.8,0.3333333333333333,0.0,0,0,0
2020,REG,00-0036232,H.Bryant,CLE,38,24,238.0,3,-10.255475610228691,-0.26988093711128136,18,0.47368421052631576,294.0,117.0,7.7368421052631575,4.875,14.0,1,5,3
2020,REG,00-0036233,D.Peoples-Jones,CLE,21,14,304.0,2,19.96815910770977,0.9508647194147509,15,0.7142857142857143,344.0,77.0,16.38095238095238,5.5,10.0,4,2,0
2020,REG,00-0036244,C.Parkinson,SEA,2,2,16.0,0,2.420825272740327,1.2104126363701635,2,1.0,11.0,5.0,5.5,2.5,2.0,0,1,0
2020,REG,00-0036245,M.Perry,MIA,13,9,92.0,1,5.158086839888709,0.3967759107606699,8,0.6153846153846154,114.0,33.0,8.76923076923077,3.6666666666666665,4.0,1,0,0
2020,REG,00-0036247,F.Swain,SEA,21,13,159.0,2,4.559376681790898,0.2171131753233761,9,0.42857142857142855,225.0,101.0,10.714285714285714,7.769230769230769,6.0,3,4,1
2020,REG,00-0036250,T.Davis,JAX,2,0,0.0,0,-1.7064179088338278,-0.8532089544169139,0,0.0,27.0,0.0,13.5,0.0,0.0,0,1,0
2020,REG,00-0036251,Z.Moss,BUF,18,14,95.0,1,0.4644901232019386,0.025805006844552145,9,0.5,32.0,87.0,1.7777777777777777,6.214285714285714,5.0,1,2,1
2020,REG,00-0036252,M.Pittman,IND,61,40,503.0,1,22.072160353996225,0.36183869432780696,32,0.5245901639344263,510.0,293.0,8.360655737704919,7.325,22.0,5,9,0
2020,REG,00-0036254,C.Johnson,JAX,33,18,272.0,2,11.16150458890501,0.3382274117850003,17,0.5151515151515151,375.0,65.0,11.363636363636363,3.611111111111111,12.0,5,7,1
2020,REG,00-0036255,D.Mims,NYJ,45,23,357.0,0,4.711854636186272,0.10470788080413938,21,0.4666666666666667,675.0,106.0,15.0,4.608695652173913,15.0,6,5,0
2020,REG,00-0036261,B.Aiyuk,SF,96,60,748.0,5,24.30090025831072,0.25313437769073666,51,0.53125,902.0,289.0,9.395833333333334,4.816666666666666,43.0,11,14,5
2020,REG,00-0036265,A.Dillon,GB,2,2,21.0,0,1.817737496749035,0.9088687483745175,2,1.0,5.0,16.0,2.5,8.0,1.0,0,1,0
2020,REG,00-0036268,L.Shenault,JAX,14,11,105.0,1,4.821569988445844,0.34439785631756026,8,0.5714285714285714,116.0,37.0,8.285714285714286,3.3636363636363638,7.0,0,1,1
2020,REG,00-0036268,L.Shenault Jr.,JAX,65,47,495.0,4,14.974338896212462,0.2303744445571148,33,0.5076923076923077,377.0,261.0,5.8,5.553191489361702,26.0,10,9,2
2020,REG,00-0036269,L.Perine,NYJ,15,11,63.0,0,0.78439736622484,0.05229315774832267,7,0.4666666666666667,26.0,67.0,1.7333333333333334,6.090909090909091,3.0,0,1,0
2020,REG,00-0036271,Q.Watkins,PHI,13,7,106.0,1,1.8359698799904485,0.14122845230695757,4,0.3076923076923077,123.0,58.0,9.461538461538462,8.285714285714286,4.0,2,2,0
2020,REG,00-0036275,D.Swift,DET,57,46,357.0,2,9.379179420117365,0.1645470073704801,29,0.5087719298245614,50.0,351.0,0.8771929824561403,7.630434782608695,15.0,1,9,2
2020,REG,00-0036277,Q.Cephus,DET,36,20,349.0,2,14.935999359607031,0.4148888711001953,20,0.5555555555555556,509.0,85.0,14.13888888888889,4.25,16.0,7,5,1
2020,REG,00-0036278,J.Huntley,PHI,2,1,0.0,0,-1.345974717754871,-0.6729873588774355,0,0.0,-1.0,1.0,-0.5,1.0,0.0,0,0,0
2020,REG,00-0036290,C.Kmet,CHI,45,28,243.0,2,-0.6783089695621594,-0.015073532656936875,23,0.5111111111111111,288.0,136.0,6.4,4.857142857142857,12.0,1,7,2
2020,REG,00-0036297,D.Evans,TEN,4,2,27.0,1,3.5091932674986337,0.8772983168746584,2,0.5,-2.0,29.0,-0.5,14.5,2.0,1,1,1
2020,REG,00-0036309,D.Mooney,CHI,99,61,631.0,4,11.089569511422185,0.11201585365072915,48,0.48484848484848486,1128.0,254.0,11.393939393939394,4.163934426229508,33.0,6,11,4
2020,REG,00-0036322,J.Jefferson,MIN,128,88,1400.0,7,66.18497520993384,0.5170701188276081,77,0.6015625,1430.0,453.0,11.171875,5.1477272727272725,58.0,23,15,4
2020,REG,00-0036326,C.Claypool,PIT,112,62,859.0,9,44.061786396743784,0.3934088071137838,51,0.45535714285714285,1438.0,315.0,12.839285714285714,5.080645161290323,40.0,14,16,4
2020,REG,00-0036328,A.Gibson,WAS,44,36,247.0,0,-6.783572795509838,-0.15417210898885994,15,0.3409090909090909,-36.0,301.0,-0.8181818181818182,8.36111111111111,9.0,2,3,0
2020,REG,00-0036331,D.Duvernay,BAL,26,20,201.0,0,4.225897641823389,0.16253452468551496,12,0.46153846153846156,161.0,118.0,6.1923076923076925,5.9,8.0,1,2,0
2020,REG,00-0036332,J.Deguara,GB,2,1,12.0,0,0.43967515195254203,0.21983757597627102,1,0.5,24.0,11.0,12.0,11.0,1.0,0,0,0
2020,REG,00-0036336,A.McFarland,PIT,9,6,54.0,0,-1.9032967435778096,-0.21147741595308997,5,0.5555555555555556,23.0,47.0,2.5555555555555554,7.833333333333333,1.0,0,0,0
2020,REG,00-0036340,A.Gandy-Golden,WAS,7,1,3.0,0,-6.312250090471939,-0.9017500129245627,0,0.0,79.0,1.0,11.285714285714286,1.0,0.0,0,0,0
2020,REG,00-0036357,H.Ruggs,LV,43,26,452.0,2,13.269447688677289,0.30859180671342534,19,0.4418604651162791,748.0,145.0,17.3953488372093,5.576923076923077,13.0,8,2,0
2020,REG,00-0036358,C.Lamb,DAL,111,74,935.0,5,16.424623000209507,0.14796957657846402,56,0.5045045045045045,1031.0,311.0,9.288288288288289,4.202702702702703,46.0,18,11,3
2020,REG,00-0036360,C.Edwards-Helaire,KC,54,36,297.0,1,2.1546139084935323,0.03990025756469504,25,0.46296296296296297,33.0,295.0,0.6111111111111112,8.194444444444445,12.0,3,6,1
2020,REG,00-0036364,L.Bowden,MIA,37,28,211.0,0,-6.996990565747746,-0.18910785312831746,16,0.43243243243243246,185.0,112.0,5.0,4.0,13.0,1,2,0
2020,REG,00-0036365,B.Edwards,LV,15,11,193.0,1,11.83236305970143,0.7888242039800953,10,0.6666666666666666,127.0,80.0,8.466666666666667,7.2727272727272725,9.0,5,1,0
2020,REG,00-0036370,J.Kelley,LAC,23,23,148.0,0,6.290674058429448,0.2735075677578021,12,0.5217391304347826,-25.0,173.0,-1.0869565217391304,7.521739130434782,9.0,1,2,0
2020,REG,00-0036377,J.Reed,LAC,1,0,0.0,0,-0.931210777256638,-0.931210777256638,0,0.0,-9.0,0.0,-9.0,0.0,0.0,0,0,0
2020,REG,00-0036382,K.Hill Jr.,LAC,11,7,73.0,0,0.06362402322702065,0.005784002111547332,5,0.45454545454545453,79.0,18.0,7.181818181818182,2.5714285714285716,2.0,1,2,0
2020,REG,00-0036386,A.Thomas,NYG,1,0,0.0,0,1.053,1.053,1,1.0,0.0,0.0,0.0,0.0,0.0,0,1,0
2020,REG,00-0036387,J.Reagor,PHI,55,31,396.0,1,3.8014872485887907,0.06911794997434165,25,0.45454545454545453,705.0,173.0,12.818181818181818,5.580645161290323,19.0,4,8,1
2020,REG,00-0036389,J.Hurts,PHI,1,1,3.0,0,-0.17026706028264,-0.17026706028264,0,0.0,-6.0,9.0,-6.0,9.0,0.0,0,0,0
2020,REG,00-0036398,J.Hightower,PHI,30,10,167.0,0,-8.496545789835976,-0.2832181929945325,11,0.36666666666666664,655.0,57.0,21.833333333333332,5.7,5.0,2,4,0
2020,REG,00-0036407,J.Jeudy,DEN,115,52,856.0,3,-0.6760956838539676,-0.0058790929030779785,43,0.3739130434782609,1529.0,284.0,13.295652173913043,5.461538461538462,39.0,14,10,1
2020,REG,00-0036410,T.Higgins,CIN,108,67,908.0,6,52.87847781305132,0.48961553530603075,60,0.5555555555555556,1241.0,310.0,11.49074074074074,4.626865671641791,52.0,14,11,6
2020,REG,00-0036412,K.Hamler,DEN,56,30,381.0,3,0.16413016054640722,0.002930895724042986,20,0.35714285714285715,595.0,124.0,10.625,4.133333333333334,17.0,5,4,1
2020,REG,00-0036414,C.Akers,LA,14,11,123.0,1,3.5956069182827153,0.2568290655916225,6,0.42857142857142855,59.0,91.0,4.214285714285714,8.272727272727273,4.0,2,2,1
2020,REG,00-0036415,V.Jefferson,LA,31,19,220.0,1,1.7644151145989104,0.05691661659996485,16,0.5161290322580645,351.0,46.0,11.32258064516129,2.4210526315789473,11.0,2,3,1
2020,REG,00-0036422,A.Trautman,NO,16,15,171.0,1,14.795196371880595,0.9246997732425372,12,0.75,64.0,117.0,4.0,7.8,9.0,2,3,1
2020,REG,00-0036423,A.Okwuegbunam,DEN,15,11,121.0,1,7.515719229803784,0.5010479486535856,10,0.6666666666666666,116.0,73.0,7.733333333333333,6.636363636363637,6.0,1,4,1
2020,REG,00-0036425,D.Dallas,SEA,20,17,111.0,1,2.4334823201975087,0.12167411600987543,11,0.55,2.0,110.0,0.1,6.470588235294118,5.0,0,3,1
2020,REG,00-0036427,T.Johnson,TB,17,12,169.0,2,11.560468514165738,0.6800275596568081,9,0.5294117647058824,169.0,72.0,9.941176470588236,6.0,9.0,3,4,2
2020,REG,00-0036429,C.Woerner,SF,4,3,36.0,0,0.6342873300309289,0.1585718325077322,2,0.5,10.0,25.0,2.5,8.333333333333334,2.0,0,1,0
2020,REG,00-0036439,T.Cleveland,DEN,9,6,63.0,0,2.9151737425709054,0.3239081936189895,5,0.5555555555555556,79.0,18.0,8.777777777777779,3.0,4.0,0,0,0
2020,REG,00-0036450,K.Vaughn,TB,10,5,34.0,1,-3.4352605184820786,-0.34352605184820784,3,0.3,24.0,23.0,2.4,4.6,2.0,0,2,1
2020,REG,00-0036456,D.Dafney,GB,2,2,26.0,1,3.958989807637407,1.9794949038187035,2,1.0,16.0,10.0,8.0,5.0,2.0,0,1,1
2021,POST,00-0024243,M.Lewis,GB,1,1,0.0,0,-5.3412412784528,-5.3412412784528,0,0.0,-1.0,1.0,-1.0,1.0,0.0,0,0,0
2021,POST,00-0026189,D.Jackson,LV,2,1,26.0,0,2.8137528882168787,1.4068764441084394,1,0.5,26.0,4.0,13.0,4.0,1.0,1,1,0
2021,POST,00-0026498,M.Stafford,LA,1,0,0.0,0,-1.51570494625299,-1.51570494625299,0,0.0,5.0,0.0,5.0,0.0,0.0,0,0,0
2021,POST,00-0027656,R.Gronkowski,TB,17,9,116.0,1,-0.9704556378370557,-0.057085625755120925,7,0.4117647058823529,189.0,69.0,11.117647058823529,7.666666666666667,5.0,2,2,1
2021,POST,00-0027685,E.Sanders,BUF,4,3,52.0,1,3.732011385727678,0.9330028464319196,2,0.5,61.0,0.0,15.25,0.0,2.0,1,0,0
2021,POST,00-0027942,A.Green,ARI,3,0,0.0,0,-2.7580121175851637,-0.9193373725283879,0,0.0,64.0,0.0,21.333333333333332,0.0,0.0,0,0,0
2021,POST,00-0027944,J.Jones,TEN,7,6,62.0,0,-0.38726292212959224,-0.05532327458994175,5,0.7142857142857143,55.0,24.0,7.857142857142857,4.0,4.0,0,0,0
2021,POST,00-0028002,R.Cobb,GB,1,0,0.0,0,-0.568941829958931,-0.568941829958931,0,0.0,4.0,0.0,4.0,0.0,0.0,0,0,0
2021,POST,00-0029000,C.Beasley,BUF,9,7,79.0,0,3.351333267579313,0.3723703630643681,6,0.6666666666666666,50.0,38.0,5.555555555555555,5.428571428571429,3.0,1,0,0
2021,POST,00-0029239,B.Bolden,NE,6,4,27.0,0,-0.5041583248530519,-0.08402638747550865,2,0.3333333333333333,33.0,15.0,5.5,3.75,1.0,0,1,0
2021,POST,00-0029269,T.Benjamin,SF,2,1,17.0,0,0.8202408747747549,0.41012043738737747,1,0.5,9.0,5.0,4.5,5.0,1.0,0,0,0
2021,POST,00-0029892,K.Juszczyk,SF,3,2,15.0,0,-0.47818570534508253,-0.1593952351150275,2,0.6666666666666666,24.0,6.0,8.0,3.0,0.0,0,0,0
2021,POST,00-0030061,Z.Ertz,ARI,4,3,21.0,0,0.608612110605464,0.152153027651366,3,0.75,18.0,12.0,4.5,4.0,2.0,0,0,0
2021,POST,00-0030456,G.Bernard,TB,8,5,39.0,0,-0.8694850154293392,-0.1086856269286674,4,0.5,9.0,33.0,1.125,6.6,3.0,1,1,0
2021,POST,00-0030506,T.Kelce,KC,27,23,299.0,3,21.6632498642688,0.8023425875655111,21,0.7777777777777778,202.0,136.0,7.481481481481482,5.913043478260869,17.0,4,4,2
2021,POST,00-0031235,O.Beckham,LA,26,21,288.0,2,25.341821330852486,0.9746854358020187,20,0.7692307692307693,266.0,81.0,10.23076923076923,3.857142857142857,15.0,5,3,2
2021,POST,00-0031273,C.Brate,TB,6,4,38.0,0,-2.0553228598221405,-0.3425538099703567,2,0.3333333333333333,34.0,26.0,5.666666666666667,6.5,2.0,0,2,0
2021,POST,00-0031357,C.Goodwin,DAL,1,1,16.0,0,3.85617053206079,3.85617053206079,1,1.0,8.0,8.0,8.0,8.0,1.0,0,0,0
2021,POST,00-0031376,J.McKinnon,KC,17,14,165.0,1,17.26441575790522,1.0155538681120717,14,0.8235294117647058,-25.0,196.0,-1.4705882352941178,14.0,11.0,3,4,1
2021,POST,00-0031381,D.Adams,GB,11,9,90.0,0,5.402839241432965,0.4911672037666332,7,0.6363636363636364,130.0,21.0,11.818181818181818,2.3333333333333335,5.0,1,1,0
2021,POST,00-0031408,M.Evans,TB,26,17,236.0,2,12.831868245266378,0.49353339404870683,13,0.5,250.0,79.0,9.615384615384615,4.647058823529412,10.0,3,5,0
2021,POST,00-0031544,A.Cooper,DAL,10,6,64.0,1,3.0809401377919063,0.30809401377919066,6,0.6,89.0,3.0,8.9,0.5,3.0,1,2,1
2021,POST,00-0031549,N.Agholor,NE,2,1,18.0,0,-2.77146667419584,-1.38573333709792,1,0.5,34.0,18.0,17.0,18.0,1.0,0,0,0
2021,POST,00-0031588,S.Diggs,BUF,11,6,67.0,0,3.0021586262010898,0.27292351147282634,4,0.36363636363636365,104.0,16.0,9.454545454545455,2.6666666666666665,2.0,1,2,0
2021,POST,00-0031610,D.Waller,LV,12,7,76.0,0,5.339522134946801,0.4449601779122334,5,0.4166666666666667,114.0,16.0,9.5,2.2857142857142856,5.0,1,3,0
2021,POST,00-0032054,B.Perriman,TB,3,1,5.0,0,-2.2342937944922596,-0.7447645981640866,0,0.0,16.0,0.0,5.333333333333333,0.0,0.0,0,0,0
2021,POST,00-0032062,B.Bell,KC,1,1,3.0,0,-0.381628466362599,-0.381628466362599,0,0.0,-1.0,4.0,-1.0,4.0,0.0,0,1,0
2021,POST,00-0032134,C.Uzomah,CIN,18,15,146.0,1,6.8156709940521925,0.3786483885584551,9,0.5,85.0,80.0,4.722222222222222,5.333333333333333,7.0,2,3,1
2021,POST,00-0032355,C.Rogers,TEN,2,1,3.0,0,-6.534827973286154,-3.267413986643077,0,0.0,-12.0,4.0,-6.0,4.0,0.0,0,1,0
2021,POST,00-0032775,D.Robinson,KC,9,4,76.0,0,-6.508684758271552,-0.7231871953635057,4,0.4444444444444444,68.0,28.0,7.555555555555555,7.0,3.0,2,0,0
2021,POST,00-0032780,J.Howard,PHI,1,1,7.0,0,-0.303902759915218,-0.303902759915218,0,0.0,-4.0,11.0,-4.0,11.0,0.0,0,0,0
2021,POST,00-0032897,D.Watt,PIT,1,0,0.0,0,-0.583848227281123,-0.583848227281123,0,0.0,0.0,0.0,0.0,0.0,0.0,0,0,0
2021,POST,00-0033009,T.Boyd,CIN,20,15,110.0,1,4.279060752305668,0.2139530376152834,11,0.55,89.0,43.0,4.45,2.8666666666666667,7.0,0,4,1
2021,POST,00-0033025,J.Richard,LV,2,1,4.0,0,-0.6135728814988402,-0.3067864407494201,1,0.5,-4.0,8.0,-2.0,8.0,0.0,0,1,0
2021,POST,00-0033040,T.Hill,KC,28,23,285.0,3,9.725779112964354,0.3473492540344412,16,0.5714285714285714,237.0,135.0,8.464285714285714,5.869565217391305,12.0,5,7,1
2021,POST,00-0033045,E.Elliott,DAL,4,1,0.0,0,-3.534246953786349,-0.8835617384465873,0,0.0,-8.0,15.0,-2.0,15.0,0.0,0,0,0
2021,POST,00-0033090,H.Henry,NE,4,1,30.0,0,-3.6631122020771705,-0.9157780505192926,1,0.25,57.0,7.0,14.25,7.0,1.0,1,1,0
2021,POST,00-0033110,T.Higbee,LA,14,9,115.0,0,5.176510697579939,0.3697507641128528,8,0.5714285714285714,103.0,45.0,7.357142857142857,5.0,7.0,2,1,0
2021,POST,00-0033114,M.Thomas,CIN,1,1,17.0,0,0.595047205686569,0.595047205686569,1,1.0,9.0,8.0,9.0,8.0,0.0,0,0,0
2021,POST,00-0033258,D.Daniels,ARI,3,2,2.0,0,-1.754440587130375,-0.5848135290434583,0,0.0,-8.0,12.0,-2.6666666666666665,6.0,0.0,0,0,0
2021,POST,00-0033288,G.Kittle,SF,14,7,108.0,1,0.5264118386695182,0.037600845619251304,7,0.5,141.0,39.0,10.071428571428571,5.571428571428571,7.0,1,2,1
2021,POST,00-0033292,T.Taylor,CIN,1,0,0.0,0,1.053,1.053,1,1.0,0.0,0.0,0.0,0.0,0.0,0,1,0
2021,POST,00-0033293,A.Jones,GB,10,9,129.0,0,3.639319679292392,0.3639319679292392,3,0.3,21.0,106.0,2.1,11.777777777777779,2.0,1,2,0
2021,POST,00-0033307,K.Bourne,NE,8,7,77.0,2,11.825656446744679,1.4782070558430849,6,0.75,62.0,22.0,7.75,3.142857142857143,5.0,1,2,2
2021,POST,00-0033455,A.Firkser,TEN,1,0,0.0,0,-0.310699541238137,-0.310699541238137,0,0.0,3.0,0.0,3.0,0.0,0.0,0,0,0
2021,POST,00-0033466,I.McKenzie,BUF,4,4,48.0,0,2.8205736486706927,0.7051434121676732,3,0.75,11.0,37.0,2.75,9.25,2.0,0,0,0
2021,POST,00-0033526,S.Perine,CIN,7,4,47.0,1,-5.50703211371135,-0.7867188733873357,1,0.14285714285714285,-6.0,59.0,-0.8571428571428571,14.75,1.0,1,1,0
2021,POST,00-0033553,J.Conner,ARI,2,1,5.0,0,-4.055307992210148,-2.027653996105074,1,0.5,2.0,6.0,1.0,6.0,0.0,0,1,0
2021,POST,00-0033658,B.Jarwin,DAL,1,0,0.0,0,-0.310397770837881,-0.310397770837881,0,0.0,14.0,0.0,14.0,0.0,0.0,0,0,0
2021,POST,00-0033856,L.Fournette,TB,9,9,56.0,0,1.059185425692703,0.11768726952141144,5,0.5555555555555556,-8.0,64.0,-0.8888888888888888,7.111111111111111,2.0,0,0,0
2021,POST,00-0033857,J.Smith-Schuster,PIT,8,5,26.0,0,-0.29924132884480054,-0.03740516610560007,3,0.375,33.0,15.0,4.125,3.0,3.0,0,0,0
2021,POST,00-0033879,O.Howard,TB,2,2,10.0,0,0.48836668924195703,0.24418334462097852,1,0.5,7.0,3.0,3.5,1.5,1.0,0,1,0
2021,POST,00-0033891,Z.Jones,LV,8,5,61.0,1,4.368776022485689,0.5460970028107112,5,0.625,89.0,2.0,11.125,0.4,4.0,0,5,1
2021,POST,00-0033897,J.Mixon,CIN,21,18,107.0,0,-1.3283608127094315,-0.06325527679568721,9,0.42857142857142855,-16.0,128.0,-0.7619047619047619,7.111111111111111,4.0,2,4,0
2021,POST,00-0033908,C.Kupp,LA,42,33,478.0,6,26.349946659743598,0.6273796823748475,27,0.6428571428571429,376.0,206.0,8.952380952380953,6.242424242424242,19.0,7,10,5
2021,POST,00-0034253,D.Hilliard,TEN,3,3,13.0,0,-0.19066331376849405,-0.06355443792283134,1,0.3333333333333333,9.0,4.0,3.0,1.3333333333333333,1.0,0,0,0
2021,POST,00-0034297,B.Pringle,KC,17,12,82.0,3,3.5014665740018187,0.205968622000107,8,0.47058823529411764,109.0,30.0,6.411764705882353,2.5,7.0,0,4,3
2021,POST,00-0034351,D.Goedert,PHI,12,6,92.0,0,4.996664954640435,0.41638874622003624,5,0.4166666666666667,155.0,34.0,12.916666666666666,5.666666666666667,5.0,1,0,0
2021,POST,00-0034383,D.Schultz,DAL,8,7,89.0,0,5.515070946479687,0.6893838683099609,5,0.625,58.0,31.0,7.25,4.428571428571429,4.0,1,0,0
2021,POST,00-0034407,R.McCloud,PIT,2,2,20.0,0,0.769723684003111,0.3848618420015555,2,1.0,13.0,7.0,6.5,3.5,1.0,0,0,0
2021,POST,00-0034414,B.Scott,PHI,1,1,1.0,0,-0.593048655893654,-0.593048655893654,0,0.0,-3.0,4.0,-3.0,4.0,0.0,0,0,0
2021,POST,00-0034418,C.Wilson,DAL,10,5,62.0,0,-5.284864029323212,-0.5284864029323212,3,0.3,158.0,21.0,15.8,4.2,2.0,2,0,0
2021,POST,00-0034487,T.Sherfield,SF,2,0,0.0,0,-6.682724716607487,-3.3413623583037433,0,0.0,10.0,0.0,5.0,0.0,0.0,0,0,0
2021,POST,00-0034521,A.Lazard,GB,1,1,6.0,0,1.25776835356373,1.25776835356373,1,1.0,6.0,0.0,6.0,0.0,1.0,0,1,0
2021,POST,00-0034676,J.Washington,PIT,3,2,37.0,1,2.9084948037634613,0.9694982679211538,2,0.6666666666666666,62.0,3.0,20.666666666666668,1.5,2.0,1,1,1
2021,POST,00-0034681,C.Edmonds,ARI,1,0,0.0,0,-0.523694498231635,-0.523694498231635,0,0.0,17.0,0.0,17.0,0.0,0.0,0,0,0
2021,POST,00-0034775,C.Kirk,ARI,11,6,51.0,0,-1.9832176624331517,-0.18029251476665015,4,0.36363636363636365,137.0,10.0,12.454545454545455,1.6666666666666667,1.0,1,0,0
2021,POST,00-0034845,S.Michel,LA,4,3,-8.0,0,-4.653749281633455,-1.1634373204083637,0,0.0,-13.0,8.0,-3.25,2.6666666666666665,0.0,0,1,0
2021,POST,00-0034867,M.Turner,DAL,1,1,6.0,0,0.0804369224933907,0.0804369224933907,1,1.0,3.0,3.0,3.0,3.0,0.0,0,0,0
2021,POST,00-0034960,J.Meyers,NE,9,6,40.0,0,1.6950648393249224,0.18834053770276915,3,0.3333333333333333,47.0,4.0,5.222222222222222,0.6666666666666666,3.0,0,3,0
2021,POST,00-0034981,F.Moreau,LV,3,0,0.0,0,-1.8628517440520231,-0.6209505813506744,0,0.0,21.0,0.0,7.0,0.0,0.0,0,2,0
2021,POST,00-0034983,H.Renfrow,LV,11,8,58.0,0,-1.7533898860845976,-0.15939908055314522,4,0.36363636363636365,71.0,35.0,6.454545454545454,4.375,1.0,0,1,0
2021,POST,00-0035099,K.Blasingame,TEN,1,0,0.0,0,-0.965142629109323,-0.965142629109323,0,0.0,1.0,0.0,1.0,0.0,0.0,0,0,0
2021,POST,00-0035126,A.Wesley,ARI,3,0,0.0,0,-3.407531015982385,-1.1358436719941283,1,0.3333333333333333,41.0,0.0,13.666666666666666,0.0,0.0,0,1,0
2021,POST,00-0035140,M.Hardman,KC,9,8,121.0,1,7.553155654255531,0.8392395171395034,6,0.6666666666666666,46.0,79.0,5.111111111111111,9.875,5.0,3,1,1
2021,POST,00-0035149,N.Allegretti,KC,1,1,1.0,1,1.09882110013859,1.09882110013859,1,1.0,1.0,0.0,1.0,0.0,1.0,0,1,1
2021,POST,00-0035216,D.Johnson,PIT,10,5,34.0,1,0.5974252712912771,0.05974252712912771,4,0.4,102.0,10.0,10.2,2.0,4.0,0,2,1
2021,POST,00-0035217,B.Snell,PIT,2,2,16.0,0,0.443125961173791,0.2215629805868955,2,1.0,2.0,14.0,1.0,7.0,2.0,0,0,0
2021,POST,00-0035222,Z.Gentry,PIT,4,4,33.0,0,-2.025662305415612,-0.506415576353903,2,0.5,14.0,19.0,3.5,4.75,1.0,0,1,0
2021,POST,00-0035243,M.Sanders,PHI,3,3,12.0,0,-1.0684574445476733,-0.35615248151589113,1,0.3333333333333333,4.0,8.0,1.3333333333333333,2.6666666666666665,0.0,0,0,0
2021,POST,00-0035250,D.Singletary,BUF,9,7,38.0,0,-0.22653224901296798,-0.025170249890329774,3,0.3333333333333333,-19.0,58.0,-2.111111111111111,8.285714285714286,3.0,0,1,0
2021,POST,00-0035261,T.Pollard,DAL,2,2,12.0,0,-0.7345872043113271,-0.36729360215566353,1,0.5,-2.0,14.0,-1.0,7.0,1.0,0,0,0
2021,POST,00-0035269,M.Gay,LA,1,0,0.0,0,-0.947,-0.947,0,0.0,0.0,0.0,0.0,0.0,0.0,0,1,0
2021,POST,00-0035298,S.Miller,TB,7,5,46.0,0,2.5634151581907645,0.3662021654558235,3,0.42857142857142855,63.0,4.0,9.0,0.8,2.0,0,0,0
2021,POST,00-0035603,K.Blanton,LA,7,7,75.0,1,7.095690242538698,1.0136700346483853,7,1.0,19.0,56.0,2.7142857142857144,8.0,5.0,1,2,1
2021,POST,00-0035631,D.Sample,CIN,2,1,4.0,0,-0.835057745687664,-0.417528872843832,1,0.5,11.0,0.0,5.5,0.0,0.0,0,0,0
2021,POST,00-0035657,D.Harris,NE,1,1,7.0,0,0.420163449365646,0.420163449365646,1,1.0,6.0,1.0,6.0,1.0,0.0,0,0,0
2021,POST,00-0035664,D.Henderson,LA,5,3,43.0,0,2.866492368688339,0.5732984737376678,2,0.4,49.0,20.0,9.8,6.666666666666667,2.0,1,2,0
2021,POST,00-0035676,A.Brown,TEN,9,5,142.0,1,7.663594481593472,0.8515104979548301,5,0.5555555555555556,192.0,15.0,21.333333333333332,3.0,4.0,4,1,0
2021,POST,00-0035689,D.Knox,BUF,9,7,98.0,2,8.119467479496961,0.9021630532774402,6,0.6666666666666666,82.0,19.0,9.11111111111111,2.7142857142857144,4.0,2,2,2
2021,POST,00-0035700,J.Jacobs,LV,5,4,44.0,0,2.7904090743395535,0.5580818148679108,4,0.8,4.0,42.0,0.8,10.5,2.0,0,1,0
2021,POST,00-0035719,D.Samuel,SF,14,10,154.0,1,10.26494763085604,0.7332105450611458,7,0.5,32.0,154.0,2.2857142857142856,15.4,7.0,1,1,0
2021,POST,00-0035726,Jak.Johnson,NE,1,0,0.0,0,-0.457011600956321,-0.457011600956321,0,0.0,1.0,0.0,1.0,0.0,0.0,0,0,0
2021,POST,00-0035806,J.Hasty,SF,3,1,6.0,0,-4.714192923856898,-1.5713976412856328,1,0.3333333333333333,-6.0,4.0,-2.0,4.0,0.0,0,0,0
2021,POST,00-0036182,N.Westbrook-Ikhine,TEN,1,0,0.0,0,-1.61658763163723,-1.61658763163723,0,0.0,13.0,0.0,13.0,0.0,0.0,0,0,0
2021,POST,00-0036187,R.Gilliam,BUF,3,3,12.0,0,-0.35325964121148,-0.11775321373716001,1,0.3333333333333333,-3.0,15.0,-1.0,5.0,0.0,0,0,0
2021,POST,00-0036196,G.Davis,BUF,13,10,242.0,5,23.275558439607273,1.7904275722774825,10,0.7692307692307693,241.0,42.0,18.53846153846154,4.2,10.0,4,3,3
2021,POST,00-0036259,J.Jennings,SF,9,6,43.0,0,2.9285792573937197,0.32539769526596884,4,0.4444444444444444,59.0,15.0,6.555555555555555,2.5,4.0,0,0,0
2021,POST,00-0036261,B.Aiyuk,SF,15,9,135.0,0,4.284527727984828,0.2856351818656552,8,0.5333333333333333,160.0,38.0,10.666666666666666,4.222222222222222,7.0,2,0,0
2021,POST,00-0036271,Q.Watkins,PHI,7,2,35.0,0,-1.1606615596101582,-0.1658087942300226,1,0.14285714285714285,195.0,4.0,27.857142857142858,2.0,1.0,1,0,0
2021,POST,00-0036326,C.Claypool,PIT,7,3,25.0,0,-1.4528046166524318,-0.2075435166646331,1,0.14285714285714285,90.0,10.0,12.857142857142858,3.3333333333333335,1.0,0,1,0
2021,POST,00-0036332,J.Deguara,GB,1,0,0.0,0,-0.784662373829633,-0.784662373829633,0,0.0,18.0,0.0,18.0,0.0,0.0,0,0,0
2021,POST,00-0036358,C.Lamb,DAL,5,1,10.0,0,-3.086916417931204,-0.6173832835862407,1,0.2,50.0,0.0,10.0,0.0,1.0,0,1,0
2021,POST,00-0036360,C.Edwards-Helaire,KC,4,2,13.0,0,-1.272722776571754,-0.3181806941429385,1,0.25,3.0,12.0,0.75,6.0,0.0,0,1,0
2021,POST,00-0036365,B.Edwards,LV,6,3,41.0,0,0.42923134996089907,0.0715385583268165,2,0.3333333333333333,71.0,16.0,11.833333333333334,5.333333333333333,2.0,0,0,0
2021,POST,00-0036383,E.Benjamin,ARI,2,2,26.0,0,1.48458719579503,0.742293597897515,2,1.0,-7.0,33.0,-3.5,16.5,2.0,0,0,0
2021,POST,00-0036387,J.Reagor,PHI,3,1,2.0,0,-2.950619678478693,-0.983539892826231,0,0.0,15.0,5.0,5.0,5.0,0.0,0,0,0
2021,POST,00-0036410,T.Higgins,CIN,30,18,309.0,2,17.55572215443273,0.5851907384810909,17,0.5666666666666667,331.0,134.0,11.033333333333333,7.444444444444445,13.0,3,5,1
2021,POST,00-0036414,C.Akers,LA,10,8,76.0,0,1.692067249270612,0.16920672492706118,5,0.5,51.0,60.0,5.1,7.5,4.0,1,0,0
2021,POST,00-0036415,V.Jefferson,LA,17,9,102.0,0,-2.333351678662102,-0.1372559810977707,6,0.35294117647058826,270.0,52.0,15.882352941176471,5.777777777777778,4.0,1,3,0
2021,POST,00-0036424,B.Hopkins,LA,4,4,47.0,0,5.479189940262591,1.3697974850656478,4,1.0,25.0,22.0,6.25,5.5,3.0,0,0,0
2021,POST,00-0036427,T.Johnson,TB,9,5,45.0,0,-1.920247442321855,-0.21336082692465055,3,0.3333333333333333,32.0,29.0,3.5555555555555554,5.8,3.0,0,3,0
2021,POST,00-0036429,C.Woerner,SF,1,0,0.0,0,-0.568416194058955,-0.568416194058955,0,0.0,0.0,0.0,0.0,0.0,0.0,0,0,0
2021,POST,00-0036450,K.Vaughn,TB,2,2,9.0,0,0.08867183851543822,0.04433591925771911,1,0.5,-1.0,10.0,-0.5,5.0,0.0,0,0,0
2021,POST,00-0036456,D.Dafney,GB,2,0,0.0,0,-2.192203713115309,-1.0961018565576546,0,0.0,34.0,0.0,17.0,0.0,0.0,0,0,0
2021,POST,00-0036560,T.Doyle,BUF,1,1,1.0,1,0.865168442076538,0.865168442076538,1,1.0,1.0,0.0,1.0,0.0,1.0,0,1,1
2021,POST,00-0036567,E.Mitchell,SF,9,7,57.0,0,0.32992379233474467,0.03665819914830496,4,0.4444444444444444,3.0,57.0,0.3333333333333333,8.142857142857142,4.0,1,0,0
2021,POST,00-0036637,N.Gray,KC,4,2,14.0,0,0.018109382421244102,0.004527345605311026,2,0.5,22.0,5.0,5.5,2.5,1.0,0,0,0
2021,POST,00-0036857,C.Evans,CIN,2,1,3.0,0,-0.7698982064612171,-0.38494910323060855,1,0.5,21.0,3.0,10.5,3.0,1.0,0,0,0
2021,POST,00-0036862,B.Skowronek,LA,6,2,12.0,0,-6.6455134611460345,-1.1075855768576723,2,0.3333333333333333,72.0,7.0,12.0,3.5,0.0,0,0,0
2021,POST,00-0036875,R.Stevenson,NE,4,4,33.0,0,2.165032388933474,0.5412580972333685,2,0.5,-1.0,34.0,-0.25,8.5,2.0,0,1,0
2021,POST,00-0036893,N.Harris,PIT,2,2,-1.0,0,-5.891607183264569,-2.9458035916322847,0,0.0,-10.0,9.0,-5.0,4.5,0.0,0,0,0
2021,POST,00-0036894,P.Freiermuth,PIT,5,4,25.0,0,0.8374065292300678,0.16748130584601356,3,0.6,14.0,21.0,2.8,5.25,1.0,0,0,0
2021,POST,00-0036900,J.Chase,CIN,35,25,368.0,1,14.938717705236382,0.42682050586389664,21,0.6,335.0,171.0,9.571428571428571,6.84,16.0,5,3,1
2021,POST,00-0036912,D.Smith,PHI,12,4,60.0,0,-7.627179984658027,-0.6355983320548356,5,0.4166666666666667,110.0,50.0,9.166666666666666,12.5,2.0,1,2,0
2021,POST,00-0036919,K.Gainwell,PHI,5,5,49.0,1,5.436299484979829,1.0872598969959657,3,0.6,-7.0,56.0,-1.4,11.2,2.0,1,1,1
2021,POST,00-0036936,R.Moore,ARI,6,5,32.0,0,-5.805045864661229,-0.9675076441102047,2,0.3333333333333333,15.0,16.0,2.5,3.2,2.0,0,0,0
2021,REG,00-0023459,Aa.Rodgers,GB,1,1,-4.0,0,-1.24344629049301,-1.24344629049301,0,0.0,-4.0,0.0,-4.0,0.0,0.0,0,1,0
2021,REG,00-0024243,M.Lewis,GB,28,23,214.0,0,8.630607974133458,0.3082359990761949,16,0.5714285714285714,103.0,144.0,3.6785714285714284,6.260869565217392,10.0,3,7,0
2021,REG,00-0025394,A.Peterson,TEN,4,4,8.0,0,-1.2776449784869333,-0.3194112446217333,1,0.25,-11.0,19.0,-2.75,4.75,0.0,0,1,0
2021,REG,00-0026035,D.Amendola,HOU,39,24,248.0,3,0.9343841800807091,0.023958568720018183,19,0.48717948717948717,321.0,105.0,8.23076923076923,4.375,10.0,4,4,2
2021,REG,00-0026189,D.Jackson,LA,15,8,221.0,1,9.191723283438478,0.6127815522292318,6,0.4,346.0,104.0,23.066666666666666,13.0,4.0,3,0,0
2021,REG,00-0026189,D.Jackson,LV,19,12,233.0,1,1.8550665302900562,0.0976350805415819,11,0.5789473684210527,301.0,71.0,15.842105263157896,5.916666666666667,8.0,3,0,0
2021,REG,00-0027061,J.Cook,LAC,85,48,564.0,4,6.277931714929487,0.07385802017564103,43,0.5058823529411764,685.0,238.0,8.058823529411764,4.958333333333333,31.0,7,15,4
2021,REG,00-0027656,R.Gronkowski,TB,89,55,802.0,6,32.71432576561758,0.36757669399570314,51,0.5730337078651685,897.0,350.0,10.07865168539326,6.363636363636363,34.0,16,12,5
2021,REG,00-0027685,E.Sanders,BUF,73,42,626.0,4,24.83048003675895,0.3401435621473829,39,0.5342465753424658,1077.0,85.0,14.753424657534246,2.0238095238095237,31.0,10,11,2
2021,REG,00-0027691,A.Roberts,HOU,2,1,35.0,0,-0.8368861800991003,-0.41844309004955016,1,0.5,29.0,16.0,14.5,16.0,1.0,1,0,0
2021,REG,00-0027696,J.Graham,CHI,24,14,167.0,3,12.754483334715786,0.5314368056131578,11,0.4583333333333333,184.0,55.0,7.666666666666667,3.9285714285714284,10.0,2,9,3
2021,REG,00-0027793,A.Brown,TB,62,42,545.0,4,33.95373083089261,0.5476408198531066,32,0.5161290322580645,734.0,190.0,11.838709677419354,4.523809523809524,29.0,10,3,1
2021,REG,00-0027857,T.Williams,SF,1,0,0.0,0,-1.25593257072615,-1.25593257072615,0,0.0,1.0,0.0,1.0,0.0,0.0,0,1,0
2021,REG,00-0027942,A.Green,ARI,93,54,848.0,3,28.473385656513305,0.3061654371668097,49,0.5268817204301075,1109.0,181.0,11.924731182795698,3.3518518518518516,37.0,16,18,2
2021,REG,00-0027944,J.Jones,TEN,48,31,434.0,1,15.380997685733831,0.3204374517861215,28,0.5833333333333334,579.0,112.0,12.0625,3.6129032258064515,19.0,4,7,1
2021,REG,00-0027966,M.Ingram,HOU,9,7,24.0,0,-2.9794707007240504,-0.33105230008045006,3,0.3333333333333333,19.0,31.0,2.111111111111111,4.428571428571429,1.0,0,2,0
2021,REG,00-0027966,M.Ingram,NO,27,20,138.0,0,-0.058649317812392354,-0.002172196956014532,12,0.4444444444444444,-20.0,133.0,-0.7407407407407407,6.65,8.0,1,4,0
2021,REG,00-0027981,K.Rudolph,NYG,40,26,257.0,1,8.232265411463507,0.20580663528658766,20,0.5,240.0,137.0,6.0,5.269230769230769,12.0,3,9,1
2021,REG,00-0028002,R.Cobb,GB,39,28,375.0,5,21.414158601906983,0.5490809897924868,23,0.5897435897435898,307.0,138.0,7.871794871794871,4.928571428571429,21.0,6,14,4
2021,REG,00-0028042,L.Stocker,MIN,2,2,12.0,0,0.36527961853426,0.18263980926713,2,1.0,6.0,6.0,3.0,3.0,0.0,0,0,0
2021,REG,00-0028097,L.Smith,ATL,11,9,65.0,1,2.709607003373094,0.246327909397554,6,0.5454545454545454,38.0,31.0,3.4545454545454546,3.4444444444444446,3.0,1,2,1
2021,REG,00-0028237,C.Hogan,NO,8,4,41.0,1,0.032242007087906144,0.004030250885988268,4,0.5,49.0,13.0,6.125,3.25,2.0,0,2,1
2021,REG,00-0028292,N.Bellore,SEA,1,1,4.0,0,0.0050290654180571,0.0050290654180571,1,1.0,0.0,4.0,0.0,4.0,0.0,0,0,0
2021,REG,00-0029000,C.Beasley,BUF,113,82,693.0,1,6.190129305082182,0.05477990535470958,60,0.5309734513274337,630.0,305.0,5.575221238938053,3.7195121951219514,34.0,5,15,0
2021,REG,00-0029119,D.Carrier,LV,2,2,13.0,0,0.8306839682627473,0.41534198413137363,1,0.5,7.0,6.0,3.5,3.0,0.0,0,0,0
2021,REG,00-0029164,M.Remmers,KC,1,1,-2.0,0,-0.794392922136467,-0.794392922136467,0,0.0,0.0,-2.0,0.0,-2.0,0.0,0,1,0
2021,REG,00-0029239,B.Bolden,NE,49,41,405.0,2,19.059113175762946,0.38896149338291724,25,0.5102040816326531,14.0,416.0,0.2857142857142857,10.146341463414634,21.0,5,9,2
2021,REG,00-0029269,T.Benjamin,SF,5,0,0.0,0,-9.597965894034125,-1.919593178806825,0,0.0,141.0,0.0,28.2,0.0,0.0,0,0,0
2021,REG,00-0029293,M.Jones,JAX,120,73,832.0,4,25.553950244378107,0.21294958536981756,58,0.48333333333333334,1438.0,120.0,11.983333333333333,1.643835616438356,42.0,13,18,2
2021,REG,00-0029608,T.Hilton,IND,37,23,331.0,3,20.310024556005384,0.5489195825947402,21,0.5675675675675675,476.0,71.0,12.864864864864865,3.0869565217391304,15.0,4,4,2
2021,REG,00-0029632,M.Sanu,SF,24,15,177.0,0,12.058742377809104,0.5024475990753793,15,0.625,227.0,44.0,9.458333333333334,2.933333333333333,12.0,1,4,0
2021,REG,00-0029664,J.Gordon,KC,14,5,32.0,1,-12.496325224316562,-0.8925946588797544,4,0.2857142857142857,153.0,5.0,10.928571428571429,1.0,3.0,0,3,1
2021,REG,00-0029738,D.Fells,DET,5,4,43.0,0,0.8511437906418099,0.17022875812836197,3,0.6,24.0,27.0,4.8,6.75,2.0,1,0,0
2021,REG,00-0029892,K.Juszczyk,SF,38,30,296.0,1,14.139383341952417,0.3720890353145373,23,0.6052631578947368,272.0,151.0,7.157894736842105,5.033333333333333,16.0,2,5,1
2021,REG,00-0030035,A.Thielen,MIN,95,67,726.0,10,24.06156817936719,0.25327966504597044,48,0.5052631578947369,903.0,239.0,9.505263157894737,3.5671641791044775,37.0,14,15,9
2021,REG,00-0030061,Z.Ertz,ARI,82,56,574.0,3,6.708655235978015,0.08181286873143921,43,0.524390243902439,595.0,254.0,7.2560975609756095,4.535714285714286,30.0,5,15,2
2021,REG,00-0030061,Z.Ertz,PHI,31,18,189.0,2,2.6814326933605264,0.08649782881808149,15,0.4838709677419355,249.0,86.0,8.03225806451613,4.777777777777778,10.0,2,6,2
2021,REG,00-0030068,M.Goodwin,CHI,40,20,313.0,1,11.874486479927478,0.29686216199818694,19,0.475,475.0,83.0,11.875,4.15,12.0,5,3,0
2021,REG,00-0030085,K.Stills,NO,23,6,68.0,1,-9.398541503527655,-0.4086322392838111,5,0.21739130434782608,430.0,10.0,18.695652173913043,1.6666666666666667,4.0,1,2,1
2021,REG,00-0030108,R.Griffin,NYJ,42,27,261.0,2,3.003385997072008,0.07150919040647638,21,0.5,223.0,149.0,5.309523809523809,5.518518518518518,14.0,4,6,2
2021,REG,00-0030155,D.Harris,ARI,6,3,10.0,0,-5.84633715491509,-0.9743895258191816,1,0.16666666666666666,22.0,13.0,3.6666666666666665,4.333333333333333,0.0,0,1,0
2021,REG,00-0030181,J.Doyle,IND,45,29,302.0,3,11.835966540664888,0.26302147868144193,26,0.5777777777777777,285.0,125.0,6.333333333333333,4.310344827586207,18.0,3,10,3
2021,REG,00-0030279,K.Allen,LAC,158,106,1138.0,6,30.701160211185908,0.194311140577126,84,0.5316455696202531,1306.0,341.0,8.265822784810126,3.2169811320754715,66.0,12,26,6
2021,REG,00-0030288,R.Burkhead,HOU,32,25,186.0,0,3.5392621878935033,0.11060194337167198,16,0.5,50.0,141.0,1.5625,5.64,9.0,2,3,0
2021,REG,00-0030431,R.Woods,LA,70,45,556.0,4,30.618317661937613,0.4374045380276802,43,0.6142857142857143,563.0,198.0,8.042857142857143,4.4,34.0,8,17,4
2021,REG,00-0030456,G.Bernard,TB,29,23,123.0,3,-2.6202257625562204,-0.09035261250193863,10,0.3448275862068966,30.0,134.0,1.0344827586206897,5.826086956521739,8.0,1,7,3
2021,REG,00-0030496,L.Bell,BAL,3,1,-1.0,0,-2.2147071573417643,-0.7382357191139214,0,0.0,0.0,0.0,0.0,0.0,0.0,0,0,0
2021,REG,00-0030496,L.Bell,TB,4,4,31.0,1,5.57239896606187,1.3930997415154676,3,0.75,5.0,26.0,1.25,6.5,3.0,0,1,1
2021,REG,00-0030506,T.Kelce,KC,134,92,1125.0,9,50.80319169636517,0.3791282962415311,83,0.6194029850746269,994.0,564.0,7.417910447761194,6.130434782608695,63.0,13,17,7
2021,REG,00-0030513,L.Murray,BAL,13,10,75.0,0,-0.5330616743885941,-0.04100474418373801,6,0.46153846153846156,1.0,71.0,0.07692307692307693,7.1,2.0,0,4,0
2021,REG,00-0030525,T.Austin,JAX,37,24,213.0,1,-9.35806463314757,-0.2529206657607451,16,0.43243243243243246,320.0,68.0,8.64864864864865,2.8333333333333335,11.0,2,3,1
2021,REG,00-0030561,L.Johnson,PHI,1,1,5.0,1,1.63749824167462,1.63749824167462,1,1.0,5.0,0.0,5.0,0.0,1.0,0,1,1
2021,REG,00-0030564,D.Hopkins,ARI,64,42,572.0,8,42.37796969614683,0.6621557765022942,38,0.59375,788.0,140.0,12.3125,3.3333333333333335,32.0,7,15,8
2021,REG,00-0030578,C.Patterson,ATL,69,52,548.0,5,19.09102597580629,0.27668153588125055,36,0.5217391304347826,214.0,385.0,3.101449275362319,7.403846153846154,26.0,8,12,4
2021,REG,00-0030663,W.Snead,CAR,3,1,6.0,0,-5.1549419495277125,-1.7183139831759042,0,0.0,31.0,5.0,10.333333333333334,5.0,0.0,0,0,0
2021,REG,00-0030663,W.Snead,LV,5,3,32.0,0,0.37209055980201805,0.07441811196040361,3,0.6,36.0,7.0,7.2,2.3333333333333335,3.0,0,2,0
2021,REG,00-0030669,A.Wilson,MIA,39,25,213.0,0,-5.400652059959034,-0.13847825794766755,14,0.358974358974359,210.0,143.0,5.384615384615385,5.72,10.0,1,2,0
2021,REG,00-0030874,D.Williams,CHI,23,16,103.0,1,-5.526700537826393,-0.24029132773158232,7,0.30434782608695654,41.0,109.0,1.7826086956521738,6.8125,3.0,1,1,0
2021,REG,00-0030968,K.Smith,ATL,10,9,56.0,0,1.687638349598279,0.16876383495982789,6,0.6,21.0,38.0,2.1,4.222222222222222,3.0,0,0,0
2021,REG,00-0031045,C.Hyde,JAX,21,12,65.0,0,-6.569345206662552,-0.3128259622220263,6,0.2857142857142857,31.0,75.0,1.4761904761904763,6.25,1.0,0,1,0
2021,REG,00-0031051,J.Brown,DEN,1,0,0.0,0,-3.4006380373612,-3.4006380373612,0,0.0,31.0,0.0,31.0,0.0,0.0,0,0,0
2021,REG,00-0031051,J.Brown,JAX,2,0,0.0,0,-2.270036411704493,-1.1350182058522464,0,0.0,62.0,0.0,31.0,0.0,0.0,0,0,0
2021,REG,00-0031062,J.White,NE,14,12,94.0,0,3.3795248761195853,0.2413946340085418,6,0.42857142857142855,51.0,70.0,3.642857142857143,5.833333333333333,5.0,2,1,0
2021,REG,00-0031235,O.Beckham,CLE,34,17,232.0,0,1.2015567418738253,0.03533990417275957,16,0.47058823529411764,474.0,48.0,13.941176470588236,2.823529411764706,11.0,4,3,0
2021,REG,00-0031235,O.Beckham,LA,49,27,305.0,5,7.129921804170992,0.1455086082483876,21,0.42857142857142855,618.0,103.0,12.612244897959183,3.814814814814815,16.0,3,10,4
2021,REG,00-0031236,B.Cooks,HOU,134,90,1035.0,6,24.501057385386336,0.18284371183124132,71,0.5298507462686567,1423.0,342.0,10.619402985074627,3.8,45.0,12,10,2
2021,REG,00-0031260,L.Thomas,WAS,25,18,196.0,3,4.574759503739195,0.18299038014956778,14,0.56,249.0,67.0,9.96,3.7222222222222223,10.0,2,5,3
2021,REG,00-0031273,C.Brate,TB,57,30,245.0,4,-2.1851556426469134,-0.0383360639060862,23,0.40350877192982454,434.0,81.0,7.614035087719298,2.7,15.0,0,20,4
2021,REG,00-0031285,D.Freeman,BAL,42,34,190.0,1,1.1618387021007854,0.027662826240494893,18,0.42857142857142855,36.0,183.0,0.8571428571428571,5.382352941176471,9.0,0,9,1
2021,REG,00-0031319,D.Spencer,DEN,4,1,-3.0,0,-3.4106810682569657,-0.8526702670642414,0,0.0,9.0,0.0,2.25,0.0,0.0,0,1,0
2021,REG,00-0031325,S.Watkins,BAL,49,27,394.0,1,-1.9972376012962447,-0.040759951046862135,24,0.4897959183673469,630.0,107.0,12.857142857142858,3.962962962962963,17.0,6,4,1
2021,REG,00-0031376,J.McKinnon,KC,20,13,98.0,1,2.175841775897415,0.10879208879487075,9,0.45,-9.0,125.0,-0.45,9.615384615384615,6.0,0,4,1
2021,REG,00-0031381,D.Adams,GB,169,123,1553.0,11,71.96588018300139,0.42583361055030405,101,0.5976331360946746,1614.0,601.0,9.550295857988166,4.8861788617886175,84.0,19,28,10
2021,REG,00-0031382,J.Landry,CLE,87,52,570.0,2,-13.182096038417804,-0.15151834526917016,41,0.47126436781609193,696.0,273.0,8.0,5.25,29.0,7,10,1
2021,REG,00-0031384,R.Rodgers,PHI,2,2,11.0,0,0.06639155221637394,0.03319577610818697,1,0.5,1.0,10.0,0.5,5.0,0.0,0,1,0
2021,REG,00-0031387,E.Ebron,PIT,18,12,84.0,1,1.737371744646224,0.09652065248034578,8,0.4444444444444444,116.0,21.0,6.444444444444445,1.75,6.0,0,3,1
2021,REG,00-0031408,M.Evans,TB,114,74,1035.0,14,65.69545162617446,0.5762758914576707,65,0.5701754385964912,1497.0,239.0,13.131578947368421,3.22972972972973,56.0,20,20,10
2021,REG,00-0031428,A.Robinson,CHI,67,38,410.0,1,9.734412072468027,0.14528973242489593,35,0.5223880597014925,755.0,92.0,11.26865671641791,2.4210526315789473,22.0,5,7,1
2021,REG,00-0031484,C.Manhertz,JAX,9,6,71.0,1,3.15351100254338,0.3503901113937089,6,0.6666666666666666,68.0,26.0,7.555555555555555,4.333333333333333,4.0,1,0,0
2021,REG,00-0031544,A.Cooper,DAL,104,68,865.0,8,48.269345225524056,0.4641283194761928,56,0.5384615384615384,1152.0,229.0,11.076923076923077,3.3676470588235294,45.0,15,19,5
2021,REG,00-0031545,K.White,NO,5,1,38.0,0,-1.248054535361002,-0.2496109070722004,1,0.2,158.0,9.0,31.6,9.0,1.0,1,0,0
2021,REG,00-0031547,D.Parker,MIA,73,40,515.0,2,24.061896761366867,0.3296150241283132,36,0.4931506849315068,856.0,104.0,11.726027397260275,2.6,29.0,7,6,2
2021,REG,00-0031549,N.Agholor,NE,64,37,473.0,3,3.639473476525082,0.0568667730707044,29,0.453125,914.0,104.0,14.28125,2.810810810810811,23.0,9,7,2
2021,REG,00-0031558,M.Williams,ARI,17,16,193.0,1,15.071474200405646,0.8865573059062145,14,0.8235294117647058,90.0,125.0,5.294117647058823,7.8125,9.0,3,1,1
2021,REG,00-0031585,M.Pruitt,TEN,19,14,145.0,3,9.896136147828765,0.520849270938356,14,0.7368421052631579,118.0,59.0,6.2105263157894735,4.214285714285714,10.0,2,7,3
2021,REG,00-0031588,S.Diggs,BUF,164,103,1225.0,10,31.989855666641827,0.19506009552830383,90,0.5487804878048781,1827.0,326.0,11.140243902439025,3.1650485436893203,66.0,12,34,10
2021,REG,00-0031595,M.Burton,KC,3,3,31.0,0,0.791232596384357,0.26374419879478567,2,0.6666666666666666,-5.0,36.0,-1.6666666666666667,12.0,2.0,1,1,0
2021,REG,00-0031598,N.Boyle,BAL,2,1,2.0,0,-2.077108619792856,-1.038554309896428,0,0.0,3.0,0.0,1.5,0.0,0.0,0,1,0
2021,REG,00-0031610,D.Waller,LV,93,55,665.0,2,12.16843985365179,0.13084343928657838,43,0.46236559139784944,918.0,242.0,9.870967741935484,4.4,31.0,13,15,2
2021,REG,00-0031690,E.Tomlinson,BAL,1,1,7.0,0,0.305387636413798,0.305387636413798,1,1.0,3.0,4.0,3.0,4.0,0.0,0,0,0
2021,REG,00-0031763,D.Carter,WAS,44,24,296.0,3,9.942710329416979,0.22597068930493133,20,0.45454545454545453,485.0,78.0,11.022727272727273,3.25,17.0,5,4,3
2021,REG,00-0031787,J.Kumerow,BUF,7,2,28.0,0,-1.3694363178363969,-0.19563375969091384,2,0.2857142857142857,86.0,7.0,12.285714285714286,3.5,2.0,0,3,0
2021,REG,00-0031800,T.Heinicke,WAS,1,1,-2.0,0,-1.0956080048345,-1.0956080048345,0,0.0,-4.0,2.0,-4.0,2.0,0.0,0,0,0
2021,REG,00-0031806,M.Brown,MIA,5,3,10.0,0,-2.2526608449989043,-0.4505321689997809,1,0.2,-2.0,8.0,-0.4,2.6666666666666665,0.0,0,1,0
2021,REG,00-0031868,D.Byrd,CHI,39,26,329.0,1,8.973832560497474,0.23009827078198652,22,0.5641025641025641,325.0,116.0,8.333333333333334,4.461538461538462,18.0,3,5,0
2021,REG,00-0031934,D.Smith,JAX,1,0,0.0,0,-4.46986348193605,-4.46986348193605,0,0.0,19.0,0.0,19.0,0.0,0.0,0,0,0
2021,REG,00-0031941,J.Crowder,NYJ,73,51,447.0,2,6.700944275106746,0.09179375719324309,40,0.547945205479452,448.0,174.0,6.136986301369863,3.411764705882353,24.0,4,14,2
2021,REG,00-0031951,J.O'Shaughnessy,JAX,35,24,244.0,0,2.407398110552644,0.06878280315864697,19,0.5428571428571428,226.0,114.0,6.457142857142857,4.75,10.0,5,1,0
2021,REG,00-0032009,A.Humphries,WAS,62,41,383.0,0,-6.2582689984344295,-0.10093982255539402,29,0.46774193548387094,411.0,158.0,6.629032258064516,3.8536585365853657,23.0,4,6,0
2021,REG,00-0032054,B.Perriman,TB,18,11,167.0,1,7.000882647704895,0.3889379248724942,8,0.4444444444444444,169.0,102.0,9.38888888888889,9.272727272727273,5.0,3,3,0
2021,REG,00-0032058,T.Coleman,NYJ,16,11,49.0,0,-2.324677706230429,-0.14529235663940182,6,0.375,-23.0,88.0,-1.4375,8.0,2.0,0,6,0
2021,REG,00-0032062,B.Bell,KC,13,9,87.0,0,1.228345561132306,0.09448812008710046,5,0.38461538461538464,31.0,67.0,2.3846153846153846,7.444444444444445,4.0,2,1,0
2021,REG,00-0032063,M.Davis,ATL,58,44,259.0,1,-23.21665930790608,-0.40028722944665657,19,0.3275862068965517,-52.0,306.0,-0.896551724137931,6.954545454545454,12.0,2,6,1
2021,REG,00-0032098,D.Brown,NYJ,2,2,29.0,0,1.3312147059477843,0.6656073529738922,1,0.5,7.0,22.0,3.5,11.0,1.0,1,0,0
2021,REG,00-0032104,A.Abdullah,CAR,49,35,272.0,1,-6.634700584049734,-0.13540205273570888,20,0.40816326530612246,41.0,275.0,0.8367346938775511,7.857142857142857,12.0,1,7,0
2021,REG,00-0032104,A.Abdullah,MIN,4,3,17.0,0,-0.08039894548709614,-0.020099736371774035,1,0.25,2.0,19.0,0.5,6.333333333333333,1.0,0,0,0
2021,REG,00-0032128,C.Conley,HOU,37,22,323.0,2,10.734472966737544,0.2901208909929066,17,0.4594594594594595,340.0,126.0,9.18918918918919,5.7272727272727275,15.0,5,1,0
2021,REG,00-0032134,C.Uzomah,CIN,63,49,493.0,5,19.423788150871765,0.30831409763288514,34,0.5396825396825397,274.0,300.0,4.349206349206349,6.122448979591836,24.0,7,7,1
2021,REG,00-0032135,J.James,CHI,8,7,62.0,1,2.0551499077071935,0.2568937384633992,5,0.625,54.0,18.0,6.75,2.5714285714285716,3.0,0,2,1
2021,REG,00-0032141,G.Swaim,TEN,40,31,210.0,3,9.252059686812563,0.2313014921703141,20,0.5,146.0,139.0,3.65,4.483870967741935,12.0,2,8,3
2021,REG,00-0032144,M.Gordon,DEN,38,28,213.0,2,-2.617552531461208,-0.06888296135424231,16,0.42105263157894735,12.0,186.0,0.3157894736842105,6.642857142857143,9.0,3,8,2
2021,REG,00-0032160,T.Williams,DET,3,2,14.0,0,0.7994729118198193,0.2664909706066064,2,0.6666666666666666,13.0,8.0,4.333333333333333,4.0,1.0,0,1,0
2021,REG,00-0032187,D.Johnson,HOU,42,32,225.0,1,-8.568709173098462,-0.2040168850737729,17,0.40476190476190477,87.0,191.0,2.0714285714285716,5.96875,11.0,0,7,1
2021,REG,00-0032200,T.Montgomery,NO,26,16,95.0,0,-4.376274906502053,-0.16831826563469438,10,0.38461538461538464,46.0,87.0,1.7692307692307692,5.4375,5.0,1,2,0
2021,REG,00-0032208,P.Dorsett,HOU,12,6,107.0,0,0.33757584416501263,0.028131320347084387,6,0.5,190.0,22.0,15.833333333333334,3.6666666666666665,3.0,2,0,0
2021,REG,00-0032208,P.Dorsett,JAX,1,0,0.0,0,-1.08063600992318,-1.08063600992318,0,0.0,22.0,0.0,22.0,0.0,0.0,0,0,0
2021,REG,00-0032208,P.Dorsett,SEA,1,1,3.0,0,-0.158969572454225,-0.158969572454225,0,0.0,-2.0,5.0,-2.0,5.0,0.0,0,1,0
2021,REG,00-0032211,T.Lockett,SEA,108,73,1175.0,8,53.622146243552585,0.4965013541069684,55,0.5092592592592593,1562.0,277.0,14.462962962962964,3.7945205479452055,41.0,22,8,3
2021,REG,00-0032214,T.Kroft,NYJ,25,16,173.0,1,5.401775485451394,0.2160710194180558,12,0.48,144.0,74.0,5.76,4.625,9.0,3,2,1
2021,REG,00-0032257,D.Johnson,MIA,5,4,41.0,0,1.9611611475120307,0.39223222950240616,3,0.6,-8.0,51.0,-1.6,12.75,3.0,1,0,0
2021,REG,00-0032355,C.Rogers,TEN,43,30,301.0,1,2.821842765439711,0.06562425035906304,23,0.5348837209302325,323.0,103.0,7.511627906976744,3.433333333333333,12.0,3,4,1
2021,REG,00-0032381,T.Decker,DET,2,2,4.0,1,0.19402529229409993,0.09701264614704996,1,0.5,3.0,1.0,1.5,0.5,1.0,0,1,1
2021,REG,00-0032385,S.Shepard,NYG,53,36,366.0,1,1.8174775529000193,0.034292029300000366,24,0.4528301886792453,404.0,111.0,7.622641509433962,3.0833333333333335,19.0,4,9,0
2021,REG,00-0032392,A.Hooper,CLE,62,38,345.0,3,20.02150330674421,0.3229274726894228,35,0.5645161290322581,328.0,185.0,5.290322580645161,4.868421052631579,18.0,4,13,3
2021,REG,00-0032394,N.Vannett,NO,15,9,133.0,1,6.716772177316715,0.44778481182111435,9,0.6,83.0,92.0,5.533333333333333,10.222222222222221,7.0,2,3,1
2021,REG,00-0032398,C.Moore,HOU,22,21,227.0,2,7.926040963793649,0.36027458926334766,11,0.5,90.0,150.0,4.090909090909091,7.142857142857143,6.0,4,2,0
2021,REG,00-0032426,A.Collins,SEA,10,9,87.0,0,-1.431441545457345,-0.1431441545457345,5,0.5,2.0,96.0,0.2,10.666666666666666,3.0,2,0,0
2021,REG,00-0032450,D.Washington,NO,2,2,12.0,0,-0.014303575124358037,-0.007151787562179018,1,0.5,2.0,10.0,1.0,5.0,0.0,0,0,0
2021,REG,00-0032464,K.Raymond,DET,71,48,576.0,4,17.047283275853164,0.24010258135004456,37,0.5211267605633803,725.0,262.0,10.211267605633802,5.458333333333333,28.0,9,6,2
2021,REG,00-0032543,A.Erickson,CAR,4,3,55.0,0,1.9176059016608649,0.4794014754152162,3,0.75,33.0,30.0,8.25,10.0,2.0,1,0,0
2021,REG,00-0032602,J.McKissic,WAS,54,43,397.0,2,12.932539994838558,0.23949148138589924,29,0.5370370370370371,31.0,380.0,0.5740740740740741,8.837209302325581,15.0,3,4,1
2021,REG,00-0032626,G.Allison,DET,2,0,0.0,0,-1.216372882008337,-0.6081864410041685,0,0.0,20.0,0.0,10.0,0.0,0.0,0,1,0
2021,REG,00-0032688,R.Anderson,CAR,110,53,519.0,5,-28.594330022858585,-0.2599484547532599,39,0.35454545454545455,1156.0,158.0,10.50909090909091,2.981132075471698,27.0,3,8,4
2021,REG,00-0032725,S.Anderson,LAC,19,16,165.0,1,7.209891159058317,0.3794679557399114,12,0.631578947368421,67.0,115.0,3.526315789473684,7.1875,9.0,3,2,1
2021,REG,00-0032741,P.Barber,LV,13,10,67.0,0,-0.044177753734400804,-0.003398288748800062,4,0.3076923076923077,20.0,73.0,1.5384615384615385,7.3,3.0,1,3,0
2021,REG,00-0032764,D.Henry,TEN,20,18,154.0,0,9.714970409608215,0.48574852048041073,14,0.7,-3.0,160.0,-0.15,8.88888888888889,7.0,0,2,0
2021,REG,00-0032775,D.Robinson,KC,41,25,264.0,3,9.856429052995658,0.24040070860965018,19,0.4634146341463415,427.0,62.0,10.414634146341463,2.48,13.0,3,4,0
2021,REG,00-0032778,T.Sharpe,ATL,37,25,230.0,0,4.76819341704452,0.1288700923525546,18,0.4864864864864865,347.0,69.0,9.378378378378379,2.76,14.0,0,5,0
2021,REG,00-0032780,J.Howard,PHI,5,2,19.0,0,-0.8270643803989499,-0.16541287607979,2,0.4,9.0,14.0,1.8,7.0,2.0,0,1,0
2021,REG,00-0032782,W.Smallwood,WAS,5,4,22.0,0,-1.4758395696990199,-0.29516791393980396,0,0.0,3.0,14.0,0.6,3.5,0.0,0,0,0
2021,REG,00-0032791,J.Grant,CHI,15,9,139.0,2,8.557227682962548,0.5704818455308366,8,0.5333333333333333,79.0,111.0,5.266666666666667,12.333333333333334,7.0,2,1,1
2021,REG,00-0032791,J.Grant,MIA,2,2,-7.0,0,-6.11456468928372,-3.05728234464186,0,0.0,1.0,-8.0,0.5,-4.0,0.0,0,1,0
2021,REG,00-0032813,E.Penny,NYG,13,9,30.0,1,-4.11426882405067,-0.31648221723466696,5,0.38461538461538464,-4.0,36.0,-0.3076923076923077,4.0,4.0,0,2,1
2021,REG,00-0032881,T.Lewis,MIA,2,1,7.0,0,0.25353055144660097,0.12676527572330049,1,0.5,6.0,11.0,3.0,11.0,1.0,0,1,0
2021,REG,00-0032897,D.Watt,PIT,3,3,15.0,0,0.466171666164883,0.15539055538829433,1,0.3333333333333333,-1.0,16.0,-0.3333333333333333,5.333333333333333,0.0,0,0,0
2021,REG,00-0032918,C.Ham,MIN,18,17,125.0,0,0.2859489188413098,0.015886051046739433,9,0.5,67.0,61.0,3.7222222222222223,3.588235294117647,6.0,1,1,0
2021,REG,00-0032951,L.Treadwell,JAX,51,33,434.0,1,23.132314250343512,0.4535747892224218,29,0.5686274509803921,613.0,122.0,12.019607843137255,3.696969696969697,22.0,6,6,1
2021,REG,00-0032956,A.Janovich,CLE,5,3,9.0,0,1.2424779768772418,0.24849559537544835,2,0.4,9.0,4.0,1.8,1.3333333333333333,1.0,0,1,0
2021,REG,00-0032972,D.Booker,NYG,45,40,268.0,1,5.795983729156421,0.12879963842569825,19,0.4222222222222222,-12.0,297.0,-0.26666666666666666,7.425,11.0,1,2,1
2021,REG,00-0032975,J.Williams,WAS,6,4,28.0,0,-8.527610555524008,-1.421268425920668,2,0.3333333333333333,-14.0,36.0,-2.3333333333333335,9.0,2.0,0,0,0
2021,REG,00-0032977,R.Higgins,CLE,47,24,275.0,1,5.2730953159999965,0.11219351736170205,22,0.46808510638297873,546.0,41.0,11.617021276595745,1.7083333333333333,16.0,1,5,1
2021,REG,00-0032980,M.Johnson,TEN,19,9,160.0,0,0.2852655313326906,0.015013975333299507,9,0.47368421052631576,171.0,95.0,9.0,10.555555555555555,7.0,3,3,0
2021,REG,00-0033006,J.Mickens,JAX,3,2,10.0,0,0.5903129952494112,0.1967709984164704,1,0.3333333333333333,58.0,3.0,19.333333333333332,1.5,1.0,0,0,0
2021,REG,00-0033009,T.Boyd,CIN,95,67,828.0,5,19.297100143530233,0.2031273699318972,49,0.5157894736842106,744.0,389.0,7.831578947368421,5.8059701492537314,37.0,10,8,3
2021,REG,00-0033025,J.Richard,LV,14,12,72.0,0,-3.116936342848923,-0.2226383102034945,6,0.42857142857142855,7.0,67.0,0.5,5.583333333333333,4.0,0,2,0
2021,REG,00-0033040,T.Hill,KC,159,111,1239.0,9,62.36571529114823,0.3922372030889826,94,0.5911949685534591,1647.0,444.0,10.358490566037736,4.0,75.0,13,25,7
2021,REG,00-0033045,E.Elliott,DAL,65,47,273.0,2,-1.1233350649712608,-0.01728207792263478,24,0.36923076923076925,22.0,289.0,0.3384615384615385,6.148936170212766,16.0,1,17,2
2021,REG,00-0033090,H.Henry,NE,75,50,603.0,9,34.44438431492532,0.4592584575323376,45,0.6,726.0,144.0,9.68,2.88,34.0,8,18,9
2021,REG,00-0033094,M.Hall,ATL,1,1,10.0,0,1.1529732060153,1.1529732060153,1,1.0,5.0,5.0,5.0,5.0,1.0,0,0,0
2021,REG,00-0033095,G.Griffin,NO,4,4,39.0,0,2.262449524598199,0.5656123811495497,3,0.75,12.0,27.0,3.0,6.75,2.0,0,0,0
2021,REG,00-0033110,T.Higbee,LA,85,61,560.0,5,4.090717142722793,0.04812608403203286,50,0.5882352941176471,458.0,275.0,5.3882352941176475,4.508196721311475,33.0,3,20,5
2021,REG,00-0033111,P.Cooper,NYG,11,4,33.0,0,-10.620481441050334,-0.9654983128227577,3,0.2727272727272727,79.0,7.0,7.181818181818182,1.75,1.0,0,2,0
2021,REG,00-0033114,M.Thomas,CIN,11,5,52.0,0,-2.69886653181749,-0.24535150289249907,4,0.36363636363636365,109.0,13.0,9.909090909090908,2.6,3.0,0,0,0
2021,REG,00-0033118,K.Drake,LV,40,30,291.0,1,5.375609657199012,0.1343902414299753,24,0.6,71.0,259.0,1.775,8.633333333333333,12.0,3,6,0
2021,REG,00-0033127,W.Fuller,MIA,9,4,26.0,0,0.3038993203518958,0.03376659115021065,4,0.4444444444444444,131.0,10.0,14.555555555555555,2.5,3.0,0,1,0
2021,REG,00-0033215,C.Grayson,TB,12,10,212.0,2,17.28436093009077,1.4403634108408976,9,0.75,185.0,70.0,15.416666666666666,7.0,8.0,4,1,0
2021,REG,00-0033217,M.Alie-Cox,IND,45,24,316.0,4,8.91981320666044,0.1982180712591209,18,0.4,442.0,150.0,9.822222222222223,6.25,14.0,5,9,3
2021,REG,00-0033246,J.Mundt,LA,1,1,9.0,0,1.34623726073187,1.34623726073187,1,1.0,7.0,2.0,7.0,2.0,1.0,0,0,0
2021,REG,00-0033251,Z.Pascal,IND,69,38,384.0,3,-12.868103329510722,-0.18649425115232932,26,0.37681159420289856,608.0,121.0,8.81159420289855,3.1842105263157894,16.0,5,13,3
2021,REG,00-0033258,D.Daniels,ARI,4,1,0.0,0,-2.449810207937844,-0.612452551984461,0,0.0,22.0,1.0,5.5,1.0,0.0,0,1,0
2021,REG,00-0033280,C.McCaffrey,CAR,41,37,343.0,1,21.083400368283044,0.5142292772751962,24,0.5853658536585366,91.0,258.0,2.2195121951219514,6.972972972972973,21.0,4,3,0
2021,REG,00-0033282,C.Samuel,WAS,9,6,27.0,0,-0.04461636405903868,-0.0049573737843376315,4,0.4444444444444444,21.0,40.0,2.3333333333333335,6.666666666666667,4.0,0,1,0
2021,REG,00-0033288,G.Kittle,SF,94,71,910.0,6,24.57433064120537,0.2614290493745252,57,0.6063829787234043,777.0,450.0,8.26595744680851,6.338028169014085,42.0,13,9,4
2021,REG,00-0033292,T.Taylor,CIN,4,2,41.0,0,3.195491481499749,0.7988728703749373,2,0.5,39.0,7.0,9.75,3.5,2.0,1,2,0
2021,REG,00-0033293,A.Jones,GB,65,52,391.0,6,9.132481807726741,0.14049972011887293,31,0.47692307692307695,56.0,412.0,0.8615384615384616,7.923076923076923,22.0,4,15,5
2021,REG,00-0033296,A.Armah,NO,1,1,1.0,1,1.31586847224389,1.31586847224389,1,1.0,0.0,1.0,0.0,1.0,1.0,0,1,1
2021,REG,00-0033300,C.McDermott,NYJ,1,1,1.0,1,2.46467829169706,2.46467829169706,1,1.0,1.0,0.0,1.0,0.0,1.0,0,1,1
2021,REG,00-0033307,K.Bourne,NE,70,55,800.0,5,42.377612264712354,0.6053944609244623,48,0.6857142857142857,592.0,385.0,8.457142857142857,7.0,27.0,10,7,1
2021,REG,00-0033308,M.Breida,BUF,9,7,72.0,2,5.8264256149414,0.6473806238823778,5,0.5555555555555556,8.0,61.0,0.8888888888888888,8.714285714285714,4.0,1,3,1
2021,REG,00-0033338,C.Carter,MIA,2,2,16.0,0,0.872670122655109,0.4363350613275545,2,1.0,8.0,8.0,4.0,4.0,0.0,0,0,0
2021,REG,00-0033357,T.Hill,NO,6,4,52.0,0,-2.829543322790415,-0.4715905537984025,4,0.6666666666666666,19.0,50.0,3.1666666666666665,12.5,4.0,0,0,0
2021,REG,00-0033367,C.Board,NYG,6,4,51.0,0,-0.5555203012190711,-0.0925867168698452,3,0.5,102.0,13.0,17.0,3.25,3.0,1,1,0
2021,REG,00-0033375,T.Patrick,DEN,85,53,734.0,5,37.658798824285896,0.4430446920504223,49,0.5764705882352941,995.0,202.0,11.705882352941176,3.811320754716981,39.0,10,11,2
2021,REG,00-0033376,P.Ricard,BAL,13,8,63.0,1,-3.170063658704748,-0.243851050669596,7,0.5384615384615384,14.0,45.0,1.0769230769230769,5.625,3.0,1,2,1
2021,REG,00-0033386,C.Hollister,TEN,7,4,33.0,0,-1.777342143119308,-0.25390602044561544,4,0.5714285714285714,72.0,17.0,10.285714285714286,4.25,4.0,0,2,0
2021,REG,00-0033387,J.Hollister,JAX,15,9,55.0,1,-12.45776090519201,-0.8305173936794674,7,0.4666666666666667,66.0,31.0,4.4,3.4444444444444446,2.0,0,5,1
2021,REG,00-0033421,A.Auclair,HOU,5,5,47.0,1,5.694495963340163,1.1388991926680325,5,1.0,22.0,25.0,4.4,5.0,2.0,0,2,1
2021,REG,00-0033439,P.Brown,HOU,34,23,171.0,0,-10.383439970088238,-0.3053952932378894,11,0.3235294117647059,146.0,106.0,4.294117647058823,4.608695652173913,6.0,2,0,0
2021,REG,00-0033455,A.Firkser,TEN,43,34,291.0,2,10.04855643728096,0.23368735900653395,24,0.5581395348837209,250.0,111.0,5.813953488372093,3.264705882352941,15.0,1,6,2
2021,REG,00-0033460,J.Ross,NYG,20,11,224.0,1,12.212102882273022,0.6106051441136511,11,0.55,314.0,40.0,15.7,3.6363636363636362,8.0,3,1,0
2021,REG,00-0033466,I.McKenzie,BUF,26,20,178.0,1,16.954948930360846,0.6521134203984941,16,0.6153846153846154,157.0,81.0,6.038461538461538,4.05,13.0,1,5,1
2021,REG,00-0033471,I.Ford,MIA,17,12,161.0,2,10.60043067228982,0.623554745428813,9,0.5294117647058824,144.0,60.0,8.470588235294118,5.0,7.0,2,3,2
2021,REG,00-0033481,M.Kemp,KC,5,2,24.0,0,-0.5244607966160377,-0.10489215932320754,2,0.4,62.0,8.0,12.4,4.0,1.0,0,0,0
2021,REG,00-0033526,S.Perine,CIN,31,27,196.0,1,6.599092864264998,0.21287396336338704,13,0.41935483870967744,7.0,198.0,0.22580645161290322,7.333333333333333,9.0,1,5,1
2021,REG,00-0033528,J.Sprinkle,DAL,3,3,31.0,0,2.6052782254992053,0.8684260751664018,3,1.0,12.0,19.0,4.0,6.333333333333333,2.0,0,2,0
2021,REG,00-0033536,M.Williams,LAC,130,76,1146.0,9,66.66828882257889,0.5128329909429146,67,0.5153846153846153,1497.0,415.0,11.515384615384615,5.4605263157894735,51.0,17,24,5
2021,REG,00-0033553,J.Conner,ARI,39,37,366.0,3,25.128244514518872,0.6443139619107403,27,0.6923076923076923,11.0,373.0,0.28205128205128205,10.08108108108108,18.0,5,2,1
2021,REG,00-0033555,M.Hollins,MIA,29,14,223.0,4,12.59583251813021,0.4343390523493176,13,0.4482758620689655,425.0,41.0,14.655172413793103,2.9285714285714284,11.0,4,9,3
2021,REG,00-0033572,J.Agnew,JAX,40,24,229.0,1,5.7090543235795685,0.14272635808948922,19,0.475,291.0,118.0,7.275,4.916666666666667,14.0,4,4,1
2021,REG,00-0033576,E.Saubert,DEN,12,8,47.0,1,-0.5281541799777176,-0.04401284833147647,7,0.5833333333333334,40.0,29.0,3.3333333333333335,3.625,2.0,0,1,1
2021,REG,00-0033589,D.Moore,DEN,2,0,0.0,0,-0.973813073360362,-0.486906536680181,0,0.0,28.0,0.0,14.0,0.0,0.0,0,0,0
2021,REG,00-0033591,N.Brown,DAL,25,16,184.0,0,0.19712335924851224,0.00788493436994049,12,0.48,227.0,68.0,9.08,4.25,6.0,3,2,0
2021,REG,00-0033594,C.Carson,SEA,6,6,29.0,0,-0.48774025181774083,-0.08129004196962347,3,0.5,-13.0,42.0,-2.1666666666666665,7.0,1.0,0,0,0
2021,REG,00-0033611,R.Seals-Jones,WAS,51,30,271.0,2,-6.213847932899606,-0.12184015554705109,17,0.3333333333333333,268.0,152.0,5.254901960784314,5.066666666666666,14.0,1,15,1
2021,REG,00-0033658,B.Jarwin,DAL,17,11,96.0,2,-1.3517085073981288,-0.0795122651410664,10,0.5882352941176471,128.0,38.0,7.529411764705882,3.4545454545454546,5.0,1,6,2
2021,REG,00-0033681,K.Cole,NYJ,52,28,449.0,1,7.281594383905833,0.14003066122895833,25,0.4807692307692308,686.0,85.0,13.192307692307692,3.0357142857142856,20.0,7,7,0
2021,REG,00-0033699,A.Ekeler,LAC,95,70,647.0,8,-0.663806268296173,-0.00698743440311761,45,0.47368421052631576,171.0,627.0,1.8,8.957142857142857,31.0,3,17,8
2021,REG,00-0033720,C.Thompson,CAR,1,0,0.0,0,-1.74037983547896,-1.74037983547896,0,0.0,5.0,0.0,5.0,0.0,0.0,0,0,0
2021,REG,00-0033725,C.Clement,DAL,7,6,29.0,1,-1.871815690762058,-0.26740224153743686,2,0.2857142857142857,12.0,17.0,1.7142857142857142,2.8333333333333335,1.0,0,4,1
2021,REG,00-0033733,G.Ward,PHI,11,7,95.0,3,10.643124117166723,0.9675567379242476,6,0.5454545454545454,85.0,16.0,7.7272727272727275,2.2857142857142856,4.0,1,6,3
2021,REG,00-0033757,R.Tonyan,GB,29,18,204.0,2,10.811656699598121,0.37281574826200414,15,0.5172413793103449,262.0,104.0,9.03448275862069,5.777777777777778,10.0,4,6,1
2021,REG,00-0033839,D.Westbrook,MIN,15,10,68.0,0,-1.9098853867621868,-0.12732569245081246,4,0.26666666666666666,110.0,17.0,7.333333333333333,1.7,3.0,0,1,0
2021,REG,00-0033854,D.Ogunbowale,JAX,21,13,114.0,1,-1.17545017547673,-0.05597381787984428,7,0.3333333333333333,31.0,100.0,1.4761904761904763,7.6923076923076925,3.0,1,3,0
2021,REG,00-0033856,L.Fournette,TB,84,69,454.0,2,-0.4435736181506642,-0.005280638311317431,45,0.5357142857142857,57.0,449.0,0.6785714285714286,6.507246376811594,30.0,1,18,2
2021,REG,00-0033857,J.Smith-Schuster,PIT,28,15,129.0,0,-8.17464221835364,-0.2919515077983443,10,0.35714285714285715,183.0,68.0,6.535714285714286,4.533333333333333,6.0,1,0,0
2021,REG,00-0033858,J.Smith,NE,45,28,294.0,1,-9.73865688356058,-0.21641459741245733,18,0.4,249.0,232.0,5.533333333333333,8.285714285714286,15.0,5,10,1
2021,REG,00-0033871,C.Davis,NYJ,59,34,492.0,4,-0.8347992301747256,-0.014149139494486875,30,0.5084745762711864,765.0,129.0,12.966101694915254,3.7941176470588234,23.0,9,5,2
2021,REG,00-0033879,O.Howard,TB,21,14,135.0,1,3.8203060910115783,0.18191933766721802,12,0.5714285714285714,136.0,83.0,6.476190476190476,5.928571428571429,10.0,1,2,1
2021,REG,00-0033881,E.Engram,NYG,73,46,408.0,3,-10.748071335000827,-0.14723385390412091,30,0.410958904109589,366.0,185.0,5.013698630136986,4.021739130434782,21.0,2,5,2
2021,REG,00-0033885,D.Njoku,CLE,53,36,475.0,4,21.507124588656147,0.40579480355954994,31,0.5849056603773585,432.0,247.0,8.150943396226415,6.861111111111111,17.0,8,9,3
2021,REG,00-0033891,Z.Jones,LV,70,47,546.0,1,6.003509571934918,0.08576442245621312,36,0.5142857142857142,979.0,170.0,13.985714285714286,3.617021276595745,29.0,8,5,0
2021,REG,00-0033893,D.Cook,MIN,49,34,224.0,0,-4.863669206548711,-0.09925855523568798,17,0.3469387755102041,-79.0,278.0,-1.6122448979591837,8.176470588235293,9.0,1,3,0
2021,REG,00-0033895,G.Everett,SEA,63,48,478.0,4,10.863654386933355,0.17243895852275168,36,0.5714285714285714,330.0,249.0,5.238095238095238,5.1875,26.0,5,8,3
2021,REG,00-0033896,A.Shaheen,MIA,16,12,110.0,0,2.7934769367761048,0.17459230854850655,10,0.625,92.0,41.0,5.75,3.4166666666666665,5.0,1,6,0
2021,REG,00-0033897,J.Mixon,CIN,48,42,314.0,3,8.68478629522723,0.18093304781723396,17,0.3541666666666667,-8.0,318.0,-0.16666666666666666,7.571428571428571,11.0,3,7,2
2021,REG,00-0033904,D.Dawkins,BUF,1,0,0.0,0,-0.225900366902351,-0.225900366902351,0,0.0,1.0,0.0,1.0,0.0,0.0,0,1,0
2021,REG,00-0033906,A.Kamara,NO,67,47,439.0,5,10.8024138160697,0.1612300569562642,32,0.47761194029850745,77.0,437.0,1.1492537313432836,9.297872340425531,20.0,4,14,5
2021,REG,00-0033908,C.Kupp,LA,192,145,1947.0,16,112.93584767521602,0.5882075399750835,121,0.6302083333333334,1641.0,846.0,8.546875,5.834482758620689,89.0,30,39,13
2021,REG,00-0033921,C.Godwin,TB,127,98,1103.0,5,36.05648674908546,0.28390934448098787,78,0.6141732283464567,931.0,586.0,7.330708661417323,5.979591836734694,55.0,15,26,5
2021,REG,00-0033923,K.Hunt,CLE,27,22,172.0,0,2.8276369032359594,0.10472729271244294,10,0.37037037037037035,4.0,172.0,0.14814814814814814,7.818181818181818,10.0,1,4,0
2021,REG,00-0033925,D.Foreman,TEN,11,9,123.0,0,8.979706341546253,0.8163369401405685,7,0.6363636363636364,-1.0,124.0,-0.09090909090909091,13.777777777777779,6.0,1,2,0
2021,REG,00-0033932,K.Golladay,NYG,77,37,521.0,0,-3.4490646329655763,-0.04479304718137112,36,0.4675324675324675,1050.0,119.0,13.636363636363637,3.2162162162162162,27.0,5,11,0
2021,REG,00-0033943,J.Reynolds,DET,36,19,306.0,2,13.706483961043682,0.38073566558454675,18,0.5,524.0,78.0,14.555555555555555,4.105263157894737,15.0,6,5,0
2021,REG,00-0033943,J.Reynolds,TEN,13,10,90.0,0,5.177794481103768,0.3982918831618283,9,0.6923076923076923,144.0,41.0,11.076923076923077,4.1,6.0,0,1,0
2021,REG,00-0033948,J.Williams,DET,28,26,157.0,0,1.5848704178351967,0.056602514922685594,15,0.5357142857142857,10.0,156.0,0.35714285714285715,6.0,6.0,0,0,0
2021,REG,00-0033950,W.Gallman,ATL,3,1,21.0,0,0.800340533023704,0.266780177674568,1,0.3333333333333333,5.0,20.0,1.6666666666666667,20.0,1.0,1,0,0
2021,REG,00-0033951,M.Mack,IND,5,2,8.0,0,-2.1475536422804002,-0.42951072845608007,1,0.2,16.0,4.0,3.2,2.0,0.0,0,0,0
2021,REG,00-0033955,J.McNichols,TEN,38,28,240.0,1,6.061123160049345,0.15950324105393013,14,0.3684210526315789,-2.0,255.0,-0.05263157894736842,9.107142857142858,11.0,3,7,1
2021,REG,00-0033957,R.Adams,CHI,1,0,0.0,0,-0.815943880006671,-0.815943880006671,0,0.0,15.0,0.0,15.0,0.0,0.0,0,0,0
2021,REG,00-0034011,D.Arnold,CAR,11,7,84.0,0,2.1878591505519607,0.1988962864138146,6,0.5454545454545454,101.0,29.0,9.181818181818182,4.142857142857143,3.0,0,1,0
2021,REG,00-0034011,D.Arnold,JAX,42,28,324.0,0,2.405578770428653,0.05727568501020602,25,0.5952380952380952,239.0,159.0,5.690476190476191,5.678571428571429,17.0,2,4,0
2021,REG,00-0034052,B.Zylstra,CAR,25,18,250.0,1,9.140306190529387,0.36561224762117545,16,0.64,262.0,118.0,10.48,6.555555555555555,10.0,4,3,1
2021,REG,00-0034073,R.Dwelley,SF,5,4,51.0,1,1.563315904873886,0.3126631809747772,3,0.6,59.0,5.0,11.8,1.25,2.0,1,0,0
2021,REG,00-0034104,C.Sims,WAS,23,15,211.0,2,8.951436545556945,0.38919289328508455,13,0.5652173913043478,267.0,42.0,11.608695652173912,2.8,11.0,2,5,1
2021,REG,00-0034109,P.Lindsay,HOU,4,3,37.0,1,3.2773382539744498,0.8193345634936124,3,0.75,-10.0,44.0,-2.5,14.666666666666666,1.0,1,1,0
2021,REG,00-0034109,P.Lindsay,MIA,1,1,8.0,0,0.671765530249104,0.671765530249104,1,1.0,-1.0,9.0,-1.0,9.0,0.0,0,0,0
2021,REG,00-0034115,J.Wilson,SF,8,7,31.0,0,-1.1884272018214679,-0.14855340022768349,3,0.375,-10.0,43.0,-1.25,6.142857142857143,1.0,0,3,0
2021,REG,00-0034132,C.Blake,ATL,9,4,25.0,0,-4.044391768111383,-0.44937686312348696,3,0.3333333333333333,58.0,2.0,6.444444444444445,0.5,2.0,0,1,0
2021,REG,00-0034159,W.Dissly,SEA,26,21,231.0,1,11.774168830830607,0.45285264733963876,16,0.6153846153846154,112.0,143.0,4.3076923076923075,6.809523809523809,11.0,5,3,1
2021,REG,00-0034171,J.Cabinda,DET,7,4,16.0,1,-2.336233607260508,-0.33374765818007257,2,0.2857142857142857,6.0,8.0,0.8571428571428571,2.0,2.0,0,1,1
2021,REG,00-0034193,K.Rader,PIT,3,2,8.0,0,-1.0382755508762789,-0.34609185029209294,1,0.3333333333333333,8.0,4.0,2.6666666666666665,2.0,0.0,0,0,0
2021,REG,00-0034208,M.Boone,DEN,2,2,22.0,0,2.114376706653275,1.0571883533266375,1,0.5,-2.0,24.0,-1.0,12.0,1.0,0,0,0
2021,REG,00-0034253,D.Hilliard,TEN,26,19,87.0,0,-6.925889888999539,-0.2663803803461361,10,0.38461538461538464,-23.0,108.0,-0.8846153846153846,5.684210526315789,7.0,1,5,0
2021,REG,00-0034270,T.Conklin,MIN,87,61,593.0,3,11.340533091528904,0.13035095507504488,41,0.47126436781609193,464.0,326.0,5.333333333333333,5.344262295081967,26.0,4,16,3
2021,REG,00-0034272,M.Valdes-Scantling,GB,56,26,430.0,3,9.810256269082636,0.17518314766218993,20,0.35714285714285715,985.0,146.0,17.589285714285715,5.615384615384615,18.0,8,9,2
2021,REG,00-0034279,E.St. Brown,GB,17,9,98.0,0,4.69402852476923,0.27611932498642533,8,0.47058823529411764,175.0,58.0,10.294117647058824,6.444444444444445,6.0,1,4,0
2021,REG,00-0034297,B.Pringle,KC,60,42,568.0,5,36.73909083536927,0.6123181805894878,37,0.6166666666666667,641.0,187.0,10.683333333333334,4.4523809523809526,32.0,11,6,3
2021,REG,00-0034301,Da.Williams,KC,57,47,452.0,2,20.606446955473213,0.36151661325391604,37,0.6491228070175439,82.0,435.0,1.4385964912280702,9.25531914893617,19.0,4,10,0
2021,REG,00-0034311,J.Stanton,CLE,2,2,7.0,1,-0.01353343328810297,-0.006766716644051485,1,0.5,3.0,4.0,1.5,2.0,1.0,0,1,1
2021,REG,00-0034317,K.Kirkwood,CAR,7,3,17.0,0,-0.8913638396188632,-0.12733769137412332,3,0.42857142857142855,55.0,16.0,7.857142857142857,5.333333333333333,1.0,0,1,0
2021,REG,00-0034319,D.Yelder,TB,1,1,0.0,0,-0.605865706864279,-0.605865706864279,0,0.0,-2.0,2.0,-2.0,2.0,0.0,0,0,0
2021,REG,00-0034331,J.Samuels,HOU,4,3,14.0,0,-0.24166087491903432,-0.06041521872975858,1,0.25,-4.0,17.0,-1.0,5.666666666666667,1.0,0,0,0
2021,REG,00-0034348,C.Sutton,DEN,100,58,776.0,2,20.20711837010124,0.2020711837010124,49,0.49,1509.0,135.0,15.09,2.3275862068965516,35.0,9,14,1
2021,REG,00-0034351,D.Goedert,PHI,77,56,830.0,4,53.383431919151,0.6932913236253376,50,0.6493506493506493,643.0,386.0,8.35064935064935,6.892857142857143,42.0,14,8,2
2021,REG,00-0034353,A.Miller,HOU,11,5,23.0,1,-10.182244869240098,-0.9256586244763725,3,0.2727272727272727,74.0,10.0,6.7272727272727275,2.0,3.0,0,1,1
2021,REG,00-0034353,A.Miller,PIT,1,1,2.0,0,-1.20094444439746,-1.20094444439746,0,0.0,2.0,0.0,2.0,0.0,0.0,0,0,0
2021,REG,00-0034364,J.Akins,HOU,33,24,214.0,0,-8.525723242740607,-0.2583552497800184,17,0.5151515151515151,207.0,81.0,6.2727272727272725,3.375,11.0,1,5,0
2021,REG,00-0034365,I.Thomas,CAR,30,18,188.0,0,-15.779598595749084,-0.5259866198583028,11,0.36666666666666664,183.0,92.0,6.1,5.111111111111111,6.0,3,4,0
2021,REG,00-0034366,K.Coutee,IND,1,1,5.0,0,-0.168915360234678,-0.168915360234678,0,0.0,5.0,0.0,5.0,0.0,0.0,0,0,0
2021,REG,00-0034367,N.Hines,IND,57,40,300.0,1,4.338703770994254,0.07611761001744305,26,0.45614035087719296,113.0,276.0,1.9824561403508771,6.9,14.0,2,5,1
2021,REG,00-0034383,D.Schultz,DAL,106,78,808.0,8,46.34208383688972,0.437189470159337,67,0.6320754716981132,741.0,341.0,6.990566037735849,4.371794871794871,43.0,6,16,6
2021,REG,00-0034401,M.White,NYJ,1,0,0.0,0,1.053,1.053,1,1.0,0.0,0.0,0.0,0.0,0.0,0,1,0
2021,REG,00-0034407,R.McCloud,PIT,66,39,277.0,0,-14.278892831584796,-0.21634686108461812,23,0.3484848484848485,421.0,116.0,6.378787878787879,2.9743589743589745,18.0,2,10,0
2021,REG,00-0034411,R.Gage,ATL,94,66,771.0,4,9.49708630586398,0.10103283304110618,54,0.574468085106383,882.0,249.0,9.382978723404255,3.772727272727273,37.0,8,14,3
2021,REG,00-0034414,B.Scott,PHI,16,13,83.0,0,-4.4276799896484516,-0.2767299993530282,4,0.25,-9.0,96.0,-0.5625,7.384615384615385,3.0,0,1,0
2021,REG,00-0034418,C.Wilson,DAL,62,45,602.0,6,35.83038276357555,0.5779093994125089,37,0.5967741935483871,595.0,260.0,9.596774193548388,5.777777777777778,27.0,8,11,3
2021,REG,00-0034419,B.Berrios,NYJ,65,46,409.0,2,7.827375496213811,0.12042116148021248,28,0.4307692307692308,332.0,242.0,5.107692307692307,5.260869565217392,21.0,4,8,2
2021,REG,00-0034433,N.Bawden,NYJ,1,1,20.0,0,1.75669377064332,1.75669377064332,1,1.0,9.0,11.0,9.0,11.0,1.0,1,0,0
2021,REG,00-0034435,K.Crossen,NYG,1,0,0.0,0,-2.85103766736574,-2.85103766736574,0,0.0,13.0,0.0,13.0,0.0,0.0,0,0,0
2021,REG,00-0034440,J.Jackson,LAC,25,22,178.0,0,5.932369897374882,0.2372947958949953,17,0.68,20.0,165.0,0.8,7.5,8.0,1,5,0
2021,REG,00-0034487,T.Sherfield,SF,20,9,87.0,1,-5.662714003073329,-0.28313570015366646,8,0.4,174.0,23.0,8.7,2.5555555555555554,7.0,0,4,1
2021,REG,00-0034521,A.Lazard,GB,60,40,513.0,8,36.58736934207986,0.6097894890346643,36,0.6,647.0,174.0,10.783333333333333,4.35,28.0,8,16,7
2021,REG,00-0034578,R.Bonnafon,CAR,2,2,12.0,0,0.751900982053485,0.3759504910267425,1,0.5,3.0,9.0,1.5,4.5,1.0,0,1,0
2021,REG,00-0034597,R.Nall,CHI,1,1,4.0,0,-1.88302549085347,-1.88302549085347,0,0.0,4.0,0.0,4.0,0.0,0.0,0,0,0
2021,REG,00-0034614,G.Igwebuike,DET,10,7,60.0,0,-2.082564797310625,-0.2082564797310625,4,0.4,15.0,64.0,1.5,9.142857142857142,4.0,0,0,0
2021,REG,00-0034631,V.Smith,NYJ,1,0,0.0,0,-0.442845940182451,-0.442845940182451,0,0.0,18.0,0.0,18.0,0.0,0.0,0,1,0
2021,REG,00-0034652,C.Batson,TEN,5,2,15.0,1,0.9303044960252027,0.18606089920504054,2,0.4,84.0,1.0,16.8,0.5,2.0,0,2,1
2021,REG,00-0034672,E.Wolf,NO,2,2,8.0,0,-0.390935016330331,-0.1954675081651655,0,0.0,2.0,6.0,1.0,3.0,0.0,0,0,0
2021,REG,00-0034676,J.Washington,PIT,44,24,285.0,2,-7.22128224318722,-0.16412005098152774,19,0.4318181818181818,514.0,79.0,11.681818181818182,3.2916666666666665,9.0,4,8,1
2021,REG,00-0034681,C.Edmonds,ARI,53,43,311.0,0,-4.272553728302634,-0.08061422128872893,21,0.39622641509433965,23.0,324.0,0.4339622641509434,7.534883720930233,11.0,2,7,0
2021,REG,00-0034686,A.Tate,CIN,4,3,39.0,1,0.003112844016857963,0.0007782110042144907,3,0.75,45.0,21.0,11.25,7.0,3.0,0,1,1
2021,REG,00-0034735,C.McElroy,TB,1,0,0.0,0,-0.740482040331699,-0.740482040331699,0,0.0,11.0,0.0,11.0,0.0,0.0,0,1,0
2021,REG,00-0034750,R.Penny,SEA,8,6,48.0,0,0.7297983083565454,0.09122478854456817,3,0.375,-16.0,62.0,-2.0,10.333333333333334,3.0,1,1,0
2021,REG,00-0034753,M.Andrews,BAL,158,107,1361.0,9,56.07177659429329,0.35488466198919805,95,0.6012658227848101,1574.0,450.0,9.962025316455696,4.205607476635514,75.0,20,27,9
2021,REG,00-0034764,M.Gallup,DAL,62,35,445.0,2,18.404136935042832,0.29684091830714243,30,0.4838709677419355,722.0,123.0,11.64516129032258,3.5142857142857142,23.0,6,8,1
2021,REG,00-0034765,T.Smith,NO,51,32,377.0,3,12.518628092726882,0.24546329593582122,25,0.49019607843137253,480.0,113.0,9.411764705882353,3.53125,18.0,6,10,3
2021,REG,00-0034766,C.Herndon,MIN,7,4,40.0,1,1.902333986421581,0.27176199806022583,4,0.5714285714285714,29.0,31.0,4.142857142857143,7.75,4.0,0,1,1
2021,REG,00-0034775,C.Kirk,ARI,103,77,982.0,5,51.09938797153089,0.49611056283039695,60,0.5825242718446602,1201.0,231.0,11.660194174757281,3.0,44.0,16,10,2
2021,REG,00-0034777,D.Chark,JAX,23,7,154.0,2,-0.6727991132660649,-0.029252135359394128,7,0.30434782608695654,359.0,24.0,15.608695652173912,3.4285714285714284,7.0,3,2,1
2021,REG,00-0034791,N.Chubb,CLE,25,20,174.0,1,8.125115893781187,0.3250046357512475,12,0.48,14.0,183.0,0.56,9.15,9.0,2,1,1
2021,REG,00-0034798,D.Smythe,MIA,41,34,357.0,0,14.96828376883059,0.3650800919226973,24,0.5853658536585366,260.0,160.0,6.341463414634147,4.705882352941177,15.0,5,7,0
2021,REG,00-0034799,K.Ballage,PIT,7,2,8.0,0,-7.04676297592232,-1.00668042513176,1,0.14285714285714285,2.0,10.0,0.2857142857142857,5.0,0.0,0,1,0
2021,REG,00-0034816,R.Jones,TB,13,10,64.0,0,0.27778822398977976,0.021368324922290752,7,0.5384615384615384,-15.0,77.0,-1.1538461538461537,7.7,2.0,0,1,0
2021,REG,00-0034827,Dj.Moore,CAR,164,93,1157.0,4,9.491507973460962,0.0578750486186644,78,0.47560975609756095,1734.0,422.0,10.573170731707316,4.537634408602151,60.0,16,15,4
2021,REG,00-0034829,M.Gesicki,MIA,113,73,780.0,2,18.955017548518086,0.16774351812847862,57,0.504424778761062,1048.0,221.0,9.274336283185841,3.0273972602739727,39.0,12,12,2
2021,REG,00-0034830,H.Hurst,ATL,31,26,221.0,3,2.64730920143161,0.0853970710139229,16,0.5161290322580645,205.0,89.0,6.612903225806452,3.423076923076923,11.0,1,7,3
2021,REG,00-0034837,C.Ridley,ATL,52,31,281.0,2,7.901234673704037,0.15194682064815457,24,0.46153846153846156,521.0,91.0,10.01923076923077,2.935483870967742,16.0,3,11,2
2021,REG,00-0034838,R.Freeman,CAR,6,3,15.0,0,-2.4768580070346804,-0.4128096678391134,2,0.3333333333333333,-8.0,11.0,-1.3333333333333333,3.6666666666666665,0.0,0,0,0
2021,REG,00-0034838,R.Freeman,HOU,10,7,62.0,0,0.7226707086083479,0.0722670708608348,5,0.5,2.0,64.0,0.2,9.142857142857142,4.0,0,0,0
2021,REG,00-0034844,S.Barkley,NYG,57,41,263.0,2,-3.7365712338359915,-0.06555388129536827,19,0.3333333333333333,30.0,298.0,0.5263157894736842,7.2682926829268295,13.0,1,3,1
2021,REG,00-0034845,S.Michel,LA,33,21,128.0,1,-8.643807557342065,-0.2619335623436989,11,0.3333333333333333,-14.0,133.0,-0.42424242424242425,6.333333333333333,6.0,1,2,1
2021,REG,00-0034854,K.Hodge,DET,28,13,157.0,0,-6.314105391012269,-0.2255037639647239,10,0.35714285714285715,304.0,37.0,10.857142857142858,2.8461538461538463,7.0,2,6,0
2021,REG,00-0034857,J.Allen,BUF,1,0,0.0,0,1.053,1.053,1,1.0,0.0,0.0,0.0,0.0,0.0,0,1,0
2021,REG,00-0034860,D.Pettis,NYG,16,10,87.0,1,-1.9642320835057578,-0.12276450521910987,6,0.375,103.0,38.0,6.4375,3.8,5.0,1,2,1
2021,REG,00-0034867,M.Turner,DAL,16,12,149.0,3,6.502443870471339,0.4064027419044587,9,0.5625,149.0,74.0,9.3125,6.166666666666667,8.0,1,6,3
2021,REG,00-0034903,T.Campbell,LAC,1,0,0.0,0,-2.76716072531417,-2.76716072531417,0,0.0,10.0,0.0,10.0,0.0,0.0,0,0,0
2021,REG,00-0034930,T.Benson,DET,22,10,95.0,0,-9.61333417706192,-0.4369697353209964,7,0.3181818181818182,175.0,51.0,7.954545454545454,5.1,4.0,2,1,0
2021,REG,00-0034960,J.Meyers,NE,128,83,866.0,2,19.095091447288702,0.14918040193194299,69,0.5390625,1221.0,222.0,9.5390625,2.674698795180723,42.0,12,16,2
2021,REG,00-0034972,A.Mattison,MIN,39,32,228.0,1,-2.7079422143603056,-0.06943441575282835,16,0.41025641025641024,3.0,238.0,0.07692307692307693,7.4375,10.0,3,8,1
2021,REG,00-0034981,F.Moreau,LV,44,30,373.0,3,-0.8733873719285484,-0.0198497129983761,22,0.5,325.0,189.0,7.386363636363637,6.3,16.0,6,6,3
2021,REG,00-0034983,H.Renfrow,LV,129,103,1038.0,9,50.45304696860905,0.3911088912295275,73,0.5658914728682171,828.0,452.0,6.4186046511627906,4.388349514563107,51.0,10,26,9
2021,REG,00-0034988,K.Smith,NYG,3,3,33.0,0,1.6992588230641568,0.5664196076880522,2,0.6666666666666666,22.0,11.0,7.333333333333333,3.6666666666666665,1.0,1,0,0
2021,REG,00-0035021,A.Dulin,IND,22,13,173.0,2,5.971647818689233,0.2714385372131469,10,0.45454545454545453,304.0,50.0,13.818181818181818,3.8461538461538463,9.0,2,2,1
2021,REG,00-0035022,P.Hart,SEA,12,7,59.0,0,-3.161313975462685,-0.2634428312885571,6,0.5,108.0,41.0,9.0,5.857142857142857,3.0,0,1,0
2021,REG,00-0035045,D.Montgomery,NYJ,6,3,36.0,0,-2.6614067054594974,-0.44356778424324955,2,0.3333333333333333,39.0,15.0,6.5,5.0,2.0,0,1,0
2021,REG,00-0035099,K.Blasingame,TEN,2,2,4.0,0,-0.8968115472234791,-0.44840577361173956,1,0.5,0.0,4.0,0.0,2.0,0.0,0,0,0
2021,REG,00-0035101,D.Davis,HOU,3,1,17.0,0,-4.3205127341207135,-1.4401709113735712,1,0.3333333333333333,14.0,13.0,4.666666666666667,13.0,1.0,0,0,0
2021,REG,00-0035125,A.Ingold,LV,12,10,85.0,1,3.788193756446218,0.3156828130371848,7,0.5833333333333334,56.0,46.0,4.666666666666667,4.6,4.0,1,3,1
2021,REG,00-0035126,A.Wesley,ARI,32,19,208.0,3,-3.4248185180320756,-0.10702557868850236,14,0.4375,317.0,61.0,9.90625,3.210526315789474,9.0,4,6,2
2021,REG,00-0035140,M.Hardman,KC,83,59,693.0,2,17.994540543586474,0.2168016932962226,45,0.5421686746987951,612.0,502.0,7.373493975903615,8.508474576271187,33.0,8,17,2
2021,REG,00-0035184,D.Ozigbo,NO,1,1,7.0,0,0.787435521837324,0.787435521837324,1,1.0,4.0,3.0,4.0,3.0,1.0,0,0,0
2021,REG,00-0035187,A.Walter,NYJ,3,2,9.0,0,-0.828732173424214,-0.2762440578080713,1,0.3333333333333333,-9.0,13.0,-3.0,6.5,1.0,0,0,0
2021,REG,00-0035208,O.Zaccheaus,ATL,54,31,406.0,3,11.59271291705966,0.21467986883443815,27,0.5,477.0,96.0,8.833333333333334,3.096774193548387,22.0,4,9,3
2021,REG,00-0035215,D.Harris,NO,59,36,570.0,3,9.929468594910404,0.16829607787983736,30,0.5084745762711864,585.0,246.0,9.915254237288135,6.833333333333333,23.0,5,5,0
2021,REG,00-0035216,D.Johnson,PIT,173,107,1161.0,8,22.046528781486156,0.1274365825519431,72,0.4161849710982659,1440.0,527.0,8.323699421965317,4.925233644859813,59.0,14,26,5
2021,REG,00-0035217,B.Snell,PIT,4,2,13.0,0,-2.2306716679013343,-0.5576679169753336,1,0.25,-4.0,20.0,-1.0,10.0,0.0,0,0,0
2021,REG,00-0035222,Z.Gentry,PIT,25,19,167.0,0,-2.380375497394983,-0.09521501989579932,11,0.44,75.0,127.0,3.0,6.684210526315789,11.0,2,5,0
2021,REG,00-0035229,T.Hockenson,DET,86,61,583.0,4,5.4678523407603405,0.06357967838093419,43,0.5,616.0,199.0,7.162790697674419,3.262295081967213,32.0,8,12,4
2021,REG,00-0035231,C.Wilkins,MIA,1,1,1.0,1,0.53282988598221,0.53282988598221,1,1.0,1.0,0.0,1.0,0.0,1.0,0,1,1
2021,REG,00-0035243,M.Sanders,PHI,34,26,158.0,0,-6.752762110539464,-0.19861065030998426,13,0.38235294117647056,-18.0,227.0,-0.5294117647058824,8.73076923076923,6.0,1,3,0
2021,REG,00-0035246,J.Arcega-Whiteside,PHI,5,2,36.0,0,-3.3505652281455744,-0.6701130456291149,2,0.4,41.0,29.0,8.2,14.5,2.0,1,0,0
2021,REG,00-0035249,J.Oliver,BAL,15,9,66.0,0,-3.3290606169030124,-0.22193737446020081,6,0.4,126.0,25.0,8.4,2.7777777777777777,4.0,0,2,0
2021,REG,00-0035250,D.Singletary,BUF,50,40,228.0,1,-2.3093669366734977,-0.04618733873346995,24,0.48,4.0,242.0,0.08,6.05,11.0,0,6,1
2021,REG,00-0035259,T.Wesco,NYJ,5,3,35.0,0,-1.3490544312517232,-0.26981088625034466,3,0.6,3.0,29.0,0.6,9.666666666666666,2.0,0,0,0
2021,REG,00-0035261,T.Pollard,DAL,47,39,337.0,0,6.886317495831501,0.14651739352832982,26,0.5531914893617021,8.0,341.0,0.1702127659574468,8.743589743589743,15.0,2,8,0
2021,REG,00-0035268,R.Armstead,JAX,4,3,16.0,0,-5.9000719026080315,-1.4750179756520079,2,0.5,0.0,20.0,0.0,6.666666666666667,1.0,0,0,0
2021,REG,00-0035273,Q.Ollison,ATL,6,4,12.0,0,-4.134114332846364,-0.689019055474394,2,0.3333333333333333,0.0,7.0,0.0,1.75,1.0,0,2,0
2021,REG,00-0035291,T.Williams,CIN,2,1,4.0,0,-0.690285214750836,-0.345142607375418,0,0.0,-7.0,11.0,-3.5,11.0,0.0,0,0,0
2021,REG,00-0035298,S.Miller,TB,9,5,38.0,0,-5.675998245874003,-0.6306664717637781,4,0.4444444444444444,117.0,9.0,13.0,1.8,2.0,0,0,0
2021,REG,00-0035308,T.Sweeney,BUF,12,9,44.0,1,-3.790205474360843,-0.3158504561967369,4,0.3333333333333333,69.0,14.0,5.75,1.5555555555555556,3.0,0,1,1
2021,REG,00-0035311,M.Gaskin,MIA,63,49,234.0,4,-6.788066962198532,-0.10774709463807194,23,0.36507936507936506,32.0,250.0,0.5079365079365079,5.1020408163265305,13.0,2,9,3
2021,REG,00-0035328,M.Nelson,DET,1,0,0.0,0,-0.592342924210243,-0.592342924210243,0,0.0,6.0,0.0,6.0,0.0,0.0,0,1,0
2021,REG,00-0035329,D.Parham,LAC,28,20,190.0,3,7.145056688910805,0.25518059603252874,15,0.5357142857142857,121.0,138.0,4.321428571428571,6.9,13.0,1,7,2
2021,REG,00-0035341,T.Irwin,CIN,5,2,34.0,0,-1.706758976506534,-0.3413517953013068,1,0.2,86.0,5.0,17.2,2.5,1.0,1,1,0
2021,REG,00-0035342,P.Laird,MIA,3,3,17.0,0,2.3697280166088572,0.7899093388696191,3,1.0,-3.0,20.0,-1.0,6.666666666666667,2.0,0,1,0
2021,REG,00-0035345,C.Myarick,NYG,6,3,17.0,1,-4.3384086560690776,-0.7230681093448462,2,0.3333333333333333,13.0,8.0,2.1666666666666665,2.6666666666666665,2.0,0,1,1
2021,REG,00-0035350,P.Williams,MIA,16,6,71.0,0,-5.4438164712080255,-0.3402385294505016,5,0.3125,137.0,38.0,8.5625,6.333333333333333,3.0,2,4,0
2021,REG,00-0035356,T.Jackson,PHI,7,3,22.0,1,0.2695195387932454,0.038502791256177914,3,0.42857142857142855,69.0,7.0,9.857142857142858,2.3333333333333335,2.0,0,1,1
2021,REG,00-0035359,D.Sills,NYG,6,2,17.0,0,-2.954351140389917,-0.4923918567316528,2,0.3333333333333333,58.0,2.0,9.666666666666666,1.0,1.0,0,1,0
2021,REG,00-0035399,S.Morgan,CIN,4,2,11.0,0,-1.183768589282408,-0.295942147320602,1,0.25,32.0,20.0,8.0,10.0,0.0,0,0,0
2021,REG,00-0035406,L.Humphrey,NO,19,13,249.0,2,4.8560667456623685,0.2555824602980194,12,0.631578947368421,192.0,101.0,10.105263157894736,7.769230769230769,9.0,6,2,1
2021,REG,00-0035414,J.Guyton,LAC,48,31,448.0,3,26.991135289979884,0.5623153185412476,27,0.5625,503.0,149.0,10.479166666666666,4.806451612903226,21.0,5,7,1
2021,REG,00-0035428,D.Helm,LV,2,1,-1.0,0,-2.301643194134622,-1.150821597067311,0,0.0,1.0,2.0,0.5,2.0,0.0,0,1,0
2021,REG,00-0035432,J.Moore,LAC,4,3,56.0,0,2.601492775778749,0.6503731939446873,3,0.75,60.0,26.0,15.0,8.666666666666666,3.0,1,0,0
2021,REG,00-0035457,T.Johnson,JAX,5,2,16.0,0,-3.6356850985321243,-0.7271370197064249,2,0.4,102.0,9.0,20.4,4.5,1.0,0,0,0
2021,REG,00-0035480,M.Taylor,GB,3,2,14.0,0,-0.4294887233118079,-0.14316290777060262,2,0.6666666666666666,30.0,8.0,10.0,4.0,1.0,0,2,0
2021,REG,00-0035500,G.Dortch,ARI,3,3,15.0,0,-0.33879136684117805,-0.11293045561372601,1,0.3333333333333333,-16.0,31.0,-5.333333333333333,10.333333333333334,0.0,0,1,0
2021,REG,00-0035510,J.Smith,NYJ,17,8,113.0,0,5.4771497747711635,0.322185280868892,8,0.47058823529411764,192.0,15.0,11.294117647058824,1.875,6.0,1,0,0
2021,REG,00-0035527,A.Isabella,ARI,1,1,13.0,0,0.810408839141019,0.810408839141019,1,1.0,6.0,7.0,6.0,7.0,1.0,0,0,0
2021,REG,00-0035535,D.Slayton,NYG,58,26,339.0,2,-14.252361351251938,-0.2457303681250334,19,0.3275862068965517,773.0,65.0,13.327586206896552,2.5,14.0,4,2,0
2021,REG,00-0035537,T.Johnson,NYJ,54,34,372.0,2,7.462536560109611,0.13819512148351132,24,0.4444444444444444,119.0,334.0,2.2037037037037037,9.823529411764707,20.0,3,4,1
2021,REG,00-0035537,Ty.Johnson,NYJ,1,0,0.0,0,-1.18806307343766,-1.18806307343766,0,0.0,12.0,0.0,12.0,0.0,0.0,0,0,0
2021,REG,00-0035544,T.Kennedy,DET,10,6,54.0,0,-4.635748887492816,-0.46357488874928154,4,0.4,77.0,17.0,7.7,2.8333333333333335,2.0,0,1,0
2021,REG,00-0035547,J.Fortson,KC,5,5,47.0,2,5.351718912075741,1.0703437824151483,4,0.8,38.0,9.0,7.6,1.8,3.0,1,2,2
2021,REG,00-0035562,J.Horsted,CHI,3,2,21.0,2,5.220881963959829,1.7402939879866095,2,0.6666666666666666,31.0,0.0,10.333333333333334,0.0,2.0,0,3,2
2021,REG,00-0035567,C.Reynolds,DET,8,7,52.0,0,1.5050097236526219,0.18812621545657773,3,0.375,5.0,55.0,0.625,7.857142857142857,3.0,0,0,0
2021,REG,00-0035572,P.Hesse,ATL,6,5,43.0,0,1.892527188232636,0.31542119803877267,5,0.8333333333333334,22.0,21.0,3.6666666666666665,4.2,3.0,0,0,0
2021,REG,00-0035588,G.Bradbury,MIN,1,1,21.0,0,1.50445499410853,1.50445499410853,1,1.0,-3.0,24.0,-3.0,24.0,1.0,1,0,0
2021,REG,00-0035593,J.Winfree,GB,13,8,58.0,0,-1.6387730676215164,-0.12605946674011664,6,0.46153846153846156,75.0,31.0,5.769230769230769,3.875,5.0,0,3,0
2021,REG,00-0035594,T.Homer,SEA,20,16,161.0,0,-4.347545719676418,-0.21737728598382092,9,0.45,48.0,128.0,2.4,8.0,8.0,3,3,0
2021,REG,00-0035603,K.Blanton,LA,7,4,37.0,0,-2.169443631020835,-0.3099205187172621,3,0.42857142857142855,43.0,13.0,6.142857142857143,3.25,2.0,1,2,0
2021,REG,00-0035624,N.Harry,NE,22,12,184.0,0,7.723724297859013,0.3510783771754097,11,0.5,327.0,25.0,14.863636363636363,2.0833333333333335,7.0,3,1,0
2021,REG,00-0035628,D.Johnson,CLE,25,19,137.0,0,0.7006596530263833,0.028026386121055333,9,0.36,6.0,138.0,0.24,7.2631578947368425,7.0,0,1,0
2021,REG,00-0035631,D.Sample,CIN,15,11,81.0,0,0.3219783537206269,0.021465223581375127,7,0.4666666666666667,35.0,82.0,2.3333333333333335,7.454545454545454,3.0,0,0,0
2021,REG,00-0035632,A.Hooker,TEN,1,1,6.0,0,3.06227189977653,3.06227189977653,1,1.0,4.0,2.0,4.0,2.0,1.0,0,0,0
2021,REG,00-0035639,P.Campbell,IND,20,10,162.0,1,2.3772227646550195,0.11886113823275098,8,0.4,334.0,17.0,16.7,1.7,7.0,3,1,0
2021,REG,00-0035640,D.Metcalf,SEA,129,75,967.0,12,28.664408621174548,0.22220471799360114,62,0.4806201550387597,1636.0,328.0,12.682170542635658,4.373333333333333,48.0,11,20,9
2021,REG,00-0035644,N.Fant,DEN,91,68,670.0,4,15.235971487362123,0.16742825810288048,46,0.5054945054945055,540.0,319.0,5.934065934065934,4.6911764705882355,29.0,7,17,4
2021,REG,00-0035645,G.Olszewski,NE,3,2,31.0,0,1.6776933936052898,0.5592311312017633,2,0.6666666666666666,29.0,14.0,9.666666666666666,7.0,2.0,1,0,0
2021,REG,00-0035657,D.Harris,NE,21,18,132.0,0,4.253627703757958,0.2025537001789504,12,0.5714285714285714,-7.0,134.0,-0.3333333333333333,7.444444444444445,4.0,1,2,0
2021,REG,00-0035659,T.McLaurin,WAS,130,77,1053.0,5,12.175814403860052,0.09366011079892347,65,0.5,1707.0,307.0,13.13076923076923,3.987012987012987,47.0,15,9,3
2021,REG,00-0035662,M.Brown,BAL,147,91,1008.0,6,11.889530107876283,0.08088115719643729,66,0.4489795918367347,1622.0,388.0,11.034013605442176,4.263736263736264,41.0,15,18,2
2021,REG,00-0035664,D.Henderson,LA,40,29,176.0,3,-7.756834660989242,-0.19392086652473103,11,0.275,37.0,180.0,0.925,6.206896551724138,8.0,2,9,2
2021,REG,00-0035676,A.Brown,TEN,105,63,869.0,5,33.827210485994684,0.32216390939042555,58,0.5523809523809524,1218.0,235.0,11.6,3.7301587301587302,45.0,10,11,3
2021,REG,00-0035685,D.Montgomery,CHI,51,42,301.0,0,5.274761422659274,0.10342669456194654,26,0.5098039215686274,45.0,273.0,0.8823529411764706,6.5,18.0,0,8,0
2021,REG,00-0035689,D.Knox,BUF,71,49,587.0,9,33.190938616780564,0.4674780086870502,41,0.5774647887323944,524.0,277.0,7.380281690140845,5.653061224489796,31.0,8,19,6
2021,REG,00-0035700,J.Jacobs,LV,64,54,348.0,0,-5.931718474118649,-0.0926831011581039,32,0.5,-27.0,395.0,-0.421875,7.314814814814815,14.0,2,6,0
2021,REG,00-0035703,M.Boykin,BAL,1,1,6.0,0,0.0853082651738077,0.0853082651738077,1,1.0,6.0,0.0,6.0,0.0,0.0,0,0,0
2021,REG,00-0035704,D.Lock,DEN,1,1,1.0,0,-3.13066442887066,-3.13066442887066,0,0.0,-5.0,6.0,-5.0,6.0,0.0,0,1,0
2021,REG,00-0035710,D.Jones,NYG,1,1,16.0,0,0.98088472627569,0.98088472627569,1,1.0,13.0,3.0,13.0,3.0,1.0,0,0,0
2021,REG,00-0035715,D.Gore,KC,9,8,105.0,0,6.626149446179628,0.736238827353292,7,0.7777777777777778,11.0,90.0,1.2222222222222223,11.25,3.0,1,2,0
2021,REG,00-0035719,D.Samuel,SF,121,77,1397.0,6,55.310518656157306,0.45711172443105214,61,0.5041322314049587,1029.0,772.0,8.50413223140496,10.025974025974026,51.0,23,9,2
2021,REG,00-0035726,J.Johnson,NE,4,3,34.0,0,1.8108318622107664,0.4527079655526916,2,0.5,6.0,29.0,1.5,9.666666666666666,1.0,1,1,0
2021,REG,00-0035726,Jak.Johnson,NE,1,1,9.0,0,1.02158045361284,1.02158045361284,1,1.0,4.0,5.0,4.0,5.0,1.0,0,0,0
2021,REG,00-0035771,M.Wilcox,CIN,5,3,16.0,0,-1.8508235491462992,-0.37016470982925986,1,0.2,19.0,8.0,3.8,2.6666666666666665,0.0,0,0,0
2021,REG,00-0035806,J.Hasty,SF,29,23,157.0,0,-2.3620938188684426,-0.08145151099546354,8,0.27586206896551724,70.0,128.0,2.413793103448276,5.565217391304348,7.0,1,5,0
2021,REG,00-0035823,B.Ellefson,MIN,1,0,0.0,0,-0.510377297643572,-0.510377297643572,0,0.0,7.0,0.0,7.0,0.0,0.0,0,0,0
2021,REG,00-0035831,J.Robinson,JAX,46,31,222.0,0,-3.488576495350569,-0.0758386194641428,19,0.41304347826086957,40.0,230.0,0.8695652173913043,7.419354838709677,9.0,1,2,0
2021,REG,00-0035844,K.Merritt,MIA,3,1,13.0,0,-0.2178100550081591,-0.07260335166938636,1,0.3333333333333333,56.0,6.0,18.666666666666668,6.0,1.0,0,0,0
2021,REG,00-0035860,T.Jones,NO,8,5,29.0,0,-1.5437731991405568,-0.1929716498925696,3,0.375,1.0,28.0,0.125,5.6,2.0,0,1,0
2021,REG,00-0035864,K.Hinton,DEN,23,15,175.0,1,10.069094981197868,0.4377867383129508,14,0.6086956521739131,185.0,57.0,8.043478260869565,3.8,10.0,2,2,1
2021,REG,00-0035891,C.White,PIT,6,5,33.0,0,2.262710482405964,0.3771184137343273,4,0.6666666666666666,38.0,14.0,6.333333333333333,2.8,3.0,0,0,0
2021,REG,00-0035898,D.Bradwell,LAC,1,0,0.0,0,-0.448967255651951,-0.448967255651951,0,0.0,1.0,0.0,1.0,0.0,0.0,0,0,0
2021,REG,00-0035908,G.Nabers,LAC,3,3,17.0,0,0.203084715292789,0.06769490509759633,2,0.6666666666666666,5.0,12.0,1.6666666666666667,4.0,0.0,0,0,0
2021,REG,00-0035924,J.Ward,ARI,4,3,34.0,0,3.338606964156492,0.834651741039123,2,0.5,13.0,26.0,3.25,8.666666666666666,1.0,1,0,0
2021,REG,00-0035956,G.Ricci,CAR,2,0,0.0,0,-0.9652951182797551,-0.48264755913987756,0,0.0,23.0,0.0,11.5,0.0,0.0,0,1,0
2021,REG,00-0035957,R.Smith,CAR,5,5,48.0,0,2.8780167452641763,0.5756033490528353,3,0.6,16.0,32.0,3.2,6.4,2.0,0,0,0
2021,REG,00-0035973,P.Taylor,GB,2,2,3.0,0,1.017791824939191,0.5088959124695955,1,0.5,-2.0,5.0,-1.0,2.5,1.0,0,1,0
2021,REG,00-0036011,B.Price,DET,1,1,17.0,0,4.22529885149561,4.22529885149561,1,1.0,9.0,8.0,9.0,8.0,1.0,0,0,0
2021,REG,00-0036020,S.Ahmed,MIA,19,12,117.0,0,1.727694470173456,0.0909312879038661,10,0.5263157894736842,41.0,123.0,2.1578947368421053,10.25,4.0,0,3,0
2021,REG,00-0036032,S.McKeon,DAL,6,4,27.0,1,0.2430857769213659,0.04051429615356098,2,0.3333333333333333,27.0,10.0,4.5,2.5,2.0,0,1,1
2021,REG,00-0036036,T.Steele,DAL,1,1,1.0,1,1.19108012208017,1.19108012208017,1,1.0,1.0,0.0,1.0,0.0,1.0,0,1,1
2021,REG,00-0036040,J.Johnson,NO,22,13,159.0,4,14.589222102678347,0.6631464592126521,12,0.5454545454545454,240.0,42.0,10.909090909090908,3.230769230769231,12.0,3,7,4
2021,REG,00-0036069,S.Phillips,HOU,3,2,9.0,0,-0.906036397063871,-0.30201213235462365,1,0.3333333333333333,2.0,7.0,0.6666666666666666,3.5,0.0,0,0,0
2021,REG,00-0036080,E.Winston,NO,1,1,5.0,0,-0.509274938609451,-0.509274938609451,0,0.0,-4.0,9.0,-4.0,9.0,0.0,0,0,0
2021,REG,00-0036096,J.Taylor,NE,4,4,8.0,0,-6.878805128275422,-1.7197012820688555,1,0.25,-2.0,10.0,-0.5,2.5,0.0,0,0,0
2021,REG,00-0036110,J.Bradley,CLE,4,4,64.0,0,3.8018627930432602,0.9504656982608151,2,0.5,48.0,16.0,12.0,4.0,2.0,1,0,0
2021,REG,00-0036133,J.Proche,BAL,20,16,202.0,0,14.315364896436229,0.7157682448218115,15,0.75,192.0,55.0,9.6,3.4375,10.0,2,1,0
2021,REG,00-0036173,T.Hudson,TEN,6,3,31.0,0,-5.397928478807439,-0.8996547464679066,2,0.3333333333333333,30.0,24.0,5.0,8.0,2.0,0,1,0
2021,REG,00-0036182,N.Westbrook-Ikhine,TEN,57,38,476.0,4,21.769414561519703,0.381919553710872,33,0.5789473684210527,606.0,144.0,10.631578947368421,3.789473684210526,23.0,5,11,4
2021,REG,00-0036183,K.Wilkerson,NE,8,4,42.0,2,1.9433473990065928,0.2429184248758241,4,0.5,132.0,5.0,16.5,1.25,2.0,1,2,2
2021,REG,00-0036187,R.Gilliam,BUF,5,3,23.0,0,0.26834602153394493,0.05366920430678899,3,0.6,21.0,22.0,4.2,7.333333333333333,0.0,0,1,0
2021,REG,00-0036196,G.Davis,BUF,63,35,549.0,6,20.698385857248066,0.32854580725790583,32,0.5079365079365079,846.0,132.0,13.428571428571429,3.7714285714285714,29.0,13,18,6
2021,REG,00-0036215,D.Pinter,IND,1,1,2.0,1,0.554475066950545,0.554475066950545,1,1.0,2.0,0.0,2.0,0.0,1.0,0,1,1
2021,REG,00-0036219,M.Callaway,NO,84,46,698.0,6,27.96885519003949,0.33296256178618444,41,0.4880952380952381,1060.0,144.0,12.619047619047619,3.130434782608696,32.0,9,9,4
2021,REG,00-0036223,J.Taylor,IND,52,40,360.0,2,4.233228284367595,0.08140823623783836,21,0.40384615384615385,-45.0,406.0,-0.8653846153846154,10.15,12.0,5,4,0
2021,REG,00-0036228,D.Patmon,IND,4,2,21.0,1,1.1738232796196848,0.2934558199049212,2,0.5,36.0,3.0,9.0,1.5,1.0,0,1,1
2021,REG,00-0036232,H.Bryant,CLE,28,21,233.0,3,11.211593995401213,0.40041407126432904,18,0.6428571428571429,258.0,79.0,9.214285714285714,3.761904761904762,14.0,4,6,3
2021,REG,00-0036233,D.Peoples-Jones,CLE,59,34,597.0,3,25.022869365794012,0.42411642992871207,29,0.4915254237288136,904.0,146.0,15.322033898305085,4.294117647058823,26.0,12,4,1
2021,REG,00-0036244,C.Parkinson,SEA,8,5,33.0,0,0.9654066622024406,0.12067583277530508,2,0.25,47.0,20.0,5.875,4.0,2.0,0,3,0
2021,REG,00-0036247,F.Swain,SEA,41,25,343.0,4,12.286259284678154,0.2996648606019062,17,0.4146341463414634,324.0,206.0,7.902439024390244,8.24,12.0,6,5,1
2021,REG,00-0036250,T.Davis,GB,5,4,35.0,0,0.011463697886282986,0.0022927395772565974,3,0.6,38.0,13.0,7.6,3.25,1.0,1,2,0
2021,REG,00-0036251,Z.Moss,BUF,32,23,197.0,1,-2.734155228791229,-0.0854423508997259,17,0.53125,26.0,200.0,0.8125,8.695652173913043,12.0,1,6,1
2021,REG,00-0036252,M.Pittman,IND,130,88,1082.0,6,48.099768947539275,0.36999822267337906,76,0.5846153846153846,1253.0,348.0,9.638461538461538,3.9545454545454546,54.0,12,18,4
2021,REG,00-0036254,C.Johnson,NYG,21,11,105.0,0,-12.104881962764285,-0.5764229506078231,10,0.47619047619047616,178.0,18.0,8.476190476190476,1.6363636363636365,6.0,0,1,0
2021,REG,00-0036255,D.Mims,NYJ,23,8,133.0,0,-6.6527131706720555,-0.28924839872487196,7,0.30434782608695654,268.0,49.0,11.652173913043478,6.125,5.0,3,2,0
2021,REG,00-0036259,J.Jennings,SF,38,24,282.0,5,18.174912513681278,0.4782871714126652,20,0.5263157894736842,355.0,103.0,9.342105263157896,4.291666666666667,15.0,4,7,4
2021,REG,00-0036261,B.Aiyuk,SF,86,56,826.0,5,40.75678996943231,0.4739161624352594,46,0.5348837209302325,813.0,349.0,9.453488372093023,6.232142857142857,37.0,16,12,5
2021,REG,00-0036265,A.Dillon,GB,37,34,313.0,2,17.030979303788637,0.46029673794023346,22,0.5945945945945946,14.0,310.0,0.3783783783783784,9.117647058823529,15.0,3,5,2
2021,REG,00-0036268,L.Shenault,JAX,100,63,619.0,0,3.5336986072479624,0.03533698607247962,49,0.49,550.0,393.0,5.5,6.238095238095238,30.0,5,10,0
2021,REG,00-0036271,Q.Watkins,PHI,63,43,647.0,1,30.817245467151917,0.48916262646272884,31,0.49206349206349204,746.0,253.0,11.841269841269842,5.883720930232558,25.0,12,10,0
2021,REG,00-0036275,D.Swift,DET,78,62,450.0,2,-7.822526139354154,-0.1002887966583866,35,0.44871794871794873,-1.0,500.0,-0.01282051282051282,8.064516129032258,18.0,3,11,0
2021,REG,00-0036277,Q.Cephus,DET,23,15,204.0,2,9.401441617881087,0.40875833121222116,13,0.5652173913043478,251.0,95.0,10.91304347826087,6.333333333333333,9.0,5,4,2
2021,REG,00-0036278,J.Huntley,PHI,1,0,0.0,0,-0.646265172399581,-0.646265172399581,0,0.0,0.0,0.0,0.0,0.0,0.0,0,0,0
2021,REG,00-0036290,C.Kmet,CHI,93,60,612.0,0,-5.91455016051538,-0.06359731355392882,44,0.4731182795698925,721.0,246.0,7.752688172043011,4.1,29.0,7,14,0
2021,REG,00-0036297,D.Evans,TEN,2,2,11.0,0,1.3315965717192702,0.6657982858596351,2,1.0,-4.0,15.0,-2.0,7.5,1.0,0,0,0
2021,REG,00-0036308,I.Coulter,CHI,1,0,0.0,0,-0.857183249667287,-0.857183249667287,0,0.0,22.0,0.0,22.0,0.0,0.0,0,0,0
2021,REG,00-0036309,D.Mooney,CHI,141,81,1055.0,4,0.5429042949727814,0.0038503850707289457,64,0.45390070921985815,1556.0,381.0,11.035460992907801,4.703703703703703,49.0,14,12,3
2021,REG,00-0036322,J.Jefferson,MIN,170,108,1616.0,10,77.73013027379443,0.4572360604340849,93,0.5470588235294118,2063.0,490.0,12.135294117647058,4.537037037037037,75.0,27,25,7
2021,REG,00-0036326,C.Claypool,PIT,105,59,848.0,2,9.790914783924679,0.09324680746594932,45,0.42857142857142855,1202.0,283.0,11.447619047619048,4.796610169491525,35.0,13,13,2
2021,REG,00-0036328,A.Gibson,WAS,53,42,294.0,3,1.2992035680655496,0.024513274869161314,21,0.39622641509433965,-9.0,333.0,-0.16981132075471697,7.928571428571429,12.0,2,7,2
2021,REG,00-0036331,D.Duvernay,BAL,47,33,272.0,2,7.448230200625523,0.1584729829920324,21,0.44680851063829785,284.0,141.0,6.042553191489362,4.2727272727272725,14.0,1,8,2
2021,REG,00-0036332,J.Deguara,GB,33,25,245.0,2,0.7774949587930298,0.023560453296758477,14,0.42424242424242425,114.0,204.0,3.4545454545454546,8.16,9.0,3,7,0
2021,REG,00-0036336,A.McFarland,PIT,1,1,11.0,0,-1.85594705463154,-1.85594705463154,0,0.0,0.0,11.0,0.0,11.0,1.0,0,0,0
2021,REG,00-0036345,K.Osborn,MIN,82,50,655.0,7,14.607148827083607,0.17813596130589765,36,0.43902439024390244,861.0,179.0,10.5,3.58,26.0,10,9,3
2021,REG,00-0036355,J.Herbert,LAC,1,0,0.0,0,1.053,1.053,1,1.0,0.0,0.0,0.0,0.0,0.0,0,1,0
2021,REG,00-0036357,H.Ruggs,LV,36,24,469.0,2,31.07341222700782,0.8631503396391061,20,0.5555555555555556,608.0,109.0,16.88888888888889,4.541666666666667,16.0,9,1,0
2021,REG,00-0036358,C.Lamb,DAL,121,79,1102.0,6,27.878307176290992,0.23039923286190903,64,0.5289256198347108,1233.0,441.0,10.190082644628099,5.582278481012659,54.0,20,12,3
2021,REG,00-0036360,C.Edwards-Helaire,KC,25,19,129.0,2,-0.8597231574044456,-0.034388926296177826,13,0.52,-53.0,169.0,-2.12,8.894736842105264,8.0,1,5,2
2021,REG,00-0036365,B.Edwards,LV,60,34,571.0,3,17.335616587656467,0.2889269431276078,28,0.4666666666666667,827.0,190.0,13.783333333333333,5.588235294117647,26.0,11,9,2
2021,REG,00-0036370,J.Kelley,LAC,7,5,38.0,0,1.025383074869866,0.14648329640998087,2,0.2857142857142857,13.0,31.0,1.8571428571428572,6.2,1.0,0,2,0
2021,REG,00-0036382,K.Hill,LAC,3,3,30.0,0,1.762588310695719,0.587529436898573,2,0.6666666666666666,18.0,12.0,6.0,4.0,1.0,0,0,0
2021,REG,00-0036383,E.Benjamin,ARI,7,6,42.0,0,3.577384451986294,0.5110549217123277,5,0.7142857142857143,-1.0,46.0,-0.14285714285714285,7.666666666666667,4.0,0,1,0
2021,REG,00-0036386,A.Thomas,NYG,1,1,2.0,1,1.23117657320108,1.23117657320108,1,1.0,2.0,0.0,2.0,0.0,1.0,0,1,1
2021,REG,00-0036387,J.Reagor,PHI,57,33,299.0,2,-10.805154635583929,-0.18956411641375312,22,0.38596491228070173,549.0,151.0,9.631578947368421,4.575757575757576,13.0,4,5,1
2021,REG,00-0036389,J.Hurts,PHI,1,0,0.0,0,-2.80427084170515,-2.80427084170515,0,0.0,3.0,0.0,3.0,0.0,0.0,0,1,0
2021,REG,00-0036407,J.Jeudy,DEN,56,38,467.0,0,15.397696799020876,0.27495887141108705,28,0.5,595.0,178.0,10.625,4.684210526315789,22.0,7,3,0
2021,REG,00-0036410,T.Higgins,CIN,111,74,1091.0,6,58.07817947462156,0.5232268421137077,71,0.6396396396396397,1323.0,285.0,11.91891891891892,3.8513513513513513,53.0,17,14,4
2021,REG,00-0036412,K.Hamler,DEN,10,5,74.0,0,5.0760873929830215,0.5076087392983022,4,0.4,201.0,16.0,20.1,3.2,4.0,2,1,0
2021,REG,00-0036414,C.Akers,LA,3,3,10.0,0,-0.5766438449500131,-0.1922146149833377,1,0.3333333333333333,6.0,4.0,2.0,1.3333333333333333,0.0,0,1,0
2021,REG,00-0036415,V.Jefferson,LA,89,50,802.0,6,33.406992377025105,0.37535946491039446,40,0.449438202247191,1195.0,220.0,13.426966292134832,4.4,32.0,12,15,3
2021,REG,00-0036422,A.Trautman,NO,44,27,263.0,2,-8.266787527787654,-0.1878815347224467,19,0.4318181818181818,245.0,111.0,5.568181818181818,4.111111111111111,13.0,2,9,2
2021,REG,00-0036423,A.Okwuegbunam,DEN,40,33,330.0,2,13.599486835156002,0.33998717087890007,25,0.625,226.0,245.0,5.65,7.424242424242424,15.0,3,5,2
2021,REG,00-0036424,B.Hopkins,LA,1,1,9.0,0,1.65918135293759,1.65918135293759,1,1.0,3.0,6.0,3.0,6.0,1.0,0,0,0
2021,REG,00-0036425,D.Dallas,SEA,23,21,133.0,0,-5.367540884195634,-0.23337134279111452,8,0.34782608695652173,39.0,110.0,1.6956521739130435,5.238095238095238,4.0,1,2,0
2021,REG,00-0036427,T.Johnson,TB,56,36,360.0,0,6.540266867442461,0.11679047977575822,26,0.4642857142857143,432.0,137.0,7.714285714285714,3.8055555555555554,14.0,4,9,0
2021,REG,00-0036429,C.Woerner,SF,6,5,52.0,0,2.718112677684983,0.4530187796141638,3,0.5,52.0,9.0,8.666666666666666,1.8,3.0,1,0,0
2021,REG,00-0036438,S.Sullivan,CAR,1,0,0.0,0,-0.375625000917353,-0.375625000917353,0,0.0,-2.0,0.0,-2.0,0.0,0.0,0,1,0
2021,REG,00-0036439,T.Cleveland,DEN,1,0,0.0,0,-0.647225972032175,-0.647225972032175,0,0.0,5.0,0.0,5.0,0.0,0.0,0,1,0
2021,REG,00-0036450,K.Vaughn,TB,8,4,26.0,0,-1.020413538676923,-0.12755169233461539,4,0.5,13.0,14.0,1.625,3.5,1.0,0,1,0
2021,REG,00-0036456,D.Dafney,GB,4,2,34.0,0,1.4460472073988018,0.36151180184970044,2,0.5,10.0,31.0,2.5,15.5,2.0,1,0,0
2021,REG,00-0036457,T.Williams,BAL,12,9,84.0,0,1.168135508600085,0.09734462571667375,7,0.5833333333333334,30.0,71.0,2.5,7.888888888888889,4.0,1,3,0
2021,REG,00-0036482,M.Strachan,IND,3,2,26.0,0,4.277141111512048,1.4257137038373493,3,1.0,54.0,0.0,18.0,0.0,2.0,0,0,0
2021,REG,00-0036491,T.Black,NYJ,2,1,10.0,0,1.096435932209711,0.5482179661048555,1,0.5,18.0,0.0,9.0,0.0,1.0,0,0,0
2021,REG,00-0036510,K.Yeboah,NYJ,3,2,36.0,0,2.836533387133381,0.9455111290444603,2,0.6666666666666666,48.0,3.0,16.0,1.5,2.0,1,0,0
2021,REG,00-0036523,T.Ragas,LV,2,2,6.0,0,-0.3909990581450985,-0.19549952907254925,1,0.5,-7.0,13.0,-3.5,6.5,0.0,0,0,0
2021,REG,00-0036534,S.Zylstra,DET,7,3,34.0,0,-5.421786069494912,-0.7745408670707017,2,0.2857142857142857,38.0,6.0,5.428571428571429,2.0,2.0,0,2,0
2021,REG,00-0036550,R.Bateman,BAL,68,46,515.0,1,14.884151672314436,0.21888458341638878,36,0.5294117647058824,606.0,163.0,8.911764705882353,3.5434782608695654,29.0,8,6,1
2021,REG,00-0036554,N.Collins,HOU,60,33,448.0,1,-0.2516440965145619,-0.004194068275242698,29,0.48333333333333334,637.0,133.0,10.616666666666667,4.03030303030303,22.0,8,6,1
2021,REG,00-0036555,C.Hubbard,CAR,37,25,174.0,1,-10.226984497699727,-0.27640498642431693,16,0.43243243243243246,2.0,172.0,0.05405405405405406,6.88,8.0,1,3,1
2021,REG,00-0036556,B.Jordan,HOU,28,20,178.0,3,5.786632570536617,0.20666544894773634,12,0.42857142857142855,159.0,99.0,5.678571428571429,4.95,10.0,2,4,3
2021,REG,00-0036567,E.Mitchell,SF,20,19,137.0,1,4.11007380124648,0.205503690062324,11,0.55,-12.0,151.0,-0.6,7.947368421052632,6.0,0,2,1
2021,REG,00-0036569,G.Brightwell,NYG,1,1,6.0,0,-0.135463208309375,-0.135463208309375,0,0.0,1.0,5.0,1.0,5.0,0.0,0,0,0
2021,REG,00-0036572,S.Smith,CAR,11,6,104.0,0,-2.514895951375359,-0.22862690467048719,4,0.36363636363636365,74.0,71.0,6.7272727272727275,11.833333333333334,3.0,1,1,0
2021,REG,00-0036613,J.Waddle,MIA,140,104,1015.0,6,20.223480459799156,0.14445343185570825,82,0.5857142857142857,993.0,439.0,7.0928571428571425,4.221153846153846,59.0,8,15,6
2021,REG,00-0036620,D.Eskridge,SEA,20,10,64.0,1,-2.856174919751206,-0.1428087459875603,8,0.4,252.0,32.0,12.6,3.2,4.0,0,4,1
2021,REG,00-0036626,D.Brown,WAS,25,12,165.0,0,-1.5833218638767896,-0.06333287455507158,9,0.36,381.0,34.0,15.24,2.8333333333333335,6.0,3,3,0
2021,REG,00-0036627,D.Fitzpatrick,TEN,8,5,49.0,1,-4.218251272744966,-0.5272814090931207,4,0.5,109.0,3.0,13.625,0.6,4.0,0,2,1
2021,REG,00-0036628,J.Bates,WAS,25,20,249.0,1,15.746605691616432,0.6298642276646573,16,0.64,149.0,139.0,5.96,6.95,11.0,4,3,1
2021,REG,00-0036630,T.Wallace,BAL,6,2,23.0,0,-2.7527126162312885,-0.4587854360385481,2,0.3333333333333333,38.0,14.0,6.333333333333333,7.0,1.0,0,1,0
2021,REG,00-0036635,I.Smith-Marsette,MIN,6,5,116.0,2,11.404099471285,1.9006832452141669,5,0.8333333333333334,128.0,17.0,21.333333333333332,3.4,4.0,2,1,1
2021,REG,00-0036637,N.Gray,KC,10,7,36.0,1,-0.036705965700097765,-0.0036705965700097763,4,0.4,23.0,18.0,2.3,2.5714285714285716,2.0,0,5,1
2021,REG,00-0036650,L.Rountree,LAC,2,1,-1.0,0,-1.269028112408705,-0.6345140562043525,0,0.0,-1.0,0.0,-0.5,0.0,0.0,0,0,0
2021,REG,00-0036652,R.McMath,TEN,6,2,8.0,0,-6.968731027736793,-1.1614551712894656,1,0.16666666666666666,67.0,9.0,11.166666666666666,4.5,0.0,0,2,0
2021,REG,00-0036654,D.Felton,CLE,21,18,181.0,2,9.552421183092527,0.45487719919488223,12,0.5714285714285714,9.0,201.0,0.42857142857142855,11.166666666666666,10.0,2,2,1
2021,REG,00-0036657,S.Williams,DEN,1,1,34.0,0,2.06591478257906,2.06591478257906,1,1.0,30.0,4.0,30.0,4.0,1.0,1,0,0
2021,REG,00-0036669,K.Hill,GB,2,1,5.0,0,-0.414350159640889,-0.2071750798204445,1,0.5,-3.0,7.0,-1.5,7.0,0.0,0,0,0
2021,REG,00-0036670,J.Jefferson,DET,5,4,23.0,0,-0.322642765240743,-0.0645285530481486,3,0.6,1.0,21.0,0.2,5.25,2.0,0,0,0
2021,REG,00-0036671,D.Milne,WAS,14,9,83.0,0,-5.622943584632605,-0.4016388274737575,5,0.35714285714285715,102.0,39.0,7.285714285714286,4.333333333333333,4.0,1,1,0
2021,REG,00-0036698,M.Sargent,JAX,1,0,0.0,0,-0.429744546650909,-0.429744546650909,0,0.0,-4.0,0.0,-4.0,0.0,0.0,0,0,0
2021,REG,00-0036727,A.Prentice,NO,3,3,16.0,0,-0.19503525120671894,-0.06501175040223965,1,0.3333333333333333,1.0,15.0,0.3333333333333333,5.0,1.0,0,0,0
2021,REG,00-0036741,J.Stoll,PHI,5,4,22.0,0,-0.5115182680388389,-0.10230365360776779,2,0.4,14.0,20.0,2.8,5.0,0.0,0,2,0
2021,REG,00-0036754,B.Wright,DET,17,12,117.0,2,-0.7720769078587331,-0.045416288697572534,8,0.47058823529411764,70.0,64.0,4.117647058823529,5.333333333333333,6.0,2,2,0
2021,REG,00-0036755,J.Patterson,WAS,11,10,73.0,0,2.968122595938526,0.26982932690350236,9,0.8181818181818182,-3.0,75.0,-0.2727272727272727,7.5,5.0,0,0,0
2021,REG,00-0036842,K.Nwangwu,MIN,5,4,9.0,0,-2.961226489976981,-0.5922452979953963,1,0.2,-6.0,19.0,-1.2,4.75,0.0,0,1,0
2021,REG,00-0036857,C.Evans,CIN,17,15,151.0,2,12.032586584727337,0.7077992108663139,12,0.7058823529411765,50.0,113.0,2.9411764705882355,7.533333333333333,6.0,1,4,1
2021,REG,00-0036862,B.Skowronek,LA,20,11,133.0,0,1.408559961896135,0.07042799809480675,8,0.4,210.0,53.0,10.5,4.818181818181818,7.0,2,2,0
2021,REG,00-0036875,R.Stevenson,NE,18,14,123.0,0,-3.0374021351453857,-0.16874456306363253,4,0.2222222222222222,-5.0,145.0,-0.2777777777777778,10.357142857142858,3.0,2,2,0
2021,REG,00-0036876,K.Granson,IND,15,11,106.0,0,4.283214020502575,0.2855476013668383,6,0.4,59.0,76.0,3.933333333333333,6.909090909090909,4.0,1,4,0
2021,REG,00-0036877,J.Darden,TB,12,6,43.0,0,-9.377901166287089,-0.7814917638572574,2,0.16666666666666666,156.0,24.0,13.0,4.0,1.0,1,0,0
2021,REG,00-0036887,L.Farrell,JAX,11,7,56.0,0,-3.624067246099006,-0.3294606587362733,6,0.5454545454545454,73.0,28.0,6.636363636363637,4.0,3.0,1,1,0
2021,REG,00-0036893,N.Harris,PIT,94,74,467.0,3,-4.772277814893067,-0.050768912924394324,36,0.3829787234042553,-13.0,499.0,-0.13829787234042554,6.743243243243243,22.0,3,14,2
2021,REG,00-0036894,P.Freiermuth,PIT,80,60,497.0,7,25.750933841631074,0.3218866730203884,44,0.55,432.0,247.0,5.4,4.116666666666666,34.0,2,21,7
2021,REG,00-0036900,J.Chase,CIN,128,81,1455.0,13,65.33957198970778,0.510465406169592,70,0.546875,1617.0,651.0,12.6328125,8.037037037037036,56.0,22,15,5
2021,REG,00-0036906,K.Herbert,CHI,16,14,96.0,0,-0.7655202172282917,-0.04784501357676823,7,0.4375,-5.0,101.0,-0.3125,7.214285714285714,6.0,1,2,0
2021,REG,00-0036907,D.Newsome,CHI,5,2,23.0,0,-9.422695572604429,-1.8845391145208858,1,0.2,36.0,15.0,7.2,7.5,1.0,0,0,0
2021,REG,00-0036910,C.Saunders,CAR,2,2,11.0,0,-0.337688933592289,-0.1688444667961445,1,0.5,11.0,0.0,5.5,0.0,1.0,0,0,0
2021,REG,00-0036912,D.Smith,PHI,105,64,916.0,5,29.67499069625911,0.2826189590119915,54,0.5142857142857142,1476.0,208.0,14.057142857142857,3.25,43.0,16,9,3
2021,REG,00-0036913,K.Toney,NYG,57,39,420.0,0,14.43759798245139,0.2532911926745858,29,0.5087719298245614,367.0,228.0,6.43859649122807,5.846153846153846,21.0,5,5,0
2021,REG,00-0036919,K.Gainwell,PHI,50,33,253.0,1,4.413996038998438,0.08827992077996877,24,0.48,93.0,226.0,1.86,6.848484848484849,14.0,0,10,1
2021,REG,00-0036924,M.Carter,NYJ,5,3,8.0,0,-1.81954142852919,-0.363908285705838,1,0.2,4.0,7.0,0.8,2.3333333333333335,1.0,0,1,0
2021,REG,00-0036924,Mi.Carter,NYJ,50,33,299.0,0,-3.476562163696528,-0.06953124327393055,24,0.48,29.0,316.0,0.58,9.575757575757576,15.0,2,1,0
2021,REG,00-0036936,R.Moore,ARI,64,54,435.0,1,1.4988294399605735,0.02341920999938396,34,0.53125,92.0,438.0,1.4375,8.11111111111111,18.0,3,8,0
2021,REG,00-0036951,F.Darby,ATL,4,1,14.0,0,-3.1446534376009407,-0.7861633594002352,1,0.25,83.0,11.0,20.75,11.0,1.0,0,0,0
2021,REG,00-0036955,T.Marshall,CAR,31,17,138.0,0,-7.999667747649845,-0.25805379831128533,13,0.41935483870967744,211.0,63.0,6.806451612903226,3.7058823529411766,7.0,1,4,0
2021,REG,00-0036963,A.St. Brown,DET,121,90,912.0,5,53.23664180432878,0.43997224631676674,72,0.5950413223140496,831.0,424.0,6.867768595041323,4.711111111111111,48.0,11,17,4
2021,REG,00-0036970,K.Pitts,ATL,110,68,1026.0,1,26.331114934679146,0.2393737721334468,58,0.5272727272727272,1193.0,313.0,10.845454545454546,4.602941176470588,43.0,16,15,1
2021,REG,00-0036980,E.Moore,NYJ,78,43,538.0,5,-1.2907747868831116,-0.016548394703629638,34,0.4358974358974359,899.0,207.0,11.525641025641026,4.813953488372093,24.0,9,9,4
2021,REG,00-0036984,T.Sermon,SF,4,3,26.0,0,1.588194692041726,0.3970486730104315,2,0.5,10.0,18.0,2.5,6.0,1.0,1,0,0
2021,REG,00-0036988,J.Palmer,LAC,49,33,353.0,4,12.516901655180869,0.2554469725547116,27,0.5510204081632653,489.0,100.0,9.979591836734693,3.0303030303030303,18.0,3,8,2
2021,REG,00-0036991,Am.Rodgers,GB,9,4,45.0,0,-4.5498147013671195,-0.5055349668185688,4,0.4444444444444444,40.0,24.0,4.444444444444445,6.0,2.0,0,3,0
2021,REG,00-0036997,J.Williams,DEN,53,43,316.0,3,7.522278620084782,0.14192978528461853,23,0.4339622641509434,-12.0,343.0,-0.22641509433962265,7.976744186046512,12.0,2,8,3
2021,REG,00-0036999,A.Schwartz,CLE,23,10,135.0,1,-7.839590865973164,-0.3408517767814419,9,0.391304347826087,396.0,10.0,17.217391304347824,1.0,6.0,1,2,1
2021,REG,00-0037004,H.Long,MIA,3,1,8.0,0,-7.005879118456501,-2.3352930394855003,1,0.3333333333333333,10.0,4.0,3.3333333333333335,4.0,0.0,0,0,0
2021,REG,00-0037005,T.Tremble,CAR,36,20,180.0,1,6.357708284151273,0.1766030078930909,16,0.4444444444444444,287.0,70.0,7.972222222222222,3.5,10.0,1,5,1
2021,REG,00-0037011,T.McKitty,LAC,8,6,45.0,0,1.406719565042292,0.1758399456302865,5,0.625,18.0,34.0,2.25,5.666666666666667,3.0,0,1,0
2021,REG,00-0037013,Z.Wilson,NYJ,1,0,0.0,0,-0.740858779405244,-0.740858779405244,0,0.0,8.0,0.0,8.0,0.0,0.0,0,1,0
2022,POST,00-0027944,J.Jones,TB,11,7,74.0,1,3.2511312914430164,0.2955573901311833,5,0.45454545454545453,72.0,17.0,6.545454545454546,2.4285714285714284,3.0,1,5,0
2022,POST,00-0029000,C.Beasley,BUF,9,5,68.0,1,-3.1464623663341555,-0.34960692959268397,5,0.5555555555555556,84.0,44.0,9.333333333333334,8.8,5.0,1,2,1
2022,POST,00-0029293,M.Jones,JAX,9,4,50.0,1,4.557684905594224,0.5064094339549138,4,0.4444444444444444,132.0,14.0,14.666666666666666,3.5,4.0,1,1,1
2022,POST,00-0029604,K.Cousins,MIN,1,1,-2.0,0,-2.38019869942218,-2.38019869942218,0,0.0,-6.0,4.0,-6.0,4.0,0.0,0,0,0
2022,POST,00-0029608,T.Hilton,DAL,5,3,38.0,0,2.6689643550198436,0.5337928710039688,3,0.6,86.0,12.0,17.2,4.0,2.0,0,0,0
2022,POST,00-0029892,K.Juszczyk,SF,1,1,6.0,0,0.245518777519465,0.245518777519465,1,1.0,3.0,3.0,3.0,3.0,0.0,0,0,0
2022,POST,00-0030035,A.Thielen,MIN,4,3,50.0,0,3.408998253056774,0.8522495632641935,3,0.75,72.0,5.0,18.0,1.6666666666666667,3.0,1,0,0
2022,POST,00-0030279,K.Allen,LAC,13,6,61.0,0,1.5475516926271484,0.11904243789439603,6,0.46153846153846156,63.0,34.0,4.846153846153846,5.666666666666667,4.0,1,4,0
2022,POST,00-0030506,T.Kelce,KC,31,27,257.0,4,22.43567741735388,0.7237315295920607,23,0.7419354838709677,196.0,99.0,6.32258064516129,3.6666666666666665,15.0,2,7,4
2022,POST,00-0031051,J.Brown,BUF,1,0,0.0,0,-5.00438558484893,-5.00438558484893,0,0.0,50.0,0.0,50.0,0.0,0.0,0,0,0
2022,POST,00-0031273,C.Brate,TB,3,1,8.0,1,0.565970441792158,0.18865681393071934,1,0.3333333333333333,36.0,1.0,12.0,1.0,1.0,0,1,1
2022,POST,00-0031325,S.Watkins,BAL,3,1,12.0,0,-0.03974187394749995,-0.013247291315833317,1,0.3333333333333333,13.0,5.0,4.333333333333333,5.0,1.0,0,1,0
2022,POST,00-0031376,J.McKinnon,KC,7,5,32.0,0,-0.8780050535569903,-0.12542929336528433,4,0.5714285714285714,-2.0,29.0,-0.2857142857142857,5.8,1.0,0,2,0
2022,POST,00-0031408,M.Evans,TB,12,6,74.0,0,3.9342982357922054,0.3278581863160171,6,0.5,145.0,17.0,12.083333333333334,2.8333333333333335,4.0,1,1,0
2022,POST,00-0031588,S.Diggs,BUF,19,11,149.0,0,5.693285267319758,0.29964659301682933,9,0.47368421052631576,299.0,20.0,15.736842105263158,1.8181818181818181,6.0,2,2,0
2022,POST,00-0031763,D.Carter,LAC,3,2,17.0,0,0.44894805317173514,0.14964935105724506,1,0.3333333333333333,15.0,5.0,5.0,2.5,1.0,0,1,0
2022,POST,00-0032062,B.Bell,KC,2,1,4.0,0,-0.868854654254392,-0.434427327127196,0,0.0,13.0,0.0,6.5,0.0,0.0,0,0,0
2022,POST,00-0032211,T.Lockett,SEA,8,6,39.0,0,-1.169480791024401,-0.14618509887805012,5,0.625,56.0,6.0,7.0,1.0,3.0,0,1,0
2022,POST,00-0032775,D.Robinson,BAL,3,2,49.0,1,3.9797153810795836,1.3265717936931944,2,0.6666666666666666,38.0,15.0,12.666666666666666,7.5,1.0,1,1,0
2022,POST,00-0032980,M.Johnson,NYG,1,1,17.0,0,3.01074107352179,3.01074107352179,1,1.0,17.0,0.0,17.0,0.0,1.0,0,0,0
2022,POST,00-0033009,T.Boyd,CIN,7,6,89.0,0,8.056712289107967,1.1509588984439953,5,0.7142857142857143,99.0,14.0,14.142857142857142,2.3333333333333335,5.0,2,0,0
2022,POST,00-0033040,T.Hill,MIA,16,7,69.0,0,-1.8515386194193268,-0.11572116371370793,7,0.4375,156.0,35.0,9.75,5.0,4.0,0,2,0
2022,POST,00-0033045,E.Elliott,DAL,6,3,16.0,0,-1.812009878498106,-0.302001646416351,2,0.3333333333333333,4.0,19.0,0.6666666666666666,6.333333333333333,0.0,0,1,0
2022,POST,00-0033246,J.Mundt,MIN,1,1,12.0,0,0.787215976975858,0.787215976975858,1,1.0,0.0,12.0,0.0,12.0,1.0,0,0,0
2022,POST,00-0033251,Z.Pascal,PHI,4,3,15.0,0,0.6517276761005658,0.16293191902514145,1,0.25,21.0,2.0,5.25,0.6666666666666666,1.0,0,0,0
2022,POST,00-0033280,C.McCaffrey,SF,14,12,61.0,1,0.12967290560483202,0.009262350400345145,7,0.5,19.0,61.0,1.3571428571428572,5.083333333333333,4.0,0,2,1
2022,POST,00-0033288,G.Kittle,SF,12,10,164.0,0,11.905233837882529,0.9921028198235441,9,0.75,109.0,54.0,9.083333333333334,5.4,7.0,4,1,0
2022,POST,00-0033308,M.Breida,NYG,1,1,19.0,0,1.15924174850807,1.15924174850807,1,1.0,19.0,0.0,19.0,0.0,1.0,0,0,0
2022,POST,00-0033376,P.Ricard,BAL,2,0,0.0,0,-0.972415984084364,-0.486207992042182,0,0.0,2.0,0.0,1.0,0.0,0.0,0,1,0
2022,POST,00-0033466,I.McKenzie,BUF,2,2,10.0,0,0.04422815982252398,0.02211407991126199,1,0.5,-6.0,16.0,-3.0,8.0,0.0,0,0,0
2022,POST,00-0033481,M.Kemp,KC,1,1,13.0,0,1.22666133241728,1.22666133241728,1,1.0,11.0,2.0,11.0,2.0,1.0,0,0,0
2022,POST,00-0033526,S.Perine,CIN,10,8,35.0,0,-4.462379373726435,-0.4462379373726435,3,0.3,-13.0,51.0,-1.3,6.375,2.0,0,0,0
2022,POST,00-0033572,J.Agnew,JAX,4,3,7.0,0,-6.788291185745038,-1.6970727964362595,0,0.0,14.0,7.0,3.5,2.3333333333333335,0.0,0,2,0
2022,POST,00-0033591,N.Brown,DAL,4,4,39.0,0,4.52164992783218,1.130412481958045,3,0.75,5.0,34.0,1.25,8.5,2.0,0,0,0
2022,POST,00-0033699,A.Ekeler,LAC,4,2,8.0,0,-3.3014705938403472,-0.8253676484600868,0,0.0,-10.0,16.0,-2.5,8.0,0.0,0,1,0
2022,POST,00-0033856,L.Fournette,TB,1,1,6.0,0,0.583785576047376,0.583785576047376,1,1.0,-6.0,12.0,-6.0,12.0,1.0,0,0,0
2022,POST,00-0033857,J.Smith-Schuster,KC,12,10,89.0,0,3.9016294087050416,0.3251357840587535,8,0.6666666666666666,86.0,20.0,7.166666666666667,2.0,7.0,0,2,0
2022,POST,00-0033881,E.Engram,JAX,17,12,124.0,1,1.8578604333452038,0.10928590784383552,10,0.5882352941176471,65.0,88.0,3.823529411764706,7.333333333333333,9.0,2,2,1
2022,POST,00-0033891,Z.Jones,JAX,21,13,157.0,1,-1.4628897064393334,-0.0696614145923492,11,0.5238095238095238,217.0,20.0,10.333333333333334,1.5384615384615385,5.0,2,3,0
2022,POST,00-0033893,D.Cook,MIN,7,6,10.0,0,-2.3163645219174187,-0.3309092174167741,3,0.42857142857142855,-19.0,27.0,-2.7142857142857144,4.5,1.0,0,1,0
2022,POST,00-0033895,G.Everett,LAC,8,6,109.0,1,11.113065278565067,1.3891331598206333,6,0.75,47.0,75.0,5.875,12.5,5.0,4,1,1
2022,POST,00-0033897,J.Mixon,CIN,10,8,50.0,0,0.6494575923425145,0.06494575923425146,7,0.7,-16.0,62.0,-1.6,7.75,1.0,0,2,0
2022,POST,00-0033921,C.Godwin,TB,14,10,85.0,0,1.778286317348964,0.1270204512392117,7,0.5,43.0,53.0,3.0714285714285716,5.3,5.0,0,2,0
2022,POST,00-0034115,J.Wilson,MIA,4,1,13.0,0,1.247926711841466,0.3119816779603665,1,0.25,9.0,16.0,2.25,16.0,1.0,0,0,0
2022,POST,00-0034184,G.Edwards,BAL,1,1,13.0,0,1.37489741877653,1.37489741877653,1,1.0,-5.0,18.0,-5.0,18.0,1.0,0,0,0
2022,POST,00-0034272,M.Valdes-Scantling,KC,11,7,122.0,2,9.074569869262614,0.8249608972056922,7,0.6363636363636364,182.0,39.0,16.545454545454547,5.571428571428571,7.0,3,2,2
2022,POST,00-0034286,R.James,NYG,16,11,82.0,0,0.9237402069265939,0.05773376293291212,8,0.5,77.0,44.0,4.8125,4.0,5.0,0,2,0
2022,POST,00-0034351,D.Goedert,PHI,18,16,141.0,1,9.352843865810426,0.5196024369894681,11,0.6111111111111112,97.0,53.0,5.388888888888889,3.3125,7.0,1,4,1
2022,POST,00-0034367,N.Hines,BUF,3,2,11.0,0,-0.05876888753846296,-0.019589629179487655,1,0.3333333333333333,14.0,4.0,4.666666666666667,2.0,0.0,0,1,0
2022,POST,00-0034383,D.Schultz,DAL,18,12,122.0,3,7.515108598629011,0.4175060332571673,10,0.5555555555555556,171.0,18.0,9.5,1.5,7.0,3,4,2
2022,POST,00-0034386,Ju.Watson,KC,3,3,30.0,0,3.587474777828895,1.195824925942965,3,1.0,29.0,1.0,9.666666666666666,0.3333333333333333,3.0,0,0,0
2022,POST,00-0034411,R.Gage,TB,8,2,10.0,0,-10.09135201363824,-1.26141900170478,1,0.125,39.0,13.0,4.875,6.5,0.0,0,3,0
2022,POST,00-0034414,B.Scott,PHI,1,1,9.0,0,0.779435868142173,0.779435868142173,1,1.0,-5.0,14.0,-5.0,14.0,0.0,0,0,0
2022,POST,00-0034418,C.Wilson,MIA,1,1,14.0,0,1.51030576345511,1.51030576345511,1,1.0,8.0,6.0,8.0,6.0,1.0,0,0,0
2022,POST,00-0034487,T.Sherfield,MIA,2,0,0.0,0,-3.11763972660993,-1.558819863304965,0,0.0,45.0,0.0,22.5,0.0,0.0,0,0,0
2022,POST,00-0034753,M.Andrews,BAL,10,5,73.0,0,-1.813809149200091,-0.1813809149200091,4,0.4,99.0,24.0,9.9,4.8,3.0,2,2,0
2022,POST,00-0034764,M.Gallup,DAL,9,5,46.0,1,0.5162741957756247,0.05736379953062497,4,0.4444444444444444,121.0,9.0,13.444444444444445,1.8,4.0,0,1,1
2022,POST,00-0034775,C.Kirk,JAX,28,15,130.0,2,-3.9905162019331257,-0.14251843578332593,12,0.42857142857142855,247.0,39.0,8.821428571428571,2.6,8.0,0,2,2
2022,POST,00-0034798,D.Smythe,MIA,1,1,20.0,0,1.41999135643709,1.41999135643709,1,1.0,12.0,8.0,12.0,8.0,1.0,1,0,0
2022,POST,00-0034829,M.Gesicki,MIA,6,2,15.0,1,-1.863363791751918,-0.31056063195865297,2,0.3333333333333333,80.0,3.0,13.333333333333334,1.5,2.0,0,1,1
2022,POST,00-0034830,H.Hurst,CIN,17,13,141.0,1,4.811838824896754,0.2830493426409855,11,0.6470588235294118,103.0,60.0,6.0588235294117645,4.615384615384615,7.0,1,5,1
2022,POST,00-0034844,S.Barkley,NYG,9,7,77.0,0,5.32069693502854,0.5911885483365045,5,0.5555555555555556,-11.0,92.0,-1.2222222222222223,13.142857142857142,5.0,1,0,0
2022,POST,00-0034970,I.Smith,MIN,2,1,3.0,1,0.199157071765508,0.099578535882754,1,0.5,3.0,0.0,1.5,0.0,1.0,0,1,1
2022,POST,00-0034972,A.Mattison,MIN,1,1,2.0,0,-0.1641566734761,-0.1641566734761,0,0.0,-5.0,7.0,-5.0,7.0,0.0,0,0,0
2022,POST,00-0034975,J.Hill,BAL,2,2,10.0,0,-0.12078160361853008,-0.06039080180926504,1,0.5,1.0,9.0,0.5,4.5,0.0,0,1,0
2022,POST,00-0035140,M.Hardman,KC,3,2,10.0,0,-0.16026290785520803,-0.05342096928506934,1,0.3333333333333333,15.0,3.0,5.0,1.5,1.0,0,0,0
2022,POST,00-0035229,T.Hockenson,MIN,11,10,129.0,0,10.873560659878429,0.9885055145344026,8,0.7272727272727273,73.0,65.0,6.636363636363637,6.5,6.0,2,1,0
2022,POST,00-0035243,M.Sanders,PHI,2,1,3.0,0,-0.9728636522777381,-0.48643182613886904,0,0.0,0.0,0.0,0.0,0.0,0.0,0,0,0
2022,POST,00-0035249,J.Oliver,BAL,2,2,26.0,0,2.125079292804004,1.062539646402002,2,1.0,10.0,16.0,5.0,8.0,2.0,0,0,0
2022,POST,00-0035250,D.Singletary,BUF,8,5,37.0,0,-1.9188210621359774,-0.23985263276699717,2,0.25,-9.0,45.0,-1.125,9.0,1.0,0,1,0
2022,POST,00-0035261,T.Pollard,DAL,6,5,23.0,0,-0.50275059742853,-0.08379176623808833,2,0.3333333333333333,-2.0,24.0,-0.3333333333333333,4.8,1.0,0,0,0
2022,POST,00-0035329,D.Parham,LAC,5,4,23.0,0,0.06958467571530114,0.013916935143060227,2,0.4,34.0,2.0,6.8,0.5,1.0,0,2,0
2022,POST,00-0035341,T.Irwin,CIN,4,2,19.0,0,1.3910331358201782,0.34775828395504454,1,0.25,25.0,3.0,6.25,1.5,1.0,0,0,0
2022,POST,00-0035535,D.Slayton,NYG,13,5,92.0,0,-2.154298550536614,-0.16571527311820106,5,0.38461538461538464,146.0,45.0,11.23076923076923,9.0,4.0,2,1,0
2022,POST,00-0035547,J.Fortson,KC,1,0,0.0,0,-1.58343335262444,-1.58343335262444,0,0.0,2.0,0.0,2.0,0.0,0.0,0,0,0
2022,POST,00-0035640,D.Metcalf,SEA,14,10,136.0,2,11.399863517304887,0.8142759655217776,7,0.5,179.0,45.0,12.785714285714286,4.5,7.0,2,3,1
2022,POST,00-0035644,N.Fant,SEA,2,1,11.0,0,0.668660111725327,0.3343300558626635,1,0.5,10.0,11.0,5.0,11.0,1.0,0,1,0
2022,POST,00-0035676,A.Brown,PHI,22,13,146.0,1,5.198656605032745,0.23630257295603388,10,0.45454545454545453,290.0,51.0,13.181818181818182,3.923076923076923,8.0,2,0,0
2022,POST,00-0035689,D.Knox,BUF,12,8,85.0,1,1.8422276194036753,0.15351896828363962,6,0.5,109.0,23.0,9.083333333333334,2.875,6.0,1,3,1
2022,POST,00-0035719,D.Samuel,SF,22,13,211.0,1,7.111969478522061,0.323271339932821,11,0.5,166.0,155.0,7.545454545454546,11.923076923076923,7.0,2,1,0
2022,POST,00-0035771,M.Wilcox,CIN,4,2,19.0,0,-0.03347342787310492,-0.00836835696827623,2,0.5,11.0,18.0,2.75,9.0,1.0,0,0,0
2022,POST,00-0035806,J.Hasty,JAX,2,1,7.0,0,-0.8122375895618419,-0.40611879478092094,1,0.5,3.0,13.0,1.5,13.0,1.0,0,0,0
2022,POST,00-0036020,S.Ahmed,MIA,5,3,45.0,0,3.110939230563668,0.6221878461127336,3,0.6,16.0,32.0,3.2,10.666666666666666,2.0,1,0,0
2022,POST,00-0036145,L.Cager,NYG,3,2,20.0,0,-0.044972377178300826,-0.014990792392766942,1,0.3333333333333333,23.0,2.0,7.666666666666667,1.0,1.0,0,1,0
2022,POST,00-0036158,J.Dobbins,BAL,5,4,43.0,1,4.415074426971847,0.8830148853943693,3,0.6,6.0,39.0,1.2,9.75,3.0,1,1,1
2022,POST,00-0036165,I.Hodgins,NYG,11,9,108.0,1,5.7152099461527515,0.5195645405593411,7,0.6363636363636364,94.0,35.0,8.545454545454545,3.888888888888889,4.0,1,3,1
2022,POST,00-0036196,G.Davis,BUF,13,8,147.0,1,2.8776340934855393,0.22135646872965686,8,0.6153846153846154,270.0,7.0,20.76923076923077,0.875,7.0,3,1,0
2022,POST,00-0036244,C.Parkinson,SEA,6,3,14.0,0,-2.8821828727959606,-0.4803638121326601,2,0.3333333333333333,35.0,5.0,5.833333333333333,1.6666666666666667,0.0,0,1,0
2022,POST,00-0036259,J.Jennings,SF,7,4,67.0,0,5.25851229133962,0.7512160416199457,4,0.5714285714285714,107.0,15.0,15.285714285714286,3.75,4.0,2,1,0
2022,POST,00-0036261,B.Aiyuk,SF,10,6,109.0,0,6.0711766801463725,0.6071176680146373,6,0.6,185.0,24.0,18.5,4.0,6.0,2,2,0
2022,POST,00-0036271,Q.Watkins,PHI,3,1,8.0,0,-1.943831019336363,-0.647943673112121,1,0.3333333333333333,68.0,7.0,22.666666666666668,7.0,0.0,0,0,0
2022,POST,00-0036322,J.Jefferson,MIN,9,7,47.0,0,0.5888097850256597,0.06542330944729552,6,0.6666666666666666,99.0,7.0,11.0,1.0,3.0,0,2,0
2022,POST,00-0036345,K.Osborn,MIN,3,2,20.0,1,0.6797989271581211,0.22659964238604036,1,0.3333333333333333,30.0,4.0,10.0,2.0,1.0,0,1,1
2022,POST,00-0036358,C.Lamb,DAL,19,14,185.0,1,6.943012527391603,0.36542171196797907,11,0.5789473684210527,164.0,58.0,8.631578947368421,4.142857142857143,8.0,3,3,1
2022,POST,00-0036370,J.Kelley,LAC,1,1,8.0,0,0.0119268884882331,0.0119268884882331,1,1.0,4.0,4.0,4.0,4.0,0.0,0,0,0
2022,POST,00-0036410,T.Higgins,CIN,22,13,148.0,1,3.7525232976317655,0.1705692408014439,13,0.5909090909090909,243.0,34.0,11.045454545454545,2.6153846153846154,8.0,2,3,0
2022,POST,00-0036567,E.Mitchell,SF,3,2,25.0,1,4.008618733845646,1.3362062446152152,2,0.6666666666666666,0.0,22.0,0.0,11.0,2.0,0,3,1
2022,POST,00-0036590,Q.Morris,BUF,3,2,18.0,0,0.612418229982723,0.204139409994241,2,0.6666666666666666,0.0,12.0,0.0,6.0,1.0,0,0,0
2022,POST,00-0036613,J.Waddle,MIA,7,3,44.0,0,-1.351551652690807,-0.19307880752725812,2,0.2857142857142857,151.0,6.0,21.571428571428573,2.0,1.0,1,1,0
2022,POST,00-0036637,N.Gray,KC,4,3,37.0,0,1.112008110270837,0.27800202756770925,2,0.5,29.0,20.0,7.25,6.666666666666667,1.0,1,0,0
2022,POST,00-0036741,J.Stoll,PHI,1,1,5.0,0,-0.122301388066262,-0.122301388066262,0,0.0,5.0,0.0,5.0,0.0,0.0,0,0,0
2022,POST,00-0036810,C.Johnson,SEA,3,3,39.0,0,4.155458407767586,1.3851528025891955,2,0.6666666666666666,33.0,6.0,11.0,2.0,2.0,1,0,0
2022,POST,00-0036900,J.Chase,CIN,28,20,220.0,2,18.838537159599976,0.672804898557142,16,0.5714285714285714,249.0,99.0,8.892857142857142,4.95,11.0,2,4,1
2022,POST,00-0036912,D.Smith,PHI,22,15,197.0,1,7.851847479883312,0.35690215817651416,9,0.4090909090909091,251.0,69.0,11.409090909090908,4.6,8.0,4,3,1
2022,POST,00-0036913,K.Toney,KC,10,7,50.0,1,3.247920541737928,0.3247920541737928,7,0.7,35.0,41.0,3.5,5.857142857142857,3.0,0,1,1
2022,POST,00-0036919,K.Gainwell,PHI,9,7,55.0,0,4.477978044164617,0.4975531160182908,5,0.5555555555555556,-7.0,53.0,-0.7777777777777778,7.571428571428571,1.0,0,4,0
2022,POST,00-0036973,T.Etienne,JAX,4,4,30.0,0,2.9667683768202533,0.7416920942050633,4,1.0,-16.0,46.0,-4.0,11.5,2.0,0,0,0
2022,POST,00-0036988,J.Palmer,LAC,6,2,31.0,0,-0.5921984984158193,-0.09869974973596989,2,0.3333333333333333,70.0,9.0,11.666666666666666,4.5,2.0,0,1,0
2022,POST,00-0037004,H.Long,MIA,1,0,0.0,0,-0.534184205112979,-0.534184205112979,0,0.0,3.0,0.0,3.0,0.0,0.0,0,0,0
2022,POST,00-0037011,T.McKitty,LAC,2,2,16.0,0,0.8497449388960376,0.4248724694480188,2,1.0,11.0,5.0,5.5,2.5,0.0,0,0,0
2022,POST,00-0037093,D.Young,SEA,1,1,11.0,0,0.67345079977531,0.67345079977531,1,1.0,10.0,1.0,10.0,1.0,1.0,0,0,0
2022,POST,00-0037197,I.Pacheco,KC,7,6,65.0,0,4.417445147642871,0.6310635925204101,5,0.7142857142857143,-21.0,89.0,-3.0,14.833333333333334,3.0,0,0,0
2022,POST,00-0037256,R.White,TB,6,4,36.0,0,2.906351414741951,0.4843919024569918,4,0.6666666666666666,-14.0,37.0,-2.3333333333333335,9.25,2.0,0,0,0
2022,POST,00-0037261,K.Shakir,BUF,7,5,91.0,0,4.346158783184368,0.6208798261691955,4,0.5714285714285714,136.0,10.0,19.428571428571427,2.0,4.0,2,1,0
2022,POST,00-0037311,K.Kieft,TB,1,0,0.0,0,-0.596047205268405,-0.596047205268405,0,0.0,2.0,0.0,2.0,0.0,0.0,0,0,0
2022,POST,00-0037801,K.Turpin,DAL,1,1,8.0,0,-0.0019508613913785,-0.0019508613913785,0,0.0,8.0,0.0,8.0,0.0,0.0,0,0,0
2022,POST,00-0038041,J.Ferguson,DAL,1,1,34.0,0,2.42286023206543,2.42286023206543,1,1.0,2.0,32.0,2.0,32.0,1.0,1,0,0
2022,POST,00-0038090,S.Moore,KC,9,5,17.0,1,-0.6539235631935312,-0.07265817368817012,2,0.2222222222222222,26.0,21.0,2.888888888888889,4.2,1.0,0,1,1
2022,POST,00-0038115,D.Bellinger,NYG,5,3,21.0,1,0.9128585065482193,0.18257170130964387,1,0.2,18.0,15.0,3.6,5.0,2.0,0,1,1
2022,POST,00-0038129,C.Otton,TB,7,4,58.0,0,2.354460294998716,0.3363514707141023,4,0.5714285714285714,47.0,42.0,6.714285714285714,10.5,4.0,0,1,0
2022,POST,00-0038134,K.Walker,SEA,1,1,3.0,0,-0.309929474024102,-0.309929474024102,0,0.0,0.0,3.0,0.0,3.0,0.0,0,0,0
2022,REG,00-0019596,T.Brady,TB,1,0,0.0,0,-4.7260164351901,-4.7260164351901,0,0.0,16.0,0.0,16.0,0.0,0.0,0,0,0
2022,REG,00-0024243,M.Lewis,GB,8,6,66.0,2,8.020597299488253,1.0025746624360317,6,0.75,58.0,14.0,7.25,2.3333333333333335,5.0,1,3,2
2022,REG,00-0026189,D.Jackson,BAL,17,9,153.0,0,1.6338267779265565,0.09610745752509156,8,0.47058823529411764,302.0,23.0,17.764705882352942,2.5555555555555554,5.0,2,2,0
2022,REG,00-0027942,A.Green,ARI,49,24,236.0,2,-17.96692251307026,-0.36667188802184203,18,0.3673469387755102,515.0,56.0,10.510204081632653,2.3333333333333335,11.0,1,8,1
2022,REG,00-0027944,J.Jones,TB,43,24,299.0,2,7.485836521878734,0.17408922143904032,19,0.4418604651162791,603.0,114.0,14.023255813953488,4.75,13.0,3,11,1
2022,REG,00-0027966,M.Ingram,NO,18,16,68.0,0,-8.766475274111146,-0.48702640411728587,6,0.3333333333333333,-17.0,78.0,-0.9444444444444444,4.875,2.0,0,5,0
2022,REG,00-0027981,K.Rudolph,TB,5,3,28.0,1,1.939216998172927,0.3878433996345854,3,0.6,44.0,3.0,8.8,1.0,2.0,0,2,1
2022,REG,00-0028002,R.Cobb,GB,50,34,417.0,1,22.564837813798306,0.4512967562759661,28,0.56,475.0,185.0,9.5,5.4411764705882355,19.0,7,7,1
2022,REG,00-0029000,C.Beasley,BUF,2,2,18.0,0,0.8846796371508394,0.4423398185754197,2,1.0,14.0,4.0,7.0,2.0,0.0,0,0,0
2022,REG,00-0029000,C.Beasley,TB,5,4,17.0,0,-0.5589322131127072,-0.11178644262254145,1,0.2,12.0,10.0,2.4,2.5,1.0,0,0,0
2022,REG,00-0029239,B.Bolden,LV,9,9,57.0,1,1.0231501434346801,0.11368334927052001,3,0.3333333333333333,30.0,27.0,3.3333333333333335,3.0,2.0,0,1,1
2022,REG,00-0029263,R.Wilson,DEN,1,1,1.0,0,-0.384637877810746,-0.384637877810746,0,0.0,-1.0,2.0,-1.0,2.0,0.0,0,0,0
2022,REG,00-0029293,M.Jones,JAX,81,46,529.0,3,11.479467955404164,0.14172182660992796,41,0.5061728395061729,1071.0,95.0,13.222222222222221,2.0652173913043477,30.0,6,11,3
2022,REG,00-0029608,T.Hilton,DAL,10,7,121.0,0,10.084503951016815,1.0084503951016814,7,0.7,175.0,33.0,17.5,4.714285714285714,5.0,2,0,0
2022,REG,00-0029664,J.Gordon,TEN,1,0,0.0,0,-0.488447367679328,-0.488447367679328,0,0.0,12.0,0.0,12.0,0.0,0.0,0,0,0
2022,REG,00-0029892,K.Juszczyk,SF,23,19,200.0,1,6.573157199949493,0.2857894434760649,12,0.5217391304347826,63.0,149.0,2.739130434782609,7.842105263157895,9.0,3,2,1
2022,REG,00-0030035,A.Thielen,MIN,109,70,716.0,6,11.184383340258094,0.10260902147025774,58,0.5321100917431193,1036.0,152.0,9.504587155963304,2.1714285714285713,45.0,7,24,5
2022,REG,00-0030061,Z.Ertz,ARI,71,47,406.0,4,8.380928354410036,0.11804124442831038,37,0.5211267605633803,548.0,130.0,7.71830985915493,2.765957446808511,24.0,2,17,4
2022,REG,00-0030068,M.Goodwin,SEA,42,27,387.0,4,20.900176979249803,0.4976232614107096,22,0.5238095238095238,442.0,114.0,10.523809523809524,4.222222222222222,18.0,9,5,2
2022,REG,00-0030074,D.Bakhtiari,GB,1,0,0.0,0,-5.99148989515379,-5.99148989515379,0,0.0,1.0,0.0,1.0,0.0,0.0,0,1,0
2022,REG,00-0030108,R.Griffin,CHI,8,4,26.0,0,-7.944319605303463,-0.9930399506629328,2,0.25,53.0,9.0,6.625,2.25,1.0,0,2,0
2022,REG,00-0030279,K.Allen,LAC,89,66,752.0,4,27.142273772923296,0.30496936823509324,47,0.5280898876404494,770.0,257.0,8.651685393258427,3.893939393939394,39.0,8,16,3
2022,REG,00-0030288,R.Burkhead,HOU,51,37,204.0,1,-23.890382683779656,-0.46843887615254226,13,0.2549019607843137,75.0,214.0,1.4705882352941178,5.783783783783784,8.0,0,9,1
2022,REG,00-0030431,R.Woods,TEN,91,53,527.0,2,8.946638316698973,0.09831470677691179,45,0.4945054945054945,716.0,156.0,7.868131868131868,2.943396226415094,31.0,3,14,2
2022,REG,00-0030456,G.Bernard,TB,2,2,-1.0,0,-2.137281854404139,-1.0686409272020696,0,0.0,-8.0,7.0,-4.0,3.5,0.0,0,0,0
2022,REG,00-0030506,T.Kelce,KC,153,110,1338.0,12,66.0368867063753,0.4316136386037601,93,0.6078431372549019,1074.0,657.0,7.019607843137255,5.972727272727273,78.0,19,32,10
2022,REG,00-0030513,L.Murray,DEN,34,26,124.0,0,-9.496217088609473,-0.27930050260616096,8,0.23529411764705882,-61.0,178.0,-1.7941176470588236,6.846153846153846,4.0,0,0,0
2022,REG,00-0030513,L.Murray,NO,1,1,8.0,0,0.532987258397043,0.532987258397043,1,1.0,-2.0,10.0,-2.0,10.0,0.0,0,0,0
2022,REG,00-0030564,D.Hopkins,ARI,98,64,717.0,3,6.771717956061503,0.06909916281695411,49,0.5,976.0,165.0,9.959183673469388,2.578125,35.0,8,8,1
2022,REG,00-0030578,C.Patterson,ATL,31,21,122.0,0,-18.137274690342007,-0.5850733771078067,11,0.3548387096774194,75.0,116.0,2.4193548387096775,5.523809523809524,6.0,0,4,0
2022,REG,00-0030968,K.Smith,ATL,2,1,8.0,0,-1.607379971508165,-0.8036899857540825,1,0.5,2.0,8.0,1.0,8.0,0.0,0,1,0
2022,REG,00-0031051,J.Brown,BUF,2,1,42.0,1,3.659234477207064,1.829617238603532,1,0.5,86.0,0.0,43.0,0.0,1.0,1,0,0
2022,REG,00-0031236,B.Cooks,HOU,93,57,699.0,3,5.043835464450643,0.05423478994032949,39,0.41935483870967744,1013.0,205.0,10.89247311827957,3.5964912280701755,29.0,13,10,3
2022,REG,00-0031260,L.Thomas,WAS,61,39,323.0,1,-8.530384151428539,-0.13984236313817278,26,0.4262295081967213,430.0,126.0,7.049180327868853,3.230769230769231,15.0,2,9,1
2022,REG,00-0031273,C.Brate,TB,38,20,174.0,0,-11.742362478903125,-0.3090095389185033,13,0.34210526315789475,251.0,65.0,6.605263157894737,3.25,8.0,1,4,0
2022,REG,00-0031325,S.Watkins,BAL,5,3,119.0,0,3.7008497583156084,0.7401699516631217,2,0.4,90.0,62.0,18.0,20.666666666666668,2.0,3,0,0
2022,REG,00-0031325,S.Watkins,GB,22,13,206.0,0,6.508779262485706,0.29585360284025936,13,0.5909090909090909,264.0,64.0,12.0,4.923076923076923,9.0,4,5,0
2022,REG,00-0031376,J.McKinnon,KC,72,56,512.0,9,23.65451935874823,0.3285349910937254,40,0.5555555555555556,48.0,541.0,0.6666666666666666,9.660714285714286,28.0,6,17,8
2022,REG,00-0031381,D.Adams,LV,181,100,1516.0,14,34.02458539534286,0.18798113478089978,82,0.4530386740331492,2129.0,493.0,11.762430939226519,4.93,65.0,24,23,4
2022,REG,00-0031382,J.Landry,NO,40,25,272.0,1,-7.7413426246780155,-0.1935335656169504,21,0.525,374.0,61.0,9.35,2.44,12.0,2,7,1
2022,REG,00-0031384,R.Rodgers,LAC,4,1,4.0,0,-2.890156998968452,-0.722539249742113,0,0.0,-4.0,3.0,-1.0,3.0,0.0,0,2,0
2022,REG,00-0031408,M.Evans,TB,128,77,1124.0,6,26.09129819275416,0.20383826713089187,65,0.5078125,1677.0,216.0,13.1015625,2.8051948051948052,53.0,20,15,3
2022,REG,00-0031428,Al.Robinson,LA,52,33,339.0,3,9.00320497282045,0.17313855716962404,29,0.5576923076923077,502.0,71.0,9.653846153846153,2.1515151515151514,23.0,3,14,3
2022,REG,00-0031484,C.Manhertz,JAX,8,6,42.0,0,-0.692976174643263,-0.08662202183040787,3,0.375,21.0,35.0,2.625,5.833333333333333,2.0,1,1,0
2022,REG,00-0031544,A.Cooper,CLE,133,78,1160.0,9,52.51798704082712,0.3948720830137378,69,0.518796992481203,1642.0,299.0,12.345864661654135,3.8333333333333335,61.0,18,19,6
2022,REG,00-0031545,K.White,NO,5,2,74.0,0,2.513822603505106,0.5027645207010212,2,0.4,91.0,68.0,18.2,34.0,2.0,1,0,0
2022,REG,00-0031547,D.Parker,NE,47,31,539.0,3,15.647541094563334,0.33292640626730496,28,0.5957446808510638,745.0,105.0,15.851063829787234,3.3870967741935485,25.0,10,4,1
2022,REG,00-0031549,N.Agholor,NE,53,31,362.0,2,-12.49190730554882,-0.2356963642556381,18,0.33962264150943394,653.0,147.0,12.320754716981131,4.741935483870968,12.0,6,3,0
2022,REG,00-0031558,M.Williams,ARI,3,3,18.0,0,0.730635493062436,0.24354516435414533,3,1.0,12.0,6.0,4.0,2.0,0.0,0,0,0
2022,REG,00-0031585,M.Pruitt,ATL,21,16,150.0,4,8.150616070022814,0.3881245747629911,12,0.5714285714285714,118.0,75.0,5.619047619047619,4.6875,10.0,2,8,4
2022,REG,00-0031588,S.Diggs,BUF,154,108,1429.0,11,75.10441460938806,0.4876910039570653,93,0.6038961038961039,1729.0,419.0,11.227272727272727,3.8796296296296298,72.0,17,24,7
2022,REG,00-0031595,M.Burton,KC,3,2,11.0,0,-0.2581659673014649,-0.08605532243382163,1,0.3333333333333333,-2.0,8.0,-0.6666666666666666,4.0,0.0,0,0,0
2022,REG,00-0031610,D.Waller,LV,44,28,388.0,3,4.899365661119103,0.11134921957088871,20,0.45454545454545453,577.0,80.0,13.113636363636363,2.857142857142857,18.0,9,12,1
2022,REG,00-0031687,R.Mostert,MIA,42,31,202.0,2,1.435230348601993,0.034172151157190314,17,0.40476190476190477,48.0,179.0,1.1428571428571428,5.774193548387097,11.0,2,7,2
2022,REG,00-0031690,E.Tomlinson,DEN,13,9,79.0,2,7.26234272727743,0.55864174825211,8,0.6153846153846154,59.0,44.0,4.538461538461538,4.888888888888889,5.0,0,4,2
2022,REG,00-0031763,D.Carter,LAC,65,46,538.0,3,13.814923935384282,0.21253729131360435,33,0.5076923076923077,576.0,206.0,8.861538461538462,4.478260869565218,29.0,10,9,0
2022,REG,00-0031787,J.Kumerow,BUF,7,4,64.0,0,2.8402738700387964,0.4057534100055423,4,0.5714285714285714,90.0,17.0,12.857142857142858,4.25,4.0,1,0,0
2022,REG,00-0031806,M.Brown,LA,6,5,37.0,0,1.217423158576214,0.20290385976270234,3,0.5,-2.0,37.0,-0.3333333333333333,7.4,2.0,0,2,0
2022,REG,00-0031868,D.Byrd,ATL,23,13,268.0,2,7.558480436913672,0.3286295842136379,11,0.4782608695652174,468.0,105.0,20.347826086956523,8.076923076923077,9.0,3,0,0
2022,REG,00-0031941,J.Crowder,BUF,13,6,60.0,0,-1.0964831524179361,-0.08434485787830279,6,0.46153846153846156,121.0,30.0,9.307692307692308,5.0,4.0,0,1,0
2022,REG,00-0032054,B.Perriman,TB,19,9,110.0,1,-2.4256956706636807,-0.1276681931928253,5,0.2631578947368421,269.0,52.0,14.157894736842104,5.777777777777778,5.0,2,0,0
2022,REG,00-0032058,T.Coleman,SF,3,3,44.0,1,5.230903412215417,1.7436344707384723,2,0.6666666666666666,24.0,20.0,8.0,6.666666666666667,2.0,1,1,1
2022,REG,00-0032062,B.Bell,KC,2,2,20.0,1,1.8368982071406212,0.9184491035703106,1,0.5,12.0,8.0,6.0,4.0,1.0,0,1,1
2022,REG,00-0032063,M.Davis,BAL,2,2,4.0,0,-1.0404177822638339,-0.5202088911319169,1,0.5,-7.0,11.0,-3.5,5.5,0.0,0,0,0
2022,REG,00-0032104,A.Abdullah,LV,32,25,211.0,1,-1.7838534197261235,-0.05574541936644136,10,0.3125,95.0,195.0,2.96875,7.8,8.0,1,7,1
2022,REG,00-0032128,C.Conley,HOU,2,0,0.0,0,-2.070628738496449,-1.0353143692482245,0,0.0,18.0,0.0,9.0,0.0,0.0,0,0,0
2022,REG,00-0032128,C.Conley,TEN,5,4,46.0,0,2.495774151408106,0.4991548302816212,4,0.8,69.0,3.0,13.8,0.75,2.0,1,0,0
2022,REG,00-0032134,C.Uzomah,NYJ,27,21,232.0,2,11.249330801598267,0.41664188154067655,15,0.5555555555555556,196.0,105.0,7.2592592592592595,5.0,10.0,4,1,1
2022,REG,00-0032141,G.Swaim,TEN,16,12,58.0,1,-1.832334070670193,-0.11452087941688706,6,0.375,34.0,43.0,2.125,3.5833333333333335,4.0,0,5,1
2022,REG,00-0032144,M.Gordon,DEN,32,25,223.0,0,1.000379615997176,0.03126186299991175,14,0.4375,23.0,206.0,0.71875,8.24,11.0,3,2,0
2022,REG,00-0032187,D.Johnson,NO,4,4,47.0,0,4.5000076106516715,1.1250019026629179,4,1.0,1.0,46.0,0.25,11.5,3.0,1,0,0
2022,REG,00-0032200,T.Montgomery,NE,4,3,15.0,1,2.1808464441564843,0.5452116110391211,2,0.5,13.0,7.0,3.25,2.3333333333333335,1.0,0,1,1
2022,REG,00-0032208,P.Dorsett,HOU,40,20,257.0,1,-3.7097915057484974,-0.09274478764371244,17,0.425,445.0,62.0,11.125,3.1,11.0,5,2,0
2022,REG,00-0032211,T.Lockett,SEA,117,84,1033.0,9,38.2528815277913,0.32694770536573764,73,0.6239316239316239,1242.0,272.0,10.615384615384615,3.238095238095238,50.0,14,9,2
2022,REG,00-0032214,T.Kroft,SF,5,4,57.0,0,2.722531592589806,0.5445063185179613,4,0.8,70.0,14.0,14.0,3.5,2.0,1,0,0
2022,REG,00-0032380,L.Tunsil,HOU,1,0,0.0,0,-0.947,-0.947,0,0.0,0.0,0.0,0.0,0.0,0.0,0,1,0
2022,REG,00-0032385,S.Shepard,NYG,24,13,154.0,1,-3.1267536524625883,-0.13028140218594117,7,0.2916666666666667,225.0,55.0,9.375,4.230769230769231,4.0,1,1,0
2022,REG,00-0032392,A.Hooper,TEN,60,41,444.0,2,26.150701048143667,0.4358450174690611,36,0.6,480.0,130.0,8.0,3.1707317073170733,28.0,2,7,2
2022,REG,00-0032394,N.Vannett,NO,2,2,13.0,0,0.21190732717514071,0.10595366358757036,2,1.0,10.0,3.0,5.0,1.5,0.0,0,0,0
2022,REG,00-0032394,N.Vannett,NYG,7,4,42.0,0,1.079688130092113,0.15424116144173045,4,0.5714285714285714,21.0,29.0,3.0,7.25,1.0,0,1,0
2022,REG,00-0032398,C.Moore,HOU,74,48,548.0,2,7.128327410024396,0.09632874878411346,33,0.44594594594594594,639.0,267.0,8.635135135135135,5.5625,24.0,9,11,2
2022,REG,00-0032436,J.Driskel,HOU,1,1,4.0,0,-0.106663251994178,-0.106663251994178,0,0.0,-3.0,7.0,-3.0,7.0,0.0,0,0,0
2022,REG,00-0032437,K.Grugier-Hill,ARI,1,1,4.0,0,2.86447695572861,2.86447695572861,1,1.0,0.0,4.0,0.0,4.0,1.0,0,0,0
2022,REG,00-0032450,D.Washington,NO,1,1,7.0,0,0.539168989285827,0.539168989285827,1,1.0,1.0,6.0,1.0,6.0,0.0,0,0,0
2022,REG,00-0032464,K.Raymond,DET,64,47,616.0,0,21.02153123925591,0.3284614256133736,34,0.53125,638.0,218.0,9.96875,4.638297872340425,24.0,10,9,0
2022,REG,00-0032602,J.McKissic,WAS,42,27,173.0,0,-17.796239091711353,-0.4237199783740798,15,0.35714285714285715,50.0,152.0,1.1904761904761905,5.62962962962963,7.0,0,6,0
2022,REG,00-0032688,R.Anderson,ARI,17,7,76.0,0,-6.340919394511667,-0.3729952585006863,6,0.35294117647058826,300.0,24.0,17.647058823529413,3.4285714285714284,5.0,1,1,0
2022,REG,00-0032688,R.Anderson,CAR,27,13,206.0,1,-0.8036765289725701,-0.02976579736935445,9,0.3333333333333333,325.0,68.0,12.037037037037036,5.230769230769231,5.0,2,2,0
2022,REG,00-0032725,S.Anderson,ARI,7,3,9.0,0,-3.295536739751696,-0.4707909628216709,1,0.14285714285714285,36.0,6.0,5.142857142857143,2.0,0.0,0,0,0
2022,REG,00-0032764,D.Henry,TEN,41,33,398.0,0,14.124216125208536,0.3444930762245984,22,0.5365853658536586,-7.0,397.0,-0.17073170731707318,12.030303030303031,11.0,6,6,0
2022,REG,00-0032765,M.Thomas,NO,22,16,171.0,3,16.696307317644806,0.7589230598929457,15,0.6818181818181818,237.0,21.0,10.772727272727273,1.3125,13.0,2,3,3
2022,REG,00-0032775,D.Robinson,BAL,75,48,458.0,2,3.5986004587224385,0.04798133944963252,34,0.4533333333333333,676.0,150.0,9.013333333333334,3.125,23.0,4,10,2
2022,REG,00-0032897,D.Watt,PIT,5,5,11.0,1,1.5889658368541832,0.3177931673708366,2,0.4,7.0,4.0,1.4,0.8,1.0,0,2,1
2022,REG,00-0032918,C.Ham,MIN,12,10,86.0,0,5.690742364502516,0.4742285303752097,10,0.8333333333333334,63.0,56.0,5.25,5.6,7.0,0,2,0
2022,REG,00-0032951,L.Treadwell,SEA,10,6,42.0,0,-3.0994316795549803,-0.30994316795549803,3,0.3,52.0,11.0,5.2,1.8333333333333333,3.0,0,2,0
2022,REG,00-0032975,J.Williams,WAS,10,7,40.0,0,-2.865840900211858,-0.2865840900211858,3,0.3,-1.0,38.0,-0.1,5.428571428571429,2.0,1,0,0
2022,REG,00-0032980,M.Johnson,NYG,23,9,99.0,0,-6.1125878363235415,-0.26576468853580615,8,0.34782608695652173,233.0,36.0,10.130434782608695,4.0,6.0,0,4,0
2022,REG,00-0033009,T.Boyd,CIN,85,58,762.0,5,28.990620205833462,0.34106612006862896,51,0.6,755.0,249.0,8.882352941176471,4.293103448275862,41.0,10,14,3
2022,REG,00-0033040,T.Hill,MIA,170,119,1710.0,7,64.06243745761118,0.37683786739771286,96,0.5647058823529412,2107.0,482.0,12.394117647058824,4.050420168067227,77.0,25,11,3
2022,REG,00-0033045,E.Elliott,DAL,23,17,92.0,0,-3.679464201559306,-0.159976704415622,8,0.34782608695652173,0.0,88.0,0.0,5.176470588235294,4.0,1,2,0
2022,REG,00-0033057,J.Conklin,CLE,1,0,0.0,0,-1.5234388965182,-1.5234388965182,0,0.0,-9.0,0.0,-9.0,0.0,0.0,0,0,0
2022,REG,00-0033090,H.Henry,NE,59,41,509.0,2,13.66459832994936,0.23160336152456543,28,0.4745762711864407,454.0,203.0,7.694915254237288,4.951219512195122,23.0,10,7,0
2022,REG,00-0033106,J.Goff,DET,1,1,5.0,0,-0.100160441885237,-0.100160441885237,0,0.0,-4.0,9.0,-4.0,9.0,0.0,0,0,0
2022,REG,00-0033110,T.Higbee,LA,108,72,620.0,3,4.885178858540451,0.04523313757907825,53,0.49074074074074076,327.0,404.0,3.0277777777777777,5.611111111111111,32.0,4,16,3
2022,REG,00-0033111,P.Cooper,ARI,2,2,6.0,0,-0.779109605588019,-0.3895548027940095,0,0.0,-6.0,12.0,-3.0,6.0,0.0,0,0,0
2022,REG,00-0033114,Mi.Thomas,CIN,11,2,38.0,0,-3.882994758387105,-0.35299952348973684,2,0.18181818181818182,122.0,24.0,11.090909090909092,12.0,1.0,1,4,0
2022,REG,00-0033118,K.Drake,BAL,26,17,89.0,1,-5.923722070280298,-0.2278354642415499,9,0.34615384615384615,-16.0,125.0,-0.6153846153846154,7.352941176470588,7.0,0,6,1
2022,REG,00-0033217,M.Alie-Cox,IND,28,19,189.0,3,-1.5854380215930655,-0.05662278648546663,13,0.4642857142857143,151.0,99.0,5.392857142857143,5.2105263157894735,9.0,1,4,3
2022,REG,00-0033246,J.Mundt,MIN,21,19,140.0,1,5.403240559603466,0.257297169504927,12,0.5714285714285714,29.0,117.0,1.380952380952381,6.157894736842105,9.0,0,3,1
2022,REG,00-0033251,Z.Pascal,PHI,19,15,150.0,1,0.3022099880036053,0.015905788842295016,11,0.5789473684210527,115.0,86.0,6.052631578947368,5.733333333333333,9.0,2,2,0
2022,REG,00-0033280,C.McCaffrey,CAR,43,33,277.0,1,-2.9672082267102002,-0.06900484248163256,18,0.4186046511627907,-1.0,294.0,-0.023255813953488372,8.909090909090908,10.0,3,4,1
2022,REG,00-0033280,C.McCaffrey,SF,65,52,464.0,4,23.538767826214727,0.3621348896340727,38,0.5846153846153846,134.0,401.0,2.0615384615384613,7.711538461538462,26.0,5,9,2
2022,REG,00-0033282,C.Samuel,WAS,93,64,656.0,4,24.73675841993349,0.2659866496767042,43,0.46236559139784944,615.0,289.0,6.612903225806452,4.515625,36.0,10,12,3
2022,REG,00-0033288,G.Kittle,SF,86,60,765.0,11,39.60728645684706,0.46054984252147746,47,0.5465116279069767,550.0,386.0,6.395348837209302,6.433333333333334,36.0,12,16,5
2022,REG,00-0033292,T.Taylor,CIN,10,6,62.0,0,-0.3390488504928699,-0.033904885049286994,3,0.3,45.0,43.0,4.5,7.166666666666667,1.0,1,0,0
2022,REG,00-0033293,A.Jones,GB,73,59,395.0,5,-2.262273565338152,-0.030990048840248655,29,0.3972602739726027,-16.0,477.0,-0.2191780821917808,8.084745762711865,19.0,5,11,3
2022,REG,00-0033307,K.Bourne,NE,48,35,434.0,1,13.377406082941603,0.2786959600612834,25,0.5208333333333334,493.0,145.0,10.270833333333334,4.142857142857143,22.0,6,5,1
2022,REG,00-0033308,M.Breida,NYG,25,20,118.0,0,-1.1878189371415164,-0.04751275748566066,11,0.44,47.0,100.0,1.88,5.0,5.0,0,0,0
2022,REG,00-0033357,T.Hill,NO,13,9,77.0,2,2.59540246185119,0.19964634321932231,6,0.46153846153846156,75.0,37.0,5.769230769230769,4.111111111111111,5.0,1,3,1
2022,REG,00-0033367,C.Board,TEN,1,1,6.0,0,0.208609085937496,0.208609085937496,1,1.0,6.0,0.0,6.0,0.0,0.0,0,0,0
2022,REG,00-0033376,P.Ricard,BAL,13,11,74.0,0,-4.760953707753413,-0.36622720828872407,6,0.46153846153846156,2.0,72.0,0.15384615384615385,6.545454545454546,1.0,0,1,0
2022,REG,00-0033386,C.Hollister,TEN,5,3,54.0,0,-4.383588089811383,-0.8767176179622765,2,0.4,78.0,8.0,15.6,2.6666666666666665,2.0,2,1,0
2022,REG,00-0033439,P.Brown,CLE,10,5,45.0,0,-3.1240354975136704,-0.312403549751367,4,0.4,68.0,32.0,6.8,6.4,3.0,0,2,0
2022,REG,00-0033439,P.Brown,HOU,10,7,72.0,0,0.6352898812837005,0.06352898812837005,3,0.3,60.0,51.0,6.0,7.285714285714286,3.0,1,0,0
2022,REG,00-0033455,A.Firkser,ATL,13,9,100.0,0,2.513751658896126,0.19336551222277892,6,0.46153846153846156,108.0,20.0,8.307692307692308,2.2222222222222223,5.0,1,1,0
2022,REG,00-0033466,I.McKenzie,BUF,65,42,423.0,4,11.355487141730393,0.17469980218046757,36,0.5538461538461539,564.0,128.0,8.676923076923076,3.0476190476190474,27.0,4,12,4
2022,REG,00-0033526,S.Perine,CIN,51,38,287.0,4,6.449811524648905,0.1264668926401746,19,0.37254901960784315,12.0,321.0,0.23529411764705882,8.447368421052632,11.0,2,8,3
2022,REG,00-0033536,M.Williams,LAC,93,63,895.0,4,31.58431950041042,0.3396163387140905,54,0.5806451612903226,1111.0,324.0,11.946236559139784,5.142857142857143,39.0,11,14,4
2022,REG,00-0033553,J.Conner,ARI,58,46,300.0,1,-6.05328836321328,-0.10436704074505655,23,0.39655172413793105,-47.0,376.0,-0.8103448275862069,8.173913043478262,13.0,2,4,1
2022,REG,00-0033555,M.Hollins,LV,94,57,690.0,4,31.434687875366524,0.33441157314219705,49,0.5212765957446809,1196.0,192.0,12.72340425531915,3.3684210526315788,34.0,9,12,2
2022,REG,00-0033572,J.Agnew,JAX,31,23,187.0,3,7.7840157297821015,0.25109728160587425,17,0.5483870967741935,178.0,125.0,5.741935483870968,5.434782608695652,9.0,1,7,3
2022,REG,00-0033576,E.Saubert,DEN,24,15,148.0,1,-2.8778890986076733,-0.11991204577531972,9,0.375,202.0,75.0,8.416666666666666,5.0,6.0,3,3,0
2022,REG,00-0033591,N.Brown,DAL,75,43,555.0,3,-3.5267449333169205,-0.04702326577755894,36,0.48,800.0,128.0,10.666666666666666,2.9767441860465116,25.0,6,14,3
2022,REG,00-0033633,T.Gentry,BUF,1,0,0.0,0,-0.789629820268601,-0.789629820268601,0,0.0,7.0,0.0,7.0,0.0,0.0,0,0,0
2022,REG,00-0033681,K.Cole,LV,21,10,141.0,1,6.316290947957882,0.3007757594265658,9,0.42857142857142855,345.0,20.0,16.428571428571427,2.0,8.0,3,3,0
2022,REG,00-0033699,A.Ekeler,LAC,127,107,708.0,5,12.586065592543017,0.09910287868144108,59,0.4645669291338583,-101.0,843.0,-0.7952755905511811,7.878504672897196,36.0,4,25,5
2022,REG,00-0033725,C.Clement,ARI,7,5,54.0,0,2.6042010479141013,0.3720287211305859,3,0.42857142857142855,-4.0,61.0,-0.5714285714285714,12.2,3.0,1,0,0
2022,REG,00-0033757,R.Tonyan,GB,67,53,470.0,2,3.861894263664948,0.05764021289052161,34,0.5074626865671642,390.0,230.0,5.82089552238806,4.339622641509434,20.0,5,9,1
2022,REG,00-0033798,M.Schreck,HOU,2,2,6.0,0,-0.6555010332958771,-0.32775051664793853,1,0.5,6.0,0.0,3.0,0.0,0.0,0,0,0
2022,REG,00-0033854,D.Ogunbowale,HOU,26,20,104.0,0,-12.237651202012785,-0.47067889238510713,9,0.34615384615384615,-11.0,124.0,-0.4230769230769231,6.2,5.0,1,2,0
2022,REG,00-0033856,L.Fournette,TB,83,73,523.0,3,13.67501860660666,0.16475926032056218,46,0.5542168674698795,-49.0,563.0,-0.5903614457831325,7.712328767123288,26.0,3,10,3
2022,REG,00-0033857,J.Smith-Schuster,KC,102,78,933.0,3,48.64216226915334,0.4768839438152288,68,0.6666666666666666,750.0,457.0,7.352941176470588,5.858974358974359,47.0,9,17,1
2022,REG,00-0033858,J.Smith,NE,38,27,245.0,0,0.5408437211881428,0.014232729504951127,16,0.42105263157894735,116.0,200.0,3.0526315789473686,7.407407407407407,9.0,3,4,0
2022,REG,00-0033871,C.Davis,NYJ,64,32,536.0,2,11.822724843409107,0.1847300756782673,30,0.46875,861.0,109.0,13.453125,3.40625,28.0,7,8,1
2022,REG,00-0033873,P.Mahomes,KC,1,1,6.0,0,0.351020903792232,0.351020903792232,1,1.0,-9.0,15.0,-9.0,15.0,0.0,0,0,0
2022,REG,00-0033879,O.Howard,HOU,23,10,145.0,2,-2.043023224404949,-0.08882709671325865,8,0.34782608695652173,253.0,60.0,11.0,6.0,6.0,4,3,1
2022,REG,00-0033881,E.Engram,JAX,101,73,766.0,4,33.791922311072334,0.33457348822843896,60,0.594059405940594,614.0,465.0,6.079207920792079,6.36986301369863,33.0,10,12,2
2022,REG,00-0033885,D.Njoku,CLE,80,58,628.0,4,24.657573101232817,0.3082196637654102,46,0.575,535.0,332.0,6.6875,5.724137931034483,36.0,8,20,4
2022,REG,00-0033891,Z.Jones,JAX,122,82,834.0,5,41.483862225498584,0.34003165758605397,68,0.5573770491803278,1018.0,293.0,8.344262295081966,3.573170731707317,44.0,7,20,4
2022,REG,00-0033893,D.Cook,MIN,56,39,295.0,2,6.475425905337567,0.11563260545245656,23,0.4107142857142857,-34.0,331.0,-0.6071428571428571,8.487179487179487,16.0,2,11,1
2022,REG,00-0033895,G.Everett,LAC,88,58,555.0,4,2.2993771053494116,0.026129285288061497,43,0.48863636363636365,491.0,326.0,5.579545454545454,5.620689655172414,29.0,4,18,4
2022,REG,00-0033897,J.Mixon,CIN,75,60,441.0,2,11.331125587833585,0.1510816745044478,34,0.4533333333333333,-15.0,468.0,-0.2,7.8,17.0,4,13,2
2022,REG,00-0033906,A.Kamara,NO,77,57,490.0,2,-3.4010880035233675,-0.044169974071732045,35,0.45454545454545453,73.0,461.0,0.948051948051948,8.087719298245615,17.0,3,11,1
2022,REG,00-0033908,C.Kupp,LA,98,75,812.0,6,16.342067479237862,0.166755790604468,54,0.5510204081632653,713.0,413.0,7.275510204081633,5.506666666666667,42.0,11,11,4
2022,REG,00-0033921,C.Godwin,TB,145,104,1019.0,3,29.798729561303468,0.20550847973312736,84,0.5793103448275863,820.0,510.0,5.655172413793103,4.903846153846154,53.0,10,18,3
2022,REG,00-0033923,K.Hunt,CLE,44,35,210.0,1,-2.4749615233686093,-0.056249125531104754,15,0.3409090909090909,-12.0,235.0,-0.2727272727272727,6.714285714285714,11.0,1,8,1
2022,REG,00-0033925,D.Foreman,CAR,9,5,26.0,0,-10.932217505602031,-1.2146908339557811,2,0.2222222222222222,-3.0,27.0,-0.3333333333333333,5.4,1.0,1,1,0
2022,REG,00-0033932,K.Golladay,NYG,17,6,81.0,1,-1.7573862481870206,-0.10337566165806003,6,0.35294117647058826,164.0,11.0,9.647058823529411,1.8333333333333333,4.0,1,1,0
2022,REG,00-0033943,J.Reynolds,DET,59,38,479.0,3,11.604702909754558,0.19668987982634845,33,0.559322033898305,704.0,115.0,11.932203389830509,3.026315789473684,25.0,8,13,3
2022,REG,00-0033948,Ja.Williams,DET,16,12,73.0,0,-1.9740925854421136,-0.1233807865901321,6,0.375,29.0,65.0,1.8125,5.416666666666667,4.0,0,2,0
2022,REG,00-0033951,M.Mack,DEN,10,8,99.0,1,3.445612734928287,0.34456127349282867,5,0.5,-16.0,114.0,-1.6,14.25,2.0,1,0,0
2022,REG,00-0034011,D.Arnold,JAX,13,9,135.0,0,5.848696494940656,0.44989973038005043,8,0.6153846153846154,87.0,70.0,6.6923076923076925,7.777777777777778,5.0,3,2,0
2022,REG,00-0034054,R.Cracraft,MIA,14,9,102.0,2,1.456017120683093,0.1040012229059352,8,0.5714285714285714,122.0,26.0,8.714285714285714,2.888888888888889,8.0,1,3,2
2022,REG,00-0034073,R.Dwelley,SF,5,3,105.0,1,8.342849017702976,1.6685698035405951,3,0.6,69.0,43.0,13.8,14.333333333333334,3.0,2,0,0
2022,REG,00-0034104,C.Sims,WAS,18,8,89.0,0,-8.603708994982293,-0.4779838330545718,7,0.3888888888888889,232.0,18.0,12.88888888888889,2.25,5.0,1,3,0
2022,REG,00-0034109,P.Lindsay,IND,8,6,19.0,0,-1.5184940778417624,-0.1898117597302203,3,0.375,17.0,11.0,2.125,1.8333333333333333,0.0,0,0,0
2022,REG,00-0034115,J.Wilson,MIA,24,12,94.0,1,-5.37534111925674,-0.22397254663569752,7,0.2916666666666667,58.0,74.0,2.4166666666666665,6.166666666666667,4.0,0,3,1
2022,REG,00-0034115,J.Wilson,SF,13,10,91.0,0,-3.3622198838258672,-0.25863229875583593,5,0.38461538461538464,34.0,67.0,2.6153846153846154,6.7,3.0,0,3,0
2022,REG,00-0034159,W.Dissly,SEA,38,34,349.0,3,26.388054174371067,0.6944224782729228,28,0.7368421052631579,206.0,184.0,5.421052631578948,5.411764705882353,20.0,1,6,2
2022,REG,00-0034171,J.Cabinda,DET,4,1,5.0,0,-1.1664513428695509,-0.2916128357173877,1,0.25,13.0,2.0,3.25,2.0,1.0,0,1,0
2022,REG,00-0034184,G.Edwards,BAL,2,0,0.0,0,-1.012467852095142,-0.506233926047571,0,0.0,6.0,0.0,3.0,0.0,0.0,0,0,0
2022,REG,00-0034208,M.Boone,DEN,15,9,96.0,0,-7.148676039576872,-0.47657840263845813,2,0.13333333333333333,45.0,81.0,3.0,9.0,2.0,2,2,0
2022,REG,00-0034253,D.Hilliard,TEN,26,21,177.0,4,5.730506802088257,0.22040410777262529,11,0.4230769230769231,39.0,151.0,1.5,7.190476190476191,8.0,3,7,3
2022,REG,00-0034270,T.Conklin,NYJ,87,58,552.0,3,2.4153021171548468,0.02776209330063042,37,0.42528735632183906,617.0,284.0,7.091954022988506,4.896551724137931,25.0,6,4,3
2022,REG,00-0034272,M.Valdes-Scantling,KC,81,42,687.0,2,17.297868028928434,0.21355392628306707,38,0.4691358024691358,1153.0,122.0,14.234567901234568,2.9047619047619047,32.0,13,11,2
2022,REG,00-0034279,E.St. Brown,CHI,38,21,314.0,1,2.969664967786952,0.07814907809965664,16,0.42105263157894735,495.0,89.0,13.026315789473685,4.238095238095238,14.0,5,4,1
2022,REG,00-0034286,R.James,NYG,70,57,569.0,4,24.495805307908856,0.3499400758272694,44,0.6285714285714286,509.0,176.0,7.271428571428571,3.087719298245614,29.0,3,7,4
2022,REG,00-0034297,B.Pringle,CHI,16,10,135.0,2,8.891196727927312,0.555699795495457,9,0.5625,225.0,14.0,14.0625,1.4,8.0,3,1,1
2022,REG,00-0034301,D.Williams,ARI,8,4,9.0,0,-5.26019918196835,-0.6575248977460437,1,0.125,-24.0,15.0,-3.0,3.75,0.0,0,1,0
2022,REG,00-0034317,K.Kirkwood,NO,4,2,18.0,0,-1.6444360294844982,-0.41110900737112455,1,0.25,55.0,4.0,13.75,2.0,1.0,0,0,0
2022,REG,00-0034348,C.Sutton,DEN,109,64,829.0,2,23.830661869054634,0.21862992540417095,55,0.5045871559633027,1343.0,147.0,12.321100917431192,2.296875,38.0,11,14,2
2022,REG,00-0034351,D.Goedert,PHI,69,55,702.0,3,45.18798707281715,0.6548983633741616,50,0.7246376811594203,424.0,420.0,6.144927536231884,7.636363636363637,40.0,11,10,2
2022,REG,00-0034364,J.Akins,HOU,56,37,495.0,5,21.463810154033354,0.383282324179167,29,0.5178571428571429,332.0,270.0,5.928571428571429,7.297297297297297,23.0,8,13,3
2022,REG,00-0034365,I.Thomas,CAR,30,21,197.0,0,4.008337110019067,0.13361123700063557,15,0.5,69.0,182.0,2.3,8.666666666666666,8.0,1,2,0
2022,REG,00-0034366,K.Coutee,IND,1,1,20.0,0,-3.79916432953905,-3.79916432953905,0,0.0,12.0,8.0,12.0,8.0,0.0,1,0,0
2022,REG,00-0034367,N.Hines,BUF,9,5,53.0,1,5.269358497339175,0.5854842774821305,4,0.4444444444444444,71.0,45.0,7.888888888888889,9.0,3.0,1,4,1
2022,REG,00-0034367,N.Hines,IND,28,25,188.0,0,7.080735111783715,0.2528833968494184,14,0.5,45.0,145.0,1.6071428571428572,5.8,8.0,1,4,0
2022,REG,00-0034383,D.Schultz,DAL,89,57,577.0,5,-0.3395475966057434,-0.003815141534895993,46,0.5168539325842697,640.0,204.0,7.191011235955056,3.5789473684210527,27.0,5,16,5
2022,REG,00-0034386,Ju.Watson,KC,34,15,315.0,2,7.577325679885103,0.22286251999662068,14,0.4117647058823529,637.0,60.0,18.735294117647058,4.0,12.0,6,3,1
2022,REG,00-0034400,J.Wilkins,IND,8,6,29.0,0,-2.74967834806023,-0.3437097935075287,1,0.125,-18.0,44.0,-2.25,7.333333333333333,1.0,0,2,0
2022,REG,00-0034407,R.McCloud,SF,25,14,243.0,1,12.392493324063235,0.4956997329625294,13,0.52,295.0,92.0,11.8,6.571428571428571,11.0,5,1,1
2022,REG,00-0034411,R.Gage,TB,72,51,426.0,5,20.507765041897322,0.2848300700263517,41,0.5694444444444444,383.0,171.0,5.319444444444445,3.3529411764705883,31.0,3,20,5
2022,REG,00-0034414,B.Scott,PHI,6,5,15.0,0,-3.942514493595814,-0.6570857489326357,0,0.0,-10.0,20.0,-1.6666666666666667,4.0,0.0,0,0,0
2022,REG,00-0034418,C.Wilson,MIA,18,12,136.0,0,6.897870796616197,0.3832150442564554,11,0.6111111111111112,189.0,45.0,10.5,3.75,8.0,2,0,0
2022,REG,00-0034419,B.Berrios,NYJ,32,18,145.0,0,-8.999093093793956,-0.2812216591810611,12,0.375,218.0,92.0,6.8125,5.111111111111111,8.0,2,5,0
2022,REG,00-0034440,J.Jackson,DET,19,12,101.0,1,3.8189392282890444,0.20099680148889706,8,0.42105263157894735,19.0,110.0,1.0,9.166666666666666,7.0,0,4,1
2022,REG,00-0034487,T.Sherfield,MIA,51,30,417.0,2,6.536412975165595,0.1281649602973646,24,0.47058823529411764,561.0,138.0,11.0,4.6,18.0,5,8,1
2022,REG,00-0034521,A.Lazard,GB,101,60,788.0,6,11.311200733877257,0.11199208647403225,54,0.5346534653465347,1249.0,248.0,12.366336633663366,4.133333333333334,45.0,13,19,5
2022,REG,00-0034613,T.Hudson,NYG,15,10,132.0,0,2.84544072509743,0.18969604833982867,8,0.5333333333333333,110.0,59.0,7.333333333333333,5.9,8.0,1,0,0
2022,REG,00-0034614,G.Igwebuike,SEA,1,1,3.0,0,-2.79434635909274,-2.79434635909274,0,0.0,3.0,0.0,3.0,0.0,0.0,0,0,0
2022,REG,00-0034646,B.Powell,LA,32,24,156.0,0,0.10276000197733692,0.003211250061791779,15,0.46875,48.0,184.0,1.5,7.666666666666667,7.0,0,6,0
2022,REG,00-0034676,J.Washington,DAL,1,0,0.0,0,-0.320639211684465,-0.320639211684465,0,0.0,6.0,0.0,6.0,0.0,0.0,0,0,0
2022,REG,00-0034681,C.Edmonds,DEN,7,6,61.0,0,2.6036764734890316,0.3719537819270045,3,0.42857142857142855,9.0,52.0,1.2857142857142858,8.666666666666666,3.0,1,0,0
2022,REG,00-0034681,C.Edmonds,MIA,17,10,96.0,1,2.4558978531082944,0.14446457959460557,9,0.5294117647058824,41.0,61.0,2.411764705882353,6.1,4.0,0,4,1
2022,REG,00-0034750,R.Penny,SEA,5,4,16.0,0,1.069136429636268,0.21382728592725359,3,0.6,-12.0,28.0,-2.4,7.0,2.0,0,1,0
2022,REG,00-0034753,M.Andrews,BAL,114,73,847.0,5,25.18845418582371,0.2209513525072255,65,0.5701754385964912,1105.0,243.0,9.692982456140351,3.328767123287671,48.0,7,19,5
2022,REG,00-0034764,M.Gallup,DAL,74,39,424.0,4,-0.47733926229544177,-0.006450530571560024,33,0.44594594594594594,819.0,107.0,11.067567567567568,2.7435897435897436,25.0,4,13,4
2022,REG,00-0034765,T.Smith,NO,27,19,278.0,1,7.385662595776231,0.2735430591028234,18,0.6666666666666666,331.0,66.0,12.25925925925926,3.473684210526316,14.0,4,2,1
2022,REG,00-0034775,C.Kirk,JAX,134,84,1102.0,8,31.983595938659253,0.2386835517810392,70,0.5223880597014925,1216.0,365.0,9.074626865671641,4.345238095238095,54.0,18,24,7
2022,REG,00-0034777,D.Chark,DET,52,30,502.0,3,21.15313317053698,0.4067910225103265,26,0.5,799.0,132.0,15.365384615384615,4.4,24.0,9,4,1
2022,REG,00-0034791,N.Chubb,CLE,37,27,239.0,1,7.964626396220409,0.2152601728708219,20,0.5405405405405406,0.0,259.0,0.0,9.592592592592593,12.0,1,1,1
2022,REG,00-0034798,D.Smythe,MIA,20,15,129.0,1,-0.7650937063072872,-0.03825468531536436,10,0.5,79.0,47.0,3.95,3.1333333333333333,7.0,1,3,1
2022,REG,00-0034816,R.Jones,KC,1,1,22.0,0,1.84964593237964,1.84964593237964,1,1.0,-1.0,23.0,-1.0,23.0,1.0,1,0,0
2022,REG,00-0034827,D.Moore,CAR,118,63,892.0,7,17.145477958878885,0.14530066066846514,50,0.423728813559322,1526.0,190.0,12.932203389830509,3.015873015873016,44.0,17,11,5
2022,REG,00-0034829,M.Gesicki,MIA,53,32,362.0,5,2.0287450984588156,0.038278209404883315,24,0.4528301886792453,490.0,97.0,9.245283018867925,3.03125,19.0,5,14,5
2022,REG,00-0034830,H.Hurst,CIN,68,52,414.0,2,20.73415308592697,0.3049140159695143,38,0.5588235294117647,340.0,186.0,5.0,3.576923076923077,25.0,4,9,2
2022,REG,00-0034838,R.Freeman,HOU,8,6,33.0,0,-1.4656290366547182,-0.18320362958183978,2,0.25,-6.0,39.0,-0.75,6.5,0.0,0,0,0
2022,REG,00-0034844,S.Barkley,NYG,77,57,338.0,0,-12.599243431137797,-0.16362653806672464,30,0.38961038961038963,-16.0,434.0,-0.2077922077922078,7.614035087719298,10.0,2,3,0
2022,REG,00-0034845,S.Michel,LAC,13,9,53.0,0,-6.602370128559409,-0.5078746252738007,5,0.38461538461538464,22.0,46.0,1.6923076923076923,5.111111111111111,1.0,0,0,0
2022,REG,00-0034854,K.Hodge,ATL,21,13,202.0,1,13.562926854167141,0.6458536597222448,14,0.6666666666666666,268.0,61.0,12.761904761904763,4.6923076923076925,7.0,2,1,0
2022,REG,00-0034860,D.Pettis,CHI,42,19,245.0,3,-16.31622452015686,-0.388481536194211,13,0.30952380952380953,371.0,63.0,8.833333333333334,3.3157894736842106,9.0,2,6,1
2022,REG,00-0034928,S.Sims,PIT,23,14,104.0,0,-5.793479525504905,-0.25189041415238717,8,0.34782608695652173,129.0,60.0,5.608695652173913,4.285714285714286,5.0,1,1,0
2022,REG,00-0034959,A.Beck,DEN,11,5,69.0,0,-4.7823204942978865,-0.4347564085725351,4,0.36363636363636365,46.0,47.0,4.181818181818182,9.4,2.0,2,0,0
2022,REG,00-0034960,J.Meyers,NE,98,67,804.0,6,37.04514405601074,0.37801167404092595,51,0.5204081632653061,950.0,238.0,9.693877551020408,3.5522388059701493,38.0,14,10,3
2022,REG,00-0034970,I.Smith,MIN,36,25,182.0,2,-4.330919062018103,-0.12030330727828065,17,0.4722222222222222,164.0,91.0,4.555555555555555,3.64,9.0,0,7,2
2022,REG,00-0034972,A.Mattison,MIN,18,15,91.0,1,4.290313577837187,0.23835075432428818,9,0.5,-33.0,121.0,-1.8333333333333333,8.066666666666666,4.0,0,5,1
2022,REG,00-0034975,J.Hill,BAL,12,12,58.0,0,2.0797125454409997,0.17330937878674998,6,0.5,-25.0,83.0,-2.0833333333333335,6.916666666666667,2.0,0,0,0
2022,REG,00-0034981,F.Moreau,LV,54,33,420.0,2,8.415477423375682,0.1558421745069571,28,0.5185185185185185,451.0,237.0,8.351851851851851,7.181818181818182,24.0,7,5,2
2022,REG,00-0034983,H.Renfrow,LV,51,36,330.0,2,3.097914962097703,0.060743430629366726,27,0.5294117647058824,339.0,149.0,6.647058823529412,4.138888888888889,18.0,3,6,2
2022,REG,00-0035021,A.Dulin,IND,22,15,207.0,1,8.30038729403168,0.3772903315468945,15,0.6818181818181818,252.0,35.0,11.454545454545455,2.3333333333333335,12.0,2,4,1
2022,REG,00-0035022,P.Hart,SEA,5,3,20.0,0,-1.8254061666228838,-0.36508123332457676,1,0.2,31.0,12.0,6.2,4.0,1.0,0,1,0
2022,REG,00-0035099,K.Blasingame,CHI,1,0,0.0,0,-0.555493432795629,-0.555493432795629,0,0.0,-4.0,0.0,-4.0,0.0,0.0,0,0,0
2022,REG,00-0035125,A.Ingold,MIA,23,15,105.0,1,-1.5185322880861278,-0.06602314296026643,10,0.43478260869565216,54.0,93.0,2.347826086956522,6.2,4.0,0,2,1
2022,REG,00-0035140,M.Hardman,KC,34,25,297.0,4,18.58551685886645,0.5466328487901897,19,0.5588235294117647,275.0,160.0,8.088235294117647,6.4,14.0,5,10,4
2022,REG,00-0035184,D.Ozigbo,DEN,1,1,3.0,0,-0.180052295094356,-0.180052295094356,0,0.0,-4.0,7.0,-4.0,7.0,0.0,0,0,0
2022,REG,00-0035208,O.Zaccheaus,ATL,61,40,533.0,3,23.677558913227283,0.3881567034955292,31,0.5081967213114754,718.0,193.0,11.770491803278688,4.825,25.0,9,6,3
2022,REG,00-0035215,D.Harty,NO,2,2,13.0,0,-1.210729691607415,-0.6053648458037075,1,0.5,5.0,8.0,2.5,4.0,0.0,0,0,0
2022,REG,00-0035216,D.Johnson,PIT,149,86,882.0,0,-4.805297742808766,-0.03225032042153534,70,0.4697986577181208,1499.0,236.0,10.060402684563758,2.744186046511628,45.0,7,20,0
2022,REG,00-0035217,B.Snell,PIT,2,2,17.0,0,1.5642406260012631,0.7821203130006316,1,0.5,-1.0,18.0,-0.5,9.0,1.0,0,0,0
2022,REG,00-0035222,Z.Gentry,PIT,23,19,132.0,0,-1.4360584165122203,-0.06243732245705306,8,0.34782608695652173,64.0,102.0,2.782608695652174,5.368421052631579,6.0,2,2,0
2022,REG,00-0035229,T.Hockenson,DET,44,26,395.0,3,-0.7743032667057163,-0.017597801516039006,22,0.5,339.0,209.0,7.704545454545454,8.038461538461538,17.0,4,8,2
2022,REG,00-0035229,T.Hockenson,MIN,87,60,509.0,3,6.252972845790831,0.07187325110104403,41,0.47126436781609193,642.0,194.0,7.379310344827586,3.2333333333333334,27.0,1,14,3
2022,REG,00-0035243,M.Sanders,PHI,26,20,78.0,0,-11.28499053616543,-0.43403809754482425,11,0.4230769230769231,23.0,103.0,0.8846153846153846,5.15,2.0,0,0,0
2022,REG,00-0035249,J.Oliver,BAL,25,14,149.0,2,4.889335005687341,0.19557340022749364,11,0.44,213.0,74.0,8.52,5.285714285714286,7.0,1,10,2
2022,REG,00-0035250,D.Singletary,BUF,52,38,280.0,1,6.9432423922615305,0.13352389215887558,22,0.4230769230769231,8.0,261.0,0.15384615384615385,6.868421052631579,15.0,1,8,1
2022,REG,00-0035259,T.Wesco,CHI,5,2,26.0,0,0.726653474019375,0.145330694803875,2,0.4,23.0,12.0,4.6,6.0,1.0,1,3,0
2022,REG,00-0035261,T.Pollard,DAL,55,39,371.0,3,6.240905504866468,0.11347100917939033,26,0.4727272727272727,75.0,347.0,1.3636363636363635,8.897435897435898,18.0,3,9,1
2022,REG,00-0035291,T.Williams,CIN,3,2,30.0,0,1.5880261220445409,0.5293420406815136,1,0.3333333333333333,20.0,8.0,6.666666666666667,4.0,1.0,1,0,0
2022,REG,00-0035298,S.Miller,TB,40,23,185.0,0,0.7070892848730564,0.01767723212182641,16,0.4,512.0,33.0,12.8,1.434782608695652,8.0,2,5,0
2022,REG,00-0035308,T.Sweeney,BUF,1,1,7.0,0,0.801076786592603,0.801076786592603,1,1.0,-1.0,8.0,-1.0,8.0,1.0,0,0,0
2022,REG,00-0035311,M.Gaskin,MIA,6,4,28.0,0,-4.269892948854253,-0.7116488248090422,3,0.5,17.0,20.0,2.8333333333333335,5.0,0.0,0,3,0
2022,REG,00-0035329,D.Parham,LAC,12,10,130.0,1,8.140817218900926,0.6784014349084105,10,0.8333333333333334,124.0,42.0,10.333333333333334,4.2,5.0,2,2,1
2022,REG,00-0035341,T.Irwin,CIN,23,15,231.0,4,19.67878938527382,0.8555995384901661,15,0.6521739130434783,259.0,59.0,11.26086956521739,3.933333333333333,12.0,3,5,2
2022,REG,00-0035345,C.Myarick,NYG,8,7,65.0,1,7.242674909415655,0.9053343636769569,6,0.75,23.0,38.0,2.875,5.428571428571429,5.0,1,2,1
2022,REG,00-0035359,D.Sills,NYG,17,11,106.0,0,4.90242563802166,0.2883779787071565,9,0.5294117647058824,133.0,40.0,7.823529411764706,3.6363636363636362,7.0,1,2,0
2022,REG,00-0035399,S.Morgan,CIN,1,0,0.0,0,-3.1803987219464,-3.1803987219464,0,0.0,0.0,0.0,0.0,0.0,0.0,0,1,0
2022,REG,00-0035406,L.Humphrey,NE,4,2,20.0,0,0.3196141555672509,0.07990353889181273,2,0.5,27.0,15.0,6.75,7.5,0.0,0,0,0
2022,REG,00-0035414,J.Guyton,LAC,4,2,64.0,0,4.264032681277689,1.0660081703194222,2,0.5,115.0,7.0,28.75,3.5,2.0,1,0,0
2022,REG,00-0035432,J.Moore,LAC,2,1,5.0,0,-0.7422923792619259,-0.37114618963096296,0,0.0,24.0,0.0,12.0,0.0,0.0,0,0,0
2022,REG,00-0035457,T.Johnson,HOU,1,1,8.0,0,0.633759932476096,0.633759932476096,1,1.0,-2.0,10.0,-2.0,10.0,0.0,0,0,0
2022,REG,00-0035500,G.Dortch,ARI,64,52,467.0,2,12.061898299110204,0.18846716092359694,28,0.4375,316.0,293.0,4.9375,5.634615384615385,19.0,5,7,2
2022,REG,00-0035510,J.Smith,NYJ,11,8,134.0,0,6.636773693899159,0.6033430630817418,7,0.6363636363636364,144.0,37.0,13.090909090909092,4.625,5.0,2,1,0
2022,REG,00-0035527,A.Isabella,ARI,5,2,21.0,0,0.35335567645005606,0.0706711352900112,2,0.4,70.0,5.0,14.0,2.5,2.0,0,0,0
2022,REG,00-0035535,D.Slayton,NYG,71,46,724.0,2,35.25416537458643,0.4965375404871328,38,0.5352112676056338,884.0,262.0,12.450704225352112,5.695652173913044,30.0,12,3,0
2022,REG,00-0035537,T.Johnson,NYJ,24,12,88.0,0,-11.452373819895604,-0.47718224249565017,7,0.2916666666666667,48.0,73.0,2.0,6.083333333333333,3.0,0,0,0
2022,REG,00-0035544,T.Kennedy,DET,15,8,141.0,0,7.931223585629748,0.5287482390419832,8,0.5333333333333333,134.0,73.0,8.933333333333334,9.125,7.0,2,1,0
2022,REG,00-0035547,J.Fortson,KC,13,9,108.0,2,8.23036413447699,0.6331049334213069,8,0.6153846153846154,88.0,40.0,6.769230769230769,4.444444444444445,6.0,2,5,2
2022,REG,00-0035562,J.Horsted,LV,4,3,19.0,0,0.026683711330405924,0.006670927832601481,2,0.5,26.0,6.0,6.5,2.0,0.0,0,0,0
2022,REG,00-0035567,C.Reynolds,DET,10,9,116.0,0,5.9975022743052655,0.5997502274305265,7,0.7,12.0,108.0,1.2,12.0,5.0,2,0,0
2022,REG,00-0035572,P.Hesse,ATL,11,9,89.0,0,8.567913934180979,0.7789012667437253,9,0.8181818181818182,65.0,36.0,5.909090909090909,4.0,6.0,1,2,0
2022,REG,00-0035593,J.Winfree,GB,4,1,17.0,0,-0.99848315183772,-0.24962078795943,1,0.25,52.0,5.0,13.0,5.0,1.0,0,0,0
2022,REG,00-0035594,T.Homer,SEA,18,16,157.0,1,-5.407553273020313,-0.3004196262789063,7,0.3888888888888889,31.0,129.0,1.7222222222222223,8.0625,7.0,3,1,1
2022,REG,00-0035603,K.Blanton,LA,2,2,35.0,0,1.94552876648959,0.972764383244795,2,1.0,12.0,23.0,6.0,11.5,1.0,1,0,0
2022,REG,00-0035609,J.Gervase,LA,1,1,12.0,0,2.61605842690915,2.61605842690915,1,1.0,6.0,6.0,6.0,6.0,1.0,0,0,0
2022,REG,00-0035621,N.Webster,CHI,3,2,14.0,0,0.381329994765113,0.12710999825503766,2,0.6666666666666666,22.0,4.0,7.333333333333333,2.0,1.0,0,0,0
2022,REG,00-0035624,N.Harry,CHI,9,7,116.0,1,8.58423115295591,0.9538034614395455,7,0.7777777777777778,153.0,16.0,17.0,2.2857142857142856,4.0,1,1,1
2022,REG,00-0035628,D.Johnson,CLE,3,3,7.0,0,-0.9645693320198909,-0.321523110673297,1,0.3333333333333333,-1.0,8.0,-0.3333333333333333,2.6666666666666665,0.0,0,0,0
2022,REG,00-0035631,D.Sample,CIN,2,2,-2.0,0,-3.01596434186873,-1.507982170934365,0,0.0,-2.0,0.0,-1.0,0.0,0.0,0,1,0
2022,REG,00-0035639,P.Campbell,IND,92,63,623.0,3,-7.994461106525257,-0.08689631637527453,46,0.5,582.0,276.0,6.326086956521739,4.380952380952381,32.0,7,10,2
2022,REG,00-0035640,D.Metcalf,SEA,142,90,1048.0,6,7.048705952152487,0.049638774310933005,74,0.5211267605633803,1581.0,216.0,11.133802816901408,2.4,47.0,11,29,5
2022,REG,00-0035644,N.Fant,SEA,63,50,486.0,4,19.09036410652692,0.30302165248455426,33,0.5238095238095238,406.0,221.0,6.444444444444445,4.42,24.0,4,9,4
2022,REG,00-0035645,G.Olszewski,PIT,7,5,53.0,0,0.995576425542821,0.14222520364897442,3,0.42857142857142855,57.0,13.0,8.142857142857142,2.6,1.0,1,1,0
2022,REG,00-0035657,D.Harris,NE,23,17,97.0,0,-5.194687074952521,-0.22585595978054437,10,0.43478260869565216,25.0,86.0,1.0869565217391304,5.0588235294117645,4.0,0,7,0
2022,REG,00-0035659,T.McLaurin,WAS,120,77,1191.0,5,48.66001507444927,0.4055001256204106,68,0.5666666666666667,1549.0,382.0,12.908333333333333,4.961038961038961,56.0,16,14,3
2022,REG,00-0035662,M.Brown,ARI,107,67,709.0,3,-3.3318998939467526,-0.031139251345296753,47,0.4392523364485981,1205.0,236.0,11.261682242990654,3.5223880597014925,33.0,9,12,1
2022,REG,00-0035664,D.Henderson,LA,22,17,102.0,0,-2.261365839134668,-0.1027893563243031,10,0.45454545454545453,28.0,110.0,1.2727272727272727,6.470588235294118,5.0,0,2,0
2022,REG,00-0035676,A.Brown,PHI,145,88,1496.0,11,55.87002713848921,0.38531053198958076,76,0.5241379310344828,1750.0,552.0,12.068965517241379,6.2727272727272725,59.0,23,16,4
2022,REG,00-0035685,D.Montgomery,CHI,40,34,316.0,1,6.72230372427884,0.168057593106971,20,0.5,51.0,283.0,1.275,8.323529411764707,10.0,5,3,1
2022,REG,00-0035689,D.Knox,BUF,65,48,517.0,6,20.46416198347318,0.31483326128420275,39,0.6,507.0,193.0,7.8,4.020833333333333,25.0,8,11,5
2022,REG,00-0035700,J.Jacobs,LV,64,53,400.0,0,2.307870748173306,0.036060480440207904,32,0.5,35.0,374.0,0.546875,7.056603773584905,16.0,2,4,0
2022,REG,00-0035703,M.Boykin,PIT,3,2,11.0,0,-0.8803758839494501,-0.29345862798315003,1,0.3333333333333333,46.0,0.0,15.333333333333334,0.0,1.0,0,0,0
2022,REG,00-0035719,D.Samuel,SF,94,56,632.0,2,8.942731833135985,0.09513544503336155,44,0.46808510638297873,396.0,493.0,4.212765957446808,8.803571428571429,25.0,7,13,1
2022,REG,00-0035726,J.Johnson,LV,6,5,10.0,0,-3.575874551897869,-0.5959790919829782,0,0.0,7.0,7.0,1.1666666666666667,1.4,0.0,0,0,0
2022,REG,00-0035771,M.Wilcox,CIN,18,17,139.0,1,9.272113411920145,0.5151174117733414,12,0.6666666666666666,81.0,74.0,4.5,4.352941176470588,6.0,0,2,1
2022,REG,00-0035806,J.Hasty,JAX,26,20,126.0,1,5.57141024169998,0.21428500929615307,10,0.38461538461538464,-34.0,134.0,-1.3076923076923077,6.7,7.0,2,1,0
2022,REG,00-0035823,B.Ellefson,MIN,3,3,26.0,0,0.7453874025959519,0.24846246753198398,2,0.6666666666666666,15.0,11.0,5.0,3.6666666666666665,2.0,0,1,0
2022,REG,00-0035831,J.Robinson,JAX,11,9,46.0,1,1.7754532624385309,0.16140484203986644,6,0.5454545454545454,9.0,49.0,0.8181818181818182,5.444444444444445,4.0,0,2,1
2022,REG,00-0035831,J.Robinson,NYJ,3,2,5.0,1,-0.18019992631161208,-0.06006664210387069,1,0.3333333333333333,-8.0,14.0,-2.6666666666666665,7.0,1.0,0,1,1
2022,REG,00-0035860,T.Jones,NO,2,2,12.0,0,-0.10358733183238603,-0.05179366591619301,1,0.5,-2.0,14.0,-1.0,7.0,0.0,0,1,0
2022,REG,00-0035860,T.Jones,SEA,6,3,18.0,0,-5.412149513838815,-0.9020249189731359,2,0.3333333333333333,-20.0,20.0,-3.3333333333333335,6.666666666666667,0.0,0,0,0
2022,REG,00-0035864,K.Hinton,DEN,33,24,311.0,0,16.51248325212509,0.5003782803674269,18,0.5454545454545454,303.0,139.0,9.181818181818182,5.791666666666667,14.0,5,4,0
2022,REG,00-0035876,A.Baccellia,ARI,10,7,45.0,0,1.4270980003959242,0.1427098000395924,5,0.5,91.0,11.0,9.1,1.5714285714285714,4.0,0,1,0
2022,REG,00-0035891,C.White,PIT,1,1,2.0,0,-0.415927316527814,-0.415927316527814,0,0.0,0.0,2.0,0.0,2.0,0.0,0,0,0
2022,REG,00-0035924,J.Ward,TEN,3,2,7.0,0,-0.6592039366951261,-0.21973464556504205,1,0.3333333333333333,4.0,4.0,1.3333333333333333,2.0,1.0,0,1,0
2022,REG,00-0035956,G.Ricci,CAR,9,8,100.0,0,3.7422911191841184,0.41581012435379094,6,0.6666666666666666,55.0,52.0,6.111111111111111,6.5,3.0,1,0,0
2022,REG,00-0035973,P.Taylor,GB,1,1,17.0,0,2.6245533504989,2.6245533504989,1,1.0,0.0,17.0,0.0,17.0,1.0,0,0,0
2022,REG,00-0036005,N.Togiai,PHI,1,0,0.0,0,-0.640563539229333,-0.640563539229333,0,0.0,4.0,0.0,4.0,0.0,0.0,0,0,0
2022,REG,00-0036020,S.Ahmed,MIA,1,1,8.0,0,0.170607615320478,0.170607615320478,1,1.0,1.0,7.0,1.0,7.0,0.0,0,0,0
2022,REG,00-0036032,S.McKeon,DAL,3,2,11.0,0,0.1502379908924919,0.0500793302974973,1,0.3333333333333333,1.0,7.0,0.3333333333333333,3.5,1.0,0,0,0
2022,REG,00-0036040,J.Johnson,NO,65,42,508.0,7,15.77230264662176,0.2426508099480271,35,0.5384615384615384,600.0,166.0,9.23076923076923,3.9523809523809526,25.0,8,11,5
2022,REG,00-0036059,T.Mabry,SEA,1,1,7.0,1,1.96141375257866,1.96141375257866,1,1.0,6.0,1.0,6.0,1.0,1.0,0,1,1
2022,REG,00-0036096,J.Taylor,NE,1,1,8.0,0,0.887669721618295,0.887669721618295,1,1.0,3.0,5.0,3.0,5.0,0.0,0,0,0
2022,REG,00-0036133,J.Proche,BAL,17,8,62.0,0,-9.627682750840906,-0.5663342794612297,6,0.35294117647058826,155.0,16.0,9.117647058823529,2.0,3.0,0,2,0
2022,REG,00-0036145,L.Cager,NYG,19,13,118.0,1,1.600227821778502,0.08422251693571063,10,0.5263157894736842,96.0,78.0,5.052631578947368,6.0,8.0,1,2,1
2022,REG,00-0036145,L.Cager,NYJ,1,0,0.0,0,-6.81797308416572,-6.81797308416572,0,0.0,14.0,0.0,14.0,0.0,0.0,0,0,0
2022,REG,00-0036158,J.Dobbins,BAL,8,7,42.0,1,0.1182316368167664,0.0147789546020958,3,0.375,4.0,39.0,0.5,5.571428571428571,3.0,1,2,1
2022,REG,00-0036165,I.Hodgins,BUF,6,4,41.0,0,0.3553620633902048,0.059227010565034134,2,0.3333333333333333,44.0,19.0,7.333333333333333,4.75,2.0,1,1,0
2022,REG,00-0036165,I.Hodgins,NYG,43,33,351.0,4,10.215517303136073,0.2375701698403738,29,0.6744186046511628,391.0,69.0,9.093023255813954,2.090909090909091,22.0,3,6,4
2022,REG,00-0036176,M.Kinsey,TEN,1,1,3.0,0,0.0048524462617933,0.0048524462617933,1,1.0,3.0,0.0,3.0,0.0,0.0,0,0,0
2022,REG,00-0036182,N.Westbrook-Ikhine,TEN,50,25,397.0,3,2.5198795458761016,0.05039759091752203,22,0.44,662.0,107.0,13.24,4.28,18.0,5,7,2
2022,REG,00-0036187,R.Gilliam,BUF,10,8,69.0,1,3.9299601676175344,0.39299601676175344,6,0.6,58.0,54.0,5.8,6.75,4.0,0,2,1
2022,REG,00-0036194,D.Asiasi,CIN,4,2,5.0,0,-1.4640743777854368,-0.3660185944463592,1,0.25,59.0,0.0,14.75,0.0,0.0,0,0,0
2022,REG,00-0036196,G.Davis,BUF,93,48,836.0,7,14.690057833794762,0.1579576111160727,45,0.4838709677419355,1428.0,142.0,15.35483870967742,2.9583333333333335,35.0,11,16,3
2022,REG,00-0036219,M.Callaway,NO,32,16,158.0,1,-6.193596414298188,-0.19354988794681838,14,0.4375,389.0,35.0,12.15625,2.1875,11.0,2,5,1
2022,REG,00-0036223,J.Taylor,IND,42,28,143.0,0,-17.546411304245215,-0.4177716977201242,11,0.2619047619047619,-73.0,208.0,-1.7380952380952381,7.428571428571429,4.0,0,5,0
2022,REG,00-0036228,D.Patmon,IND,6,2,24.0,0,-7.643115597777069,-1.2738525996295114,2,0.3333333333333333,73.0,7.0,12.166666666666666,3.5,1.0,0,1,0
2022,REG,00-0036232,H.Bryant,CLE,43,31,239.0,1,2.8788764024459472,0.06695061401037086,21,0.4883720930232558,238.0,113.0,5.534883720930233,3.6451612903225805,12.0,1,9,1
2022,REG,00-0036233,D.Peoples-Jones,CLE,96,61,839.0,3,18.412429526132723,0.19179614089721586,50,0.5208333333333334,1107.0,191.0,11.53125,3.1311475409836067,33.0,14,13,3
2022,REG,00-0036244,C.Parkinson,SEA,34,25,322.0,2,10.221434430830412,0.3006304244361886,19,0.5588235294117647,278.0,150.0,8.176470588235293,6.0,14.0,5,6,1
2022,REG,00-0036247,F.Swain,DEN,6,4,74.0,0,-3.9004255418549247,-0.6500709236424874,3,0.5,62.0,27.0,10.333333333333334,6.75,3.0,1,0,0
2022,REG,00-0036250,T.Davis,GB,7,4,26.0,0,-6.445032238028941,-0.9207188911469916,1,0.14285714285714285,27.0,27.0,3.857142857142857,6.75,1.0,1,0,0
2022,REG,00-0036251,Z.Moss,BUF,8,7,27.0,0,-3.666988941375167,-0.4583736176718959,2,0.25,-5.0,29.0,-0.625,4.142857142857143,1.0,0,0,0
2022,REG,00-0036251,Z.Moss,IND,5,4,12.0,0,-2.7435055567766544,-0.5487011113553308,2,0.4,0.0,13.0,0.0,3.25,1.0,0,0,0
2022,REG,00-0036252,M.Pittman,IND,142,99,925.0,4,20.614269010726353,0.14517090852624193,73,0.5140845070422535,985.0,344.0,6.936619718309859,3.474747474747475,51.0,8,15,4
2022,REG,00-0036255,D.Mims,NYJ,25,11,186.0,0,-2.842088099441955,-0.1136835239776782,9,0.36,313.0,75.0,12.52,6.818181818181818,7.0,2,1,0
2022,REG,00-0036259,J.Jennings,SF,56,35,416.0,1,13.955326858104122,0.2492022653232879,31,0.5535714285714286,468.0,176.0,8.357142857142858,5.0285714285714285,23.0,3,3,1
2022,REG,00-0036261,B.Aiyuk,SF,114,78,1015.0,8,41.96144646964896,0.3680828637688505,63,0.5526315789473685,1143.0,375.0,10.026315789473685,4.8076923076923075,47.0,17,15,6
2022,REG,00-0036265,A.Dillon,GB,43,28,206.0,0,-5.830161560658795,-0.13558515257346035,17,0.3953488372093023,17.0,203.0,0.3953488372093023,7.25,9.0,0,4,0
2022,REG,00-0036268,L.Shenault,CAR,32,27,272.0,1,10.325950150261633,0.32268594219567603,17,0.53125,-22.0,330.0,-0.6875,12.222222222222221,10.0,3,2,0
2022,REG,00-0036271,Q.Watkins,PHI,51,33,354.0,3,-12.772953875300065,-0.2504500759862758,17,0.3333333333333333,476.0,146.0,9.333333333333334,4.424242424242424,13.0,5,4,0
2022,REG,00-0036275,D.Swift,DET,70,48,375.0,3,8.104379366221771,0.11577684808888244,29,0.4142857142857143,32.0,440.0,0.45714285714285713,9.166666666666666,17.0,5,14,1
2022,REG,00-0036277,Q.Cephus,DET,3,2,15.0,0,2.972559513582381,0.990853171194127,2,0.6666666666666666,14.0,4.0,4.666666666666667,2.0,1.0,0,0,0
2022,REG,00-0036290,C.Kmet,CHI,70,50,544.0,7,11.231644300971718,0.1604520614424531,39,0.5571428571428572,463.0,286.0,6.614285714285714,5.72,27.0,6,11,6
2022,REG,00-0036297,D.Evans,CHI,1,1,33.0,0,2.5792727979715,2.5792727979715,1,1.0,2.0,31.0,2.0,31.0,1.0,1,0,0
2022,REG,00-0036309,D.Mooney,CHI,62,40,493.0,2,14.498919421473008,0.23385353905601627,31,0.5,727.0,168.0,11.725806451612904,4.2,20.0,7,8,2
2022,REG,00-0036322,J.Jefferson,MIN,185,128,1809.0,8,75.37003681422588,0.407405604401221,109,0.5891891891891892,1867.0,613.0,10.091891891891892,4.7890625,80.0,29,31,6
2022,REG,00-0036326,C.Claypool,CHI,29,14,140.0,0,-11.51165644808258,-0.3969536706235372,9,0.3103448275862069,344.0,44.0,11.862068965517242,3.142857142857143,7.0,3,2,0
2022,REG,00-0036326,C.Claypool,PIT,50,32,317.0,1,5.5991663565580145,0.11198332713116028,27,0.54,473.0,105.0,9.46,3.28125,17.0,4,4,1
2022,REG,00-0036328,A.Gibson,WAS,58,46,353.0,2,3.03597664555313,0.05234442492332982,26,0.4482758620689655,69.0,297.0,1.1896551724137931,6.456521739130435,18.0,2,6,2
2022,REG,00-0036331,D.Duvernay,BAL,49,37,407.0,3,19.67269319182379,0.40148353452701613,29,0.5918367346938775,437.0,159.0,8.918367346938776,4.297297297297297,19.0,6,8,2
2022,REG,00-0036332,J.Deguara,GB,15,13,114.0,0,3.4746857234858957,0.23164571489905972,8,0.5333333333333333,49.0,63.0,3.2666666666666666,4.846153846153846,4.0,1,1,0
2022,REG,00-0036336,A.McFarland,PIT,2,2,11.0,0,-0.45270952244754503,-0.22635476122377252,1,0.5,-4.0,15.0,-2.0,7.5,1.0,0,0,0
2022,REG,00-0036345,K.Osborn,MIN,90,60,650.0,5,21.834048940413634,0.24260054378237372,49,0.5444444444444444,753.0,300.0,8.366666666666667,5.0,32.0,6,11,4
2022,REG,00-0036355,J.Herbert,LAC,2,2,-10.0,0,-2.787758179299998,-1.393879089649999,0,0.0,-15.0,5.0,-7.5,2.5,0.0,0,1,0
2022,REG,00-0036358,C.Lamb,DAL,156,107,1359.0,9,61.797073013132504,0.3961350834175161,87,0.5576923076923077,1565.0,494.0,10.032051282051283,4.616822429906542,67.0,24,15,5
2022,REG,00-0036360,C.Edwards-Helaire,KC,23,17,151.0,3,10.229611164977548,0.4447657028251108,14,0.6086956521739131,10.0,144.0,0.43478260869565216,8.470588235294118,11.0,2,6,3
2022,REG,00-0036365,B.Edwards,ATL,5,3,15.0,0,-5.950993755433973,-1.1901987510867946,1,0.2,39.0,9.0,7.8,3.0,0.0,0,3,0
2022,REG,00-0036370,J.Kelley,LAC,25,14,101.0,0,-5.558088115241839,-0.22232352460967356,11,0.44,48.0,88.0,1.92,6.285714285714286,4.0,1,1,0
2022,REG,00-0036383,E.Benjamin,ARI,33,24,184.0,0,4.19320616691537,0.12706685354289002,14,0.42424242424242425,-39.0,222.0,-1.1818181818181819,9.25,10.0,1,5,0
2022,REG,00-0036383,E.Benjamin,NO,1,1,9.0,0,-0.765888781519607,-0.765888781519607,0,0.0,-3.0,12.0,-3.0,12.0,0.0,0,0,0
2022,REG,00-0036387,J.Reagor,MIN,13,8,104.0,1,-0.13737014075741616,-0.010566933904416627,7,0.5384615384615384,176.0,28.0,13.538461538461538,3.5,5.0,2,1,1
2022,REG,00-0036407,J.Jeudy,DEN,100,67,972.0,6,47.382345807333564,0.47382345807333565,49,0.49,1146.0,396.0,11.46,5.91044776119403,41.0,14,11,5
2022,REG,00-0036410,T.Higgins,CIN,110,74,1029.0,7,54.5683294738776,0.4960757224897963,71,0.6454545454545455,1185.0,286.0,10.772727272727273,3.864864864864865,46.0,14,13,4
2022,REG,00-0036412,K.Hamler,DEN,14,7,165.0,0,-0.506683415591564,-0.036191672542254576,5,0.35714285714285715,367.0,23.0,26.214285714285715,3.2857142857142856,3.0,3,0,0
2022,REG,00-0036414,C.Akers,LA,18,13,117.0,0,4.120870851322433,0.22893726951791293,9,0.5,34.0,136.0,1.8888888888888888,10.461538461538462,8.0,0,3,0
2022,REG,00-0036415,V.Jefferson,LA,44,24,369.0,3,11.800790292327278,0.2681997793710745,22,0.5,695.0,38.0,15.795454545454545,1.5833333333333333,20.0,7,5,2
2022,REG,00-0036422,A.Trautman,NO,22,18,207.0,1,8.532899791665848,0.3878590814393567,14,0.6363636363636364,118.0,123.0,5.363636363636363,6.833333333333333,9.0,2,3,0
2022,REG,00-0036423,A.Okwuegbunam,DEN,18,10,95.0,1,-2.286850997523091,-0.12704727764017174,8,0.4444444444444444,99.0,59.0,5.5,5.9,4.0,1,2,0
2022,REG,00-0036424,B.Hopkins,LA,11,7,109.0,0,0.9469367329351785,0.08608515753956168,5,0.45454545454545453,113.0,33.0,10.272727272727273,4.714285714285714,5.0,2,1,0
2022,REG,00-0036425,D.Dallas,SEA,19,17,126.0,0,0.11279492192709273,0.005936574838268038,10,0.5263157894736842,10.0,126.0,0.5263157894736842,7.411764705882353,5.0,1,2,0
2022,REG,00-0036429,C.Woerner,SF,2,0,0.0,0,-1.4161579795181751,-0.7080789897590876,0,0.0,43.0,0.0,21.5,0.0,0.0,0,0,0
2022,REG,00-0036438,S.Sullivan,CAR,6,2,46.0,0,-2.4585835977923116,-0.40976393296538527,2,0.3333333333333333,87.0,21.0,14.5,10.5,2.0,1,0,0
2022,REG,00-0036439,T.Cleveland,DEN,7,2,28.0,0,-4.32991943752827,-0.6185599196468957,2,0.2857142857142857,99.0,17.0,14.142857142857142,8.5,1.0,0,1,0
2022,REG,00-0036450,K.Vaughn,TB,4,3,19.0,0,-0.36591245050295185,-0.09147811262573796,1,0.25,-11.0,29.0,-2.75,9.666666666666666,1.0,0,0,0
2022,REG,00-0036457,T.Williams,ARI,1,1,5.0,0,-0.326953217387199,-0.326953217387199,0,0.0,-1.0,6.0,-1.0,6.0,0.0,0,0,0
2022,REG,00-0036482,M.Strachan,IND,9,3,59.0,0,-2.6660449231769654,-0.2962272136863295,3,0.3333333333333333,129.0,13.0,14.333333333333334,4.333333333333333,3.0,2,4,0
2022,REG,00-0036493,D.Jackson,IND,34,30,209.0,1,-8.546449340297848,-0.25136615706758375,15,0.4411764705882353,-17.0,228.0,-0.5,7.6,10.0,4,3,1
2022,REG,00-0036497,T.Jones,JAX,4,3,30.0,0,1.188742449448904,0.297185612362226,1,0.25,7.0,21.0,1.75,7.0,1.0,1,0,0
2022,REG,00-0036527,D.Turner,LV,1,0,0.0,0,-0.894917232049039,-0.894917232049039,0,0.0,-3.0,0.0,-3.0,0.0,0.0,0,1,0
2022,REG,00-0036534,S.Zylstra,DET,15,11,60.0,4,3.4359968112548818,0.22906645408365878,6,0.4,78.0,13.0,5.2,1.1818181818181819,6.0,0,4,4
2022,REG,00-0036543,S.Brown,CAR,4,2,10.0,0,-2.3898130847373995,-0.5974532711843499,1,0.25,-1.0,12.0,-0.25,6.0,0.0,0,0,0
2022,REG,00-0036550,R.Bateman,BAL,28,15,285.0,2,2.647617057504504,0.09455775205373229,12,0.42857142857142855,374.0,133.0,13.357142857142858,8.866666666666667,7.0,5,1,0
2022,REG,00-0036554,N.Collins,HOU,66,37,481.0,2,-1.3270556627888745,-0.020106903981649615,29,0.4393939393939394,775.0,143.0,11.742424242424242,3.864864864864865,21.0,8,8,2
2022,REG,00-0036555,C.Hubbard,CAR,17,14,147.0,0,1.7687346039205003,0.10404321199532354,9,0.5294117647058824,9.0,142.0,0.5294117647058824,10.142857142857142,5.0,1,1,0
2022,REG,00-0036556,B.Jordan,HOU,28,14,128.0,0,-13.691265246454122,-0.48897375880193295,10,0.35714285714285715,205.0,78.0,7.321428571428571,5.571428571428571,7.0,2,2,0
2022,REG,00-0036567,E.Mitchell,SF,4,3,7.0,0,-2.012903657741849,-0.5032259144354623,1,0.25,-7.0,16.0,-1.75,5.333333333333333,0.0,0,1,0
2022,REG,00-0036569,G.Brightwell,NYG,8,5,39.0,0,1.439845195709491,0.1799806494636864,4,0.5,7.0,35.0,0.875,7.0,4.0,0,3,0
2022,REG,00-0036572,S.Smith,CAR,42,22,296.0,2,-9.333155053369493,-0.2222179774611784,15,0.35714285714285715,351.0,97.0,8.357142857142858,4.409090909090909,14.0,6,6,2
2022,REG,00-0036590,Q.Morris,BUF,11,8,84.0,1,-0.1558389728277252,-0.014167179347975017,7,0.6363636363636364,77.0,38.0,7.0,4.75,6.0,1,2,1
2022,REG,00-0036613,J.Waddle,MIA,118,75,1356.0,8,75.95758725733059,0.6437083665875474,66,0.559322033898305,1415.0,510.0,11.991525423728813,6.8,60.0,21,9,4
2022,REG,00-0036620,D.Eskridge,SEA,13,7,58.0,0,-1.964823661281783,-0.15114028163706023,5,0.38461538461538464,54.0,46.0,4.153846153846154,6.571428571428571,4.0,0,2,0
2022,REG,00-0036626,D.Brown,WAS,14,5,143.0,2,4.948256991163377,0.3534469279402412,5,0.35714285714285715,361.0,31.0,25.785714285714285,6.2,5.0,2,0,0
2022,REG,00-0036628,J.Bates,WAS,22,14,108.0,1,-2.8533656677464037,-0.12969843944301834,10,0.45454545454545453,114.0,54.0,5.181818181818182,3.857142857142857,4.0,1,2,1
2022,REG,00-0036630,T.Wallace,BAL,7,4,33.0,0,-2.9511973933549633,-0.4215996276221376,3,0.42857142857142855,94.0,9.0,13.428571428571429,2.25,1.0,0,0,0
2022,REG,00-0036635,I.Smith-Marsette,CHI,4,1,15.0,0,-8.025093835021831,-2.006273458755458,0,0.0,28.0,5.0,7.0,5.0,0.0,0,1,0
2022,REG,00-0036637,N.Gray,KC,34,28,299.0,1,12.984352169005446,0.38189271085310134,21,0.6176470588235294,170.0,182.0,5.0,6.5,14.0,3,4,1
2022,REG,00-0036646,S.Fehoko,DAL,4,3,24.0,0,-1.1463221836526913,-0.28658054591317283,2,0.5,51.0,10.0,12.75,3.3333333333333335,1.0,0,0,0
2022,REG,00-0036650,L.Rountree,LAC,2,2,14.0,0,1.549587836663702,0.774793918331851,1,0.5,-17.0,31.0,-8.5,15.5,1.0,0,0,0
2022,REG,00-0036652,R.McMath,TEN,8,2,40.0,0,-5.562793552991933,-0.6953491941239917,1,0.125,176.0,7.0,22.0,3.5,1.0,1,1,0
2022,REG,00-0036654,D.Felton,CLE,4,2,8.0,0,-1.4629614923615002,-0.36574037309037505,1,0.25,16.0,11.0,4.0,5.5,0.0,0,0,0
2022,REG,00-0036671,D.Milne,WAS,7,6,37.0,1,2.4906449001282516,0.3558064143040359,2,0.2857142857142857,38.0,13.0,5.428571428571429,2.1666666666666665,2.0,0,3,1
2022,REG,00-0036692,M.Forristall,CLE,1,0,0.0,0,-0.508618170628324,-0.508618170628324,0,0.0,5.0,0.0,5.0,0.0,0.0,0,0,0
2022,REG,00-0036727,A.Prentice,NO,3,3,9.0,0,-0.327068652259186,-0.10902288408639534,1,0.3333333333333333,-9.0,18.0,-3.0,6.0,1.0,0,0,0
2022,REG,00-0036741,J.Stoll,PHI,14,11,123.0,0,7.912329041311746,0.5651663600936961,9,0.6428571428571429,90.0,49.0,6.428571428571429,4.454545454545454,5.0,2,1,0
2022,REG,00-0036754,B.Wright,DET,24,18,216.0,4,16.810105709970237,0.7004210712487599,15,0.625,72.0,165.0,3.0,9.166666666666666,13.0,3,5,3
2022,REG,00-0036755,J.Patterson,WAS,1,0,0.0,0,-0.790954421740025,-0.790954421740025,0,0.0,4.0,0.0,4.0,0.0,0.0,0,0,0
2022,REG,00-0036810,C.Johnson,SEA,4,2,21.0,0,-0.389096442493603,-0.09727411062340074,1,0.25,36.0,6.0,9.0,3.0,2.0,0,0,0
2022,REG,00-0036825,F.Franks,ATL,2,0,0.0,0,-1.094847114291042,-0.547423557145521,0,0.0,56.0,0.0,28.0,0.0,0.0,0,0,0
2022,REG,00-0036829,C.Huntley,ATL,2,2,3.0,0,-0.764543658588082,-0.382271829294041,0,0.0,-6.0,9.0,-3.0,4.5,0.0,0,0,0
2022,REG,00-0036841,A.Trammell,LA,4,2,13.0,0,0.35552828817162707,0.08888207204290677,2,0.5,30.0,0.0,7.5,0.0,1.0,0,0,0
2022,REG,00-0036842,K.Nwangwu,MIN,2,2,21.0,0,1.0926053479779474,0.5463026739889737,1,0.5,0.0,21.0,0.0,10.5,1.0,0,0,0
2022,REG,00-0036849,T.Atwell,LA,35,18,298.0,1,4.046900313293603,0.11562572323696008,13,0.37142857142857144,622.0,60.0,17.771428571428572,3.3333333333333335,11.0,5,2,0
2022,REG,00-0036857,C.Evans,CIN,4,3,38.0,1,2.3098250172333836,0.5774562543083459,2,0.5,55.0,8.0,13.75,2.6666666666666665,2.0,1,1,1
2022,REG,00-0036858,J.Camp,HOU,1,1,7.0,0,0.510851916798856,0.510851916798856,1,1.0,7.0,0.0,7.0,0.0,1.0,0,0,0
2022,REG,00-0036862,B.Skowronek,LA,61,39,376.0,0,-5.488619681622375,-0.089977371829875,24,0.39344262295081966,475.0,142.0,7.786885245901639,3.641025641025641,16.0,5,3,0
2022,REG,00-0036875,R.Stevenson,NE,90,69,421.0,1,-11.773535558235263,-0.1308170617581696,34,0.37777777777777777,-14.0,488.0,-0.15555555555555556,7.072463768115942,13.0,3,9,1
2022,REG,00-0036876,K.Granson,IND,40,31,302.0,0,-0.7239114496076782,-0.018097786240191954,20,0.5,259.0,127.0,6.475,4.096774193548387,17.0,3,3,0
2022,REG,00-0036877,J.Darden,TB,2,2,26.0,0,0.8616639436222661,0.43083197181113303,1,0.5,10.0,16.0,5.0,8.0,1.0,1,0,0
2022,REG,00-0036880,P.Sewell,DET,1,1,9.0,0,1.06044869002653,1.06044869002653,1,1.0,3.0,6.0,3.0,6.0,1.0,0,0,0
2022,REG,00-0036887,L.Farrell,JAX,4,4,40.0,0,-0.6893497072742288,-0.1723374268185572,3,0.75,4.0,36.0,1.0,9.0,3.0,0,0,0
2022,REG,00-0036893,N.Harris,PIT,53,41,233.0,3,2.4513410610092885,0.04625171813225073,23,0.4339622641509434,95.0,211.0,1.7924528301886793,5.146341463414634,16.0,0,7,3
2022,REG,00-0036894,P.Freiermuth,PIT,98,63,732.0,2,8.890447876504306,0.090718855882697,51,0.5204081632653061,821.0,281.0,8.377551020408163,4.4603174603174605,37.0,9,13,2
2022,REG,00-0036900,J.Chase,CIN,134,87,1046.0,9,30.303484140081736,0.2261454040304607,74,0.5522388059701493,1220.0,421.0,9.104477611940299,4.839080459770115,58.0,13,26,5
2022,REG,00-0036906,K.Herbert,CHI,12,9,57.0,1,-0.8638497822486304,-0.07198748185405253,3,0.25,-29.0,81.0,-2.4166666666666665,9.0,2.0,2,2,0
2022,REG,00-0036912,D.Smith,PHI,137,95,1210.0,7,59.69536659034412,0.43573260284922716,68,0.49635036496350365,1315.0,490.0,9.598540145985401,5.157894736842105,57.0,18,15,5
2022,REG,00-0036913,K.Toney,KC,17,14,171.0,2,9.139858444897492,0.5376387320527937,10,0.5882352941176471,82.0,102.0,4.823529411764706,7.285714285714286,8.0,4,5,2
2022,REG,00-0036913,K.Toney,NYG,3,2,0.0,0,-1.685289814369753,-0.5617632714565843,0,0.0,-7.0,6.0,-2.3333333333333335,3.0,0.0,0,1,0
2022,REG,00-0036918,J.Harris,LA,1,1,6.0,0,2.77069555688649,2.77069555688649,1,1.0,4.0,2.0,4.0,2.0,1.0,0,0,0
2022,REG,00-0036919,K.Gainwell,PHI,29,23,169.0,0,-5.372129849546848,-0.1852458568809258,11,0.3793103448275862,35.0,146.0,1.206896551724138,6.3478260869565215,7.0,1,3,0
2022,REG,00-0036924,Mi.Carter,NYJ,54,41,288.0,0,-4.484687012154612,-0.08304975948434466,24,0.4444444444444444,31.0,274.0,0.5740740740740741,6.682926829268292,12.0,1,8,0
2022,REG,00-0036936,R.Moore,ARI,56,41,414.0,1,11.375221044392893,0.20312894722130165,22,0.39285714285714285,309.0,281.0,5.517857142857143,6.853658536585366,16.0,6,7,0
2022,REG,00-0036950,A.Williams,ATL,14,13,61.0,0,-1.0886078175325178,-0.0777577012523227,6,0.42857142857142855,-27.0,85.0,-1.9285714285714286,6.538461538461538,3.0,0,3,0
2022,REG,00-0036951,F.Darby,ATL,1,1,15.0,0,1.2657943648519,1.2657943648519,1,1.0,14.0,1.0,14.0,1.0,1.0,0,0,0
2022,REG,00-0036955,T.Marshall,CAR,47,28,490.0,1,21.400174034797733,0.45532285180420706,24,0.5106382978723404,586.0,132.0,12.46808510638298,4.714285714285714,24.0,11,6,0
2022,REG,00-0036959,M.Bandy,LAC,21,10,89.0,0,-2.3061191533342864,-0.10981519777782316,8,0.38095238095238093,184.0,25.0,8.761904761904763,2.5,5.0,2,1,0
2022,REG,00-0036963,A.St. Brown,DET,146,106,1161.0,6,57.190098798057576,0.3917130054661478,88,0.6027397260273972,933.0,531.0,6.390410958904109,5.009433962264151,68.0,11,22,6
2022,REG,00-0036970,K.Pitts,ATL,59,28,356.0,2,3.377594560885452,0.05724736543873648,25,0.423728813559322,812.0,130.0,13.76271186440678,4.642857142857143,20.0,5,5,2
2022,REG,00-0036973,T.Etienne,JAX,45,35,314.0,0,4.731911048451371,0.10515357885447492,23,0.5111111111111111,4.0,352.0,0.08888888888888889,10.057142857142857,16.0,6,6,0
2022,REG,00-0036980,E.Moore,NYJ,65,37,450.0,1,1.4694274856722411,0.022606576702649865,28,0.4307692307692308,785.0,97.0,12.076923076923077,2.6216216216216215,22.0,8,7,0
2022,REG,00-0036988,J.Palmer,LAC,108,72,769.0,3,23.62848359274522,0.21878225548838165,56,0.5185185185185185,929.0,252.0,8.601851851851851,3.5,39.0,7,9,2
2022,REG,00-0036991,A.Rodgers,HOU,18,12,154.0,1,7.532740524780937,0.4184855847100521,9,0.5,146.0,52.0,8.11111111111111,4.333333333333333,9.0,2,1,0
2022,REG,00-0036991,Am.Rodgers,GB,8,4,56.0,0,-3.7773174136527823,-0.4721646767065978,3,0.375,94.0,17.0,11.75,4.25,3.0,1,1,0
2022,REG,00-0036997,J.Williams,DEN,23,16,76.0,0,-6.40975114382293,-0.2786848323401274,7,0.30434782608695654,-24.0,118.0,-1.0434782608695652,7.375,4.0,0,7,0
2022,REG,00-0036999,A.Schwartz,CLE,10,4,51.0,0,-7.990639030584119,-0.7990639030584119,2,0.2,142.0,27.0,14.2,6.75,2.0,0,0,0
2022,REG,00-0037005,T.Tremble,CAR,32,19,174.0,3,-1.6748925543036397,-0.05234039232198874,12,0.375,245.0,62.0,7.65625,3.263157894736842,9.0,1,7,2
2022,REG,00-0037011,T.McKitty,LAC,18,10,72.0,0,-5.634286644111855,-0.3130159246728808,4,0.2222222222222222,57.0,52.0,3.1666666666666665,5.2,0.0,0,4,0
2022,REG,00-0037013,Z.Wilson,NYJ,1,1,2.0,1,1.18445269513177,1.18445269513177,1,1.0,2.0,0.0,2.0,0.0,1.0,0,1,1
2022,REG,00-0037055,L.McCutcheon,LA,5,0,0.0,0,-4.001597410067911,-0.8003194820135822,0,0.0,71.0,0.0,14.2,0.0,0.0,0,1,0
2022,REG,00-0037078,C.Turner,WAS,9,2,23.0,0,-6.749382402018111,-0.7499313780020124,1,0.1111111111111111,68.0,7.0,7.555555555555555,3.5,1.0,0,1,0
2022,REG,00-0037085,T.Badie,DEN,1,1,24.0,1,2.3305268624099,2.3305268624099,1,1.0,-7.0,31.0,-7.0,31.0,1.0,1,0,0
2022,REG,00-0037086,G.Calcaterra,PHI,9,5,81.0,0,2.077996706034736,0.23088852289274847,4,0.4444444444444444,81.0,41.0,9.0,8.2,3.0,1,3,0
2022,REG,00-0037087,T.Ebner,CHI,8,2,8.0,0,-4.050541143202655,-0.5063176429003319,0,0.0,8.0,-1.0,1.0,-0.5,0.0,0,0,0
2022,REG,00-0037093,D.Young,SEA,2,2,24.0,0,2.090640461887229,1.0453202309436145,2,1.0,1.0,23.0,0.5,11.5,2.0,0,0,0
2022,REG,00-0037098,S.Toure,GB,10,5,82.0,1,3.2061734193580977,0.32061734193580976,3,0.3,174.0,11.0,17.4,2.2,2.0,2,1,0
2022,REG,00-0037112,J.Tonges,CHI,1,0,0.0,0,-0.568823910318315,-0.568823910318315,0,0.0,13.0,0.0,13.0,0.0,0.0,0,0,0
2022,REG,00-0037157,Z.Knight,NYJ,14,13,100.0,0,4.006584078888408,0.28618457706345773,9,0.6428571428571429,-30.0,132.0,-2.142857142857143,10.153846153846153,5.0,0,2,0
2022,REG,00-0037168,A.Rogers,WAS,6,5,64.0,0,3.620855611748995,0.6034759352914992,4,0.6666666666666666,13.0,57.0,2.1666666666666665,11.4,4.0,1,0,0
2022,REG,00-0037197,I.Pacheco,KC,14,13,130.0,0,5.313610231271008,0.37954358794792914,8,0.5714285714285714,-9.0,157.0,-0.6428571428571429,12.076923076923077,7.0,1,1,0
2022,REG,00-0037228,J.Warren,PIT,33,28,214.0,0,10.611172143913935,0.32155067102769497,17,0.5151515151515151,-16.0,225.0,-0.48484848484848486,8.035714285714286,14.0,1,5,0
2022,REG,00-0037238,D.London,ATL,118,72,866.0,4,12.79535431805307,0.10843520608519551,63,0.5338983050847458,1219.0,224.0,10.330508474576272,3.111111111111111,48.0,10,17,4
2022,REG,00-0037239,C.Olave,NO,120,72,1042.0,4,24.856349911270904,0.20713624926059088,68,0.5666666666666667,1686.0,210.0,14.05,2.9166666666666665,48.0,13,12,2
2022,REG,00-0037240,J.Williams,DET,9,1,41.0,1,-1.3496521239867398,-0.14996134710963777,1,0.1111111111111111,148.0,5.0,16.444444444444443,5.0,1.0,1,0,0
2022,REG,00-0037247,G.Pickens,PIT,85,52,801.0,4,45.349109522304204,0.5335189355565201,43,0.5058823529411764,1240.0,104.0,14.588235294117647,2.0,38.0,17,8,2
2022,REG,00-0037248,J.Cook,BUF,32,21,180.0,1,3.872736415770765,0.12102301299283641,16,0.5,82.0,132.0,2.5625,6.285714285714286,5.0,1,6,1
2022,REG,00-0037252,G.Dulcich,DEN,55,33,411.0,2,0.4683082182685485,0.008514694877609972,28,0.509090909090909,624.0,155.0,11.345454545454546,4.696969696969697,18.0,6,2,1
2022,REG,00-0037253,Ma.Jones,NE,4,4,78.0,1,6.378046023222847,1.5945115058057118,3,0.75,-17.0,95.0,-4.25,23.75,3.0,1,0,0
2022,REG,00-0037256,R.White,TB,58,50,280.0,2,6.972407211520455,0.12021391744000784,29,0.5,-18.0,309.0,-0.3103448275862069,6.18,13.0,1,8,2
2022,REG,00-0037257,Dav.Bell,CLE,35,24,214.0,0,-11.099134047195559,-0.3171181156341588,15,0.42857142857142855,256.0,69.0,7.314285714285714,2.875,7.0,1,2,0
2022,REG,00-0037258,D.Pierce,HOU,39,30,165.0,1,-8.824130490393147,-0.22625975616392685,15,0.38461538461538464,-11.0,197.0,-0.28205128205128205,6.566666666666666,7.0,0,2,1
2022,REG,00-0037261,K.Shakir,BUF,21,10,161.0,1,7.746274182645765,0.36887019917360786,10,0.47619047619047616,204.0,74.0,9.714285714285714,7.4,7.0,4,1,0
2022,REG,00-0037263,T.Allgeier,ATL,17,16,139.0,1,7.12531922728521,0.4191364251344241,9,0.5294117647058824,-32.0,168.0,-1.8823529411764706,10.5,8.0,4,0,0
2022,REG,00-0037272,M.Washington,DEN,9,4,2.0,0,-7.784386477782393,-0.8649318308647103,0,0.0,153.0,13.0,17.0,3.25,0.0,0,0,0
2022,REG,00-0037273,K.Philips,TEN,13,8,78.0,0,-1.9355736239813353,-0.148890278767795,5,0.38461538461538464,100.0,21.0,7.6923076923076925,2.625,3.0,2,0,0
2022,REG,00-0037277,T.Quitoriano,HOU,14,7,113.0,2,2.1962939216173205,0.15687813725838004,6,0.42857142857142855,175.0,53.0,12.5,7.571428571428571,5.0,2,5,2
2022,REG,00-0037282,J.Mitchell,DET,11,11,113.0,1,10.009731887665113,0.909975626151374,10,0.9090909090909091,51.0,62.0,4.636363636363637,5.636363636363637,7.0,2,1,1
2022,REG,00-0037291,J.Nailor,MIN,13,9,179.0,1,7.696757680212629,0.5920582830932791,8,0.6153846153846154,151.0,67.0,11.615384615384615,7.444444444444445,7.0,3,1,0
2022,REG,00-0037299,K.Ingram,ARI,5,4,21.0,0,-3.2195507013238966,-0.6439101402647793,1,0.2,-11.0,32.0,-2.2,8.0,1.0,1,1,0
2022,REG,00-0037300,M.Woods,CLE,10,5,45.0,0,-7.736738331062955,-0.7736738331062954,4,0.4,159.0,17.0,15.9,3.4,3.0,0,2,0
2022,REG,00-0037304,Co.Heyward,PIT,17,12,151.0,1,4.051125594036411,0.2383015055315536,10,0.5882352941176471,92.0,62.0,5.411764705882353,5.166666666666667,6.0,2,3,1
2022,REG,00-0037311,K.Kieft,TB,10,7,80.0,1,4.617778497631659,0.4617778497631659,7,0.7,57.0,31.0,5.7,4.428571428571429,5.0,0,1,1
2022,REG,00-0037331,Z.Horvath,LAC,8,5,8.0,2,-0.6216207318939304,-0.0777025914867413,3,0.375,6.0,1.0,0.75,0.2,2.0,0,2,2
2022,REG,00-0037348,T.Conner,MIA,3,0,0.0,0,-2.659545708331277,-0.8865152361104256,0,0.0,20.0,0.0,6.666666666666667,0.0,0.0,0,0,0
2022,REG,00-0037355,B.Sanders,MIA,3,2,17.0,0,-5.94891308806837,-1.9829710293561231,0,0.0,42.0,3.0,14.0,1.5,0.0,0,0,0
2022,REG,00-0037382,B.Johnson,DEN,14,6,42.0,1,-12.879826729331407,-0.9199876235236719,3,0.21428571428571427,180.0,13.0,12.857142857142858,2.1666666666666665,2.0,0,2,1
2022,REG,00-0037387,J.Virgil,DEN,5,2,75.0,1,5.606160823430403,1.1212321646860806,2,0.4,70.0,43.0,14.0,21.5,2.0,1,0,0
2022,REG,00-0037429,R.Blackshear,CAR,12,10,93.0,0,0.9206660046766106,0.07672216705638422,5,0.4166666666666667,-22.0,105.0,-1.8333333333333333,10.5,3.0,1,1,0
2022,REG,00-0037456,T.Hairston,HOU,8,5,19.0,0,-6.184825327014551,-0.7731031658768188,2,0.25,8.0,10.0,1.0,2.0,0.0,0,1,0
2022,REG,00-0037475,S.Smartt,LAC,5,4,17.0,0,-0.4008315834216819,-0.08016631668433638,2,0.4,23.0,7.0,4.6,1.75,1.0,0,0,0
2022,REG,00-0037487,D.Thompkins,TB,10,5,32.0,0,-5.980001142423137,-0.5980001142423137,2,0.2,79.0,32.0,7.9,6.4,1.0,0,0,0
2022,REG,00-0037545,R.Shaheed,NO,34,28,488.0,2,31.0551040175899,0.9133854122820559,21,0.6176470588235294,397.0,175.0,11.676470588235293,6.25,18.0,6,1,0
2022,REG,00-0037557,R.Rivers,LA,5,5,29.0,0,-0.3186214500456078,-0.06372429000912157,4,0.8,-26.0,55.0,-5.2,11.0,1.0,0,1,0
2022,REG,00-0037563,M.Davis,DAL,7,6,63.0,0,6.791022197430713,0.9701460282043876,6,0.8571428571428571,-7.0,65.0,-1.0,10.833333333333334,5.0,0,2,0
2022,REG,00-0037569,P.Hendershot,DAL,16,11,103.0,2,-3.18000495608432,-0.19875030975527,8,0.5,109.0,47.0,6.8125,4.2727272727272725,8.0,2,2,2
2022,REG,00-0037570,D.Houston,DAL,6,2,16.0,0,-5.053622178034863,-0.8422703630058105,1,0.16666666666666666,79.0,6.0,13.166666666666666,3.0,0.0,0,0,0
2022,REG,00-0037594,J.Chestnut,TEN,3,3,41.0,0,0.7811529350001412,0.2603843116667137,1,0.3333333333333333,2.0,39.0,0.6666666666666666,13.0,1.0,1,0,0
2022,REG,00-0037617,H.Haskins,TEN,12,11,57.0,0,-3.641321946168322,-0.30344349551402683,3,0.25,-6.0,58.0,-0.5,5.2727272727272725,2.0,0,0,0
2022,REG,00-0037664,A.Pierce,IND,78,41,593.0,2,19.428831803716434,0.24908758722713378,35,0.44871794871794873,914.0,113.0,11.717948717948717,2.7560975609756095,28.0,8,6,1
2022,REG,00-0037666,J.Tolbert,DAL,3,2,12.0,0,-0.6873334759147799,-0.22911115863825995,1,0.3333333333333333,45.0,2.0,15.0,1.0,0.0,0,1,0
2022,REG,00-0037708,M.Alexander,DET,1,1,7.0,0,-0.663192750299413,-0.663192750299413,0,0.0,3.0,4.0,3.0,4.0,0.0,0,0,0
2022,REG,00-0037740,G.Wilson,NYJ,147,83,1103.0,4,33.51924622376476,0.2280220831548623,72,0.4897959183673469,1548.0,384.0,10.53061224489796,4.626506024096385,56.0,13,19,3
2022,REG,00-0037741,J.Dotson,WAS,63,35,523.0,7,21.872810560561238,0.3471874692152577,31,0.49206349206349204,853.0,137.0,13.53968253968254,3.914285714285714,26.0,10,10,5
2022,REG,00-0037742,T.Burks,TEN,54,33,444.0,1,3.9022393491599363,0.07226369165110993,25,0.46296296296296297,624.0,165.0,11.555555555555555,5.0,19.0,8,4,0
2022,REG,00-0037744,T.McBride,ARI,39,29,265.0,1,7.696608347086622,0.19734893197658004,19,0.48717948717948717,241.0,117.0,6.17948717948718,4.0344827586206895,12.0,3,1,1
2022,REG,00-0037745,V.Jones,CHI,14,7,107.0,1,-1.5038205300224912,-0.10741575214446365,4,0.2857142857142857,234.0,37.0,16.714285714285715,5.285714285714286,4.0,2,2,1
2022,REG,00-0037746,B.Robinson,WAS,12,9,60.0,1,-2.0604672269546334,-0.17170560224621945,6,0.5,-11.0,72.0,-0.9166666666666666,8.0,3.0,0,1,1
2022,REG,00-0037755,J.Woods,IND,40,25,312.0,3,5.269305532675392,0.1317326383168848,19,0.475,398.0,120.0,9.95,4.8,16.0,4,6,3
2022,REG,00-0037801,K.Turpin,DAL,2,1,9.0,0,-1.6389431908470493,-0.8194715954235247,0,0.0,13.0,5.0,6.5,5.0,0.0,0,0,0
2022,REG,00-0037805,J.Ruckert,NYJ,2,1,8.0,0,0.04786110681015998,0.02393055340507999,1,0.5,7.0,1.0,3.5,1.0,0.0,0,0,0
2022,REG,00-0037809,C.Okonkwo,TEN,47,32,450.0,3,23.83659419861838,0.507161578694008,26,0.5531914893617021,353.0,252.0,7.51063829787234,7.875,22.0,7,7,2
2022,REG,00-0037816,R.Doubs,GB,67,42,425.0,3,-2.3797961175825515,-0.03551934503854554,31,0.4626865671641791,637.0,191.0,9.507462686567164,4.5476190476190474,20.0,7,8,3
2022,REG,00-0037827,T.Davis-Price,SF,2,0,0.0,0,-0.932838922657538,-0.466419461328769,0,0.0,0.0,0.0,0.0,0.0,0.0,0,0,0
2022,REG,00-0037828,D.Gray,SF,7,1,10.0,0,-2.9469830194720936,-0.4209975742102991,1,0.14285714285714285,160.0,4.0,22.857142857142858,4.0,1.0,0,0,0
2022,REG,00-0037838,I.Likely,BAL,60,36,373.0,3,-5.353232456865443,-0.08922054094775737,21,0.35,405.0,151.0,6.75,4.194444444444445,18.0,4,11,2
2022,REG,00-0037840,K.Williams,LA,12,9,76.0,0,-1.6728048070056496,-0.13940040058380412,7,0.5833333333333334,17.0,80.0,1.4166666666666667,8.88888888888889,5.0,0,1,0
2022,REG,00-0038041,J.Ferguson,DAL,22,19,174.0,2,7.890275644826757,0.3586488929466708,12,0.5454545454545454,77.0,124.0,3.5,6.526315789473684,8.0,3,3,2
2022,REG,00-0038045,I.Spiller,LAC,3,3,13.0,0,-0.15103341505164303,-0.05034447168388101,1,0.3333333333333333,-10.0,23.0,-3.3333333333333335,7.666666666666667,0.0,0,0,0
2022,REG,00-0038046,C.Kolar,BAL,6,4,49.0,0,2.571820084481442,0.42863668074690703,3,0.5,49.0,20.0,8.166666666666666,5.0,3.0,0,1,0
2022,REG,00-0038090,S.Moore,KC,33,22,250.0,0,5.4860924515979805,0.1662452258059994,19,0.5757575757575758,258.0,151.0,7.818181818181818,6.863636363636363,13.0,2,1,0
2022,REG,00-0038092,E.Ezukanma,MIA,1,1,3.0,0,-1.01252259360626,-1.01252259360626,0,0.0,-4.0,7.0,-4.0,7.0,0.0,0,0,0
2022,REG,00-0038098,P.Strong,NE,7,7,42.0,0,1.0002188019570912,0.14288840027958447,3,0.42857142857142855,4.0,38.0,0.5714285714285714,5.428571428571429,3.0,0,0,0
2022,REG,00-0038104,T.Thornton,NE,45,22,247.0,2,-2.8933255154023874,-0.0642961225644975,15,0.3333333333333333,646.0,63.0,14.355555555555556,2.8636363636363638,13.0,4,5,2
2022,REG,00-0038108,B.Zappe,NE,1,1,-6.0,0,-1.24259237432852,-1.24259237432852,0,0.0,-8.0,2.0,-8.0,2.0,0.0,0,0,0
2022,REG,00-0038115,D.Bellinger,NYG,36,30,268.0,2,10.749765491651583,0.29860459699032177,22,0.6111111111111112,140.0,144.0,3.888888888888889,4.8,14.0,2,7,2
2022,REG,00-0038117,W.Robinson,NYG,31,23,227.0,1,11.781825616408783,0.3800588908518962,19,0.6129032258064516,192.0,126.0,6.193548387096774,5.478260869565218,13.0,0,2,1
2022,REG,00-0038120,Br.Hall,NYJ,31,19,218.0,1,-1.4326923048440985,-0.04621588080142253,11,0.3548387096774194,152.0,166.0,4.903225806451613,8.736842105263158,8.0,2,5,1
2022,REG,00-0038124,C.Watson,GB,66,41,611.0,7,30.71060199712873,0.46531215147164745,35,0.5303030303030303,923.0,264.0,13.984848484848484,6.439024390243903,28.0,8,14,4
2022,REG,00-0038129,C.Otton,TB,65,42,391.0,2,4.972100901646489,0.07649386002533061,31,0.47692307692307695,384.0,174.0,5.907692307692308,4.142857142857143,19.0,4,16,2
2022,REG,00-0038134,K.Walker,SEA,35,27,165.0,0,-11.958612450398501,-0.3416746414399572,13,0.37142857142857144,-75.0,221.0,-2.142857142857143,8.185185185185185,6.0,2,1,0
2022,REG,00-0038147,D.Baldwin,CLE,2,2,25.0,0,1.7913616475998388,0.8956808237999194,2,1.0,25.0,0.0,12.5,0.0,2.0,0,0,0
2022,REG,00-0038149,J.Ali,ATL,1,0,0.0,0,-0.519019901752472,-0.519019901752472,0,0.0,45.0,0.0,45.0,0.0,0.0,0,0,0
2023,POST,00-0027944,J.Jones,PHI,3,3,22.0,0,1.307977638090964,0.43599254603032134,1,0.3333333333333333,22.0,0.0,7.333333333333333,0.0,1.0,0,0,0
2023,POST,00-0029892,K.Juszczyk,SF,5,4,64.0,0,4.3768525827908835,0.8753705165581767,4,0.8,45.0,23.0,9.0,5.75,4.0,1,0,0
2023,POST,00-0030068,M.Goodwin,CLE,1,0,0.0,0,-0.902222552802414,-0.902222552802414,0,0.0,13.0,0.0,13.0,0.0,0.0,0,0,0
2023,POST,00-0030431,R.Woods,HOU,6,2,17.0,0,-3.4883186922266383,-0.5813864487044397,1,0.16666666666666666,42.0,5.0,7.0,2.5,1.0,0,1,0
2023,POST,00-0030506,T.Kelce,KC,37,32,355.0,3,29.618779395057018,0.8005075512177573,27,0.7297297297297297,243.0,158.0,6.5675675675675675,4.9375,19.0,5,6,2
2023,POST,00-0030513,L.Murray,BUF,6,5,40.0,0,-0.6069837160424478,-0.1011639526737413,3,0.5,4.0,35.0,0.6666666666666666,7.0,1.0,0,1,0
2023,POST,00-0031235,O.Beckham,BAL,7,4,34.0,0,2.688505842408629,0.3840722632012327,4,0.5714285714285714,111.0,2.0,15.857142857142858,0.5,2.0,0,0,0
2023,POST,00-0031236,B.Cooks,DAL,8,6,47.0,0,-1.0547198624117247,-0.13183998280146558,6,0.75,93.0,1.0,11.625,0.16666666666666666,4.0,0,0,0
2023,POST,00-0031376,J.McKinnon,KC,2,2,15.0,0,0.3137959445011799,0.15689797225058996,1,0.5,1.0,14.0,0.5,7.0,1.0,0,0,0
2023,POST,00-0031408,M.Evans,TB,20,11,195.0,1,7.889639624743742,0.3944819812371871,10,0.5,312.0,35.0,15.6,3.1818181818181817,7.0,5,2,1
2023,POST,00-0031428,A.Robinson,PIT,3,2,12.0,0,-1.3083889323752391,-0.4361296441250797,1,0.3333333333333333,4.0,13.0,1.3333333333333333,6.5,1.0,0,0,0
2023,POST,00-0031544,A.Cooper,CLE,5,4,59.0,0,3.8982284186640763,0.7796456837328153,4,0.8,66.0,7.0,13.2,1.75,4.0,0,0,0
2023,POST,00-0031549,N.Agholor,BAL,7,3,51.0,1,0.5395915176486552,0.07708450252123646,3,0.42857142857142855,80.0,23.0,11.428571428571429,7.666666666666667,2.0,1,1,1
2023,POST,00-0031588,S.Diggs,BUF,17,10,73.0,0,0.32537228854337874,0.019139546384904633,7,0.4117647058823529,144.0,57.0,8.470588235294118,5.7,5.0,0,0,0
2023,POST,00-0031687,R.Mostert,MIA,2,1,-3.0,0,-2.5241897447849597,-1.2620948723924799,0,0.0,-12.0,3.0,-6.0,3.0,0.0,0,0,0
2023,POST,00-0032128,C.Conley,SF,2,2,35.0,0,3.67936285043834,1.83968142521917,2,1.0,34.0,1.0,17.0,0.5,2.0,0,0,0
2023,POST,00-0032775,D.Robinson,LA,6,3,44.0,0,1.733956184878477,0.28899269747974615,3,0.5,126.0,2.0,21.0,0.6666666666666666,3.0,0,0,0
2023,POST,00-0033040,T.Hill,MIA,8,5,62.0,1,-2.4443343782331866,-0.3055417972791483,2,0.25,83.0,31.0,10.375,6.2,1.0,1,0,0
2023,POST,00-0033110,T.Higbee,LA,1,0,0.0,0,-0.47049276670441,-0.47049276670441,0,0.0,10.0,0.0,10.0,0.0,0.0,0,0,0
2023,POST,00-0033280,C.McCaffrey,SF,25,19,152.0,1,1.3352043696753082,0.053408174787012326,7,0.28,38.0,142.0,1.52,7.473684210526316,5.0,3,1,0
2023,POST,00-0033288,G.Kittle,SF,13,8,112.0,1,7.629368169349619,0.5868744745653554,6,0.46153846153846156,143.0,56.0,11.0,7.0,4.0,3,1,0
2023,POST,00-0033293,A.Jones,GB,8,4,21.0,0,-2.7382535045761602,-0.34228168807202003,2,0.25,-9.0,26.0,-1.125,6.5,1.0,0,3,0
2023,POST,00-0033455,A.Firkser,DET,1,1,8.0,0,1.17163440826698,1.17163440826698,1,1.0,4.0,4.0,4.0,4.0,0.0,0,1,0
2023,POST,00-0033589,D.Moore,TB,4,3,77.0,1,7.225981687736689,1.8064954219341722,3,0.75,47.0,42.0,11.75,14.0,3.0,2,0,0
2023,POST,00-0033591,N.Brown,HOU,1,0,0.0,0,-1.83332138112746,-1.83332138112746,0,0.0,17.0,0.0,17.0,0.0,0.0,0,0,0
2023,POST,00-0033854,D.Ogunbowale,HOU,1,1,13.0,0,-0.013762243790552,-0.013762243790552,0,0.0,5.0,8.0,5.0,8.0,0.0,0,0,0
2023,POST,00-0033885,D.Njoku,CLE,11,7,93.0,0,1.9344398261746338,0.1758581660158758,5,0.45454545454545453,135.0,19.0,12.272727272727273,2.7142857142857144,4.0,1,0,0
2023,POST,00-0033908,C.Kupp,LA,9,5,27.0,0,-1.173747704982749,-0.13041641166474988,1,0.1111111111111111,68.0,5.0,7.555555555555555,1.0,2.0,0,4,0
2023,POST,00-0033921,C.Godwin,TB,13,8,85.0,1,3.9104641670517113,0.3008049359270547,7,0.5384615384615384,130.0,30.0,10.0,3.75,4.0,1,1,0
2023,POST,00-0033923,K.Hunt,CLE,6,5,9.0,1,-3.893805719970257,-0.6489676199950428,1,0.16666666666666666,-9.0,19.0,-1.5,3.8,1.0,0,1,1
2023,POST,00-0033943,J.Reynolds,DET,14,8,132.0,1,3.042472480097778,0.217319462864127,7,0.5,169.0,36.0,12.071428571428571,4.5,7.0,3,3,1
2023,POST,00-0034054,R.Cracraft,MIA,3,2,33.0,0,1.396124143793712,0.46537471459790397,2,0.6666666666666666,30.0,14.0,10.0,7.0,2.0,0,0,0
2023,POST,00-0034115,J.Wilson,MIA,2,1,6.0,0,-0.754996514646337,-0.3774982573231685,0,0.0,-1.0,9.0,-0.5,9.0,0.0,0,0,0
2023,POST,00-0034171,J.Cabinda,DET,1,1,0.0,0,-0.819128350587562,-0.819128350587562,0,0.0,-3.0,3.0,-3.0,3.0,0.0,0,0,0
2023,POST,00-0034184,G.Edwards,BAL,3,2,15.0,0,-0.572353684110563,-0.19078456137018765,1,0.3333333333333333,7.0,15.0,2.3333333333333335,7.5,1.0,0,0,0
2023,POST,00-0034272,M.Valdes-Scantling,KC,13,8,128.0,1,5.184591497935372,0.3988147306104132,7,0.5384615384615384,237.0,7.0,18.23076923076923,0.875,5.0,3,2,1
2023,POST,00-0034286,R.James,KC,4,1,6.0,0,-1.6253606661921363,-0.40634016654803407,1,0.25,19.0,0.0,4.75,0.0,1.0,0,0,0
2023,POST,00-0034351,D.Goedert,PHI,6,4,21.0,1,-1.6885711378126909,-0.2814285229687818,2,0.3333333333333333,37.0,7.0,6.166666666666667,1.75,1.0,0,1,1
2023,POST,00-0034383,D.Schultz,HOU,9,6,80.0,1,3.2323231368209266,0.35914701520232517,5,0.5555555555555556,128.0,4.0,14.222222222222221,0.6666666666666666,3.0,2,0,0
2023,POST,00-0034386,Ju.Watson,KC,10,6,90.0,0,4.113228139344006,0.4113228139344006,6,0.6,132.0,24.0,13.2,4.0,4.0,2,1,0
2023,POST,00-0034407,R.McCloud,SF,3,2,26.0,0,-0.04629291954915793,-0.015430973183052643,2,0.6666666666666666,48.0,1.0,16.0,0.5,1.0,0,0,0
2023,POST,00-0034418,C.Wilson,MIA,7,3,37.0,0,0.9437732805963621,0.13482475437090888,2,0.2857142857142857,86.0,4.0,12.285714285714286,1.3333333333333333,2.0,0,0,0
2023,POST,00-0034419,B.Berrios,MIA,1,0,0.0,0,-1.07413911819458,-1.07413911819458,0,0.0,15.0,0.0,15.0,0.0,0.0,0,0,0
2023,POST,00-0034487,T.Sherfield,BUF,3,1,7.0,0,-0.607131367898546,-0.20237712263284868,1,0.3333333333333333,81.0,4.0,27.0,4.0,1.0,0,0,0
2023,POST,00-0034681,C.Edmonds,TB,4,3,26.0,0,1.2187908868072541,0.30469772170181353,2,0.5,-13.0,32.0,-3.25,10.666666666666666,1.0,0,0,0
2023,POST,00-0034753,M.Andrews,BAL,2,2,15.0,0,0.7598862063605341,0.37994310318026703,1,0.5,15.0,0.0,7.5,0.0,0.0,0,0,0
2023,POST,00-0034764,M.Gallup,DAL,6,6,103.0,0,6.12355017813388,1.0205916963556467,6,1.0,66.0,37.0,11.0,6.166666666666667,4.0,1,0,0
2023,POST,00-0034796,L.Jackson,BAL,1,1,13.0,0,1.15970350394491,1.15970350394491,1,1.0,-1.0,14.0,-1.0,14.0,1.0,0,0,0
2023,POST,00-0034798,D.Smythe,MIA,4,3,12.0,0,-3.6111499324324523,-0.9027874831081131,1,0.25,8.0,3.0,2.0,1.0,0.0,0,0,0
2023,POST,00-0034959,A.Beck,HOU,1,0,0.0,0,-0.393070996622555,-0.393070996622555,0,0.0,-4.0,0.0,-4.0,0.0,0.0,0,1,0
2023,POST,00-0034975,J.Hill,BAL,9,6,45.0,0,2.545217319799124,0.28280192442212493,5,0.5555555555555556,-5.0,41.0,-0.5555555555555556,6.833333333333333,4.0,0,0,0
2023,POST,00-0035140,M.Hardman,KC,7,5,62.0,1,-4.6587258943074055,-0.6655322706153436,2,0.2857142857142857,107.0,16.0,15.285714285714286,3.2,2.0,1,2,1
2023,POST,00-0035208,O.Zaccheaus,PHI,1,1,5.0,0,-0.223590387031436,-0.223590387031436,0,0.0,5.0,0.0,5.0,0.0,0.0,0,0,0
2023,POST,00-0035215,D.Harty,BUF,2,2,37.0,0,1.704744685092014,0.852372342546007,1,0.5,9.0,28.0,4.5,14.0,1.0,1,0,0
2023,POST,00-0035216,D.Johnson,PIT,7,4,48.0,1,-0.5125412510242295,-0.07322017871774708,4,0.5714285714285714,75.0,18.0,10.714285714285714,4.5,4.0,0,3,1
2023,POST,00-0035250,D.Singletary,HOU,9,8,52.0,0,1.655657127848829,0.18396190309431434,4,0.4444444444444444,26.0,42.0,2.888888888888889,5.25,2.0,1,0,0
2023,POST,00-0035261,T.Pollard,DAL,9,7,29.0,0,-1.8671629812451949,-0.20746255347168832,3,0.3333333333333333,14.0,33.0,1.5555555555555556,4.714285714285714,1.0,0,2,0
2023,POST,00-0035527,A.Isabella,BUF,1,0,0.0,0,-0.428989585954696,-0.428989585954696,0,0.0,-6.0,0.0,-6.0,0.0,0.0,0,0,0
2023,POST,00-0035537,T.Johnson,BUF,3,1,14.0,0,-0.46177237853407793,-0.15392412617802598,1,0.3333333333333333,24.0,11.0,8.0,11.0,1.0,0,0,0
2023,POST,00-0035685,D.Montgomery,DET,7,6,45.0,0,2.743006223405249,0.39185803191503554,5,0.7142857142857143,7.0,35.0,1.0,5.833333333333333,4.0,0,0,0
2023,POST,00-0035689,D.Knox,BUF,3,2,13.0,1,2.262376187834893,0.7541253959449644,2,0.6666666666666666,18.0,5.0,6.0,2.5,2.0,0,1,1
2023,POST,00-0035719,D.Samuel,SF,22,13,146.0,0,-0.7321281410696334,-0.033278551866801516,10,0.45454545454545453,164.0,114.0,7.454545454545454,8.76923076923077,6.0,1,0,0
2023,POST,00-0036139,R.Dowdle,DAL,3,2,14.0,0,1.461886224802584,0.487295408267528,2,0.6666666666666666,13.0,13.0,4.333333333333333,6.5,2.0,0,2,0
2023,POST,00-0036232,H.Bryant,CLE,6,4,65.0,0,-2.251341144787154,-0.3752235241311923,4,0.6666666666666666,46.0,36.0,7.666666666666667,9.0,2.0,1,1,0
2023,POST,00-0036259,J.Jennings,SF,13,10,111.0,1,7.630214093758081,0.5869395456736985,9,0.6923076923076923,112.0,39.0,8.615384615384615,3.9,8.0,2,1,1
2023,POST,00-0036261,B.Aiyuk,SF,20,9,149.0,1,8.292306588380585,0.41461532941902923,9,0.45,281.0,27.0,14.05,3.0,9.0,2,2,1
2023,POST,00-0036271,Q.Watkins,PHI,4,3,12.0,0,-1.2936579388333493,-0.32341448470833734,1,0.25,25.0,15.0,6.25,5.0,0.0,0,0,0
2023,POST,00-0036275,D.Swift,PHI,4,4,32.0,0,0.7233465801691631,0.18083664504229077,3,0.75,6.0,26.0,1.5,6.5,1.0,0,0,0
2023,POST,00-0036358,C.Lamb,DAL,17,9,110.0,0,-6.36652562319071,-0.3745015072465123,7,0.4117647058823529,204.0,35.0,12.0,3.888888888888889,7.0,1,2,0
2023,POST,00-0036360,C.Edwards-Helaire,KC,4,4,7.0,0,-0.6112958749290521,-0.15282396873226303,1,0.25,-12.0,19.0,-3.0,4.75,1.0,0,1,0
2023,POST,00-0036550,R.Bateman,BAL,6,4,41.0,0,0.22469386883673892,0.03744897813945649,2,0.3333333333333333,90.0,5.0,15.0,1.25,2.0,1,1,0
2023,POST,00-0036554,N.Collins,HOU,17,11,164.0,1,7.605291799285263,0.4473701058403096,9,0.5294117647058824,184.0,92.0,10.823529411764707,8.363636363636363,9.0,3,1,1
2023,POST,00-0036556,B.Jordan,HOU,2,1,76.0,1,5.087478200206536,2.543739100103268,1,0.5,6.0,72.0,3.0,72.0,1.0,1,0,0
2023,POST,00-0036613,J.Waddle,MIA,5,2,31.0,0,-0.9790174799272777,-0.19580349598545554,2,0.4,86.0,0.0,17.2,0.0,2.0,0,0,0
2023,POST,00-0036637,N.Gray,KC,11,8,66.0,0,-0.38957339676563596,-0.03541576334233054,5,0.45454545454545453,73.0,28.0,6.636363636363637,3.5,3.0,1,1,0
2023,POST,00-0036754,B.Wright,DET,1,1,29.0,0,2.2748972872505,2.2748972872505,1,1.0,2.0,27.0,2.0,27.0,1.0,1,0,0
2023,POST,00-0036849,T.Atwell,LA,1,1,38.0,1,3.59008170856396,3.59008170856396,1,1.0,16.0,22.0,16.0,22.0,1.0,1,0,0
2023,POST,00-0036862,B.Skowronek,LA,1,1,5.0,0,-0.202467282710131,-0.202467282710131,0,0.0,4.0,1.0,4.0,1.0,0.0,0,0,0
2023,POST,00-0036893,N.Harris,PIT,3,2,15.0,0,-0.09071317355847028,-0.030237724519490094,1,0.3333333333333333,8.0,10.0,2.6666666666666665,5.0,1.0,0,0,0
2023,POST,00-0036894,P.Freiermuth,PIT,8,5,76.0,0,2.8319875849993004,0.35399844812491255,5,0.625,64.0,34.0,8.0,6.8,3.0,1,0,0
2023,POST,00-0036912,D.Smith,PHI,12,8,148.0,0,4.2258499045068865,0.3521541587089072,6,0.5,160.0,43.0,13.333333333333334,5.375,6.0,2,1,0
2023,POST,00-0036919,K.Gainwell,PHI,2,2,10.0,0,-0.9430040969746221,-0.47150204848731103,1,0.5,-1.0,11.0,-0.5,5.5,0.0,0,0,0
2023,POST,00-0036963,A.St. Brown,DET,34,22,274.0,1,13.59188665222608,0.39976137212429647,20,0.5882352941176471,250.0,123.0,7.352941176470588,5.590909090909091,18.0,3,7,1
2023,POST,00-0036980,E.Moore,CLE,2,2,12.0,0,0.057262713089585304,0.028631356544792652,1,0.5,3.0,9.0,1.5,4.5,0.0,0,0,0
2023,POST,00-0037091,B.Melton,GB,3,2,26.0,1,2.188345654227309,0.729448551409103,2,0.6666666666666666,66.0,1.0,22.0,0.5,1.0,0,1,1
2023,POST,00-0037197,I.Pacheco,KC,12,12,60.0,0,0.25413920186110994,0.021178266821759162,6,0.5,-15.0,75.0,-1.25,6.25,2.0,0,2,0
2023,POST,00-0037228,J.Warren,PIT,2,2,16.0,0,0.64985698601231,0.324928493006155,1,0.5,-5.0,21.0,-2.5,10.5,1.0,0,0,0
2023,POST,00-0037240,J.Williams,DET,9,6,79.0,1,7.721726634365036,0.8579696260405596,6,0.6666666666666666,157.0,4.0,17.444444444444443,0.6666666666666666,5.0,2,1,1
2023,POST,00-0037247,G.Pickens,PIT,11,5,50.0,0,-7.123236958224231,-0.6475669962022028,3,0.2727272727272727,120.0,2.0,10.909090909090908,0.4,3.0,0,2,0
2023,POST,00-0037248,J.Cook,BUF,9,8,26.0,0,-2.894714214082346,-0.32163491267581623,3,0.3333333333333333,-18.0,46.0,-2.0,5.75,1.0,0,2,0
2023,POST,00-0037256,R.White,TB,8,5,39.0,1,3.46994885196909,0.43374360649613625,4,0.5,6.0,48.0,0.75,9.6,3.0,0,2,1
2023,POST,00-0037257,Dav.Bell,CLE,8,8,54.0,0,3.445737739035395,0.43071721737942437,4,0.5,39.0,15.0,4.875,1.875,2.0,0,1,0
2023,POST,00-0037261,K.Shakir,BUF,12,10,75.0,2,9.371596349898017,0.7809663624915014,8,0.6666666666666666,54.0,53.0,4.5,5.3,6.0,0,3,2
2023,POST,00-0037267,J.Ford,CLE,4,4,15.0,0,-0.9304388306336521,-0.23260970765841302,1,0.25,-10.0,25.0,-2.5,6.25,1.0,0,0,0
2023,POST,00-0037304,Co.Heyward,PIT,1,1,5.0,0,0.0615463452413678,0.0615463452413678,1,1.0,5.0,0.0,5.0,0.0,0.0,0,0,0
2023,POST,00-0037487,D.Thompkins,TB,2,1,4.0,0,-0.618624809547328,-0.309312404773664,0,0.0,-5.0,8.0,-2.5,8.0,0.0,0,1,0
2023,POST,00-0037557,R.Rivers,LA,3,3,35.0,0,2.110367275308821,0.7034557584362737,2,0.6666666666666666,-12.0,47.0,-4.0,15.666666666666666,2.0,0,1,0
2023,POST,00-0037614,J.Metchie,HOU,3,3,44.0,0,1.75101311667822,0.58367103889274,2,0.6666666666666666,29.0,15.0,9.666666666666666,5.0,2.0,1,0,0
2023,POST,00-0037666,J.Tolbert,DAL,2,0,0.0,0,-4.28642712208687,-2.143213561043435,0,0.0,24.0,0.0,12.0,0.0,0.0,0,1,0
2023,POST,00-0037816,R.Doubs,GB,12,10,234.0,1,23.16229109929086,1.930190924940905,10,0.8333333333333334,180.0,76.0,15.0,7.6,8.0,6,4,1
2023,POST,00-0037837,C.Austin,PIT,2,1,7.0,1,1.9275955990888192,0.9637977995444096,1,0.5,11.0,1.0,5.5,1.0,1.0,0,1,1
2023,POST,00-0037838,I.Likely,BAL,6,4,50.0,1,-0.5249305477482271,-0.08748842462470452,4,0.6666666666666666,67.0,23.0,11.166666666666666,5.75,3.0,0,2,1
2023,POST,00-0037840,K.Williams,LA,1,1,9.0,0,0.824996235547587,0.824996235547587,1,1.0,1.0,8.0,1.0,8.0,0.0,0,0,0
2023,POST,00-0038041,J.Ferguson,DAL,12,10,93.0,3,10.3524350063526,0.86270291719605,8,0.6666666666666666,75.0,27.0,6.25,2.7,7.0,1,4,3
2023,POST,00-0038046,C.Kolar,BAL,1,1,4.0,0,-0.117344471684191,-0.117344471684191,0,0.0,4.0,0.0,4.0,0.0,0.0,0,0,0
2023,POST,00-0038124,C.Watson,GB,3,2,20.0,0,-1.573727760172913,-0.5245759200576376,2,0.6666666666666666,26.0,16.0,8.666666666666666,8.0,1.0,0,0,0
2023,POST,00-0038129,C.Otton,TB,19,13,154.0,1,5.302784622763285,0.27909392751385714,11,0.5789473684210527,121.0,79.0,6.368421052631579,6.076923076923077,10.0,2,3,1
2023,POST,00-0038393,D.Wicks,GB,4,2,25.0,1,1.9013703508623516,0.4753425877155879,2,0.5,40.0,0.0,10.0,0.0,1.0,1,1,1
2023,POST,00-0038547,L.Schoonmaker,DAL,1,1,7.0,0,0.596730084042065,0.596730084042065,1,1.0,2.0,5.0,2.0,5.0,0.0,0,0,0
2023,POST,00-0038558,D.Washington,PIT,1,0,0.0,0,-0.572819796390832,-0.572819796390832,0,0.0,0.0,0.0,0.0,0.0,0.0,0,0,0
2023,POST,00-0038618,X.Hutchinson,HOU,4,4,9.0,0,-1.6338483876897976,-0.4084620969224494,1,0.25,-9.0,18.0,-2.25,4.5,0.0,0,0,0
2023,POST,00-0038797,E.Wilson,GB,1,1,11.0,0,1.63490967452526,1.63490967452526,1,1.0,-5.0,16.0,-5.0,16.0,1.0,0,0,0
2023,POST,00-0038809,B.Sims,GB,1,1,4.0,0,-0.307846887269989,-0.307846887269989,0,0.0,2.0,2.0,2.0,2.0,0.0,0,1,0
2023,POST,00-0038933,D.Kincaid,BUF,11,8,104.0,1,4.954634198918942,0.45042129081081295,8,0.7272727272727273,98.0,43.0,8.909090909090908,5.375,5.0,2,0,0
2023,POST,00-0038996,T.Kraft,GB,9,5,24.0,1,-4.230131731064765,-0.4700146367849739,3,0.3333333333333333,26.0,16.0,2.888888888888889,3.2,2.0,0,3,1
2023,POST,00-0039040,D.Achane,MIA,6,3,21.0,0,-1.0874443865614,-0.18124073109356667,2,0.3333333333333333,-10.0,26.0,-1.6666666666666667,8.666666666666666,1.0,0,0,0
2023,POST,00-0039050,P.Durham,TB,1,1,18.0,0,1.10971551062539,1.10971551062539,1,1.0,7.0,11.0,7.0,11.0,1.0,0,0,0
2023,POST,00-0039052,T.Palmer,TB,4,3,88.0,1,4.494467957887496,1.123616989471874,2,0.5,38.0,60.0,9.5,20.0,2.0,2,1,0
2023,POST,00-0039064,Z.Flowers,BAL,13,9,156.0,1,1.0235025217407445,0.0787309632108265,8,0.6153846153846154,132.0,48.0,10.153846153846153,5.333333333333333,6.0,2,1,0
2023,POST,00-0039065,S.LaPorta,DET,27,21,176.0,1,9.141696251244962,0.3385813426387023,16,0.5925925925925926,170.0,95.0,6.296296296296297,4.523809523809524,11.0,0,6,1
2023,POST,00-0039067,R.Rice,KC,33,26,262.0,1,17.7627702385915,0.538265764805803,20,0.6060606060606061,125.0,195.0,3.787878787878788,7.5,15.0,4,6,1
2023,POST,00-0039074,D.Allen,LA,2,2,28.0,0,2.188752084970469,1.0943760424852345,2,1.0,9.0,19.0,4.5,9.5,1.0,1,0,0
2023,POST,00-0039075,P.Nacua,LA,10,9,181.0,1,14.605058333487245,1.4605058333487244,9,0.9,96.0,103.0,9.6,11.444444444444445,6.0,5,0,0
2023,POST,00-0039139,J.Gibbs,DET,14,11,94.0,0,0.1275419337063872,0.0091101381218848,5,0.35714285714285715,4.0,113.0,0.2857142857142857,10.272727272727273,4.0,1,3,0
2023,POST,00-0039144,L.Musgrave,GB,7,6,66.0,1,6.530255899066105,0.9328936998665863,5,0.7142857142857143,59.0,29.0,8.428571428571429,4.833333333333333,5.0,1,1,0
2023,POST,00-0039146,J.Reed,GB,7,4,35.0,0,-2.3403954833629474,-0.3343422119089925,2,0.2857142857142857,41.0,20.0,5.857142857142857,5.0,1.0,1,1,0
2023,REG,00-0024243,M.Lewis,CHI,5,4,29.0,1,2.4860826230142283,0.49721652460284566,3,0.6,9.0,29.0,1.8,7.25,2.0,0,2,1
2023,REG,00-0026498,M.Stafford,LA,1,0,0.0,0,1.053,1.053,1,1.0,0.0,0.0,0.0,0.0,0.0,0,1,0
2023,REG,00-0027696,J.Graham,NO,7,6,39.0,4,8.155974590627016,1.1651392272324308,6,0.8571428571428571,42.0,3.0,6.0,0.5,6.0,0,5,4
2023,REG,00-0027944,J.Jones,PHI,19,11,74.0,3,2.2336344543156237,0.11755970812187493,6,0.3157894736842105,131.0,28.0,6.894736842105263,2.5454545454545454,4.0,1,4,2
2023,REG,00-0028002,R.Cobb,NYJ,18,5,39.0,1,-14.414470429737628,-0.8008039127632016,4,0.2222222222222222,165.0,23.0,9.166666666666666,4.6,3.0,0,5,1
2023,REG,00-0029293,M.Jones,DET,10,5,35.0,0,-5.4269669885117375,-0.5426966988511738,3,0.3,80.0,9.0,8.0,1.8,2.0,0,2,0
2023,REG,00-0029701,R.Tannehill,TEN,1,0,0.0,0,-0.418015068164095,-0.418015068164095,0,0.0,-1.0,0.0,-1.0,0.0,0.0,0,0,0
2023,REG,00-0029892,K.Juszczyk,SF,17,14,119.0,2,9.338851278327635,0.549344192842802,11,0.6470588235294118,73.0,58.0,4.294117647058823,4.142857142857143,8.0,1,5,1
2023,REG,00-0030035,A.Thielen,CAR,138,103,1014.0,4,60.72839748838626,0.4400608513651178,81,0.5869565217391305,1058.0,340.0,7.666666666666667,3.3009708737864076,56.0,9,16,4
2023,REG,00-0030061,Z.Ertz,ARI,43,27,187.0,1,-14.025217831120042,-0.3261678565376754,18,0.4186046511627907,332.0,46.0,7.72093023255814,1.7037037037037037,8.0,0,8,1
2023,REG,00-0030068,M.Goodwin,CLE,13,4,67.0,0,-8.26666054083037,-0.6358969646792593,1,0.07692307692307693,391.0,21.0,30.076923076923077,5.25,1.0,1,0,0
2023,REG,00-0030279,K.Allen,LAC,150,108,1243.0,7,60.833272568197295,0.4055551504546486,89,0.5933333333333334,1452.0,396.0,9.68,3.6666666666666665,57.0,19,14,5
2023,REG,00-0030431,R.Woods,HOU,75,40,426.0,1,2.1483266097998057,0.028644354797330743,33,0.44,732.0,126.0,9.76,3.15,26.0,2,11,1
2023,REG,00-0030506,T.Kelce,KC,121,93,984.0,5,48.015015120075695,0.3968183067774851,72,0.5950413223140496,807.0,470.0,6.669421487603306,5.053763440860215,51.0,12,20,5
2023,REG,00-0030513,L.Murray,BUF,22,17,119.0,0,6.6656454447589075,0.3029838838526776,12,0.5454545454545454,34.0,92.0,1.5454545454545454,5.411764705882353,7.0,2,3,0
2023,REG,00-0030564,D.Hopkins,TEN,137,75,1057.0,7,19.165303081635955,0.13989272322362012,62,0.45255474452554745,1934.0,223.0,14.116788321167883,2.973333333333333,48.0,15,18,4
2023,REG,00-0030565,G.Smith,SEA,1,1,-2.0,0,-1.44152006786317,-1.44152006786317,0,0.0,-8.0,6.0,-8.0,6.0,0.0,0,0,0
2023,REG,00-0030578,C.Patterson,ATL,12,9,38.0,1,-4.695393458852779,-0.3912827882377316,6,0.5,10.0,37.0,0.8333333333333334,4.111111111111111,2.0,0,2,1
2023,REG,00-0030663,W.Snead,SF,3,2,14.0,0,-0.5363106988370394,-0.1787702329456798,2,0.6666666666666666,18.0,3.0,6.0,1.5,0.0,0,1,0
2023,REG,00-0030874,D.Williams,ARI,2,2,12.0,0,-0.06445121543947596,-0.03222560771973798,1,0.5,1.0,11.0,0.5,5.5,0.0,0,0,0
2023,REG,00-0030968,K.Smith,ATL,3,3,33.0,0,0.8641505975974688,0.28805019919915625,2,0.6666666666666666,18.0,15.0,6.0,5.0,1.0,1,1,0
2023,REG,00-0031235,O.Beckham,BAL,64,35,565.0,3,21.680435988978275,0.33875681232778554,31,0.484375,888.0,155.0,13.875,4.428571428571429,27.0,10,11,1
2023,REG,00-0031236,B.Cooks,DAL,82,54,657.0,8,35.826218210054634,0.43690510012261746,47,0.573170731707317,1069.0,125.0,13.036585365853659,2.314814814814815,38.0,11,13,6
2023,REG,00-0031260,L.Thomas,WAS,79,55,496.0,4,-4.838877230034601,-0.061251610506767105,44,0.5569620253164557,471.0,229.0,5.962025316455696,4.163636363636364,21.0,3,10,4
2023,REG,00-0031376,J.McKinnon,KC,32,25,192.0,4,7.182948330042309,0.22446713531382215,13,0.40625,8.0,219.0,0.25,8.76,10.0,1,5,4
2023,REG,00-0031381,D.Adams,LV,175,103,1144.0,8,13.481438699578899,0.07703679256902228,82,0.4685714285714286,1896.0,336.0,10.834285714285715,3.262135922330097,59.0,13,30,6
2023,REG,00-0031408,M.Evans,TB,137,79,1255.0,13,54.088503656353005,0.39480659603177376,72,0.5255474452554745,1906.0,322.0,13.912408759124087,4.075949367088608,54.0,20,17,5
2023,REG,00-0031428,A.Robinson,PIT,49,34,280.0,0,-4.572062466759866,-0.0933073972808136,21,0.42857142857142855,370.0,68.0,7.551020408163265,2.0,9.0,2,4,0
2023,REG,00-0031484,C.Manhertz,DEN,4,2,16.0,0,0.05109756410820199,0.012774391027050497,2,0.5,12.0,10.0,3.0,5.0,1.0,0,1,0
2023,REG,00-0031544,A.Cooper,CLE,130,72,1250.0,5,46.09748478105427,0.35459603677734053,66,0.5076923076923077,1834.0,271.0,14.107692307692307,3.763888888888889,50.0,21,16,2
2023,REG,00-0031547,D.Parker,NE,55,33,394.0,0,1.0191893047730436,0.018530714632237155,26,0.4727272727272727,640.0,126.0,11.636363636363637,3.8181818181818183,17.0,6,0,0
2023,REG,00-0031549,N.Agholor,BAL,45,35,381.0,4,17.87101129448225,0.3971335843218278,27,0.6,418.0,141.0,9.28888888888889,4.0285714285714285,19.0,4,7,3
2023,REG,00-0031585,M.Pruitt,ATL,12,9,110.0,1,8.236088730598569,0.6863407275498807,7,0.5833333333333334,62.0,51.0,5.166666666666667,5.666666666666667,6.0,2,4,1
2023,REG,00-0031588,S.Diggs,BUF,161,107,1183.0,8,39.284095169305964,0.24400059111370165,85,0.5279503105590062,1658.0,399.0,10.298136645962733,3.7289719626168223,58.0,10,17,6
2023,REG,00-0031595,M.Burton,DEN,3,3,8.0,0,0.5167685634223751,0.17225618780745836,2,0.6666666666666666,2.0,6.0,0.6666666666666666,2.0,2.0,0,1,0
2023,REG,00-0031610,D.Waller,NYG,74,52,552.0,1,15.290661887388179,0.2066305660457862,40,0.5405405405405406,592.0,211.0,8.0,4.0576923076923075,25.0,8,4,1
2023,REG,00-0031687,R.Mostert,MIA,32,25,175.0,3,-1.2302540645608007,-0.03844543951752502,13,0.40625,-20.0,213.0,-0.625,8.52,6.0,1,6,3
2023,REG,00-0031763,D.Carter,LV,7,4,39.0,0,-2.6095214629706884,-0.37278878042438407,1,0.14285714285714285,4.0,50.0,0.5714285714285714,12.5,0.0,0,1,0
2023,REG,00-0031868,D.Byrd,ATL,2,0,0.0,0,-6.79315520613454,-3.39657760306727,0,0.0,45.0,0.0,22.5,0.0,0.0,0,0,0
2023,REG,00-0031941,J.Crowder,WAS,20,16,159.0,1,5.320990374864894,0.2660495187432447,11,0.55,122.0,80.0,6.1,5.0,8.0,1,1,0
2023,REG,00-0032062,B.Bell,KC,9,5,26.0,1,-12.218715450319008,-1.3576350500354453,3,0.3333333333333333,30.0,19.0,3.3333333333333335,3.8,1.0,0,1,1
2023,REG,00-0032104,A.Abdullah,LV,24,19,131.0,0,-14.259469358250936,-0.594144556593789,8,0.3333333333333333,46.0,88.0,1.9166666666666667,4.631578947368421,4.0,0,3,0
2023,REG,00-0032128,C.Conley,SF,6,3,69.0,0,1.337810616765638,0.22296843612760633,2,0.3333333333333333,74.0,28.0,12.333333333333334,9.333333333333334,2.0,1,1,0
2023,REG,00-0032134,C.Uzomah,NYJ,12,8,58.0,1,-3.3890369992295715,-0.2824197499357976,6,0.5,64.0,33.0,5.333333333333333,4.125,5.0,0,4,1
2023,REG,00-0032141,G.Swaim,ARI,11,10,94.0,0,6.640961890254399,0.6037238082049453,9,0.8181818181818182,60.0,30.0,5.454545454545454,3.0,4.0,1,2,0
2023,REG,00-0032144,M.Gordon,BAL,3,3,46.0,0,3.146736055961811,1.048912018653937,3,1.0,18.0,28.0,6.0,9.333333333333334,3.0,1,0,0
2023,REG,00-0032200,T.Montgomery,NE,12,5,40.0,0,-8.515426965081126,-0.7096189137567604,4,0.3333333333333333,90.0,27.0,7.5,5.4,3.0,0,2,0
2023,REG,00-0032208,P.Dorsett,DEN,3,0,0.0,0,-1.748801541980356,-0.5829338473267853,0,0.0,78.0,0.0,26.0,0.0,0.0,0,0,0
2023,REG,00-0032211,T.Lockett,SEA,124,79,894.0,5,41.2823191702634,0.33292192879244675,75,0.6048387096774194,1322.0,210.0,10.661290322580646,2.6582278481012658,47.0,9,15,4
2023,REG,00-0032217,D.Smith,KC,1,1,0.0,0,-1.63936965493485,-1.63936965493485,0,0.0,0.0,0.0,0.0,0.0,0.0,0,0,0
2023,REG,00-0032385,S.Shepard,NYG,22,10,57.0,1,-11.138027666812526,-0.5062739848551149,5,0.22727272727272727,160.0,33.0,7.2727272727272725,3.3,4.0,0,7,1
2023,REG,00-0032392,A.Hooper,LV,32,25,234.0,0,10.412619393071619,0.3253943560334881,20,0.625,130.0,142.0,4.0625,5.68,12.0,2,4,0
2023,REG,00-0032394,N.Vannett,LAC,1,1,3.0,0,0.170080132782459,0.170080132782459,1,1.0,3.0,0.0,3.0,0.0,1.0,0,0,0
2023,REG,00-0032398,C.Moore,TEN,35,22,424.0,0,18.269116410272566,0.5219747545792162,20,0.5714285714285714,641.0,57.0,18.314285714285713,2.590909090909091,16.0,9,1,0
2023,REG,00-0032464,K.Raymond,DET,44,35,489.0,1,29.941924275573406,0.6804982789903047,30,0.6818181818181818,388.0,214.0,8.818181818181818,6.114285714285714,20.0,9,4,0
2023,REG,00-0032543,A.Erickson,LAC,29,16,227.0,1,5.394800698268231,0.18602761028511142,13,0.4482758620689655,295.0,53.0,10.172413793103448,3.3125,12.0,4,2,1
2023,REG,00-0032688,R.Chosen,MIA,6,4,126.0,1,2.1532594937016185,0.3588765822836031,3,0.5,141.0,31.0,23.5,7.75,3.0,2,0,0
2023,REG,00-0032764,D.Henry,TEN,36,28,214.0,0,3.174480949324797,0.08818002637013325,17,0.4722222222222222,-100.0,275.0,-2.7777777777777777,9.821428571428571,7.0,2,2,0
2023,REG,00-0032765,M.Thomas,NO,64,39,448.0,1,12.608109096507395,0.19700170463292804,35,0.546875,650.0,100.0,10.15625,2.5641025641025643,21.0,4,9,1
2023,REG,00-0032775,D.Robinson,LA,39,26,371.0,4,16.26467342618638,0.41704290836375335,21,0.5384615384615384,478.0,89.0,12.256410256410257,3.423076923076923,20.0,7,9,3
2023,REG,00-0032918,C.Ham,MIN,9,7,25.0,0,-5.414938475936654,-0.6016598306596282,3,0.3333333333333333,10.0,20.0,1.1111111111111112,2.857142857142857,1.0,0,0,0
2023,REG,00-0032951,L.Treadwell,BAL,3,1,16.0,0,0.20309738523792398,0.06769912841264132,1,0.3333333333333333,36.0,0.0,12.0,0.0,1.0,0,0,0
2023,REG,00-0032975,J.Williams,WAS,1,0,0.0,0,-1.43574621761218,-1.43574621761218,0,0.0,-1.0,0.0,-1.0,0.0,0.0,0,0,0
2023,REG,00-0033009,T.Boyd,CIN,98,67,667.0,2,5.828839830408007,0.059477957453142924,48,0.4897959183673469,629.0,279.0,6.418367346938775,4.164179104477612,28.0,6,9,2
2023,REG,00-0033040,T.Hill,MIA,172,119,1799.0,13,91.74883128512816,0.5334234377042335,100,0.5813953488372093,1847.0,652.0,10.738372093023257,5.4789915966386555,83.0,29,26,4
2023,REG,00-0033045,E.Elliott,NE,65,51,313.0,2,-10.107500240426056,-0.1555000036988624,21,0.3230769230769231,-42.0,374.0,-0.6461538461538462,7.333333333333333,12.0,1,5,2
2023,REG,00-0033090,H.Henry,NE,61,42,419.0,6,18.46560972085684,0.3027149134566695,38,0.6229508196721312,538.0,78.0,8.819672131147541,1.8571428571428572,29.0,2,6,5
2023,REG,00-0033110,T.Higbee,LA,70,47,495.0,2,18.805071377808616,0.2686438768258374,35,0.5,406.0,246.0,5.8,5.23404255319149,26.0,6,5,2
2023,REG,00-0033118,K.Drake,BAL,3,2,31.0,0,-3.834364107984587,-1.2781213693281956,1,0.3333333333333333,-4.0,36.0,-1.3333333333333333,18.0,0.0,1,0,0
2023,REG,00-0033217,M.Alie-Cox,IND,23,13,161.0,3,7.5625905411640355,0.32880828439843635,10,0.43478260869565216,222.0,80.0,9.652173913043478,6.153846153846154,9.0,2,5,2
2023,REG,00-0033246,J.Mundt,MIN,23,17,172.0,1,2.7715899897662055,0.12050391259853067,11,0.4782608695652174,114.0,94.0,4.956521739130435,5.529411764705882,8.0,2,4,1
2023,REG,00-0033251,Z.Pascal,ARI,15,4,19.0,0,-17.391983720619464,-1.1594655813746308,3,0.2,160.0,12.0,10.666666666666666,3.0,1.0,0,3,0
2023,REG,00-0033280,C.McCaffrey,SF,83,67,564.0,7,6.454787399318726,0.07776852288335814,46,0.5542168674698795,153.0,461.0,1.8433734939759037,6.880597014925373,31.0,4,17,5
2023,REG,00-0033282,C.Samuel,WAS,91,62,613.0,4,6.006242268805449,0.06600266229456538,43,0.4725274725274725,598.0,260.0,6.571428571428571,4.193548387096774,26.0,7,16,4
2023,REG,00-0033288,G.Kittle,SF,90,65,1020.0,6,59.67616419156606,0.6630684910174006,57,0.6333333333333333,852.0,483.0,9.466666666666667,7.430769230769231,42.0,18,13,3
2023,REG,00-0033292,T.Taylor,CHI,2,0,0.0,0,-1.299306715256534,-0.649653357628267,0,0.0,0.0,0.0,0.0,0.0,0.0,0,0,0
2023,REG,00-0033293,A.Jones,GB,43,30,233.0,1,9.501204699111257,0.22095824881654086,15,0.3488372093023256,-48.0,271.0,-1.1162790697674418,9.033333333333333,13.0,2,10,0
2023,REG,00-0033296,A.Armah,WAS,3,3,13.0,0,0.9747587348683769,0.324919578289459,1,0.3333333333333333,-14.0,27.0,-4.666666666666667,9.0,1.0,0,1,0
2023,REG,00-0033307,K.Bourne,NE,55,37,406.0,4,-9.540425373947768,-0.17346227952632304,26,0.4727272727272727,574.0,203.0,10.436363636363636,5.486486486486487,15.0,5,6,3
2023,REG,00-0033308,M.Breida,NYG,21,17,88.0,0,-9.7265229052864,-0.4631677573945905,4,0.19047619047619047,1.0,89.0,0.047619047619047616,5.235294117647059,2.0,2,0,0
2023,REG,00-0033357,T.Hill,NO,40,33,291.0,2,10.079289468760026,0.25198223671900066,25,0.625,209.0,133.0,5.225,4.03030303030303,11.0,2,5,1
2023,REG,00-0033376,P.Ricard,BAL,7,5,52.0,1,-2.305524071154648,-0.32936058159352116,3,0.42857142857142855,19.0,35.0,2.7142857142857144,7.0,3.0,1,3,1
2023,REG,00-0033439,P.Brown,NE,15,13,208.0,1,5.469753680867147,0.36465024539114316,9,0.6,104.0,121.0,6.933333333333334,9.307692307692308,8.0,5,0,0
2023,REG,00-0033466,I.McKenzie,IND,14,11,82.0,0,2.2149172026048225,0.15820837161463017,7,0.5,35.0,72.0,2.5,6.545454545454546,4.0,1,0,0
2023,REG,00-0033526,S.Perine,DEN,56,50,455.0,0,12.130848181867501,0.21662228896191965,35,0.625,-10.0,462.0,-0.17857142857142858,9.24,23.0,3,3,0
2023,REG,00-0033536,M.Williams,LAC,26,19,249.0,1,12.852714901445923,0.49433518851715086,15,0.5769230769230769,307.0,108.0,11.807692307692308,5.684210526315789,9.0,4,2,0
2023,REG,00-0033553,J.Conner,ARI,35,27,165.0,2,2.3252335966974536,0.06643524561992724,15,0.42857142857142855,-23.0,221.0,-0.6571428571428571,8.185185185185185,11.0,2,7,2
2023,REG,00-0033555,M.Hollins,ATL,30,18,251.0,0,9.698308007929821,0.3232769335976607,15,0.5,375.0,55.0,12.5,3.0555555555555554,9.0,3,2,0
2023,REG,00-0033572,J.Agnew,JAX,21,14,225.0,1,2.5796810914642236,0.1228419567363916,10,0.47619047619047616,253.0,76.0,12.047619047619047,5.428571428571429,8.0,2,2,0
2023,REG,00-0033576,E.Saubert,HOU,3,3,12.0,0,0.5324909845367073,0.1774969948455691,3,1.0,6.0,6.0,2.0,2.0,1.0,0,0,0
2023,REG,00-0033589,D.Moore,TB,7,5,94.0,1,2.7772356166388,0.39674794523411433,5,0.7142857142857143,49.0,62.0,7.0,12.4,3.0,1,1,0
2023,REG,00-0033591,N.Brown,HOU,56,33,567.0,2,20.874169762293555,0.37275303146952776,30,0.5357142857142857,658.0,223.0,11.75,6.757575757575758,24.0,14,8,1
2023,REG,00-0033699,A.Ekeler,LAC,74,51,424.0,1,-13.32274302209889,-0.18003706786620122,28,0.3783783783783784,-82.0,521.0,-1.1081081081081081,10.215686274509803,20.0,5,9,0
2023,REG,00-0033757,R.Tonyan,CHI,17,11,112.0,0,3.7473523945664056,0.22043249379802385,8,0.47058823529411764,145.0,57.0,8.529411764705882,5.181818181818182,6.0,1,3,0
2023,REG,00-0033854,D.Ogunbowale,HOU,7,2,18.0,0,-10.043784208130088,-1.4348263154471554,0,0.0,31.0,5.0,4.428571428571429,2.5,0.0,0,0,0
2023,REG,00-0033857,J.Smith-Schuster,NE,47,29,260.0,1,-10.345766047132203,-0.22012268185387668,21,0.44680851063829785,338.0,94.0,7.191489361702128,3.2413793103448274,13.0,3,3,1
2023,REG,00-0033858,J.Smith,ATL,70,50,582.0,3,9.006753303375962,0.12866790433394232,35,0.5,458.0,357.0,6.542857142857143,7.14,26.0,4,9,2
2023,REG,00-0033863,D.Skipper,DET,1,1,4.0,0,-0.0089290724135935,-0.0089290724135935,0,0.0,-1.0,5.0,-1.0,5.0,0.0,0,0,0
2023,REG,00-0033881,E.Engram,JAX,144,114,963.0,4,10.2453422876705,0.07114821033104514,77,0.5347222222222222,716.0,516.0,4.972222222222222,4.526315789473684,47.0,9,11,3
2023,REG,00-0033885,D.Njoku,CLE,123,81,882.0,6,-11.44159522893057,-0.09302109942219976,50,0.4065040650406504,566.0,599.0,4.6016260162601625,7.395061728395062,35.0,12,20,3
2023,REG,00-0033891,Z.Jones,JAX,64,34,321.0,2,-4.416608735239677,-0.06900951148811996,29,0.453125,871.0,51.0,13.609375,1.5,14.0,3,11,2
2023,REG,00-0033893,D.Cook,NYJ,20,15,78.0,0,-2.2741327221738183,-0.11370663610869092,6,0.3,-23.0,106.0,-1.15,7.066666666666666,3.0,0,0,0
2023,REG,00-0033895,G.Everett,LAC,70,51,411.0,3,7.6329866729211,0.10904266675601572,33,0.4714285714285714,282.0,275.0,4.0285714285714285,5.392156862745098,25.0,4,11,3
2023,REG,00-0033897,J.Mixon,CIN,65,52,376.0,3,3.351456265633147,0.05156086562512534,32,0.49230769230769234,-114.0,463.0,-1.7538461538461538,8.903846153846153,14.0,4,15,3
2023,REG,00-0033906,A.Kamara,NO,87,75,466.0,1,3.3512401151106355,0.03852000132311075,37,0.42528735632183906,5.0,501.0,0.05747126436781609,6.68,23.0,3,9,1
2023,REG,00-0033908,C.Kupp,LA,97,59,737.0,5,9.771191192790088,0.10073392982257823,50,0.5154639175257731,781.0,322.0,8.051546391752577,5.4576271186440675,33.0,10,21,4
2023,REG,00-0033921,C.Godwin,TB,131,83,1024.0,2,45.054912592251476,0.3439306304752021,65,0.4961832061068702,1180.0,376.0,9.007633587786259,4.530120481927711,53.0,14,17,1
2023,REG,00-0033923,K.Hunt,CLE,21,15,84.0,0,-2.7660895040025855,-0.13171854780964692,9,0.42857142857142855,-6.0,98.0,-0.2857142857142857,6.533333333333333,5.0,0,1,0
2023,REG,00-0033925,D.Foreman,CHI,16,11,77.0,1,1.2044510461855733,0.07527819038659833,7,0.4375,21.0,65.0,1.3125,5.909090909090909,6.0,0,2,1
2023,REG,00-0033943,J.Reynolds,DET,64,40,608.0,5,14.70026380155588,0.22969162189931064,36,0.5625,645.0,173.0,10.078125,4.325,32.0,17,12,4
2023,REG,00-0033948,J.Williams,NO,20,18,62.0,0,-7.3957535330124475,-0.3697876766506224,4,0.2,-27.0,87.0,-1.35,4.833333333333333,1.0,0,1,0
2023,REG,00-0034054,R.Cracraft,MIA,12,9,121.0,1,5.957627206400505,0.49646893386670876,8,0.6666666666666666,92.0,49.0,7.666666666666667,5.444444444444445,8.0,2,4,1
2023,REG,00-0034073,R.Dwelley,SF,2,1,12.0,0,0.5722602570895101,0.28613012854475506,1,0.5,17.0,12.0,8.5,12.0,1.0,0,1,0
2023,REG,00-0034115,J.Wilson,MIA,17,14,85.0,0,2.6493050900326875,0.15584147588427574,7,0.4117647058823529,46.0,69.0,2.7058823529411766,4.928571428571429,3.0,0,1,0
2023,REG,00-0034159,W.Dissly,SEA,22,17,172.0,1,8.722147255612072,0.3964612388914578,11,0.5,62.0,120.0,2.8181818181818183,7.0588235294117645,8.0,2,2,1
2023,REG,00-0034184,G.Edwards,BAL,13,12,180.0,0,9.551620966289201,0.7347400743299386,8,0.6153846153846154,32.0,145.0,2.4615384615384617,12.083333333333334,5.0,2,0,0
2023,REG,00-0034193,K.Rader,TEN,3,1,6.0,0,-1.121324737323448,-0.37377491244114935,1,0.3333333333333333,32.0,4.0,10.666666666666666,4.0,0.0,0,1,0
2023,REG,00-0034208,M.Boone,HOU,9,7,40.0,0,0.04621533046152859,0.005135036717947621,2,0.2222222222222222,9.0,33.0,1.0,4.714285714285714,2.0,0,0,0
2023,REG,00-0034270,T.Conklin,NYJ,87,61,621.0,0,6.41119410259937,0.07369188623677436,40,0.45977011494252873,595.0,246.0,6.839080459770115,4.032786885245901,27.0,7,9,0
2023,REG,00-0034272,M.Valdes-Scantling,KC,42,21,315.0,1,0.6663176012461793,0.015864704791575698,16,0.38095238095238093,742.0,92.0,17.666666666666668,4.380952380952381,14.0,5,5,0
2023,REG,00-0034279,E.St. Brown,CHI,6,5,62.0,0,2.971722844522455,0.49528714075374247,4,0.6666666666666666,53.0,7.0,8.833333333333334,1.4,3.0,1,0,0
2023,REG,00-0034286,R.James,KC,14,10,114.0,0,4.213202292536152,0.3009430208954394,7,0.5,129.0,61.0,9.214285714285714,6.1,5.0,1,1,0
2023,REG,00-0034297,B.Pringle,WAS,22,14,161.0,0,1.0596630637301088,0.04816650289682312,10,0.45454545454545453,297.0,31.0,13.5,2.2142857142857144,7.0,1,0,0
2023,REG,00-0034317,K.Kirkwood,NO,9,5,37.0,1,2.2577621507807644,0.2508624611978627,4,0.4444444444444444,91.0,1.0,10.11111111111111,0.2,3.0,0,3,1
2023,REG,00-0034348,C.Sutton,DEN,91,59,772.0,10,22.04758715452895,0.24228117752229616,45,0.4945054945054945,1060.0,156.0,11.648351648351648,2.6440677966101696,37.0,14,19,8
2023,REG,00-0034351,D.Goedert,PHI,83,59,592.0,3,16.14812831702583,0.1945557628557329,48,0.5783132530120482,445.0,319.0,5.36144578313253,5.406779661016949,33.0,6,10,3
2023,REG,00-0034364,J.Akins,CLE,23,15,132.0,0,-1.0378406735835568,-0.04512350754711116,10,0.43478260869565216,109.0,58.0,4.739130434782608,3.8666666666666667,6.0,1,0,0
2023,REG,00-0034365,I.Thomas,CAR,9,5,56.0,0,-7.675921883608679,-0.8528802092898533,3,0.3333333333333333,78.0,33.0,8.666666666666666,6.6,1.0,1,1,0
2023,REG,00-0034383,D.Schultz,HOU,89,59,635.0,5,24.405797458600567,0.2742224433550626,44,0.4943820224719101,669.0,259.0,7.51685393258427,4.389830508474576,35.0,7,15,5
2023,REG,00-0034386,Ju.Watson,KC,53,27,460.0,3,4.295495750731786,0.08104708963644879,25,0.4716981132075472,928.0,47.0,17.50943396226415,1.7407407407407407,21.0,8,6,3
2023,REG,00-0034407,R.McCloud,SF,15,12,135.0,0,2.3845920271705645,0.15897280181137097,8,0.5333333333333333,94.0,87.0,6.266666666666667,7.25,7.0,2,1,0
2023,REG,00-0034414,B.Scott,PHI,6,4,52.0,0,2.97636320849415,0.496060534749025,2,0.3333333333333333,31.0,43.0,5.166666666666667,10.75,2.0,1,0,0
2023,REG,00-0034418,C.Wilson,MIA,38,22,296.0,3,0.4489363704517675,0.011814115011888619,18,0.47368421052631576,429.0,57.0,11.289473684210526,2.590909090909091,14.0,5,5,2
2023,REG,00-0034419,B.Berrios,MIA,33,27,238.0,1,10.866308263997812,0.3292820686059943,17,0.5151515151515151,229.0,85.0,6.9393939393939394,3.1481481481481484,15.0,1,2,1
2023,REG,00-0034433,N.Bawden,NYJ,3,3,21.0,0,0.45191336044808494,0.15063778681602832,2,0.6666666666666666,-1.0,22.0,-0.3333333333333333,7.333333333333333,1.0,0,0,0
2023,REG,00-0034487,T.Sherfield,BUF,22,11,86.0,1,-2.219388117560372,-0.100881278070926,10,0.45454545454545453,190.0,49.0,8.636363636363637,4.454545454545454,4.0,0,3,1
2023,REG,00-0034521,A.Lazard,NYJ,49,23,311.0,1,0.37687926477521705,0.0076914135668411645,21,0.42857142857142855,597.0,56.0,12.183673469387756,2.4347826086956523,17.0,5,4,1
2023,REG,00-0034575,D.Wells,TB,2,2,-10.0,0,-1.7841486409306548,-0.8920743204653274,1,0.5,0.0,-10.0,0.0,-5.0,1.0,0,0,0
2023,REG,00-0034613,T.Hudson,CIN,50,39,352.0,1,12.26745112213934,0.2453490224427868,30,0.6,269.0,148.0,5.38,3.7948717948717947,21.0,3,3,1
2023,REG,00-0034646,B.Powell,MIN,44,29,324.0,1,-1.4677110507037863,-0.03335706933417696,21,0.4772727272727273,332.0,104.0,7.545454545454546,3.586206896551724,18.0,6,6,1
2023,REG,00-0034681,C.Edmonds,TB,17,14,81.0,0,1.0190178785705868,0.05994222815121099,9,0.5294117647058824,-25.0,111.0,-1.4705882352941178,7.928571428571429,5.0,0,0,0
2023,REG,00-0034750,R.Penny,PHI,1,1,5.0,0,-0.101521304110065,-0.101521304110065,0,0.0,-1.0,6.0,-1.0,6.0,0.0,0,0,0
2023,REG,00-0034753,M.Andrews,BAL,61,45,544.0,6,33.181763841275824,0.5439633416602594,39,0.639344262295082,443.0,217.0,7.262295081967213,4.822222222222222,27.0,8,14,6
2023,REG,00-0034764,M.Gallup,DAL,57,34,418.0,2,5.544708495787059,0.097275587645387,29,0.5087719298245614,624.0,104.0,10.947368421052632,3.0588235294117645,19.0,6,6,1
2023,REG,00-0034775,C.Kirk,JAX,85,57,787.0,3,23.392445049216274,0.2752052358731326,44,0.5176470588235295,842.0,247.0,9.905882352941177,4.333333333333333,34.0,13,6,0
2023,REG,00-0034777,D.Chark,CAR,66,35,525.0,5,15.333778778289538,0.23232998148923542,25,0.3787878787878788,1016.0,84.0,15.393939393939394,2.4,22.0,9,6,4
2023,REG,00-0034791,N.Chubb,CLE,4,4,21.0,0,0.7501136377686684,0.1875284094421671,2,0.5,1.0,20.0,0.25,5.0,1.0,0,0,0
2023,REG,00-0034798,D.Smythe,MIA,43,35,366.0,0,21.987229189360225,0.5113309113804704,30,0.6976744186046512,284.0,139.0,6.604651162790698,3.9714285714285715,22.0,3,5,0
2023,REG,00-0034827,D.Moore,CHI,138,96,1364.0,8,64.2882347027447,0.46585677320829494,78,0.5652173913043478,1476.0,539.0,10.695652173913043,5.614583333333333,64.0,25,14,4
2023,REG,00-0034829,M.Gesicki,NE,46,29,244.0,2,-3.1105309900038796,-0.06762023891312782,24,0.5217391304347826,383.0,88.0,8.326086956521738,3.0344827586206895,11.0,0,7,2
2023,REG,00-0034830,H.Hurst,CAR,32,18,184.0,1,-3.781781515339376,-0.1181806723543555,13,0.40625,242.0,67.0,7.5625,3.7222222222222223,7.0,1,5,1
2023,REG,00-0034837,C.Ridley,JAX,137,76,1016.0,8,32.38094421554435,0.236357257047769,68,0.49635036496350365,1771.0,194.0,12.927007299270073,2.5526315789473686,49.0,17,28,6
2023,REG,00-0034838,R.Freeman,LA,2,1,13.0,0,-0.25106625608168087,-0.12553312804084044,1,0.5,0.0,14.0,0.0,14.0,1.0,0,0,0
2023,REG,00-0034844,S.Barkley,NYG,61,41,280.0,4,-7.518395814604396,-0.12325239040335076,24,0.39344262295081966,134.0,226.0,2.19672131147541,5.512195121951219,16.0,4,6,2
2023,REG,00-0034854,K.Hodge,ATL,23,14,232.0,0,5.2431008002669675,0.22796090435943336,14,0.6086956521739131,330.0,83.0,14.347826086956522,5.928571428571429,13.0,3,0,0
2023,REG,00-0034928,S.Sims,HOU,3,3,25.0,0,1.0365779900457741,0.3455259966819247,1,0.3333333333333333,-2.0,27.0,-0.6666666666666666,9.0,1.0,1,0,0
2023,REG,00-0034959,A.Beck,HOU,14,11,55.0,2,-9.970659628430893,-0.7121899734593494,6,0.42857142857142855,22.0,37.0,1.5714285714285714,3.3636363636363638,4.0,1,6,2
2023,REG,00-0034960,J.Meyers,LV,106,71,807.0,8,18.461271645921265,0.174162940055861,60,0.5660377358490566,1028.0,242.0,9.69811320754717,3.408450704225352,46.0,8,16,6
2023,REG,00-0034970,I.Smith,CIN,26,18,115.0,1,-15.521264250023735,-0.5969717019239899,9,0.34615384615384615,105.0,66.0,4.038461538461538,3.6666666666666665,5.0,0,6,1
2023,REG,00-0034972,A.Mattison,MIN,44,30,192.0,3,-5.0541783026932965,-0.11486768869757492,15,0.3409090909090909,24.0,181.0,0.5454545454545454,6.033333333333333,5.0,1,11,3
2023,REG,00-0034975,J.Hill,BAL,39,28,206.0,1,-4.725817573838874,-0.12117480958561216,11,0.28205128205128205,23.0,237.0,0.5897435897435898,8.464285714285714,8.0,4,2,1
2023,REG,00-0034981,F.Moreau,NO,25,21,193.0,1,8.405415190608624,0.33621660762434497,13,0.52,122.0,96.0,4.88,4.571428571428571,9.0,1,4,1
2023,REG,00-0034983,H.Renfrow,LV,37,25,255.0,0,-0.2694767814949668,-0.007283156256620724,17,0.4594594594594595,207.0,152.0,5.594594594594595,6.08,11.0,3,5,0
2023,REG,00-0035045,D.Montgomery,IND,8,3,56.0,1,-6.787304247147409,-0.8484130308934261,3,0.375,97.0,28.0,12.125,9.333333333333334,3.0,1,2,1
2023,REG,00-0035099,K.Blasingame,CHI,7,3,2.0,0,-4.420622071964195,-0.6315174388520279,0,0.0,11.0,5.0,1.5714285714285714,1.6666666666666667,0.0,0,2,0
2023,REG,00-0035100,J.Browning,CIN,1,1,-7.0,0,-2.10285701858811,-2.10285701858811,0,0.0,-7.0,0.0,-7.0,0.0,0.0,0,0,0
2023,REG,00-0035120,K.Doss,LAC,13,6,33.0,0,-3.0227712826710817,-0.2325208678977755,2,0.15384615384615385,97.0,14.0,7.461538461538462,2.3333333333333335,1.0,0,2,0
2023,REG,00-0035125,A.Ingold,MIA,16,13,119.0,0,1.7719860803651857,0.1107491300228241,9,0.5625,30.0,91.0,1.875,7.0,5.0,1,3,0
2023,REG,00-0035140,M.Hardman,KC,21,14,118.0,0,1.9213860135331307,0.09149457207300622,10,0.47619047619047616,107.0,107.0,5.095238095238095,7.642857142857143,8.0,1,2,0
2023,REG,00-0035140,M.Hardman,NYJ,3,1,6.0,0,-1.1927055457732894,-0.3975685152577631,1,0.3333333333333333,30.0,1.0,10.0,1.0,0.0,0,0,0
2023,REG,00-0035164,C.Thompson,SEA,1,1,10.0,0,0.412861474789679,0.412861474789679,1,1.0,6.0,4.0,6.0,4.0,0.0,0,0,0
2023,REG,00-0035184,D.Ozigbo,DET,1,1,8.0,0,0.556485361885279,0.556485361885279,1,1.0,3.0,5.0,3.0,5.0,0.0,0,0,0
2023,REG,00-0035208,O.Zaccheaus,PHI,20,10,164.0,2,11.092271303525203,0.5546135651762601,10,0.5,207.0,52.0,10.35,5.2,7.0,4,3,0
2023,REG,00-0035215,D.Harty,BUF,21,15,150.0,1,6.18557996389233,0.29455142685201574,12,0.5714285714285714,227.0,79.0,10.80952380952381,5.266666666666667,9.0,2,3,1
2023,REG,00-0035216,D.Johnson,PIT,87,51,710.0,5,25.978153329779097,0.2985994635606793,44,0.5057471264367817,1106.0,254.0,12.71264367816092,4.980392156862745,37.0,10,10,3
2023,REG,00-0035229,T.Hockenson,MIN,127,95,960.0,5,31.82288797302315,0.2505739210474264,64,0.5039370078740157,976.0,336.0,7.68503937007874,3.536842105263158,48.0,13,14,4
2023,REG,00-0035243,M.Sanders,CAR,41,27,154.0,0,-9.622439702835031,-0.2346936512886593,16,0.3902439024390244,23.0,158.0,0.5609756097560976,5.851851851851852,8.0,0,3,0
2023,REG,00-0035249,J.Oliver,MIN,28,22,213.0,2,4.226230739208397,0.1509368121145856,14,0.5,72.0,162.0,2.5714285714285716,7.363636363636363,12.0,3,5,2
2023,REG,00-0035250,D.Singletary,HOU,38,30,193.0,0,-5.253562047872047,-0.1382516328387381,12,0.3157894736842105,5.0,223.0,0.13157894736842105,7.433333333333334,7.0,2,4,0
2023,REG,00-0035259,T.Wesco,TEN,3,1,21.0,0,0.16023794352076504,0.05341264784025501,1,0.3333333333333333,13.0,12.0,4.333333333333333,12.0,1.0,1,0,0
2023,REG,00-0035261,T.Pollard,DAL,67,55,311.0,0,-4.405461841042867,-0.06575316180660996,24,0.3582089552238806,27.0,321.0,0.40298507462686567,5.836363636363636,12.0,2,12,0
2023,REG,00-0035291,T.Williams,CIN,9,7,10.0,0,-7.627276058227473,-0.8474751175808303,1,0.1111111111111111,-28.0,35.0,-3.111111111111111,5.0,0.0,0,1,0
2023,REG,00-0035298,S.Miller,ATL,16,11,161.0,2,8.592960691603384,0.5370600432252115,7,0.4375,195.0,80.0,12.1875,7.2727272727272725,6.0,2,3,2
2023,REG,00-0035329,D.Parham,LAC,41,27,285.0,4,18.289647645851993,0.44608896697199985,25,0.6097560975609756,306.0,126.0,7.463414634146342,4.666666666666667,22.0,2,10,4
2023,REG,00-0035341,T.Irwin,CIN,32,25,316.0,1,19.36665239890778,0.6052078874658682,20,0.625,337.0,110.0,10.53125,4.4,15.0,7,7,0
2023,REG,00-0035406,L.Humphrey,DEN,19,13,162.0,3,14.200789617898414,0.7474099798893902,11,0.5789473684210527,186.0,99.0,9.789473684210526,7.615384615384615,9.0,1,4,2
2023,REG,00-0035414,J.Guyton,LAC,21,10,89.0,1,-2.3658055786218033,-0.11265740850580015,8,0.38095238095238093,218.0,32.0,10.380952380952381,3.2,6.0,0,4,1
2023,REG,00-0035480,M.Taylor,NYJ,4,2,13.0,0,-2.066931324894541,-0.5167328312236352,1,0.25,89.0,7.0,22.25,3.5,0.0,0,0,0
2023,REG,00-0035500,G.Dortch,ARI,41,24,280.0,2,4.755318414332556,0.11598337595933063,18,0.43902439024390244,383.0,152.0,9.341463414634147,6.333333333333333,14.0,3,3,1
2023,REG,00-0035535,D.Slayton,NYG,79,50,770.0,4,29.193758920556533,0.36954125215894346,41,0.5189873417721519,967.0,298.0,12.240506329113924,5.96,29.0,11,4,1
2023,REG,00-0035537,T.Johnson,BUF,7,7,62.0,1,1.2649246439687052,0.18070352056695788,2,0.2857142857142857,2.0,60.0,0.2857142857142857,8.571428571428571,2.0,1,2,0
2023,REG,00-0035562,J.Horsted,LV,1,1,4.0,0,-0.210121021780651,-0.210121021780651,0,0.0,2.0,2.0,2.0,2.0,0.0,0,0,0
2023,REG,00-0035567,C.Reynolds,DET,5,5,47.0,0,2.8365457532927367,0.5673091506585474,3,0.6,-12.0,59.0,-2.4,11.8,2.0,1,0,0
2023,REG,00-0035593,J.Winfree,IND,1,0,0.0,0,-1.09631859883666,-1.09631859883666,0,0.0,26.0,0.0,26.0,0.0,0.0,0,0,0
2023,REG,00-0035594,T.Homer,CHI,1,0,0.0,0,-1.05513803250528,-1.05513803250528,0,0.0,-5.0,0.0,-5.0,0.0,0.0,0,0,0
2023,REG,00-0035628,D.Johnson,JAX,12,10,140.0,0,9.814723854260428,0.8178936545217024,7,0.5833333333333334,10.0,136.0,0.8333333333333334,13.6,6.0,2,0,0
2023,REG,00-0035631,D.Sample,CIN,27,22,163.0,2,0.4960504843613711,0.018372240161532265,13,0.48148148148148145,29.0,173.0,1.0740740740740742,7.863636363636363,9.0,1,3,1
2023,REG,00-0035639,P.Campbell,NYG,27,20,104.0,0,-22.297170607696632,-0.8258211336183938,9,0.3333333333333333,91.0,65.0,3.3703703703703702,3.25,2.0,0,4,0
2023,REG,00-0035640,D.Metcalf,SEA,119,66,1114.0,8,42.64521705119914,0.35836316849747174,61,0.5126050420168067,1529.0,367.0,12.84873949579832,5.5606060606060606,52.0,19,23,6
2023,REG,00-0035643,J.Simmons,TEN,1,1,2.0,1,1.15889371134108,1.15889371134108,1,1.0,2.0,0.0,2.0,0.0,1.0,0,1,1
2023,REG,00-0035644,N.Fant,SEA,43,32,414.0,0,11.724469571432552,0.27266208305657097,23,0.5348837209302325,298.0,177.0,6.930232558139535,5.53125,16.0,7,2,0
2023,REG,00-0035645,G.Olszewski,PIT,1,1,0.0,0,-6.18557261489332,-6.18557261489332,0,0.0,-1.0,0.0,-1.0,0.0,0.0,0,0,0
2023,REG,00-0035657,D.Harris,BUF,2,2,16.0,0,0.534958284150553,0.2674791420752765,1,0.5,0.0,16.0,0.0,8.0,0.0,0,0,0
2023,REG,00-0035659,T.McLaurin,WAS,132,79,1002.0,4,9.272234423388042,0.07024420017718214,57,0.4318181818181818,1514.0,350.0,11.469696969696969,4.430379746835443,47.0,15,10,1
2023,REG,00-0035662,M.Brown,ARI,104,51,574.0,4,-7.575340494949639,-0.07283981245143883,40,0.38461538461538464,1186.0,164.0,11.403846153846153,3.215686274509804,32.0,8,12,3
2023,REG,00-0035664,D.Henderson,LA,14,10,103.0,0,-0.9223941469591111,-0.06588529621136509,4,0.2857142857142857,-9.0,134.0,-0.6428571428571429,13.4,3.0,1,3,0
2023,REG,00-0035676,A.Brown,PHI,158,106,1456.0,7,65.87283749351668,0.41691669299694106,85,0.5379746835443038,1853.0,473.0,11.727848101265822,4.462264150943396,70.0,21,18,4
2023,REG,00-0035685,D.Montgomery,DET,24,16,117.0,0,-8.179863842145997,-0.3408276600894165,11,0.4583333333333333,-19.0,149.0,-0.7916666666666666,9.3125,7.0,0,1,0
2023,REG,00-0035688,T.Pipkins,LAC,1,0,0.0,0,1.053,1.053,1,1.0,0.0,0.0,0.0,0.0,0.0,0,1,0
2023,REG,00-0035689,D.Knox,BUF,37,22,186.0,2,-11.33497556746283,-0.30635069101250895,19,0.5135135135135135,253.0,96.0,6.837837837837838,4.363636363636363,13.0,0,10,2
2023,REG,00-0035700,J.Jacobs,LV,54,37,296.0,0,-0.3965485799517011,-0.007343492221327798,25,0.46296296296296297,38.0,293.0,0.7037037037037037,7.918918918918919,15.0,1,7,0
2023,REG,00-0035703,M.Boykin,PIT,5,3,17.0,0,-1.671280520516913,-0.3342561041033826,2,0.4,19.0,2.0,3.8,0.6666666666666666,0.0,0,1,0
2023,REG,00-0035719,D.Samuel,SF,89,60,892.0,7,40.88798277876375,0.4594155368400421,49,0.550561797752809,586.0,527.0,6.584269662921348,8.783333333333333,34.0,15,18,3
2023,REG,00-0035726,Jak.Johnson,LV,2,1,12.0,0,1.033701341599223,0.5168506707996114,1,0.5,6.0,10.0,3.0,10.0,0.0,0,0,0
2023,REG,00-0035771,M.Wilcox,CIN,12,9,56.0,0,0.202913596731378,0.016909466394281498,6,0.5,12.0,48.0,1.0,5.333333333333333,2.0,0,2,0
2023,REG,00-0035806,J.Hasty,JAX,2,0,0.0,0,-2.36844285400376,-1.18422142700188,0,0.0,24.0,0.0,12.0,0.0,0.0,0,0,0
2023,REG,00-0035831,J.Robinson,GB,1,1,-2.0,0,-1.12491639098153,-1.12491639098153,0,0.0,-3.0,1.0,-3.0,1.0,0.0,0,0,0
2023,REG,00-0035860,T.Jones,ARI,4,3,16.0,0,-2.9922222960740332,-0.7480555740185083,0,0.0,-13.0,22.0,-3.25,7.333333333333333,0.0,0,0,0
2023,REG,00-0035860,T.Jones,NO,6,4,21.0,0,-1.6313612774148396,-0.2718935462358066,2,0.3333333333333333,-5.0,22.0,-0.8333333333333334,5.5,1.0,0,1,0
2023,REG,00-0035934,T.Jackson,MIN,5,2,9.0,0,-1.6050638459699091,-0.3210127691939818,1,0.2,16.0,7.0,3.2,3.5,0.0,0,3,0
2023,REG,00-0035956,G.Ricci,CAR,1,1,2.0,0,-0.489649289753288,-0.489649289753288,0,0.0,-1.0,3.0,-1.0,3.0,0.0,0,0,0
2023,REG,00-0035973,P.Taylor,GB,17,11,49.0,0,-5.777341604611135,-0.339843623800655,5,0.29411764705882354,-8.0,59.0,-0.47058823529411764,5.363636363636363,4.0,0,3,0
2023,REG,00-0036020,S.Ahmed,MIA,23,16,88.0,1,-10.489007843163572,-0.4560438192679814,7,0.30434782608695654,14.0,109.0,0.6086956521739131,6.8125,4.0,1,5,1
2023,REG,00-0036032,S.McKeon,DAL,2,0,0.0,0,-6.453547171666286,-3.226773585833143,0,0.0,13.0,0.0,6.5,0.0,0.0,0,1,0
2023,REG,00-0036040,J.Johnson,NO,59,37,368.0,4,-4.487487905755586,-0.07605911704670484,29,0.4915254237288136,444.0,145.0,7.52542372881356,3.918918918918919,23.0,7,8,3
2023,REG,00-0036124,K.Dorsey,DET,1,1,31.0,0,4.14300359913614,4.14300359913614,1,1.0,22.0,9.0,22.0,9.0,1.0,1,0,0
2023,REG,00-0036132,B.Bredeson,NYG,1,1,0.0,0,-1.4257818616461,-1.4257818616461,0,0.0,-2.0,2.0,-2.0,2.0,0.0,0,0,0
2023,REG,00-0036133,J.Proche,CLE,5,0,0.0,0,-7.283761017082727,-1.4567522034165454,1,0.2,86.0,0.0,17.2,0.0,0.0,0,0,0
2023,REG,00-0036139,R.Dowdle,DAL,22,17,144.0,2,5.628364017950103,0.25583472808864105,11,0.5,-11.0,170.0,-0.5,10.0,6.0,1,4,2
2023,REG,00-0036145,L.Cager,NYG,5,4,36.0,1,3.2548820116789963,0.6509764023357992,3,0.6,21.0,27.0,4.2,6.75,2.0,0,2,1
2023,REG,00-0036158,J.Dobbins,BAL,3,2,15.0,0,0.519200186652597,0.17306672888419902,2,0.6666666666666666,3.0,15.0,1.0,7.5,0.0,0,1,0
2023,REG,00-0036165,I.Hodgins,NYG,33,21,230.0,3,3.9315880485913968,0.11913903177549687,19,0.5757575757575758,269.0,75.0,8.151515151515152,3.5714285714285716,12.0,1,5,3
2023,REG,00-0036176,M.Kinsey,TEN,1,1,6.0,0,-1.06638630223461,-1.06638630223461,0,0.0,-2.0,8.0,-2.0,8.0,0.0,0,0,0
2023,REG,00-0036182,N.Westbrook-Ikhine,TEN,46,28,370.0,3,20.679265826706214,0.449549257102309,26,0.5652173913043478,552.0,107.0,12.0,3.8214285714285716,18.0,8,7,2
2023,REG,00-0036187,R.Gilliam,BUF,1,1,3.0,0,-0.339638097211719,-0.339638097211719,0,0.0,1.0,2.0,1.0,2.0,0.0,0,0,0
2023,REG,00-0036196,G.Davis,BUF,82,45,746.0,7,24.154763245533697,0.2945702834821183,42,0.5121951219512195,1223.0,180.0,14.914634146341463,4.0,34.0,12,13,5
2023,REG,00-0036223,J.Taylor,IND,23,19,153.0,1,3.1645892519054843,0.1375908370393689,9,0.391304347826087,-21.0,174.0,-0.9130434782608695,9.157894736842104,5.0,2,4,1
2023,REG,00-0036232,H.Bryant,CLE,20,13,81.0,3,-4.132652571907182,-0.2066326285953591,9,0.45,81.0,35.0,4.05,2.6923076923076925,4.0,1,5,3
2023,REG,00-0036233,D.Peoples-Jones,CLE,18,8,97.0,0,-6.540029208847757,-0.36333495604709765,7,0.3888888888888889,210.0,22.0,11.666666666666666,2.75,4.0,1,0,0
2023,REG,00-0036233,D.Peoples-Jones,DET,7,5,58.0,0,2.5712976442770032,0.36732823489671473,3,0.42857142857142855,63.0,13.0,9.0,2.6,3.0,1,1,0
2023,REG,00-0036244,C.Parkinson,SEA,34,25,247.0,2,8.381130398950601,0.24650383526325298,17,0.5,218.0,86.0,6.411764705882353,3.44,11.0,5,8,1
2023,REG,00-0036251,Z.Moss,IND,39,27,192.0,2,-1.037258190068938,-0.026596363847921484,15,0.38461538461538464,-14.0,189.0,-0.358974358974359,7.0,10.0,1,9,2
2023,REG,00-0036252,M.Pittman,IND,158,109,1152.0,4,28.089784479658757,0.1777834460737896,83,0.5253164556962026,1227.0,513.0,7.765822784810126,4.706422018348624,53.0,10,22,2
2023,REG,00-0036254,C.Johnson,CHI,1,1,11.0,0,1.25032863160595,1.25032863160595,1,1.0,7.0,4.0,7.0,4.0,1.0,0,0,0
2023,REG,00-0036259,J.Jennings,SF,33,19,265.0,1,7.912213970729924,0.23976405971908862,17,0.5151515151515151,340.0,89.0,10.303030303030303,4.684210526315789,12.0,4,2,1
2023,REG,00-0036261,B.Aiyuk,SF,105,75,1342.0,7,81.79046708213151,0.7789568293536334,73,0.6952380952380952,1467.0,362.0,13.971428571428572,4.826666666666667,61.0,28,10,5
2023,REG,00-0036265,A.Dillon,GB,28,22,223.0,0,5.780031336733387,0.20642969059762098,14,0.5,1.0,231.0,0.03571428571428571,10.5,10.0,4,1,0
2023,REG,00-0036268,L.Shenault,CAR,10,10,60.0,0,-1.199580160086048,-0.11995801600860481,3,0.3,-25.0,85.0,-2.5,8.5,2.0,0,0,0
2023,REG,00-0036269,L.Perine,KC,5,3,33.0,0,-0.15606704220408907,-0.031213408440817814,1,0.2,2.0,32.0,0.4,10.666666666666666,1.0,1,0,0
2023,REG,00-0036271,Q.Watkins,PHI,21,15,142.0,1,-3.31506419403331,-0.1578601997158719,13,0.6190476190476191,245.0,46.0,11.666666666666666,3.066666666666667,8.0,0,3,1
2023,REG,00-0036275,D.Swift,PHI,49,39,214.0,1,-8.93390828878767,-0.1823246589548504,21,0.42857142857142855,27.0,267.0,0.5510204081632653,6.846153846153846,8.0,2,5,1
2023,REG,00-0036290,C.Kmet,CHI,90,73,719.0,6,32.52244778362876,0.3613605309292085,55,0.6111111111111112,557.0,290.0,6.188888888888889,3.9726027397260273,36.0,9,15,5
2023,REG,00-0036297,D.Evans,CHI,12,7,49.0,0,-5.229140056998711,-0.43576167141655925,4,0.3333333333333333,-14.0,69.0,-1.1666666666666667,9.857142857142858,2.0,0,2,0
2023,REG,00-0036309,D.Mooney,CHI,61,31,414.0,1,-4.804643356433057,-0.07876464518742717,26,0.4262295081967213,630.0,181.0,10.327868852459016,5.838709677419355,20.0,7,8,1
2023,REG,00-0036322,J.Jefferson,MIN,100,68,1074.0,5,42.82270591843978,0.4282270591843978,58,0.58,1258.0,260.0,12.58,3.823529411764706,51.0,25,11,1
2023,REG,00-0036326,C.Claypool,CHI,14,4,51.0,1,-9.070684282787411,-0.6479060201991008,4,0.2857142857142857,159.0,6.0,11.357142857142858,1.5,3.0,1,2,1
2023,REG,00-0036326,C.Claypool,MIA,7,4,26.0,0,-4.125227270938931,-0.5893181815627043,1,0.14285714285714285,71.0,19.0,10.142857142857142,4.75,1.0,0,0,0
2023,REG,00-0036328,A.Gibson,WAS,59,48,389.0,2,0.86636567567867,0.014684163994553728,28,0.4745762711864407,-2.0,377.0,-0.03389830508474576,7.854166666666667,19.0,3,5,2
2023,REG,00-0036331,D.Duvernay,BAL,9,4,18.0,0,-4.006126745357717,-0.4451251939286352,2,0.2222222222222222,81.0,17.0,9.0,4.25,0.0,0,1,0
2023,REG,00-0036332,J.Deguara,GB,8,8,65.0,0,1.157741245930082,0.14471765574126025,5,0.625,26.0,39.0,3.25,4.875,3.0,0,0,0
2023,REG,00-0036336,A.McFarland,PIT,2,2,11.0,0,1.1931449007242918,0.5965724503621459,1,0.5,4.0,7.0,2.0,3.5,1.0,0,2,0
2023,REG,00-0036345,K.Osborn,MIN,75,48,540.0,3,6.3002140125773245,0.084002853501031,33,0.44,659.0,185.0,8.786666666666667,3.8541666666666665,28.0,7,11,2
2023,REG,00-0036355,J.Herbert,LAC,1,1,10.0,0,1.78053091675974,1.78053091675974,1,1.0,-7.0,17.0,-7.0,17.0,1.0,0,0,0
2023,REG,00-0036358,C.Lamb,DAL,182,135,1749.0,12,103.51998511857046,0.5687911270251124,110,0.6043956043956044,1722.0,680.0,9.461538461538462,5.037037037037037,80.0,29,33,9
2023,REG,00-0036360,C.Edwards-Helaire,KC,22,17,188.0,1,3.835840685906139,0.1743563948139154,11,0.5,-54.0,228.0,-2.4545454545454546,13.411764705882353,7.0,3,5,1
2023,REG,00-0036364,L.Bowden,NO,16,11,83.0,0,-2.2484922103737395,-0.14053076314835872,4,0.25,80.0,57.0,5.0,5.181818181818182,2.0,0,0,0
2023,REG,00-0036370,J.Kelley,LAC,12,8,32.0,0,-5.665135549264963,-0.47209462910541355,1,0.08333333333333333,15.0,39.0,1.25,4.875,0.0,0,1,0
2023,REG,00-0036387,J.Reagor,NE,23,7,138.0,0,-11.385845331475135,-0.4950367535423972,6,0.2608695652173913,359.0,18.0,15.608695652173912,2.5714285714285716,5.0,3,1,0
2023,REG,00-0036407,J.Jeudy,DEN,87,54,758.0,2,16.952773686105004,0.19485946765637935,42,0.4827586206896552,1109.0,323.0,12.74712643678161,5.981481481481482,28.0,10,11,1
2023,REG,00-0036410,T.Higgins,CIN,76,42,656.0,5,26.47402285191081,0.34834240594619487,41,0.5394736842105263,973.0,235.0,12.802631578947368,5.595238095238095,33.0,8,12,3
2023,REG,00-0036414,C.Akers,MIN,12,11,70.0,0,1.2472380947438149,0.1039365078953179,5,0.4166666666666667,-13.0,78.0,-1.0833333333333333,7.090909090909091,2.0,1,2,0
2023,REG,00-0036415,V.Jefferson,ATL,28,12,101.0,0,-17.185729150995233,-0.6137760411069726,10,0.35714285714285715,422.0,17.0,15.071428571428571,1.4166666666666667,6.0,0,1,0
2023,REG,00-0036415,V.Jefferson,LA,15,8,108.0,0,-0.4538331262623734,-0.030255541750824892,8,0.5333333333333333,264.0,8.0,17.6,1.0,4.0,1,0,0
2023,REG,00-0036422,A.Trautman,DEN,35,22,204.0,3,-1.0960956305936718,-0.03131701801696205,16,0.45714285714285713,226.0,98.0,6.457142857142857,4.454545454545454,10.0,2,13,3
2023,REG,00-0036423,A.Okwuegbunam,PHI,1,0,0.0,0,-0.425066940486431,-0.425066940486431,0,0.0,10.0,0.0,10.0,0.0,0.0,0,0,0
2023,REG,00-0036424,B.Hopkins,LA,7,5,78.0,0,3.0557512908417213,0.4365358986916745,4,0.5714285714285714,66.0,32.0,9.428571428571429,6.4,3.0,2,1,0
2023,REG,00-0036425,D.Dallas,SEA,9,6,26.0,0,-7.687290642526924,-0.8541434047252138,2,0.2222222222222222,-15.0,31.0,-1.6666666666666667,5.166666666666667,1.0,0,0,0
2023,REG,00-0036427,T.Johnson,LA,3,2,8.0,1,1.8522694332641585,0.6174231444213861,1,0.3333333333333333,16.0,1.0,5.333333333333333,0.5,1.0,0,1,1
2023,REG,00-0036429,C.Woerner,SF,3,3,32.0,0,1.607382422196674,0.5357941407322246,2,0.6666666666666666,12.0,20.0,4.0,6.666666666666667,1.0,1,1,0
2023,REG,00-0036438,S.Sullivan,CAR,24,12,125.0,0,-1.6298732738878572,-0.06791138641199405,8,0.3333333333333333,255.0,8.0,10.625,0.6666666666666666,5.0,1,0,0
2023,REG,00-0036450,K.Vaughn,TB,5,2,2.0,0,-4.583285461587365,-0.9166570923174729,0,0.0,-2.0,1.0,-0.4,0.5,0.0,0,1,0
2023,REG,00-0036482,M.Strachan,CAR,3,1,45.0,0,1.162158836494199,0.3873862788313997,1,0.3333333333333333,73.0,8.0,24.333333333333332,8.0,1.0,1,0,0
2023,REG,00-0036493,D.Jackson,IND,6,5,14.0,0,-8.510520981624717,-1.4184201636041196,1,0.16666666666666666,-6.0,20.0,-1.0,4.0,0.0,0,0,0
2023,REG,00-0036497,T.Jones,JAX,19,11,83.0,0,-1.034813093085339,-0.05446384700449153,7,0.3684210526315789,152.0,31.0,8.0,2.8181818181818183,4.0,0,1,0
2023,REG,00-0036504,B.Echols,NYJ,1,1,18.0,0,2.67090002633631,2.67090002633631,1,1.0,10.0,8.0,10.0,8.0,1.0,0,0,0
2023,REG,00-0036510,K.Yeboah,NYJ,4,2,28.0,0,-2.656200539960987,-0.6640501349902468,1,0.25,19.0,20.0,4.75,10.0,1.0,1,0,0
2023,REG,00-0036550,R.Bateman,BAL,56,32,367.0,1,3.508155185146936,0.06264562830619529,28,0.5,811.0,59.0,14.482142857142858,1.84375,20.0,2,3,1
2023,REG,00-0036554,N.Collins,HOU,110,80,1297.0,8,72.15688174884806,0.6559716522622552,66,0.6,1186.0,549.0,10.781818181818181,6.8625,53.0,25,17,6
2023,REG,00-0036555,C.Hubbard,CAR,44,39,233.0,0,-10.740264819702135,-0.24409692772050307,16,0.36363636363636365,-34.0,269.0,-0.7727272727272727,6.897435897435898,9.0,1,1,0
2023,REG,00-0036556,B.Jordan,HOU,21,17,219.0,2,17.50110164785293,0.8333857927549014,16,0.7619047619047619,115.0,124.0,5.476190476190476,7.294117647058823,13.0,3,2,2
2023,REG,00-0036567,E.Mitchell,SF,8,6,14.0,0,-8.163013312499968,-1.020376664062496,3,0.375,-22.0,26.0,-2.75,4.333333333333333,2.0,0,2,0
2023,REG,00-0036569,G.Brightwell,NYG,7,5,47.0,0,2.063052509678518,0.29472178709693114,3,0.42857142857142855,-6.0,53.0,-0.8571428571428571,10.6,2.0,0,0,0
2023,REG,00-0036590,Q.Morris,BUF,3,2,26.0,1,1.7529108348261375,0.5843036116087125,1,0.3333333333333333,33.0,5.0,11.0,2.5,1.0,0,2,1
2023,REG,00-0036613,J.Waddle,MIA,104,72,1014.0,4,45.956917705565175,0.4418934394765882,63,0.6057692307692307,1051.0,421.0,10.10576923076923,5.847222222222222,47.0,12,9,2
2023,REG,00-0036620,D.Eskridge,SEA,1,0,0.0,0,-1.20908493676689,-1.20908493676689,0,0.0,17.0,0.0,17.0,0.0,0.0,0,0,0
2023,REG,00-0036626,D.Brown,WAS,23,12,168.0,1,8.516261250188114,0.37027222826904843,11,0.4782608695652174,387.0,76.0,16.82608695652174,6.333333333333333,8.0,2,2,0
2023,REG,00-0036628,J.Bates,WAS,28,19,151.0,0,-5.566456084954556,-0.1988020030340913,12,0.42857142857142855,175.0,65.0,6.25,3.4210526315789473,6.0,1,3,0
2023,REG,00-0036630,T.Wallace,BAL,2,1,11.0,0,-0.750896574289069,-0.3754482871445345,1,0.5,23.0,0.0,11.5,0.0,1.0,0,0,0
2023,REG,00-0036635,I.Smith-Marsette,CAR,10,8,51.0,0,1.5157561324303992,0.15157561324303992,5,0.5,9.0,48.0,0.9,6.0,5.0,0,0,0
2023,REG,00-0036637,N.Gray,KC,41,28,298.0,2,5.184102260309767,0.12644151854414065,21,0.5121951219512195,270.0,133.0,6.585365853658536,4.75,15.0,4,3,1
2023,REG,00-0036646,S.Fehoko,LAC,2,1,9.0,1,1.0416169919772098,0.5208084959886049,1,0.5,18.0,7.0,9.0,7.0,1.0,0,1,1
2023,REG,00-0036727,A.Prentice,NO,3,2,12.0,0,-2.027483863290397,-0.6758279544301323,0,0.0,11.0,8.0,3.6666666666666665,4.0,0.0,0,0,0
2023,REG,00-0036741,J.Stoll,PHI,8,5,38.0,0,-2.1954366822610587,-0.27442958528263234,3,0.375,25.0,25.0,3.125,5.0,2.0,0,2,0
2023,REG,00-0036754,B.Wright,DET,14,13,91.0,1,5.006717906566333,0.3576227076118809,7,0.5,40.0,49.0,2.857142857142857,3.769230769230769,2.0,1,1,0
2023,REG,00-0036841,A.Trammell,LA,7,4,29.0,0,-3.005426419258582,-0.42934663132265455,3,0.42857142857142855,25.0,35.0,3.5714285714285716,8.75,2.0,0,0,0
2023,REG,00-0036849,T.Atwell,LA,68,39,483.0,3,9.3342087206697,0.13726777530396617,31,0.45588235294117646,767.0,104.0,11.279411764705882,2.6666666666666665,26.0,8,6,2
2023,REG,00-0036857,C.Evans,CIN,1,1,-1.0,0,-1.34762418596074,-1.34762418596074,0,0.0,-1.0,0.0,-1.0,0.0,0.0,0,0,0
2023,REG,00-0036860,J.Funk,IND,1,1,12.0,0,1.41381733224262,1.41381733224262,1,1.0,0.0,12.0,0.0,12.0,1.0,0,0,0
2023,REG,00-0036862,B.Skowronek,LA,12,8,66.0,1,1.4252855206141284,0.1187737933845107,5,0.4166666666666667,88.0,30.0,7.333333333333333,3.75,3.0,1,3,1
2023,REG,00-0036875,R.Stevenson,NE,51,38,238.0,0,-18.01663083684476,-0.3532672713106816,15,0.29411764705882354,13.0,261.0,0.2549019607843137,6.868421052631579,8.0,2,4,0
2023,REG,00-0036876,K.Granson,IND,50,30,368.0,1,11.460441077534382,0.22920882155068764,24,0.48,402.0,128.0,8.04,4.266666666666667,19.0,5,6,1
2023,REG,00-0036887,L.Farrell,JAX,15,13,155.0,0,8.01235174539034,0.5341567830260227,10,0.6666666666666666,71.0,96.0,4.733333333333333,7.384615384615385,5.0,2,1,0
2023,REG,00-0036893,N.Harris,PIT,38,29,170.0,0,-1.4201432877161908,-0.03737219178200502,17,0.4473684210526316,9.0,175.0,0.23684210526315788,6.0344827586206895,9.0,1,3,0
2023,REG,00-0036894,P.Freiermuth,PIT,48,32,308.0,2,9.544559867295744,0.198844997235328,26,0.5416666666666666,311.0,145.0,6.479166666666667,4.53125,17.0,3,7,2
2023,REG,00-0036900,J.Chase,CIN,145,100,1216.0,7,60.54723269477343,0.4175671220329202,81,0.5586206896551724,1254.0,541.0,8.648275862068965,5.41,63.0,14,21,4
2023,REG,00-0036906,K.Herbert,CHI,31,20,134.0,1,-16.816771678331573,-0.5424765057526314,10,0.3225806451612903,17.0,138.0,0.5483870967741935,6.9,9.0,1,4,1
2023,REG,00-0036912,D.Smith,PHI,113,81,1066.0,7,34.02178770210602,0.30107776727527447,64,0.5663716814159292,1350.0,294.0,11.946902654867257,3.6296296296296298,47.0,14,7,3
2023,REG,00-0036913,K.Toney,KC,38,27,169.0,1,-8.356740063003487,-0.2199142121843023,15,0.39473684210526316,112.0,128.0,2.9473684210526314,4.7407407407407405,12.0,0,5,1
2023,REG,00-0036919,K.Gainwell,PHI,37,30,183.0,0,2.570538667777331,0.06947401804803598,16,0.43243243243243246,71.0,175.0,1.9189189189189189,5.833333333333333,11.0,0,0,0
2023,REG,00-0036924,M.Carter,ARI,11,9,33.0,1,-1.548840216855746,-0.1408036560777951,3,0.2727272727272727,13.0,29.0,1.1818181818181819,3.2222222222222223,1.0,0,4,1
2023,REG,00-0036924,Mi.Carter,NYJ,20,15,68.0,0,-13.206101739129005,-0.6603050869564503,6,0.3,21.0,58.0,1.05,3.8666666666666667,4.0,0,1,0
2023,REG,00-0036936,R.Moore,ARI,63,40,352.0,1,-4.296013924347367,-0.06819069721186297,24,0.38095238095238093,322.0,216.0,5.111111111111111,5.4,17.0,4,6,0
2023,REG,00-0036955,T.Marshall,CAR,33,19,139.0,0,-7.208909526750307,-0.2184518038409184,15,0.45454545454545453,238.0,48.0,7.212121212121212,2.526315789473684,8.0,0,3,0
2023,REG,00-0036963,A.St. Brown,DET,165,119,1515.0,10,71.34393314206704,0.4323874735882851,97,0.5878787878787879,1271.0,668.0,7.703030303030303,5.61344537815126,75.0,24,26,6
2023,REG,00-0036970,K.Pitts,ATL,90,53,667.0,3,17.377556794266784,0.19308396438074205,48,0.5333333333333333,1029.0,134.0,11.433333333333334,2.5283018867924527,35.0,7,5,1
2023,REG,00-0036973,T.Etienne,JAX,73,58,476.0,1,9.622610764199106,0.13181658581094666,36,0.4931506849315068,-67.0,523.0,-0.9178082191780822,9.017241379310345,23.0,2,2,0
2023,REG,00-0036980,E.Moore,CLE,104,59,640.0,2,-1.748740233577798,-0.016814809938248056,43,0.41346153846153844,1155.0,191.0,11.10576923076923,3.23728813559322,29.0,9,14,2
2023,REG,00-0036982,C.Golston,DAL,1,0,0.0,0,1.053,1.053,1,1.0,0.0,0.0,0.0,0.0,0.0,0,1,0
2023,REG,00-0036984,T.Sermon,IND,6,3,13.0,0,-3.039906486395145,-0.5066510810658574,1,0.16666666666666666,11.0,6.0,1.8333333333333333,2.0,0.0,0,0,0
2023,REG,00-0036988,J.Palmer,LAC,61,38,581.0,2,8.454436657690376,0.13859732225721927,27,0.4426229508196721,693.0,196.0,11.360655737704919,5.157894736842105,22.0,9,9,0
2023,REG,00-0036991,A.Rodgers,IND,2,0,0.0,0,-2.003556650714014,-1.001778325357007,0,0.0,30.0,0.0,15.0,0.0,0.0,0,0,0
2023,REG,00-0036997,J.Williams,DEN,59,47,228.0,2,-4.702793264572288,-0.07970836041647947,24,0.4067796610169492,-99.0,301.0,-1.6779661016949152,6.404255319148936,10.0,0,5,2
2023,REG,00-0037005,T.Tremble,CAR,32,23,194.0,3,2.1053344268875587,0.06579170084023621,16,0.5,204.0,95.0,6.375,4.130434782608695,10.0,2,4,3
2023,REG,00-0037077,S.Howell,WAS,1,1,4.0,0,-0.305893969547469,-0.305893969547469,0,0.0,1.0,3.0,1.0,3.0,0.0,0,1,0
2023,REG,00-0037078,C.Turner,WAS,15,11,120.0,0,-0.005128661555813263,-0.00034191077038755086,7,0.4666666666666667,102.0,50.0,6.8,4.545454545454546,4.0,2,4,0
2023,REG,00-0037086,G.Calcaterra,PHI,4,4,39.0,0,3.082500660791998,0.7706251651979995,4,1.0,7.0,32.0,1.75,8.0,3.0,0,1,0
2023,REG,00-0037091,B.Melton,GB,24,16,218.0,1,8.540199223249314,0.35584163430205473,14,0.5833333333333334,267.0,37.0,11.125,2.3125,13.0,3,4,1
2023,REG,00-0037098,S.Toure,GB,19,8,78.0,0,-2.5340439060986544,-0.13337073189992918,6,0.3157894736842105,316.0,18.0,16.63157894736842,2.25,4.0,1,3,0
2023,REG,00-0037120,T.Goodson,IND,9,6,34.0,0,-4.9477082218218165,-0.5497453579802019,3,0.3333333333333333,-4.0,51.0,-0.4444444444444444,8.5,1.0,0,3,0
2023,REG,00-0037132,B.Covey,PHI,6,4,42.0,0,0.5605941915431554,0.09343236525719256,4,0.6666666666666666,52.0,26.0,8.666666666666666,6.5,2.0,1,1,0
2023,REG,00-0037156,I.Charles,NYJ,1,0,0.0,0,-1.51792374905199,-1.51792374905199,0,0.0,4.0,0.0,4.0,0.0,0.0,0,0,0
2023,REG,00-0037157,Z.Knight,DET,1,1,8.0,0,0.609827129286714,0.609827129286714,1,1.0,-5.0,13.0,-5.0,13.0,0.0,0,0,0
2023,REG,00-0037197,I.Pacheco,KC,49,44,244.0,2,1.82196975019595,0.037183056126447955,25,0.5102040816326531,-113.0,359.0,-2.306122448979592,8.159090909090908,12.0,2,9,2
2023,REG,00-0037216,J.Ross,KC,11,6,53.0,0,1.109438185230825,0.10085801683916591,5,0.45454545454545453,117.0,15.0,10.636363636363637,2.5,2.0,1,1,0
2023,REG,00-0037228,J.Warren,PIT,74,61,370.0,0,-13.432633325170428,-0.18152207196176254,29,0.3918918918918919,-115.0,482.0,-1.554054054054054,7.901639344262295,19.0,2,5,0
2023,REG,00-0037238,D.London,ATL,112,69,905.0,2,11.869875838381631,0.10598103427126457,60,0.5357142857142857,1264.0,188.0,11.285714285714286,2.7246376811594204,45.0,17,18,2
2023,REG,00-0037239,C.Olave,NO,139,87,1123.0,5,43.398492794719395,0.31221937262388055,78,0.5611510791366906,1834.0,347.0,13.194244604316546,3.9885057471264367,57.0,16,13,4
2023,REG,00-0037240,J.Williams,DET,42,24,354.0,2,13.631020210159505,0.32454810024189296,19,0.4523809523809524,665.0,105.0,15.833333333333334,4.375,14.0,5,4,0
2023,REG,00-0037247,G.Pickens,PIT,106,63,1140.0,5,28.604735998749256,0.26985599998820053,54,0.5094339622641509,1428.0,388.0,13.471698113207546,6.158730158730159,42.0,22,8,0
2023,REG,00-0037248,J.Cook,BUF,54,44,445.0,4,16.369205547096854,0.30313343605734916,32,0.5925925925925926,137.0,398.0,2.537037037037037,9.045454545454545,16.0,7,6,3
2023,REG,00-0037252,G.Dulcich,DEN,4,3,25.0,0,-4.157561154861468,-1.039390288715367,2,0.5,23.0,5.0,5.75,1.6666666666666667,2.0,0,0,0
2023,REG,00-0037256,R.White,TB,70,64,549.0,3,23.218096512634293,0.3316870930376328,36,0.5142857142857142,-33.0,611.0,-0.4714285714285714,9.546875,23.0,10,8,0
2023,REG,00-0037257,Dav.Bell,CLE,23,14,167.0,3,8.862044934998266,0.38530630152166373,10,0.43478260869565216,142.0,73.0,6.173913043478261,5.214285714285714,9.0,3,2,0
2023,REG,00-0037258,D.Pierce,HOU,17,13,101.0,0,0.5504580808919834,0.032379887111293144,8,0.47058823529411764,14.0,95.0,0.8235294117647058,7.3076923076923075,3.0,1,1,0
2023,REG,00-0037261,K.Shakir,BUF,46,39,611.0,2,43.20398259095673,0.9392170128468854,32,0.6956521739130435,402.0,282.0,8.73913043478261,7.230769230769231,26.0,10,3,1
2023,REG,00-0037263,T.Allgeier,ATL,24,18,193.0,1,4.273435934723353,0.17805983061347305,11,0.4583333333333333,-23.0,217.0,-0.9583333333333334,12.055555555555555,6.0,2,3,0
2023,REG,00-0037267,J.Ford,CLE,63,44,319.0,5,-6.178224922747883,-0.0980670622658394,25,0.3968253968253968,30.0,304.0,0.47619047619047616,6.909090909090909,16.0,2,6,3
2023,REG,00-0037273,K.Philips,TEN,22,15,181.0,0,6.535338858000358,0.29706085718183445,12,0.5454545454545454,197.0,79.0,8.954545454545455,5.266666666666667,9.0,4,1,0
2023,REG,00-0037276,T.Chandler,MIN,25,21,159.0,0,3.9443385525373764,0.15777354210149505,11,0.44,-47.0,206.0,-1.88,9.80952380952381,7.0,0,3,0
2023,REG,00-0037277,T.Quitoriano,HOU,3,2,33.0,0,2.072669614688494,0.6908898715628314,2,0.6666666666666666,15.0,18.0,5.0,9.0,2.0,1,0,0
2023,REG,00-0037282,J.Mitchell,DET,3,2,28.0,0,1.3387490222668272,0.4462496740889424,1,0.3333333333333333,16.0,12.0,5.333333333333333,6.0,1.0,1,1,0
2023,REG,00-0037286,K.Harris,NE,3,3,58.0,0,4.877603708358947,1.6258679027863157,2,0.6666666666666666,-1.0,59.0,-0.3333333333333333,19.666666666666668,2.0,1,1,0
2023,REG,00-0037289,M.Rodriguez,DET,1,1,6.0,0,0.0505867791362107,0.0505867791362107,1,1.0,6.0,0.0,6.0,0.0,1.0,0,0,0
2023,REG,00-0037291,J.Nailor,MIN,6,3,29.0,0,-2.0255367812351333,-0.3375894635391889,1,0.16666666666666666,54.0,21.0,9.0,7.0,1.0,0,0,0
2023,REG,00-0037292,A.Ogletree,IND,21,9,147.0,2,9.1111519410333,0.4338643781444429,8,0.38095238095238093,209.0,30.0,9.952380952380953,3.3333333333333335,8.0,4,2,1
2023,REG,00-0037299,K.Ingram,ARI,4,4,26.0,0,0.33775865577626707,0.08443966394406677,2,0.5,-5.0,31.0,-1.25,7.75,1.0,0,0,0
2023,REG,00-0037304,Co.Heyward,PIT,34,23,167.0,0,-4.159333887193749,-0.12233334962334555,15,0.4411764705882353,175.0,94.0,5.147058823529412,4.086956521739131,8.0,0,3,0
2023,REG,00-0037306,J.FitzPatrick,ATL,1,1,12.0,0,0.712112442590296,0.712112442590296,1,1.0,2.0,10.0,2.0,10.0,1.0,0,0,0
2023,REG,00-0037311,K.Kieft,TB,5,1,2.0,1,-1.3343285543960541,-0.26686571087921085,1,0.2,61.0,2.0,12.2,2.0,1.0,0,2,1
2023,REG,00-0037317,N.Muse,MIN,1,1,22.0,0,1.35134004242718,1.35134004242718,1,1.0,12.0,10.0,12.0,10.0,1.0,1,0,0
2023,REG,00-0037382,B.Johnson,DEN,31,19,284.0,4,21.36165455165673,0.6890856306986042,19,0.6129032258064516,328.0,89.0,10.580645161290322,4.684210526315789,12.0,6,7,2
2023,REG,00-0037410,J.Corbin,NYG,3,3,12.0,0,2.799179299618115,0.9330597665393716,2,0.6666666666666666,-1.0,13.0,-0.3333333333333333,4.333333333333333,1.0,0,0,0
2023,REG,00-0037420,K.Lassiter,CIN,1,1,2.0,0,0.222314799961168,0.222314799961168,1,1.0,-1.0,3.0,-1.0,3.0,0.0,0,0,0
2023,REG,00-0037429,R.Blackshear,CAR,7,6,45.0,0,-2.0544214530382345,-0.29348877900546205,3,0.42857142857142855,13.0,38.0,1.8571428571428572,6.333333333333333,1.0,0,0,0
2023,REG,00-0037451,R.Williams,PIT,2,0,0.0,0,-0.681053433858323,-0.3405267169291615,0,0.0,8.0,0.0,4.0,0.0,0.0,0,0,0
2023,REG,00-0037475,S.Smartt,LAC,21,11,155.0,1,3.323155457630669,0.15824549798241283,7,0.3333333333333333,180.0,56.0,8.571428571428571,5.090909090909091,6.0,3,2,0
2023,REG,00-0037487,D.Thompkins,TB,25,17,83.0,1,-8.702345053430092,-0.34809380213720365,9,0.36,163.0,74.0,6.52,4.352941176470588,5.0,1,4,1
2023,REG,00-0037506,C.Fotheringham,LV,1,1,6.0,0,0.212422261014581,0.212422261014581,1,1.0,1.0,5.0,1.0,5.0,0.0,0,0,0
2023,REG,00-0037525,J.Mason,SF,4,3,31.0,0,0.7659366576117468,0.1914841644029367,2,0.5,12.0,23.0,3.0,7.666666666666667,1.0,0,0,0
2023,REG,00-0037539,L.Krull,DEN,14,8,95.0,1,1.9564658849324554,0.1397475632094611,7,0.5,133.0,50.0,9.5,6.25,5.0,1,2,1
2023,REG,00-0037545,R.Shaheed,NO,75,46,719.0,5,12.090541416418025,0.16120721888557368,31,0.41333333333333333,1094.0,151.0,14.586666666666666,3.282608695652174,27.0,12,7,1
2023,REG,00-0037557,R.Rivers,LA,5,5,22.0,0,-0.6381978864083068,-0.12763957728166136,1,0.2,-19.0,41.0,-3.8,8.2,0.0,0,0,0
2023,REG,00-0037569,P.Hendershot,DAL,7,4,38.0,0,-1.408349090779665,-0.20119272725423784,3,0.42857142857142855,27.0,28.0,3.857142857142857,7.0,1.0,1,2,0
2023,REG,00-0037614,J.Metchie,HOU,30,16,158.0,0,-6.037336143665014,-0.20124453812216714,14,0.4666666666666667,266.0,84.0,8.866666666666667,5.25,7.0,1,4,0
2023,REG,00-0037654,T.Fisk,ATL,1,1,9.0,0,1.19562649866566,1.19562649866566,1,1.0,3.0,6.0,3.0,6.0,1.0,0,0,0
2023,REG,00-0037664,A.Pierce,IND,65,32,514.0,2,17.191658559105306,0.26448705475546624,30,0.46153846153846156,977.0,97.0,15.03076923076923,3.03125,24.0,8,6,0
2023,REG,00-0037666,J.Tolbert,DAL,36,22,268.0,2,3.3950989600425654,0.09430830444562682,20,0.5555555555555556,474.0,34.0,13.166666666666666,1.5454545454545454,13.0,3,4,2
2023,REG,00-0037740,G.Wilson,NYJ,168,95,1042.0,3,-10.460633023866329,-0.0622656727611091,72,0.42857142857142855,1707.0,327.0,10.160714285714286,3.442105263157895,47.0,11,19,2
2023,REG,00-0037741,J.Dotson,WAS,83,49,518.0,4,-15.986118681316094,-0.19260383953392884,40,0.4819277108433735,768.0,115.0,9.25301204819277,2.3469387755102042,27.0,5,12,2
2023,REG,00-0037742,T.Burks,TEN,30,16,221.0,0,-0.7511070060006619,-0.025036900200022066,11,0.36666666666666664,547.0,71.0,18.233333333333334,4.4375,8.0,4,1,0
2023,REG,00-0037744,T.McBride,ARI,106,81,825.0,3,9.80282042532648,0.09247943797477812,55,0.5188679245283019,652.0,420.0,6.150943396226415,5.185185185185185,42.0,9,11,3
2023,REG,00-0037745,V.Jones,CHI,7,4,20.0,0,-1.528325080522333,-0.2183321543603333,2,0.2857142857142857,87.0,15.0,12.428571428571429,3.75,1.0,0,0,0
2023,REG,00-0037746,B.Robinson,WAS,43,36,368.0,4,20.424830162402948,0.47499605028844066,22,0.5116279069767442,-55.0,410.0,-1.2790697674418605,11.38888888888889,15.0,8,5,2
2023,REG,00-0037801,K.Turpin,DAL,18,12,127.0,3,12.217260575415434,0.6787366986341907,8,0.4444444444444444,163.0,39.0,9.055555555555555,3.25,9.0,2,6,1
2023,REG,00-0037805,J.Ruckert,NYJ,22,16,151.0,0,4.471252668532554,0.20323875766057065,12,0.5454545454545454,139.0,51.0,6.318181818181818,3.1875,6.0,1,1,0
2023,REG,00-0037809,C.Okonkwo,TEN,77,54,528.0,1,7.755041697244289,0.10071482723693882,34,0.44155844155844154,525.0,260.0,6.818181818181818,4.814814814814815,25.0,6,6,1
2023,REG,00-0037816,R.Doubs,GB,96,59,674.0,8,25.057566605618803,0.2610163188085292,50,0.5208333333333334,1126.0,134.0,11.729166666666666,2.2711864406779663,41.0,7,18,7
2023,REG,00-0037837,C.Austin,PIT,30,17,180.0,1,-3.259148747407761,-0.1086382915802587,11,0.36666666666666664,378.0,73.0,12.6,4.294117647058823,7.0,1,0,0
2023,REG,00-0037838,I.Likely,BAL,40,30,411.0,5,32.194199394637586,0.8048549848659396,26,0.65,249.0,216.0,6.225,7.2,15.0,6,7,2
2023,REG,00-0037840,K.Williams,LA,48,32,204.0,3,-15.600401715665091,-0.32500836907635605,18,0.375,10.0,275.0,0.20833333333333334,8.59375,9.0,2,13,3
2023,REG,00-0038040,Z.White,LV,19,15,98.0,0,0.7290253781830021,0.03836975674647379,8,0.42105263157894735,4.0,94.0,0.21052631578947367,6.266666666666667,4.0,0,2,0
2023,REG,00-0038041,J.Ferguson,DAL,102,71,761.0,5,32.75242731869886,0.3211022286146947,56,0.5490196078431373,514.0,425.0,5.03921568627451,5.985915492957746,40.0,8,25,5
2023,REG,00-0038045,I.Spiller,LAC,6,6,34.0,0,0.5254501588631997,0.08757502647719995,3,0.5,-5.0,39.0,-0.8333333333333334,6.5,1.0,0,2,0
2023,REG,00-0038046,C.Kolar,BAL,9,7,87.0,1,7.684576356812611,0.8538418174236235,7,0.7777777777777778,88.0,17.0,9.777777777777779,2.4285714285714284,5.0,0,2,1
2023,REG,00-0038090,S.Moore,KC,38,21,244.0,1,-9.618858476804295,-0.2531278546527446,16,0.42105263157894735,339.0,109.0,8.921052631578947,5.190476190476191,13.0,3,7,1
2023,REG,00-0038092,E.Ezukanma,MIA,1,0,0.0,0,-0.912653792192441,-0.912653792192441,0,0.0,8.0,0.0,8.0,0.0,0.0,0,0,0
2023,REG,00-0038098,P.Strong,CLE,8,5,47.0,0,-2.232929656165652,-0.2791162070207065,1,0.125,-5.0,73.0,-0.625,14.6,1.0,1,0,0
2023,REG,00-0038104,T.Thornton,NE,23,13,91.0,0,-13.23960586846806,-0.5756350377594809,5,0.21739130434782608,230.0,50.0,10.0,3.8461538461538463,3.0,0,0,0
2023,REG,00-0038115,D.Bellinger,NYG,28,25,255.0,0,8.481088334228847,0.30289601193674454,13,0.4642857142857143,130.0,134.0,4.642857142857143,5.36,6.0,4,1,0
2023,REG,00-0038117,W.Robinson,NYG,78,60,525.0,1,21.910620719088794,0.2809053938344717,41,0.5256410256410257,410.0,287.0,5.256410256410256,4.783333333333333,29.0,7,3,1
2023,REG,00-0038120,Bre.Hall,NYJ,95,76,591.0,4,6.088125992420817,0.0640855367623244,37,0.3894736842105263,-48.0,649.0,-0.5052631578947369,8.539473684210526,28.0,7,7,2
2023,REG,00-0038122,D.Ridder,ATL,1,1,-6.0,0,-1.51534781605005,-1.51534781605005,0,0.0,-6.0,0.0,-6.0,0.0,0.0,0,0,0
2023,REG,00-0038124,C.Watson,GB,53,28,422.0,5,1.8825399146627033,0.03551962103137176,25,0.4716981132075472,817.0,105.0,15.415094339622641,3.75,20.0,5,13,5
2023,REG,00-0038129,C.Otton,TB,68,47,452.0,4,12.590982239606268,0.1851615035236216,36,0.5294117647058824,452.0,220.0,6.647058823529412,4.680851063829787,22.0,6,12,4
2023,REG,00-0038134,K.Walker,SEA,37,29,259.0,1,3.5109288067906217,0.09488996775109788,16,0.43243243243243246,-79.0,317.0,-2.135135135135135,10.931034482758621,9.0,3,3,0
2023,REG,00-0038389,I.Abanikanda,NYJ,11,7,43.0,0,-1.2154877553111856,-0.11049888684647141,4,0.36363636363636365,6.0,46.0,0.5454545454545454,6.571428571428571,2.0,0,0,0
2023,REG,00-0038393,D.Wicks,GB,58,39,581.0,4,29.15712174092577,0.5027089955332029,35,0.603448275862069,591.0,211.0,10.189655172413794,5.410256410256411,29.0,11,8,2
2023,REG,00-0038394,W.Mallory,IND,26,18,207.0,0,11.680780712864363,0.4492607966486294,14,0.5384615384615384,203.0,89.0,7.8076923076923075,4.944444444444445,11.0,1,1,0
2023,REG,00-0038396,E.Gray,NYG,7,6,22.0,0,-3.749446114990861,-0.5356351592844087,0,0.0,-8.0,40.0,-1.1428571428571428,6.666666666666667,0.0,0,0,0
2023,REG,00-0038397,E.Hull,IND,1,1,6.0,0,-0.108118143049069,-0.108118143049069,0,0.0,3.0,3.0,3.0,3.0,0.0,0,0,0
2023,REG,00-0038454,K.Mitchell,BAL,11,9,93.0,0,2.5917365161389108,0.2356124105580828,7,0.6363636363636364,-2.0,122.0,-0.18181818181818182,13.555555555555555,5.0,1,1,0
2023,REG,00-0038465,M.Heath,GB,24,15,125.0,1,4.743851487571688,0.19766047864882033,11,0.4583333333333333,210.0,35.0,8.75,2.3333333333333335,6.0,0,5,1
2023,REG,00-0038476,T.DeVito,NYG,1,0,0.0,0,-0.947,-0.947,0,0.0,0.0,0.0,0.0,0.0,0.0,0,1,0
2023,REG,00-0038492,J.Brownlee,NYJ,8,5,56.0,1,-4.210068148298882,-0.5262585185373603,4,0.5,62.0,20.0,7.75,4.0,2.0,1,2,1
2023,REG,00-0038496,X.Gipson,NYJ,38,21,229.0,0,-0.6364557228929262,-0.016748834812971743,13,0.34210526315789475,358.0,109.0,9.421052631578947,5.190476190476191,9.0,4,6,0
2023,REG,00-0038542,B.Robinson,ATL,86,58,487.0,4,-12.915696720455134,-0.15018252000529225,38,0.4418604651162791,24.0,519.0,0.27906976744186046,8.948275862068966,24.0,5,12,2
2023,REG,00-0038543,J.Smith-Njigba,SEA,93,63,628.0,4,12.16543197695664,0.13081109652641548,45,0.4838709677419355,569.0,366.0,6.118279569892473,5.809523809523809,29.0,7,10,2
2023,REG,00-0038544,Q.Johnston,LAC,67,38,431.0,2,7.0593832861997905,0.105363929644773,31,0.4626865671641791,861.0,152.0,12.850746268656716,4.0,20.0,5,8,2
2023,REG,00-0038547,L.Schoonmaker,DAL,15,8,65.0,2,-4.434511691703612,-0.2956341127802408,6,0.4,81.0,27.0,5.4,3.375,5.0,0,5,2
2023,REG,00-0038551,K.Miller,NO,11,10,117.0,0,5.604395734902937,0.5094905213548124,6,0.5454545454545454,-8.0,128.0,-0.7272727272727273,12.8,5.0,2,0,0
2023,REG,00-0038555,T.Bigsby,JAX,4,1,6.0,0,-13.688695142627692,-3.422173785656923,1,0.25,6.0,5.0,1.5,5.0,0.0,0,0,0
2023,REG,00-0038558,D.Washington,PIT,10,7,61.0,0,1.191349301050647,0.1191349301050647,6,0.6,11.0,50.0,1.1,7.142857142857143,4.0,0,2,0
2023,REG,00-0038559,Mi.Wilson,ARI,59,38,565.0,3,19.10879741826414,0.32387792234345997,32,0.5423728813559322,720.0,139.0,12.203389830508474,3.6578947368421053,29.0,7,8,3
2023,REG,00-0038563,T.Tucker,LV,34,19,331.0,2,6.242420197464518,0.18360059404307405,15,0.4411764705882353,624.0,28.0,18.352941176470587,1.4736842105263157,12.0,6,4,1
2023,REG,00-0038573,D.Davis,LAC,17,15,66.0,0,-5.9320915481475796,-0.34894656165573995,5,0.29411764705882354,-38.0,115.0,-2.235294117647059,7.666666666666667,0.0,0,1,0
2023,REG,00-0038576,C.Jones,CIN,9,7,64.0,0,2.376261502795389,0.2640290558661543,5,0.5555555555555556,79.0,38.0,8.777777777777779,5.428571428571429,3.0,1,0,0
2023,REG,00-0038589,J.Whyle,TEN,15,9,94.0,1,3.7825518381141463,0.25217012254094306,9,0.6,146.0,40.0,9.733333333333333,4.444444444444445,8.0,1,5,1
2023,REG,00-0038597,C.Brown,CIN,15,14,156.0,1,6.435282231483139,0.42901881543220927,8,0.5333333333333333,-45.0,194.0,-3.0,13.857142857142858,4.0,2,1,0
2023,REG,00-0038606,P.Washington,JAX,21,16,132.0,2,-1.519606132234918,-0.07236219677309133,10,0.47619047619047616,155.0,34.0,7.380952380952381,2.125,5.0,0,3,2
2023,REG,00-0038608,K.Boutte,NE,7,2,19.0,0,-2.691036658477963,-0.3844338083539947,2,0.2857142857142857,125.0,10.0,17.857142857142858,5.0,1.0,0,2,0
2023,REG,00-0038611,C.Rodriguez,WAS,2,2,12.0,0,0.4543300392106177,0.22716501960530885,2,1.0,-7.0,19.0,-3.5,9.5,1.0,0,0,0
2023,REG,00-0038612,A.Perry,NO,18,12,246.0,4,19.071494034456784,1.05952744635871,11,0.6111111111111112,293.0,20.0,16.27777777777778,1.6666666666666667,10.0,5,4,3
2023,REG,00-0038618,X.Hutchinson,HOU,19,8,90.0,0,-6.574253347999136,-0.3460133341052177,5,0.2631578947368421,216.0,20.0,11.368421052631579,2.5,3.0,1,1,0
2023,REG,00-0038619,A.Iosivas,CIN,25,15,116.0,4,5.36112963134657,0.2144451852538628,15,0.6,215.0,35.0,8.6,2.3333333333333335,11.0,0,5,4
2023,REG,00-0038621,D.Douglas,NE,79,49,561.0,0,-5.602887880623223,-0.07092263140029396,33,0.4177215189873418,648.0,336.0,8.20253164556962,6.857142857142857,26.0,6,4,0
2023,REG,00-0038622,D.Vaughn,DAL,7,7,40.0,0,0.7451961804763441,0.10645659721090629,3,0.42857142857142855,-6.0,46.0,-0.8571428571428571,6.571428571428571,1.0,0,0,0
2023,REG,00-0038627,A.Green,DET,2,1,2.0,0,-3.538327306450806,-1.769163653225403,0,0.0,11.0,1.0,5.5,1.0,0.0,0,1,0
2023,REG,00-0038632,C.Dowell,TEN,2,1,3.0,0,-2.6527392360731037,-1.3263696180365518,0,0.0,40.0,0.0,20.0,0.0,0.0,0,0,0
2023,REG,00-0038640,J.Brooks,DAL,6,6,64.0,0,3.854870769922859,0.6424784616538098,5,0.8333333333333334,36.0,28.0,6.0,4.666666666666667,4.0,1,0,0
2023,REG,00-0038647,R.Bell,SF,13,6,68.0,3,6.735426280842983,0.5181097139109987,6,0.46153846153846156,160.0,10.0,12.307692307692308,1.6666666666666667,5.0,1,4,3
2023,REG,00-0038667,E.Cooks,JAX,4,3,38.0,0,3.9043628774344543,0.9760907193586136,2,0.5,33.0,8.0,8.25,2.6666666666666665,2.0,1,1,0
2023,REG,00-0038678,J.Mims,NO,2,0,0.0,0,-1.3712282797787338,-0.6856141398893669,0,0.0,10.0,0.0,5.0,0.0,0.0,0,1,0
2023,REG,00-0038705,E.Demercado,ARI,30,21,119.0,0,-14.946506310184349,-0.498216877006145,5,0.16666666666666666,27.0,109.0,0.9,5.190476190476191,4.0,1,1,0
2023,REG,00-0038720,J.Hill,MIA,10,6,48.0,0,-4.413320557694412,-0.44133205576944123,3,0.3,29.0,30.0,2.9,5.0,2.0,0,2,0
2023,REG,00-0038738,H.Luepke,DAL,4,3,18.0,0,-1.23849394835997,-0.3096234870899925,2,0.5,-2.0,16.0,-0.5,5.333333333333333,1.0,0,0,0
2023,REG,00-0038752,J.Bobo,SEA,25,19,196.0,2,8.033546223537979,0.3213418489415191,12,0.48,150.0,87.0,6.0,4.578947368421052,9.0,3,4,2
2023,REG,00-0038783,N.Adkins,DEN,5,4,22.0,0,1.5452797129400981,0.3090559425880196,2,0.4,-5.0,24.0,-1.0,6.0,1.0,0,0,0
2023,REG,00-0038794,J.McLaughlin,DEN,36,31,160.0,2,1.97124671394542,0.054756853165150554,17,0.4722222222222222,-140.0,290.0,-3.888888888888889,9.35483870967742,5.0,1,7,1
2023,REG,00-0038797,Em.Wilson,GB,5,4,23.0,0,0.8509028874395884,0.17018057748791768,3,0.6,-4.0,30.0,-0.8,7.5,1.0,0,0,0
2023,REG,00-0038809,B.Sims,GB,6,4,21.0,1,2.013926566287406,0.33565442771456766,4,0.6666666666666666,30.0,18.0,5.0,4.5,3.0,0,2,1
2023,REG,00-0038821,R.Jarrett,TB,9,4,60.0,0,-1.1475128345191479,-0.1275014260576831,3,0.3333333333333333,142.0,27.0,15.777777777777779,6.75,1.0,1,0,0
2023,REG,00-0038862,E.Dotson,LAC,2,2,13.0,0,0.3764428426511582,0.1882214213255791,2,1.0,-1.0,14.0,-0.5,7.0,0.0,0,0,0
2023,REG,00-0038891,S.Jackson,CIN,1,0,0.0,0,-0.856143947923556,-0.856143947923556,0,0.0,30.0,0.0,30.0,0.0,0.0,0,0,0
2023,REG,00-0038933,D.Kincaid,BUF,91,73,673.0,2,12.599507631164265,0.13845612781499192,52,0.5714285714285714,538.0,315.0,5.912087912087912,4.315068493150685,29.0,5,9,0
2023,REG,00-0038935,B.Strange,JAX,9,5,35.0,1,-0.46192139575155305,-0.05132459952795034,3,0.3333333333333333,68.0,28.0,7.555555555555555,5.6,2.0,0,4,1
2023,REG,00-0038938,J.Hyatt,NYG,40,23,373.0,0,3.065157991046408,0.07662894977616021,19,0.475,841.0,48.0,21.025,2.0869565217391304,11.0,7,0,0
2023,REG,00-0038941,T.Scott,CHI,32,17,168.0,0,-11.0538348869636,-0.3454323402176125,13,0.40625,370.0,70.0,11.5625,4.117647058823529,10.0,1,5,0
2023,REG,00-0038951,S.Tucker,TB,2,2,9.0,0,-0.171700917882845,-0.0858504589414225,1,0.5,-3.0,12.0,-1.5,6.0,0.0,0,0,0
2023,REG,00-0038976,M.Mims,DEN,33,22,377.0,1,9.032453146143995,0.2737107013983029,14,0.42424242424242425,497.0,154.0,15.06060606060606,7.0,9.0,6,1,0
2023,REG,00-0038977,N.Dell,HOU,68,42,659.0,6,28.925703187138588,0.4253779880461557,37,0.5441176470588235,945.0,146.0,13.897058823529411,3.4761904761904763,31.0,10,8,2
2023,REG,00-0038977,T.Dell,HOU,8,5,50.0,1,1.149580082964322,0.14369751037054024,4,0.5,125.0,6.0,15.625,1.2,3.0,0,1,1
2023,REG,00-0038979,C.Tillman,CLE,44,21,224.0,0,-26.516042324695917,-0.6026373255612708,19,0.4318181818181818,468.0,88.0,10.636363636363637,4.190476190476191,12.0,1,7,0
2023,REG,00-0038994,J.Addison,MIN,108,70,911.0,10,26.098682321514296,0.2416544659399472,50,0.46296296296296297,1347.0,262.0,12.472222222222221,3.742857142857143,38.0,15,17,5
2023,REG,00-0038996,T.Kraft,GB,40,31,355.0,2,17.774812822950835,0.4443703205737709,28,0.7,156.0,232.0,3.9,7.483870967741935,18.0,5,8,2
2023,REG,00-0038997,J.Downs,IND,98,68,771.0,2,26.507601022795903,0.2704857247224072,51,0.5204081632653061,707.0,371.0,7.214285714285714,5.455882352941177,30.0,10,10,1
2023,REG,00-0039021,R.Johnson,CHI,40,34,209.0,0,-6.066275085396024,-0.1516568771349006,12,0.3,-33.0,247.0,-0.825,7.264705882352941,6.0,2,4,0
2023,REG,00-0039032,T.Spears,TEN,70,52,385.0,1,-1.3609572621010995,-0.01944224660144428,26,0.37142857142857144,-12.0,460.0,-0.17142857142857143,8.846153846153847,17.0,4,6,0
2023,REG,00-0039040,D.Achane,MIA,37,27,197.0,3,1.4917189273669667,0.040316727766674776,16,0.43243243243243246,26.0,262.0,0.7027027027027027,9.703703703703704,10.0,2,6,3
2023,REG,00-0039041,E.Higgins,ARI,19,14,163.0,1,10.236289127060447,0.5387520593189709,10,0.5263157894736842,128.0,67.0,6.7368421052631575,4.785714285714286,9.0,3,2,1
2023,REG,00-0039050,P.Durham,TB,7,5,58.0,0,3.690755104529673,0.5272507292185248,5,0.7142857142857143,69.0,16.0,9.857142857142858,3.2,3.0,1,1,0
2023,REG,00-0039052,T.Palmer,TB,69,39,385.0,3,-9.260565892752014,-0.13421109989495672,26,0.37681159420289856,736.0,103.0,10.666666666666666,2.641025641025641,17.0,6,4,2
2023,REG,00-0039062,J.Mingo,CAR,85,43,418.0,0,-24.64594388265273,-0.28995228097238507,28,0.32941176470588235,921.0,155.0,10.83529411764706,3.604651162790698,15.0,6,3,0
2023,REG,00-0039064,Z.Flowers,BAL,109,77,858.0,5,28.935609554954258,0.265464307843617,58,0.5321100917431193,921.0,387.0,8.44954128440367,5.025974025974026,41.0,12,16,3
2023,REG,00-0039065,S.LaPorta,DET,122,86,889.0,10,40.43289501998988,0.331417172294999,71,0.5819672131147541,851.0,358.0,6.975409836065574,4.162790697674419,48.0,8,18,8
2023,REG,00-0039066,M.Mayer,LV,41,27,304.0,2,17.777388369455473,0.43359483827940176,22,0.5365853658536586,227.0,164.0,5.536585365853658,6.074074074074074,19.0,2,8,2
2023,REG,00-0039067,R.Rice,KC,102,79,938.0,7,39.47241514699519,0.386984462225443,59,0.5784313725490197,491.0,654.0,4.813725490196078,8.278481012658228,44.0,10,22,6
2023,REG,00-0039074,D.Allen,LA,11,10,95.0,1,9.994334343646198,0.9085758494223817,8,0.7272727272727273,24.0,74.0,2.1818181818181817,7.4,7.0,1,2,1
2023,REG,00-0039075,P.Nacua,LA,160,105,1486.0,6,67.80774026007684,0.42379837662548026,88,0.55,1453.0,639.0,9.08125,6.085714285714285,68.0,25,16,3
2023,REG,00-0039139,J.Gibbs,DET,72,52,316.0,1,-12.100235076663637,-0.16805882050921717,30,0.4166666666666667,8.0,314.0,0.1111111111111111,6.038461538461538,20.0,2,8,1
2023,REG,00-0039144,L.Musgrave,GB,46,34,352.0,1,12.02978732751311,0.2615171158155024,23,0.5,344.0,169.0,7.478260869565218,4.970588235294118,14.0,5,6,1
2023,REG,00-0039146,J.Reed,GB,95,64,793.0,8,34.3522616618623,0.36160275433539263,47,0.49473684210526314,970.0,335.0,10.210526315789474,5.234375,32.0,13,18,5
2023,REG,00-0039163,C.Stroud,HOU,1,1,0.0,0,-0.873243719805032,-0.873243719805032,0,0.0,-1.0,1.0,-1.0,1.0,0.0,0,0,0
2023,REG,00-0039165,Z.Charbonnet,SEA,40,33,209.0,0,-4.693211384527833,-0.11733028461319583,16,0.4,-41.0,248.0,-1.025,7.515151515151516,7.0,1,1,0
2024,POST,00-0030061,Z.Ertz,WAS,25,18,155.0,1,16.667388534133064,0.6666955413653226,16,0.64,171.0,39.0,6.84,2.1666666666666665,13.0,1,4,1
2024,POST,00-0030431,R.Woods,HOU,4,2,22.0,0,0.0037892351113929523,0.0009473087778482381,2,0.5,34.0,2.0,8.5,1.0,2.0,0,1,0
2024,POST,00-0030506,T.Kelce,KC,19,13,175.0,1,10.039504190252151,0.5283949573816922,10,0.5263157894736842,116.0,85.0,6.105263157894737,6.538461538461538,7.0,2,3,1
2024,POST,00-0030564,D.Hopkins,KC,9,3,29.0,1,-5.213813821828682,-0.5793126468698535,4,0.4444444444444444,70.0,4.0,7.777777777777778,1.3333333333333333,3.0,0,3,1
2024,POST,00-0031408,M.Evans,TB,7,7,92.0,1,10.104560084699177,1.4435085835284538,7,1.0,63.0,29.0,9.0,4.142857142857143,7.0,2,1,1
2024,POST,00-0031544,A.Cooper,BUF,8,6,41.0,0,-0.21780888762061168,-0.02722611095257646,4,0.5,33.0,23.0,4.125,3.8333333333333335,1.0,0,1,0
2024,POST,00-0031549,N.Agholor,BAL,2,1,25.0,0,0.788622336869594,0.394311168434797,1,0.5,18.0,9.0,9.0,9.0,1.0,1,0,0
2024,POST,00-0031941,J.Crowder,WAS,5,3,29.0,0,1.571093394304618,0.3142186788609236,2,0.4,30.0,13.0,6.0,4.333333333333333,1.0,0,0,0
2024,POST,00-0032464,K.Raymond,DET,3,3,37.0,0,3.249270967789922,1.0830903225966406,3,1.0,13.0,24.0,4.333333333333333,8.0,2.0,0,1,0
2024,POST,00-0032764,D.Henry,BAL,2,0,0.0,0,-1.2908255075611739,-0.6454127537805869,0,0.0,16.0,0.0,8.0,0.0,0.0,0,1,0
2024,POST,00-0032775,D.Robinson,LA,9,4,97.0,0,5.404309517471117,0.6004788352745686,4,0.4444444444444444,162.0,8.0,18.0,2.0,4.0,2,1,0
2024,POST,00-0032918,C.Ham,MIN,1,1,8.0,0,0.50816769071389,0.50816769071389,1,1.0,5.0,3.0,5.0,3.0,0.0,0,0,0
2024,POST,00-0033110,T.Higbee,LA,15,12,112.0,1,5.653037060017107,0.3768691373344738,9,0.6,57.0,63.0,3.8,5.25,5.0,2,5,1
2024,POST,00-0033246,J.Mundt,MIN,3,2,28.0,0,1.699588802526709,0.5665296008422364,2,0.6666666666666666,11.0,19.0,3.6666666666666665,9.5,2.0,1,0,0
2024,POST,00-0033282,C.Samuel,BUF,8,6,81.0,2,11.706989317666736,1.463373664708342,5,0.625,36.0,50.0,4.5,8.333333333333334,4.0,1,1,1
2024,POST,00-0033293,A.Jones,MIN,6,3,12.0,0,-2.359975936065897,-0.39332932267764953,2,0.3333333333333333,-24.0,18.0,-4.0,6.0,0.0,0,0,0
2024,POST,00-0033375,T.Patrick,DET,4,1,22.0,0,-9.253610814572319,-2.3134027036430798,1,0.25,55.0,18.0,13.75,18.0,1.0,1,1,0
2024,POST,00-0033526,S.Perine,KC,3,1,17.0,0,1.2524722505049453,0.4174907501683151,1,0.3333333333333333,-1.0,17.0,-0.3333333333333333,17.0,1.0,0,1,0
2024,POST,00-0033536,M.Williams,PIT,2,1,37.0,0,3.103762015234675,1.5518810076173375,1,0.5,25.0,17.0,12.5,17.0,1.0,1,0,0
2024,POST,00-0033555,M.Hollins,BUF,8,5,104.0,1,8.123640847043132,1.0154551058803916,4,0.5,156.0,17.0,19.5,3.4,4.0,2,0,0
2024,POST,00-0033699,A.Ekeler,WAS,16,12,84.0,0,-10.462665021238191,-0.6539165638273869,6,0.375,25.0,90.0,1.5625,7.5,3.0,1,4,0
2024,POST,00-0033854,D.Ogunbowale,HOU,1,1,0.0,0,-0.359966821793932,-0.359966821793932,0,0.0,-6.0,6.0,-6.0,6.0,0.0,0,0,0
2024,POST,00-0033857,J.Smith-Schuster,KC,6,4,76.0,0,2.231302225729458,0.371883704288243,3,0.5,50.0,47.0,8.333333333333334,11.75,3.0,2,0,0
2024,POST,00-0033897,J.Mixon,HOU,5,3,25.0,0,-0.384349774145534,-0.0768699548291068,3,0.6,2.0,24.0,0.4,8.0,1.0,0,1,0
2024,POST,00-0033908,C.Kupp,LA,8,6,90.0,0,7.770876617229078,0.9713595771536347,5,0.625,128.0,11.0,16.0,1.8333333333333333,4.0,2,2,0
2024,POST,00-0033923,K.Hunt,KC,3,3,13.0,0,0.9272520134691116,0.30908400448970386,2,0.6666666666666666,-2.0,15.0,-0.6666666666666666,5.0,0.0,0,0,0
2024,POST,00-0034159,W.Dissly,LAC,5,2,16.0,0,-8.74730914551765,-1.7494618291035302,2,0.4,31.0,14.0,6.2,7.0,0.0,0,0,0
2024,POST,00-0034348,C.Sutton,DEN,9,5,75.0,0,-0.8201243115642949,-0.09112492350714388,5,0.5555555555555556,157.0,12.0,17.444444444444443,2.4,4.0,1,0,0
2024,POST,00-0034351,D.Goedert,PHI,20,17,215.0,1,13.222113525611348,0.6611056762805674,14,0.7,115.0,129.0,5.75,7.588235294117647,9.0,4,1,0
2024,POST,00-0034353,A.Miller,BAL,4,4,28.0,0,1.5514424276771002,0.38786060691927504,2,0.5,15.0,13.0,3.75,3.25,1.0,0,0,0
2024,POST,00-0034383,D.Schultz,HOU,8,6,86.0,0,4.16565647075185,0.5207070588439813,5,0.625,93.0,23.0,11.625,3.8333333333333335,4.0,1,0,0
2024,POST,00-0034386,Ju.Watson,KC,2,0,0.0,0,2.106,1.053,2,1.0,0.0,0.0,0.0,0.0,0.0,0,2,0
2024,POST,00-0034487,T.Sherfield,MIN,3,2,8.0,0,-3.506559046683835,-1.1688530155612782,1,0.3333333333333333,22.0,2.0,7.333333333333333,1.0,0.0,0,0,0
2024,POST,00-0034753,M.Andrews,BAL,11,7,88.0,0,0.04200855786632751,0.003818959806029774,5,0.45454545454545453,81.0,32.0,7.363636363636363,4.571428571428571,5.0,1,1,0
2024,POST,00-0034777,D.Chark,LAC,4,1,10.0,0,-4.793533471614702,-1.1983833679036755,0,0.0,69.0,6.0,17.25,6.0,0.0,0,0,0
2024,POST,00-0034844,S.Barkley,PHI,15,13,75.0,0,4.352604650252022,0.29017364335013485,8,0.5333333333333333,-14.0,92.0,-0.9333333333333333,7.076923076923077,3.0,1,0,0
2024,POST,00-0034928,S.Sims,BAL,1,1,4.0,0,-0.099835739005357,-0.099835739005357,0,0.0,-3.0,7.0,-3.0,7.0,0.0,0,0,0
2024,POST,00-0034970,I.Smith,HOU,1,1,2.0,0,-0.359579039271921,-0.359579039271921,0,0.0,2.0,0.0,2.0,0.0,0.0,0,0,0
2024,POST,00-0034975,J.Hill,BAL,6,6,20.0,1,2.63689925966901,0.439483209944835,3,0.5,-10.0,30.0,-1.6666666666666667,5.0,3.0,0,1,1
2024,POST,00-0035208,O.Zaccheaus,WAS,11,7,45.0,0,2.2292141055078223,0.20265582777343838,7,0.6363636363636364,36.0,36.0,3.272727272727273,5.142857142857143,4.0,0,3,0
2024,POST,00-0035216,D.Johnson,HOU,1,1,12.0,0,-0.0697804461354243,-0.0697804461354243,0,0.0,8.0,4.0,8.0,4.0,0.0,0,0,0
2024,POST,00-0035229,T.Hockenson,MIN,5,5,64.0,1,6.590606097597626,1.3181212195195253,4,0.8,33.0,31.0,6.6,6.2,3.0,1,0,0
2024,POST,00-0035249,J.Oliver,MIN,1,1,5.0,0,0.0395194492302835,0.0395194492302835,1,1.0,-2.0,7.0,-2.0,7.0,0.0,0,0,0
2024,POST,00-0035537,Ty.Johnson,BUF,4,4,34.0,1,4.244639366574118,1.0611598416435295,3,0.75,20.0,14.0,5.0,3.5,3.0,1,0,0
2024,POST,00-0035659,T.McLaurin,WAS,23,14,227.0,3,15.229309841939253,0.6621439061712718,12,0.5217391304347826,209.0,130.0,9.08695652173913,9.285714285714286,10.0,3,5,1
2024,POST,00-0035662,M.Brown,KC,13,5,50.0,0,-7.783623858489267,-0.5987402968068667,4,0.3076923076923077,167.0,26.0,12.846153846153847,5.2,3.0,0,2,0
2024,POST,00-0035676,A.Brown,PHI,23,12,163.0,2,12.5914120853413,0.5474526993626653,12,0.5217391304347826,315.0,48.0,13.695652173913043,4.0,12.0,2,3,2
2024,POST,00-0035689,D.Knox,BUF,6,4,45.0,0,-0.20555989950662812,-0.034259983251104686,3,0.5,69.0,17.0,11.5,4.25,2.0,1,2,0
2024,POST,00-0035700,J.Jacobs,GB,3,3,40.0,0,3.362518582725897,1.120839527575299,3,1.0,6.0,34.0,2.0,11.333333333333334,3.0,0,0,0
2024,POST,00-0036158,J.Dobbins,LAC,1,0,0.0,0,-1.51140596927144,-1.51140596927144,0,0.0,0.0,0.0,0.0,0.0,0.0,0,0,0
2024,POST,00-0036244,C.Parkinson,LA,4,4,22.0,1,2.344131296849811,0.5860328242124527,3,0.75,14.0,8.0,3.5,2.0,1.0,0,1,1
2024,POST,00-0036322,J.Jefferson,MIN,9,5,58.0,0,-3.6353179575909698,-0.40392421751010776,2,0.2222222222222222,149.0,11.0,16.555555555555557,2.2,2.0,1,1,0
2024,POST,00-0036415,V.Jefferson,PIT,2,2,37.0,1,3.3942138926358854,1.6971069463179427,1,0.5,37.0,0.0,18.5,0.0,1.0,1,0,0
2024,POST,00-0036422,A.Trautman,DEN,1,1,2.0,0,-0.374200855381787,-0.374200855381787,0,0.0,2.0,0.0,2.0,0.0,0.0,0,0,0
2024,POST,00-0036550,R.Bateman,BAL,7,6,90.0,2,7.027123732987326,1.0038748189981894,4,0.5714285714285714,107.0,13.0,15.285714285714286,2.1666666666666665,4.0,1,2,2
2024,POST,00-0036554,N.Collins,HOU,16,12,203.0,1,15.982192596071403,0.9988870372544627,11,0.6875,214.0,67.0,13.375,5.583333333333333,11.0,3,2,1
2024,POST,00-0036626,D.Brown,WAS,18,14,229.0,1,9.340190896401456,0.5188994942445253,10,0.5555555555555556,190.0,91.0,10.555555555555555,6.5,9.0,6,3,1
2024,POST,00-0036628,J.Bates,WAS,5,3,31.0,0,1.4790618664410453,0.2958123732882091,2,0.4,26.0,5.0,5.2,1.6666666666666667,2.0,1,2,0
2024,POST,00-0036630,T.Wallace,BAL,3,2,48.0,0,2.8247953017707905,0.9415984339235969,2,0.6666666666666666,26.0,26.0,8.666666666666666,13.0,2.0,2,0,0
2024,POST,00-0036637,N.Gray,KC,4,4,15.0,0,-1.592914151260629,-0.39822853781515727,1,0.25,11.0,4.0,2.75,1.0,0.0,0,0,0
2024,POST,00-0036849,T.Atwell,LA,1,1,18.0,0,1.48179260850884,1.48179260850884,1,1.0,18.0,0.0,18.0,0.0,1.0,0,0,0
2024,POST,00-0036893,N.Harris,PIT,3,3,41.0,0,3.3009113520383853,1.1003037840127952,3,1.0,-8.0,49.0,-2.6666666666666665,16.333333333333332,1.0,1,0,0
2024,POST,00-0036894,P.Freiermuth,PIT,4,3,15.0,0,-3.1080594456288972,-0.7770148614072243,0,0.0,14.0,5.0,3.5,1.6666666666666667,0.0,0,0,0
2024,POST,00-0036912,D.Smith,PHI,17,16,190.0,1,15.179889124294267,0.892934654370251,15,0.8823529411764706,131.0,65.0,7.705882352941177,4.0625,7.0,3,1,0
2024,POST,00-0036919,K.Gainwell,PHI,3,3,26.0,0,1.4787214866373695,0.4929071622124565,3,1.0,-8.0,34.0,-2.6666666666666665,11.333333333333334,1.0,0,0,0
2024,POST,00-0036963,A.St. Brown,DET,10,8,137.0,0,10.519162751676056,1.0519162751676057,8,0.8,89.0,61.0,8.9,7.625,7.0,3,0,0
2024,POST,00-0036997,J.Williams,DEN,2,2,14.0,0,0.15582731261383698,0.07791365630691849,1,0.5,1.0,13.0,0.5,6.5,0.0,0,0,0
2024,POST,00-0037004,H.Long,LA,2,1,13.0,0,0.376875165617093,0.1884375828085465,1,0.5,49.0,0.0,24.5,0.0,1.0,0,0,0
2024,POST,00-0037086,G.Calcaterra,PHI,1,1,4.0,0,-0.377142621204257,-0.377142621204257,0,0.0,4.0,0.0,4.0,0.0,0.0,0,0,0
2024,POST,00-0037091,B.Melton,GB,3,1,16.0,0,-3.201662306244467,-1.0672207687481556,1,0.3333333333333333,64.0,0.0,21.333333333333332,0.0,1.0,0,1,0
2024,POST,00-0037197,I.Pacheco,KC,5,3,17.0,0,-0.7393100633635187,-0.14786201267270374,2,0.4,-1.0,19.0,-0.2,6.333333333333333,2.0,0,1,0
2024,POST,00-0037228,J.Warren,PIT,5,4,19.0,0,-0.6774206690024571,-0.13548413380049143,3,0.6,-11.0,28.0,-2.2,7.0,1.0,0,0,0
2024,POST,00-0037240,Ja.Williams,DET,4,1,19.0,0,-3.616179080680011,-0.9040447701700027,1,0.25,111.0,0.0,27.75,0.0,1.0,0,1,0
2024,POST,00-0037247,G.Pickens,PIT,5,5,87.0,1,8.422809025854793,1.6845618051709585,5,1.0,66.0,21.0,13.2,4.2,4.0,2,0,0
2024,POST,00-0037248,J.Cook,BUF,6,6,64.0,0,3.0205668883863734,0.5034278147310622,4,0.6666666666666666,-12.0,76.0,-2.0,12.666666666666666,2.0,1,0,0
2024,POST,00-0037256,R.White,TB,2,2,14.0,0,1.220492133870723,0.6102460669353615,2,1.0,4.0,10.0,2.0,5.0,0.0,0,0,0
2024,POST,00-0037258,D.Pierce,HOU,1,0,0.0,0,-1.82362769078463,-1.82362769078463,0,0.0,-5.0,0.0,-5.0,0.0,0.0,0,0,0
2024,POST,00-0037261,K.Shakir,BUF,20,18,174.0,0,8.41754857971646,0.420877428985823,11,0.55,103.0,99.0,5.15,5.5,7.0,2,0,0
2024,POST,00-0037291,J.Nailor,MIN,5,3,33.0,0,0.03591683763079828,0.007183367526159656,2,0.4,72.0,8.0,14.4,2.6666666666666665,2.0,0,0,0
2024,POST,00-0037539,L.Krull,DEN,1,1,2.0,0,-0.0172514857258648,-0.0172514857258648,0,0.0,2.0,0.0,2.0,0.0,0.0,0,0,0
2024,POST,00-0037614,J.Metchie,HOU,10,6,63.0,0,-7.18159060337349,-0.718159060337349,3,0.3,102.0,10.0,10.2,1.6666666666666667,3.0,1,0,0
2024,POST,00-0037617,H.Haskins,LAC,1,0,0.0,0,-0.830898538930342,-0.830898538930342,0,0.0,3.0,0.0,3.0,0.0,0.0,0,0,0
2024,POST,00-0037654,T.Fisk,LAC,1,1,15.0,0,1.14826546737459,1.14826546737459,1,1.0,13.0,2.0,13.0,2.0,1.0,0,0,0
2024,POST,00-0037741,J.Dotson,PHI,5,3,53.0,1,2.960391588567287,0.5920783177134574,3,0.6,45.0,17.0,9.0,5.666666666666667,3.0,1,2,1
2024,POST,00-0037746,B.Robinson,WAS,5,4,22.0,0,-1.5269670896814196,-0.30539341793628394,2,0.4,-3.0,28.0,-0.6,7.0,1.0,0,1,0
2024,POST,00-0037816,R.Doubs,GB,2,2,13.0,0,1.11413303622976,0.55706651811488,2,1.0,11.0,2.0,5.5,1.0,1.0,0,0,0
2024,POST,00-0037837,C.Austin,PIT,2,1,25.0,0,0.4672959924209903,0.23364799621049515,1,0.5,67.0,1.0,33.5,1.0,1.0,1,0,0
2024,POST,00-0037838,I.Likely,BAL,10,7,126.0,1,7.873693210669552,0.7873693210669552,6,0.6,123.0,41.0,12.3,5.857142857142857,4.0,3,1,0
2024,POST,00-0037840,K.Williams,LA,5,4,15.0,1,-0.7811681546736593,-0.15623363093473186,2,0.4,-8.0,21.0,-1.6,5.25,1.0,0,2,1
2024,POST,00-0038129,C.Otton,TB,2,2,32.0,0,2.514216898591256,1.257108449295628,2,1.0,13.0,19.0,6.5,9.5,2.0,1,0,0
2024,POST,00-0038393,D.Wicks,GB,6,2,39.0,0,1.036382807069459,0.17273046784490984,2,0.3333333333333333,144.0,2.0,24.0,1.0,2.0,1,0,0
2024,POST,00-0038465,M.Heath,GB,4,0,0.0,0,-8.324843387701552,-2.081210846925388,0,0.0,25.0,0.0,6.25,0.0,0.0,0,1,0
2024,POST,00-0038544,Q.Johnston,LAC,5,0,0.0,0,-9.589849886833694,-1.9179699773667387,0,0.0,86.0,0.0,17.2,0.0,0.0,0,0,0
2024,POST,00-0038558,D.Washington,PIT,3,1,9.0,0,0.177516100113276,0.059172033371092,1,0.3333333333333333,15.0,5.0,5.0,5.0,0.0,0,0,0
2024,POST,00-0038573,D.Davis,LAC,1,1,4.0,0,-0.417262754868716,-0.417262754868716,0,0.0,-7.0,11.0,-7.0,11.0,0.0,0,0,0
2024,POST,00-0038618,X.Hutchinson,HOU,7,5,86.0,0,6.323326671437827,0.9033323816339752,5,0.7142857142857143,87.0,25.0,12.428571428571429,5.0,2.0,1,1,0
2024,POST,00-0038685,C.Brooks,GB,3,2,9.0,0,-0.11513960163574699,-0.038379867211915664,1,0.3333333333333333,-11.0,18.0,-3.6666666666666665,9.0,0.0,0,0,0
2024,POST,00-0038728,J.Wayne,HOU,2,0,0.0,0,-1.493777231313288,-0.746888615656644,0,0.0,40.0,0.0,20.0,0.0,0.0,0,0,0
2024,POST,00-0038794,J.McLaughlin,DEN,1,1,0.0,0,-3.31237079255516,-3.31237079255516,0,0.0,-2.0,2.0,-2.0,2.0,0.0,0,1,0
2024,POST,00-0038797,Em.Wilson,GB,3,1,23.0,0,0.548430210711284,0.18281007023709464,1,0.3333333333333333,7.0,30.0,2.3333333333333335,30.0,1.0,1,1,0
2024,POST,00-0038933,D.Kincaid,BUF,9,6,71.0,0,0.12404835066990483,0.01378315007443387,5,0.5555555555555556,98.0,22.0,10.88888888888889,3.6666666666666665,2.0,1,0,0
2024,POST,00-0038976,M.Mims,DEN,4,2,12.0,0,0.9223519276129049,0.2305879819032262,1,0.25,38.0,3.0,9.5,1.5,1.0,0,0,0
2024,POST,00-0038994,J.Addison,MIN,8,3,29.0,0,-4.027720332145684,-0.5034650415182105,3,0.375,154.0,0.0,19.25,0.0,2.0,0,0,0
2024,POST,00-0038996,T.Kraft,GB,5,5,26.0,0,0.11215660750168177,0.022431321500336353,3,0.6,5.0,21.0,1.0,4.2,1.0,0,1,0
2024,POST,00-0039065,S.LaPorta,DET,7,6,51.0,1,1.582399241568055,0.22605703450972214,6,0.8571428571428571,29.0,22.0,4.142857142857143,3.6666666666666665,3.0,0,1,1
2024,POST,00-0039074,D.Allen,LA,2,1,13.0,1,2.300397940853148,1.150198970426574,1,0.5,10.0,8.0,5.0,8.0,1.0,0,1,1
2024,POST,00-0039075,P.Nacua,LA,23,11,141.0,0,-3.1371826290851623,-0.13639924474283313,8,0.34782608695652173,207.0,59.0,9.0,5.363636363636363,6.0,3,3,0
2024,POST,00-0039139,J.Gibbs,DET,11,6,70.0,0,-1.8996372856199715,-0.17269429869272468,4,0.36363636363636365,52.0,51.0,4.7272727272727275,8.5,5.0,1,1,0
2024,POST,00-0039146,J.Reed,GB,4,4,46.0,0,3.4364705638727124,0.8591176409681781,3,0.75,26.0,20.0,6.5,5.0,3.0,1,0,0
2024,POST,00-0039236,J.Wilson,PHI,1,0,0.0,0,-0.623374897055328,-0.623374897055328,0,0.0,2.0,0.0,2.0,0.0,0.0,0,0,0
2024,POST,00-0039355,L.McCaffrey,WAS,1,0,0.0,0,-1.14603412616998,-1.14603412616998,0,0.0,10.0,0.0,10.0,0.0,0.0,0,0,0
2024,POST,00-0039359,C.Stover,HOU,4,4,28.0,0,0.6378559030126788,0.1594639757531697,2,0.5,9.0,19.0,2.25,4.75,1.0,0,0,0
2024,POST,00-0039361,B.Irving,TB,2,2,6.0,1,0.8239105539978471,0.41195527699892354,1,0.5,-6.0,12.0,-3.0,6.0,1.0,0,1,1
2024,POST,00-0039424,D.Vele,DEN,2,0,0.0,0,-1.36714716127608,-0.68357358063804,0,0.0,17.0,0.0,8.5,0.0,0.0,0,0,0
2024,POST,00-0039751,J.Whittington,LA,1,1,12.0,0,1.22865316976095,1.22865316976095,1,1.0,11.0,1.0,11.0,1.0,1.0,0,0,0
2024,POST,00-0039855,J.McMillan,TB,4,2,41.0,0,-0.18811900745718413,-0.04702975186429603,2,0.5,63.0,11.0,15.75,5.5,2.0,1,0,0
2024,POST,00-0039868,T.Franklin,DEN,3,2,54.0,1,3.6005604919046164,1.2001868306348722,2,0.6666666666666666,60.0,0.0,20.0,0.0,2.0,1,0,0
2024,POST,00-0039894,X.Worthy,KC,21,19,287.0,3,21.85957297068701,1.040932046223191,15,0.7142857142857143,169.0,112.0,8.047619047619047,5.894736842105263,13.0,6,6,1
2024,POST,00-0039901,K.Coleman,BUF,9,3,22.0,0,-3.548616093597838,-0.39429067706642645,3,0.3333333333333333,123.0,4.0,13.666666666666666,1.3333333333333333,1.0,0,2,0
2024,POST,00-0039912,B.Sinnott,WAS,1,1,23.0,0,3.98421560344286,3.98421560344286,1,1.0,16.0,7.0,16.0,7.0,1.0,1,0,0
2024,POST,00-0039915,L.McConkey,LAC,14,9,197.0,1,8.27115664782469,0.5907969034160493,9,0.6428571428571429,210.0,79.0,15.0,8.777777777777779,8.0,1,0,0
2024,REG,00-0024243,M.Lewis,CHI,1,1,2.0,0,0.0646047429181635,0.0646047429181635,1,1.0,1.0,1.0,1.0,1.0,1.0,0,0,0
2024,REG,00-0029892,K.Juszczyk,SF,31,19,200.0,2,-0.08475676236147134,-0.0027340891084345594,14,0.45161290322580644,193.0,93.0,6.225806451612903,4.894736842105263,8.0,3,2,1
2024,REG,00-0030035,A.Thielen,CAR,62,48,615.0,5,40.429083193776684,0.6520819869963981,39,0.6290322580645161,692.0,152.0,11.161290322580646,3.1666666666666665,28.0,9,8,2
2024,REG,00-0030061,Z.Ertz,WAS,93,66,654.0,7,30.98254147551232,0.33314560726357334,57,0.6129032258064516,686.0,187.0,7.376344086021505,2.8333333333333335,38.0,7,23,7
2024,REG,00-0030279,K.Allen,CHI,123,70,744.0,7,21.27083989555051,0.17293365768740251,53,0.43089430894308944,1115.0,240.0,9.065040650406504,3.4285714285714284,43.0,9,17,5
2024,REG,00-0030431,R.Woods,HOU,30,20,203.0,0,0.9846309969664524,0.03282103323221508,13,0.43333333333333335,284.0,73.0,9.466666666666667,3.65,12.0,2,3,0
2024,REG,00-0030506,T.Kelce,KC,134,97,823.0,3,20.626750875772736,0.15393097668487116,75,0.5597014925373134,883.0,341.0,6.58955223880597,3.515463917525773,47.0,10,27,3
2024,REG,00-0030564,D.Hopkins,KC,59,41,437.0,4,22.093545504989727,0.37446687296592757,33,0.559322033898305,659.0,108.0,11.169491525423728,2.6341463414634148,25.0,4,9,4
2024,REG,00-0030564,D.Hopkins,TEN,21,15,181.0,1,-2.8843195407534767,-0.13734854955968936,14,0.6666666666666666,237.0,9.0,11.285714285714286,0.6,10.0,2,2,1
2024,REG,00-0030578,C.Patterson,PIT,15,12,80.0,1,-4.433692914913871,-0.2955795276609247,7,0.4666666666666667,42.0,56.0,2.8,4.666666666666667,5.0,1,3,1
2024,REG,00-0031235,O.Beckham,MIA,19,9,55.0,0,-11.280472586230427,-0.593709083485812,6,0.3157894736842105,164.0,14.0,8.631578947368421,1.5555555555555556,3.0,0,4,0
2024,REG,00-0031236,B.Cooks,DAL,54,26,259.0,3,-11.122766286566875,-0.20597715345494214,23,0.42592592592592593,634.0,55.0,11.74074074074074,2.1153846153846154,19.0,3,8,2
2024,REG,00-0031299,J.Matthews,CAR,1,0,0.0,0,-0.581935274414718,-0.581935274414718,0,0.0,16.0,0.0,16.0,0.0,0.0,0,0,0
2024,REG,00-0031357,C.Goodwin,DAL,1,0,0.0,0,-2.97731648164336,-2.97731648164336,0,0.0,7.0,0.0,7.0,0.0,0.0,0,0,0
2024,REG,00-0031381,D.Adams,LV,27,18,209.0,1,3.7906772648732274,0.14039545425456398,16,0.5925925925925926,262.0,45.0,9.703703703703704,2.5,10.0,4,4,1
2024,REG,00-0031381,D.Adams,NYJ,115,67,854.0,7,16.941347474129213,0.14731606499242794,53,0.4608695652173913,910.0,428.0,7.913043478260869,6.388059701492537,39.0,12,23,5
2024,REG,00-0031408,M.Evans,TB,110,74,1004.0,11,38.525607347645845,0.3502327940695077,67,0.6090909090909091,1274.0,226.0,11.581818181818182,3.054054054054054,53.0,15,15,7
2024,REG,00-0031428,A.Robinson,DET,7,3,30.0,0,1.337494010900049,0.1910705729857213,3,0.42857142857142855,51.0,4.0,7.285714285714286,1.3333333333333333,3.0,1,0,0
2024,REG,00-0031484,C.Manhertz,NYG,4,3,30.0,1,2.549747477634809,0.6374368694087023,3,0.75,15.0,19.0,3.75,6.333333333333333,2.0,0,1,1
2024,REG,00-0031544,A.Cooper,BUF,32,20,297.0,3,12.232420185348015,0.3822631307921255,17,0.53125,464.0,54.0,14.5,2.7,14.0,6,2,2
2024,REG,00-0031544,A.Cooper,CLE,53,24,250.0,2,-5.325597100774876,-0.1004829641655637,18,0.33962264150943394,697.0,57.0,13.150943396226415,2.375,11.0,2,3,1
2024,REG,00-0031549,N.Agholor,BAL,29,14,231.0,2,7.090263242885364,0.24449183596156426,12,0.41379310344827586,387.0,85.0,13.344827586206897,6.071428571428571,10.0,5,2,2
2024,REG,00-0031585,M.Pruitt,PIT,10,6,40.0,1,-8.000599911758343,-0.8000599911758343,4,0.4,33.0,16.0,3.3,2.6666666666666665,2.0,0,1,1
2024,REG,00-0031588,S.Diggs,HOU,64,47,496.0,3,18.08106901747365,0.28251670339802576,34,0.53125,556.0,185.0,8.6875,3.9361702127659575,31.0,5,5,3
2024,REG,00-0031595,M.Burton,DEN,10,10,65.0,1,4.411656428244898,0.4411656428244898,5,0.5,24.0,41.0,2.4,4.1,3.0,1,2,1
2024,REG,00-0031687,R.Mostert,MIA,24,19,161.0,0,11.0457581063918,0.46023992109965833,12,0.5,14.0,146.0,0.5833333333333334,7.684210526315789,10.0,1,3,0
2024,REG,00-0031690,E.Tomlinson,LAC,4,2,9.0,0,-1.827133686516777,-0.4567834216291943,0,0.0,8.0,12.0,2.0,6.0,0.0,0,1,0
2024,REG,00-0031763,D.Carter,CHI,14,9,72.0,0,-4.037748288712476,-0.28841059205089115,6,0.42857142857142855,155.0,32.0,11.071428571428571,3.5555555555555554,3.0,0,3,0
2024,REG,00-0031941,J.Crowder,WAS,13,9,72.0,2,2.0736022491999755,0.15950786532307504,7,0.5384615384615384,108.0,11.0,8.307692307692308,1.2222222222222223,4.0,0,3,2
2024,REG,00-0032104,A.Abdullah,LV,47,40,261.0,3,11.852883492729356,0.2521890104836033,24,0.5106382978723404,31.0,252.0,0.6595744680851063,6.3,16.0,1,6,3
2024,REG,00-0032128,C.Conley,SF,12,6,76.0,0,-1.8939166229683877,-0.15782638524736564,5,0.4166666666666667,207.0,19.0,17.25,3.1666666666666665,3.0,2,1,0
2024,REG,00-0032141,G.Swaim,CLE,1,1,7.0,0,0.31169758993201,0.31169758993201,1,1.0,2.0,5.0,2.0,5.0,0.0,0,0,0
2024,REG,00-0032211,T.Lockett,SEA,74,49,600.0,2,12.303688607082554,0.16626606225787235,40,0.5405405405405406,783.0,134.0,10.58108108108108,2.7346938775510203,36.0,7,10,1
2024,REG,00-0032381,T.Decker,DET,1,0,0.0,0,-0.367620860051829,-0.367620860051829,0,0.0,2.0,0.0,2.0,0.0,0.0,0,1,0
2024,REG,00-0032385,S.Shepard,TB,52,32,334.0,1,15.618427973854894,0.30035438411259413,27,0.5192307692307693,473.0,99.0,9.096153846153847,3.09375,16.0,4,7,1
2024,REG,00-0032392,A.Hooper,NE,59,45,476.0,3,12.704732686969788,0.21533445232152182,35,0.5932203389830508,386.0,225.0,6.5423728813559325,5.0,25.0,5,9,2
2024,REG,00-0032394,N.Vannett,TEN,20,17,135.0,3,1.826456942071674,0.09132284710358371,13,0.65,22.0,110.0,1.1,6.470588235294118,7.0,1,5,3
2024,REG,00-0032464,K.Raymond,DET,22,17,215.0,2,13.291553911174429,0.6041615414170195,14,0.6363636363636364,176.0,137.0,8.0,8.058823529411764,10.0,3,2,1
2024,REG,00-0032688,R.Chosen,MIA,4,1,5.0,0,-8.406382423301695,-2.1015956058254237,0,0.0,47.0,1.0,11.75,1.0,0.0,0,2,0
2024,REG,00-0032764,D.Henry,BAL,22,19,193.0,2,9.010280206304738,0.40955819119566994,14,0.6363636363636364,-25.0,216.0,-1.1363636363636365,11.368421052631579,11.0,2,5,2
2024,REG,00-0032775,D.Robinson,LA,66,31,505.0,7,8.23438702503019,0.12476343977318469,29,0.4393939393939394,983.0,71.0,14.893939393939394,2.2903225806451615,27.0,9,14,5
2024,REG,00-0032918,C.Ham,MIN,6,5,35.0,0,-4.691614097566335,-0.7819356829277225,2,0.3333333333333333,1.0,29.0,0.16666666666666666,5.8,1.0,0,0,0
2024,REG,00-0033009,T.Boyd,TEN,58,39,390.0,0,2.8788736898387284,0.04963575327308152,27,0.46551724137931033,420.0,189.0,7.241379310344827,4.846153846153846,20.0,4,8,0
2024,REG,00-0033040,T.Hill,MIA,123,81,959.0,6,27.086697996261137,0.22021705688017185,63,0.5121951219512195,1369.0,292.0,11.130081300813009,3.6049382716049383,54.0,13,20,5
2024,REG,00-0033045,E.Elliott,DAL,15,12,69.0,0,-0.817253085296173,-0.05448353901974487,4,0.26666666666666666,-27.0,97.0,-1.8,8.083333333333334,3.0,0,2,0
2024,REG,00-0033090,H.Henry,NE,97,66,674.0,2,24.19865498300879,0.24947066992792566,53,0.5463917525773195,682.0,268.0,7.030927835051546,4.0606060606060606,40.0,4,18,2
2024,REG,00-0033106,J.Goff,DET,1,1,7.0,1,1.72411598067265,1.72411598067265,1,1.0,5.0,2.0,5.0,2.0,1.0,0,1,1
2024,REG,00-0033110,T.Higbee,LA,12,8,66.0,2,4.958155382126986,0.4131796151772488,6,0.5,26.0,48.0,2.1666666666666665,6.0,5.0,0,6,2
2024,REG,00-0033217,M.Alie-Cox,IND,23,12,147.0,1,6.934669478150982,0.3015073686152601,11,0.4782608695652174,211.0,49.0,9.173913043478262,4.083333333333333,7.0,2,7,1
2024,REG,00-0033246,J.Mundt,MIN,27,19,142.0,2,4.87118568391934,0.1804142845896052,13,0.48148148148148145,115.0,83.0,4.2592592592592595,4.368421052631579,8.0,1,5,2
2024,REG,00-0033280,C.McCaffrey,SF,19,15,146.0,0,-5.781474312663512,-0.3042881217191322,10,0.5263157894736842,60.0,98.0,3.1578947368421053,6.533333333333333,6.0,2,4,0
2024,REG,00-0033282,C.Samuel,BUF,46,31,253.0,1,-10.305069814420925,-0.2240232568352375,17,0.3695652173913043,212.0,160.0,4.608695652173913,5.161290322580645,9.0,2,6,1
2024,REG,00-0033288,G.Kittle,SF,94,78,1106.0,8,67.94492774419528,0.7228183802573966,70,0.7446808510638298,800.0,522.0,8.51063829787234,6.6923076923076925,50.0,21,21,8
2024,REG,00-0033292,T.Taylor,SF,1,1,11.0,0,0.504246017197147,0.504246017197147,1,1.0,9.0,2.0,9.0,2.0,0.0,0,0,0
2024,REG,00-0033293,A.Jones,MIN,62,51,408.0,2,3.2976811350189434,0.05318840540353135,34,0.5483870967741935,54.0,411.0,0.8709677419354839,8.058823529411764,20.0,4,19,2
2024,REG,00-0033307,K.Bourne,NE,38,28,305.0,1,8.128402362737235,0.2139053253351904,23,0.6052631578947368,353.0,94.0,9.289473684210526,3.357142857142857,13.0,2,2,1
2024,REG,00-0033357,T.Hill,NO,31,23,187.0,0,1.2136351755471058,0.03914952179184212,12,0.3870967741935484,108.0,137.0,3.4838709677419355,5.956521739130435,8.0,2,2,0
2024,REG,00-0033375,T.Patrick,DET,45,33,394.0,3,19.748532686152043,0.43885628191448983,25,0.5555555555555556,439.0,141.0,9.755555555555556,4.2727272727272725,20.0,6,9,3
2024,REG,00-0033376,P.Ricard,BAL,5,3,22.0,1,1.9607679708860781,0.3921535941772156,3,0.6,6.0,18.0,1.2,6.0,1.0,0,2,1
2024,REG,00-0033439,P.Brown,SEA,12,8,65.0,0,-6.471276092538096,-0.539273007711508,5,0.4166666666666667,51.0,30.0,4.25,3.75,2.0,0,1,0
2024,REG,00-0033460,J.Ross,PHI,2,1,6.0,0,0.08898393064737298,0.04449196532368649,1,0.5,47.0,2.0,23.5,2.0,1.0,0,0,0
2024,REG,00-0033526,S.Perine,KC,35,28,297.0,1,14.760987969615652,0.42174251341759006,17,0.4857142857142857,11.0,288.0,0.3142857142857143,10.285714285714286,15.0,5,3,1
2024,REG,00-0033536,M.Williams,NYJ,22,12,166.0,0,7.499067161666762,0.340866689166671,11,0.5,304.0,24.0,13.818181818181818,2.0,9.0,3,3,0
2024,REG,00-0033536,M.Williams,PIT,13,9,132.0,1,7.036287504140064,0.541252884933851,5,0.38461538461538464,214.0,11.0,16.46153846153846,1.2222222222222223,5.0,3,0,0
2024,REG,00-0033553,J.Conner,ARI,55,47,414.0,1,5.554130418913669,0.10098418943479398,30,0.5454545454545454,-103.0,483.0,-1.8727272727272728,10.27659574468085,17.0,4,5,1
2024,REG,00-0033555,M.Hollins,BUF,50,31,378.0,5,24.44057267723044,0.48881145354460875,29,0.58,649.0,90.0,12.98,2.903225806451613,25.0,4,7,4
2024,REG,00-0033576,E.Saubert,SF,14,11,80.0,1,1.90623235128995,0.13615945366356785,9,0.6428571428571429,94.0,18.0,6.714285714285714,1.6363636363636365,5.0,0,4,1
2024,REG,00-0033589,D.Moore,CAR,57,32,351.0,3,8.293016342458747,0.14549151477997802,29,0.5087719298245614,631.0,60.0,11.070175438596491,1.875,18.0,2,11,3
2024,REG,00-0033591,N.Brown,WAS,56,35,453.0,1,12.03162973171899,0.21485053092355338,31,0.5535714285714286,637.0,83.0,11.375,2.3714285714285714,21.0,4,4,0
2024,REG,00-0033699,A.Ekeler,WAS,41,35,366.0,0,13.802796869245588,0.33665358217672164,20,0.4878048780487805,-59.0,424.0,-1.4390243902439024,12.114285714285714,14.0,8,3,0
2024,REG,00-0033854,D.Ogunbowale,HOU,28,19,198.0,1,5.609657743816631,0.20034491942202254,13,0.4642857142857143,48.0,168.0,1.7142857142857142,8.842105263157896,8.0,2,6,1
2024,REG,00-0033857,J.Smith-Schuster,KC,26,18,231.0,2,1.284685290342785,0.04941097270549173,14,0.5384615384615384,143.0,155.0,5.5,8.61111111111111,11.0,3,6,2
2024,REG,00-0033858,J.Smith,MIA,111,88,884.0,8,59.70916966191411,0.5379204474046316,72,0.6486486486486487,542.0,510.0,4.882882882882883,5.795454545454546,55.0,4,18,7
2024,REG,00-0033863,D.Skipper,DET,1,1,9.0,1,1.95214127295185,1.95214127295185,1,1.0,1.0,8.0,1.0,8.0,1.0,0,1,1
2024,REG,00-0033873,P.Mahomes,KC,1,1,2.0,0,-0.403063578065485,-0.403063578065485,0,0.0,-1.0,3.0,-1.0,3.0,0.0,0,0,0
2024,REG,00-0033881,E.Engram,JAX,67,47,365.0,1,-0.8837634745371274,-0.013190499619957127,25,0.373134328358209,360.0,150.0,5.373134328358209,3.1914893617021276,17.0,2,7,1
2024,REG,00-0033885,D.Njoku,CLE,99,64,505.0,5,-5.206480269892628,-0.05259070979689524,37,0.37373737373737376,510.0,251.0,5.151515151515151,3.921875,23.0,4,16,4
2024,REG,00-0033891,Z.Jones,ARI,11,8,84.0,0,-0.47508573124650266,-0.04318961193150024,7,0.6363636363636364,119.0,19.0,10.818181818181818,2.375,5.0,1,0,0
2024,REG,00-0033893,D.Cook,DAL,1,1,10.0,0,1.25232992274687,1.25232992274687,1,1.0,3.0,7.0,3.0,7.0,1.0,0,0,0
2024,REG,00-0033895,G.Everett,CHI,13,8,36.0,0,-1.473079177725595,-0.11331378290196883,2,0.15384615384615385,35.0,41.0,2.6923076923076925,5.125,1.0,0,2,0
2024,REG,00-0033897,J.Mixon,HOU,52,36,309.0,1,3.0244838391737767,0.05816315075334186,23,0.4423076923076923,-27.0,360.0,-0.5192307692307693,10.0,12.0,4,7,1
2024,REG,00-0033906,A.Kamara,NO,89,68,543.0,2,-6.146962946878428,-0.06906699940312841,31,0.34831460674157305,79.0,542.0,0.8876404494382022,7.970588235294118,18.0,7,6,0
2024,REG,00-0033908,C.Kupp,LA,100,67,710.0,6,3.868146633528413,0.03868146633528413,42,0.42,758.0,269.0,7.58,4.014925373134329,28.0,10,10,4
2024,REG,00-0033921,C.Godwin,TB,62,50,576.0,5,35.511457796120396,0.5727654483245225,43,0.6935483870967742,356.0,350.0,5.741935483870968,7.0,33.0,7,7,3
2024,REG,00-0033923,K.Hunt,KC,32,23,176.0,0,3.0172128671776415,0.0942879020993013,15,0.46875,-58.0,216.0,-1.8125,9.391304347826088,10.0,1,10,0
2024,REG,00-0033925,D.Foreman,CLE,8,6,54.0,0,0.8397850546753032,0.1049731318344129,4,0.5,1.0,48.0,0.125,8.0,1.0,0,0,0
2024,REG,00-0033943,J.Reynolds,DEN,19,12,183.0,1,11.731092823145442,0.6174259380602864,11,0.5789473684210527,217.0,35.0,11.421052631578947,2.9166666666666665,8.0,4,2,1
2024,REG,00-0033943,J.Reynolds,JAX,5,1,11.0,0,-3.443484285901982,-0.6886968571803964,1,0.2,53.0,0.0,10.6,0.0,0.0,0,1,0
2024,REG,00-0033948,Ja.Williams,NO,12,9,57.0,0,-0.272160402189938,-0.022680033515828164,4,0.3333333333333333,-14.0,53.0,-1.1666666666666667,5.888888888888889,3.0,0,2,0
2024,REG,00-0033955,J.McNichols,WAS,12,9,27.0,0,-1.2831246035639112,-0.1069270502969926,3,0.25,20.0,33.0,1.6666666666666667,3.6666666666666665,1.0,0,2,0
2024,REG,00-0034054,R.Cracraft,MIA,9,7,66.0,0,4.5957300589652785,0.5106366732183643,5,0.5555555555555556,71.0,11.0,7.888888888888889,1.5714285714285714,4.0,0,1,0
2024,REG,00-0034073,R.Dwelley,ATL,1,1,5.0,0,0.13682030281052,0.13682030281052,1,1.0,1.0,4.0,1.0,4.0,0.0,0,0,0
2024,REG,00-0034115,J.Wilson,MIA,3,3,19.0,0,0.5416194528806952,0.1805398176268984,2,0.6666666666666666,0.0,19.0,0.0,6.333333333333333,0.0,0,0,0
2024,REG,00-0034159,W.Dissly,LAC,64,50,481.0,2,15.463689936034307,0.24162015525053604,34,0.53125,295.0,303.0,4.609375,6.06,24.0,5,8,1
2024,REG,00-0034184,G.Edwards,LAC,5,3,6.0,0,-3.101063936483116,-0.6202127872966232,0,0.0,-15.0,11.0,-3.0,3.6666666666666665,0.0,0,0,0
2024,REG,00-0034208,M.Boone,CAR,3,1,-2.0,0,-3.89994317345554,-1.2999810578185134,0,0.0,-14.0,2.0,-4.666666666666667,2.0,0.0,0,0,0
2024,REG,00-0034270,T.Conklin,NYJ,73,51,449.0,4,11.134812269940923,0.15253167493069758,36,0.4931506849315068,358.0,262.0,4.904109589041096,5.137254901960785,24.0,7,10,4
2024,REG,00-0034272,M.Valdes-Scantling,BUF,9,2,26.0,0,-6.908036291017194,-0.7675595878907994,1,0.1111111111111111,141.0,6.0,15.666666666666666,3.0,1.0,0,0,0
2024,REG,00-0034272,M.Valdes-Scantling,NO,35,17,385.0,4,17.161686069951696,0.4903338877129056,15,0.42857142857142855,624.0,137.0,17.82857142857143,8.058823529411764,13.0,8,2,1
2024,REG,00-0034348,C.Sutton,DEN,135,81,1081.0,8,37.142923054151154,0.2751327633640826,74,0.5481481481481482,1787.0,179.0,13.237037037037037,2.2098765432098766,57.0,17,23,7
2024,REG,00-0034351,D.Goedert,PHI,52,42,496.0,2,19.36623724630537,0.3724276393520264,30,0.5769230769230769,343.0,257.0,6.596153846153846,6.119047619047619,20.0,6,9,2
2024,REG,00-0034353,A.Miller,BAL,1,1,16.0,0,2.18093416257761,2.18093416257761,1,1.0,15.0,1.0,15.0,1.0,1.0,0,0,0
2024,REG,00-0034364,J.Akins,CLE,58,40,390.0,2,10.993559822587326,0.18954413487219526,31,0.5344827586206896,339.0,187.0,5.844827586206897,4.675,20.0,3,7,2
2024,REG,00-0034365,I.Thomas,CAR,6,3,7.0,0,-5.124513484828639,-0.8540855808047731,1,0.16666666666666666,24.0,6.0,4.0,2.0,1.0,0,1,0
2024,REG,00-0034383,D.Schultz,HOU,85,53,532.0,2,3.3259063185726614,0.0391283096302666,37,0.43529411764705883,684.0,214.0,8.047058823529412,4.037735849056604,26.0,5,8,1
2024,REG,00-0034386,Ju.Watson,KC,32,22,289.0,2,19.086959395985367,0.5964674811245427,20,0.625,486.0,68.0,15.1875,3.090909090909091,13.0,2,4,2
2024,REG,00-0034407,R.McCloud,ATL,87,62,686.0,1,5.6253305840826835,0.06465897223083544,45,0.5172413793103449,589.0,335.0,6.7701149425287355,5.403225806451613,29.0,8,6,1
2024,REG,00-0034418,C.Wilson,NO,27,20,211.0,1,2.549676117885734,0.09443244881058274,15,0.5555555555555556,196.0,89.0,7.2592592592592595,4.45,8.0,1,1,1
2024,REG,00-0034419,B.Berrios,MIA,4,0,0.0,0,-9.01349623384886,-2.253374058462215,0,0.0,26.0,0.0,6.5,0.0,0.0,0,1,0
2024,REG,00-0034487,T.Sherfield,MIN,9,8,83.0,1,1.9735623878659725,0.21928470976288583,8,0.8888888888888888,54.0,40.0,6.0,5.0,4.0,0,1,1
2024,REG,00-0034521,A.Lazard,NYJ,61,37,530.0,6,29.926232110356924,0.49059396902224467,34,0.5573770491803278,686.0,155.0,11.245901639344263,4.1891891891891895,29.0,8,12,4
2024,REG,00-0034571,T.Scott,WAS,1,1,1.0,1,0.877743525023107,0.877743525023107,1,1.0,1.0,0.0,1.0,0.0,1.0,0,1,1
2024,REG,00-0034613,T.Hudson,CIN,24,19,154.0,1,5.379331257354475,0.2241388023897698,14,0.5833333333333334,98.0,97.0,4.083333333333333,5.105263157894737,9.0,0,5,1
2024,REG,00-0034646,B.Powell,MIN,10,7,71.0,0,5.094511381350448,0.5094511381350448,7,0.7,102.0,12.0,10.2,1.7142857142857142,5.0,0,1,0
2024,REG,00-0034753,M.Andrews,BAL,69,55,673.0,11,50.0989648005923,0.7260719536317725,49,0.7101449275362319,731.0,188.0,10.594202898550725,3.418181818181818,39.0,6,16,11
2024,REG,00-0034775,C.Kirk,JAX,47,27,379.0,1,8.42042643717785,0.1791580093016564,23,0.48936170212765956,644.0,113.0,13.702127659574469,4.185185185185185,18.0,7,5,1
2024,REG,00-0034777,D.Chark,LAC,10,4,31.0,1,-4.062413258827291,-0.40624132588272915,3,0.3,115.0,7.0,11.5,1.75,1.0,0,2,1
2024,REG,00-0034791,N.Chubb,CLE,11,5,31.0,1,-16.317357186810103,-1.4833961078918276,3,0.2727272727272727,-5.0,31.0,-0.45454545454545453,6.2,3.0,0,1,1
2024,REG,00-0034798,D.Smythe,MIA,17,9,53.0,0,-3.634542344341491,-0.21379660849067594,5,0.29411764705882354,94.0,16.0,5.529411764705882,1.7777777777777777,1.0,0,3,0
2024,REG,00-0034827,D.Moore,CHI,142,98,966.0,6,16.492915197120528,0.1161472901205671,64,0.4507042253521127,1049.0,588.0,7.387323943661972,6.0,43.0,11,23,2
2024,REG,00-0034829,M.Gesicki,CIN,83,65,665.0,2,33.76757545628535,0.40683825850946204,53,0.6385542168674698,615.0,245.0,7.409638554216867,3.769230769230769,38.0,5,10,1
2024,REG,00-0034830,H.Hurst,LAC,13,8,73.0,0,-4.841556945582848,-0.3724274573525268,5,0.38461538461538464,62.0,20.0,4.769230769230769,2.5,2.0,1,3,0
2024,REG,00-0034834,S.Hubbard,CIN,1,1,2.0,1,2.04928792873397,2.04928792873397,1,1.0,2.0,0.0,2.0,0.0,1.0,0,1,1
2024,REG,00-0034837,C.Ridley,TEN,120,64,1017.0,4,28.178159118286157,0.23481799265238465,54,0.45,1883.0,231.0,15.691666666666666,3.609375,40.0,19,8,1
2024,REG,00-0034844,S.Barkley,PHI,43,33,278.0,2,12.202534469575397,0.28377987138547434,19,0.4418604651162791,98.0,245.0,2.2790697674418605,7.424242424242424,12.0,4,11,2
2024,REG,00-0034854,K.Hodge,ATL,12,7,131.0,1,8.256850501289588,0.6880708751074657,6,0.5,126.0,89.0,10.5,12.714285714285714,6.0,3,2,0
2024,REG,00-0034860,D.Pettis,NO,29,12,120.0,1,-1.7816817793437005,-0.06143730273598967,11,0.3793103448275862,282.0,36.0,9.724137931034482,3.0,8.0,1,4,1
2024,REG,00-0034959,A.Beck,GB,1,0,0.0,0,-0.728853012318723,-0.728853012318723,0,0.0,-6.0,0.0,-6.0,0.0,0.0,0,0,0
2024,REG,00-0034959,A.Beck,HOU,1,0,0.0,0,-0.60070790303871,-0.60070790303871,0,0.0,27.0,0.0,27.0,0.0,0.0,0,0,0
2024,REG,00-0034960,J.Meyers,LV,130,87,1027.0,4,32.40130582524648,0.24924081404035756,71,0.5461538461538461,1281.0,293.0,9.853846153846154,3.367816091954023,52.0,16,16,3
2024,REG,00-0034972,A.Mattison,LV,48,36,294.0,1,-6.277238814333215,-0.13077580863194196,20,0.4166666666666667,-4.0,314.0,-0.08333333333333333,8.722222222222221,13.0,3,2,0
2024,REG,00-0034975,J.Hill,BAL,51,42,383.0,3,14.125376755954996,0.27696817168539206,24,0.47058823529411764,-34.0,438.0,-0.6666666666666666,10.428571428571429,17.0,3,8,2
2024,REG,00-0034981,F.Moreau,NO,43,32,413.0,5,19.91701705088728,0.4631864430438903,27,0.627906976744186,397.0,158.0,9.232558139534884,4.9375,21.0,7,9,4
2024,REG,00-0035021,A.Dulin,IND,8,2,67.0,1,-6.1901519870734845,-0.7737689983841856,2,0.25,154.0,43.0,19.25,21.5,2.0,1,1,0
2024,REG,00-0035125,A.Ingold,MIA,12,11,96.0,0,3.275362042186317,0.27294683684885973,6,0.5,15.0,76.0,1.25,6.909090909090909,3.0,1,1,0
2024,REG,00-0035140,M.Hardman,KC,14,12,90.0,0,4.308099643734751,0.3077214031239108,7,0.5,-14.0,99.0,-1.0,8.25,6.0,0,5,0
2024,REG,00-0035208,O.Zaccheaus,WAS,64,45,506.0,3,25.082292633426682,0.3919108223972919,36,0.5625,406.0,284.0,6.34375,6.311111111111111,26.0,5,8,2
2024,REG,00-0035216,D.Johnson,BAL,5,1,6.0,0,-4.744117200083562,-0.9488234400167125,0,0.0,123.0,1.0,24.6,1.0,0.0,0,0,0
2024,REG,00-0035216,D.Johnson,HOU,4,2,12.0,0,-0.4561702723440181,-0.11404256808600452,1,0.25,38.0,4.0,9.5,2.0,1.0,0,1,0
2024,REG,00-0035216,Di.Johnson,CAR,38,21,243.0,2,-7.767773427651253,-0.20441509020134876,16,0.42105263157894735,381.0,46.0,10.026315789473685,2.1904761904761907,13.0,3,6,1
2024,REG,00-0035216,Dio.Johnson,CAR,20,9,114.0,1,-5.014142616479258,-0.2507071308239629,8,0.4,189.0,40.0,9.45,4.444444444444445,7.0,2,5,1
2024,REG,00-0035229,T.Hockenson,MIN,62,41,455.0,0,9.45778881106288,0.15254498082359483,34,0.5483870967741935,520.0,145.0,8.387096774193548,3.5365853658536586,30.0,5,9,0
2024,REG,00-0035243,M.Sanders,CAR,30,24,148.0,1,-17.53258090419373,-0.5844193634731243,10,0.3333333333333333,41.0,150.0,1.3666666666666667,6.25,5.0,2,4,0
2024,REG,00-0035249,J.Oliver,MIN,28,22,258.0,3,16.962974843394477,0.6058205301212313,18,0.6428571428571429,218.0,129.0,7.785714285714286,5.863636363636363,14.0,5,3,3
2024,REG,00-0035250,D.Singletary,NYG,24,21,119.0,0,-11.24154247296973,-0.4683976030404054,11,0.4583333333333333,-68.0,178.0,-2.8333333333333335,8.476190476190476,4.0,1,0,0
2024,REG,00-0035261,T.Pollard,TEN,57,41,238.0,0,-14.434610426076677,-0.253238779404854,17,0.2982456140350877,8.0,221.0,0.14035087719298245,5.390243902439025,9.0,2,3,0
2024,REG,00-0035298,S.Miller,PIT,9,5,69.0,0,4.4928000095533225,0.49920000106148027,5,0.5555555555555556,106.0,33.0,11.777777777777779,6.6,2.0,2,1,0
2024,REG,00-0035311,M.Gaskin,MIN,1,1,11.0,0,0.924996225512587,0.924996225512587,1,1.0,-2.0,13.0,-2.0,13.0,0.0,0,0,0
2024,REG,00-0035341,T.Irwin,CIN,10,3,15.0,0,-6.571058253093868,-0.6571058253093869,3,0.3,62.0,4.0,6.2,1.3333333333333333,1.0,0,6,0
2024,REG,00-0035406,L.Humphrey,DEN,45,31,293.0,1,-8.642496813287039,-0.19205548473971198,18,0.4,293.0,192.0,6.511111111111111,6.193548387096774,12.0,5,6,0
2024,REG,00-0035500,G.Dortch,ARI,50,37,342.0,3,7.380935106859427,0.14761870213718853,25,0.5,207.0,294.0,4.14,7.945945945945946,16.0,2,8,2
2024,REG,00-0035535,D.Slayton,NYG,72,39,573.0,2,14.516928752080258,0.20162401044555914,37,0.5138888888888888,928.0,124.0,12.88888888888889,3.1794871794871793,30.0,9,6,0
2024,REG,00-0035537,Ty.Johnson,BUF,25,18,284.0,3,23.40192095867544,0.9360768383470176,14,0.56,204.0,170.0,8.16,9.444444444444445,14.0,5,7,2
2024,REG,00-0035544,T.Kennedy,DET,1,0,0.0,0,-2.23073649161961,-2.23073649161961,0,0.0,11.0,0.0,11.0,0.0,0.0,0,0,0
2024,REG,00-0035547,J.Fortson,KC,3,1,5.0,0,-5.667218870716167,-1.889072956905389,1,0.3333333333333333,4.0,2.0,1.3333333333333333,2.0,1.0,0,1,0
2024,REG,00-0035567,C.Reynolds,DET,5,3,40.0,0,-2.727888468594765,-0.5455776937189529,3,0.6,-10.0,42.0,-2.0,14.0,2.0,1,0,0
2024,REG,00-0035594,T.Homer,CHI,3,3,11.0,0,-0.853370993980207,-0.28445699799340235,1,0.3333333333333333,1.0,10.0,0.3333333333333333,3.3333333333333335,0.0,0,0,0
2024,REG,00-0035602,A.Bachman,LV,4,3,31.0,0,0.07557450111210506,0.018893625278026266,2,0.5,21.0,10.0,5.25,3.3333333333333335,2.0,0,1,0
2024,REG,00-0035628,D.Johnson,JAX,19,12,96.0,0,-12.746940280689149,-0.6708915937204815,5,0.2631578947368421,7.0,101.0,0.3684210526315789,8.416666666666666,3.0,2,3,0
2024,REG,00-0035631,D.Sample,CIN,22,20,109.0,1,4.764005948323765,0.21654572492380753,13,0.5909090909090909,34.0,81.0,1.5454545454545454,4.05,8.0,0,2,1
2024,REG,00-0035639,P.Campbell,PHI,8,6,30.0,1,0.3884675193112318,0.048558439913903975,3,0.375,34.0,9.0,4.25,1.5,1.0,0,1,1
2024,REG,00-0035640,D.Metcalf,SEA,109,66,992.0,5,23.16952492244376,0.21256444882975925,53,0.48623853211009177,1481.0,263.0,13.587155963302752,3.984848484848485,35.0,20,10,1
2024,REG,00-0035644,N.Fant,SEA,64,48,500.0,1,6.513732459180909,0.10177706967470171,36,0.5625,339.0,277.0,5.296875,5.770833333333333,25.0,3,5,1
2024,REG,00-0035659,T.McLaurin,WAS,118,82,1096.0,13,70.81990818604923,0.6001687134410952,64,0.5423728813559322,1561.0,292.0,13.228813559322035,3.5609756097560976,56.0,12,16,10
2024,REG,00-0035662,M.Brown,KC,15,9,91.0,0,4.15760489745298,0.27717365983019865,6,0.4,123.0,46.0,8.2,5.111111111111111,5.0,1,2,0
2024,REG,00-0035676,A.Brown,PHI,97,67,1079.0,7,61.81116601604731,0.6372285156293537,60,0.6185567010309279,1168.0,353.0,12.041237113402062,5.268656716417911,51.0,17,11,4
2024,REG,00-0035685,D.Montgomery,DET,38,36,341.0,0,15.918257171709282,0.4189015045186653,28,0.7368421052631579,-18.0,365.0,-0.47368421052631576,10.13888888888889,16.0,2,3,0
2024,REG,00-0035689,D.Knox,BUF,33,22,311.0,1,10.10599374939922,0.3062422348302794,18,0.5454545454545454,316.0,94.0,9.575757575757576,4.2727272727272725,12.0,7,5,1
2024,REG,00-0035700,J.Jacobs,GB,43,36,342.0,1,3.262844723865518,0.07588010985733763,21,0.4883720930232558,-41.0,403.0,-0.9534883720930233,11.194444444444445,15.0,5,4,1
2024,REG,00-0035719,D.Samuel,SF,81,51,670.0,3,11.071185742769634,0.13668130546629179,33,0.4074074074074074,551.0,421.0,6.802469135802469,8.254901960784315,28.0,10,14,2
2024,REG,00-0035795,J.Pierre,PIT,1,0,0.0,0,-2.67772018973483,-2.67772018973483,0,0.0,14.0,0.0,14.0,0.0,0.0,0,0,0
2024,REG,00-0035806,J.Hasty,NE,12,10,59.0,1,0.5848384630517076,0.0487365385876423,4,0.3333333333333333,-2.0,72.0,-0.16666666666666666,7.2,2.0,0,1,1
2024,REG,00-0035891,C.White,SEA,3,2,44.0,0,2.5474614758859433,0.8491538252953145,2,0.6666666666666666,40.0,13.0,13.333333333333334,6.5,2.0,1,0,0
2024,REG,00-0035973,P.Taylor,SF,11,3,25.0,0,-10.15694191749208,-0.9233583561356437,2,0.18181818181818182,39.0,19.0,3.5454545454545454,6.333333333333333,2.0,0,1,0
2024,REG,00-0035976,D.Chisena,CAR,4,3,37.0,0,2.039961123140525,0.5099902807851312,3,0.75,30.0,9.0,7.5,3.0,2.0,1,0,0
2024,REG,00-0036037,S.Franklin,CAR,1,0,0.0,0,-2.68345253309235,-2.68345253309235,0,0.0,11.0,0.0,11.0,0.0,0.0,0,0,0
2024,REG,00-0036040,J.Johnson,NO,68,50,548.0,3,16.870570713421525,0.24809662813855185,36,0.5294117647058824,547.0,212.0,8.044117647058824,4.24,27.0,8,8,3
2024,REG,00-0036096,J.Taylor,HOU,3,2,0.0,0,-2.493362253997475,-0.8311207513324916,0,0.0,-6.0,1.0,-2.0,0.5,0.0,0,0,0
2024,REG,00-0036133,J.Proche,CLE,3,3,21.0,0,0.9430871069780526,0.3143623689926842,1,0.3333333333333333,17.0,4.0,5.666666666666667,1.3333333333333333,1.0,0,0,0
2024,REG,00-0036139,R.Dowdle,DAL,50,39,249.0,3,4.315085687212944,0.08630171374425888,22,0.44,1.0,272.0,0.02,6.9743589743589745,13.0,1,8,2
2024,REG,00-0036158,J.Dobbins,LAC,38,32,143.0,0,-13.866991405793048,-0.3649208264682381,9,0.23684210526315788,-44.0,194.0,-1.1578947368421053,6.0625,6.0,0,5,0
2024,REG,00-0036165,I.Hodgins,NYG,2,2,12.0,0,0.517643641214818,0.258821820607409,2,1.0,11.0,1.0,5.5,0.5,0.0,0,0,0
2024,REG,00-0036176,M.Kinsey,TEN,2,2,17.0,0,0.798377008002717,0.3991885040013585,2,1.0,17.0,0.0,8.5,0.0,1.0,0,0,0
2024,REG,00-0036182,N.Westbrook-Ikhine,TEN,60,32,497.0,9,12.687489277324865,0.2114581546220811,28,0.4666666666666667,700.0,124.0,11.666666666666666,3.875,25.0,4,10,6
2024,REG,00-0036183,K.Wilkerson,LV,3,2,18.0,1,2.861492906173217,0.9538309687244056,2,0.6666666666666666,16.0,11.0,5.333333333333333,5.5,2.0,0,3,1
2024,REG,00-0036196,G.Davis,JAX,42,20,246.0,2,-4.122692045735429,-0.09815933442227211,17,0.40476190476190477,565.0,46.0,13.452380952380953,2.3,13.0,6,10,1
2024,REG,00-0036223,J.Taylor,IND,31,18,136.0,1,-11.736475287762007,-0.37859597702458087,10,0.3225806451612903,-10.0,150.0,-0.3225806451612903,8.333333333333334,7.0,1,3,1
2024,REG,00-0036232,H.Bryant,LV,12,9,86.0,0,-0.27764034923165837,-0.023136695769304865,7,0.5833333333333334,41.0,71.0,3.4166666666666665,7.888888888888889,5.0,0,0,0
2024,REG,00-0036244,C.Parkinson,LA,49,30,294.0,1,3.198635619933237,0.06527827795782117,25,0.5102040816326531,263.0,160.0,5.36734693877551,5.333333333333333,15.0,2,9,1
2024,REG,00-0036251,Z.Moss,CIN,27,23,187.0,1,12.666544246429115,0.4691312683862635,16,0.5925925925925926,3.0,194.0,0.1111111111111111,8.434782608695652,11.0,1,3,1
2024,REG,00-0036252,M.Pittman,IND,112,69,808.0,3,1.2384420777227882,0.011057518551096324,52,0.4642857142857143,1234.0,259.0,11.017857142857142,3.753623188405797,35.0,12,14,3
2024,REG,00-0036254,C.Johnson,CHI,2,1,6.0,0,-0.318918340955861,-0.1594591704779305,1,0.5,16.0,3.0,8.0,3.0,1.0,0,0,0
2024,REG,00-0036259,J.Jennings,SF,113,77,975.0,6,43.239806114649944,0.3826531514570792,62,0.5486725663716814,1119.0,238.0,9.902654867256636,3.090909090909091,47.0,12,15,5
2024,REG,00-0036261,B.Aiyuk,SF,47,25,369.0,0,12.814397382476518,0.2726467528186493,23,0.48936170212765956,556.0,102.0,11.829787234042554,4.08,19.0,5,6,0
2024,REG,00-0036268,L.Shenault,SEA,5,5,36.0,0,2.915642050211316,0.5831284100422632,2,0.4,-10.0,46.0,-2.0,9.2,2.0,0,0,0
2024,REG,00-0036275,D.Swift,CHI,53,42,386.0,0,2.860343236187007,0.05396874030541523,27,0.5094339622641509,2.0,405.0,0.03773584905660377,9.642857142857142,12.0,5,1,0
2024,REG,00-0036290,C.Kmet,CHI,59,47,474.0,4,26.121952066424203,0.44274495027837635,38,0.6440677966101694,393.0,181.0,6.661016949152542,3.851063829787234,25.0,7,12,3
2024,REG,00-0036309,D.Mooney,ATL,106,64,992.0,5,43.90698854503186,0.4142168730663383,57,0.5377358490566038,1294.0,275.0,12.20754716981132,4.296875,48.0,21,6,1
2024,REG,00-0036322,J.Jefferson,MIN,154,103,1533.0,10,64.19311160311119,0.41683838703318954,89,0.577922077922078,1682.0,487.0,10.922077922077921,4.728155339805825,62.0,28,26,6
2024,REG,00-0036328,A.Gibson,NE,29,23,205.0,0,2.4091973559776245,0.08307577089578015,15,0.5172413793103449,53.0,212.0,1.8275862068965518,9.217391304347826,11.0,2,2,0
2024,REG,00-0036331,D.Duvernay,JAX,16,11,79.0,0,3.422312750655695,0.21389454691598095,8,0.5,183.0,63.0,11.4375,5.7272727272727275,7.0,1,2,0
2024,REG,00-0036332,J.Deguara,JAX,3,3,14.0,0,-1.31369275925681,-0.43789758641893667,0,0.0,2.0,12.0,0.6666666666666666,4.0,0.0,0,2,0
2024,REG,00-0036345,K.Osborn,NE,18,7,57.0,1,-7.306763498627302,-0.40593130547929457,4,0.2222222222222222,107.0,16.0,5.944444444444445,2.2857142857142856,2.0,1,3,0
2024,REG,00-0036358,C.Lamb,DAL,154,101,1194.0,6,19.784045063838462,0.12846782508986015,73,0.474025974025974,1190.0,537.0,7.7272727272727275,5.316831683168317,54.0,16,20,4
2024,REG,00-0036360,C.Edwards-Helaire,NO,5,3,24.0,0,0.48211961908964485,0.09642392381792897,1,0.2,-4.0,35.0,-0.8,11.666666666666666,1.0,0,0,0
2024,REG,00-0036387,J.Reagor,LAC,12,7,100.0,0,-7.275862330124432,-0.6063218608437027,4,0.3333333333333333,123.0,26.0,10.25,3.7142857142857144,3.0,2,0,0
2024,REG,00-0036407,J.Jeudy,CLE,148,90,1229.0,4,38.7985588668923,0.2621524247762993,76,0.5135135135135135,1611.0,387.0,10.885135135135135,4.3,57.0,13,17,1
2024,REG,00-0036410,T.Higgins,CIN,110,73,911.0,10,56.40129599279862,0.5127390544799875,69,0.6272727272727273,1067.0,228.0,9.7,3.1232876712328768,48.0,12,25,7
2024,REG,00-0036414,C.Akers,HOU,7,4,16.0,1,-2.125546344439501,-0.3036494777770716,1,0.14285714285714285,-4.0,11.0,-0.5714285714285714,2.75,1.0,0,1,1
2024,REG,00-0036414,C.Akers,MIN,11,10,52.0,2,1.103357813724588,0.10030525579314437,4,0.36363636363636365,-23.0,72.0,-2.090909090909091,7.2,3.0,0,3,2
2024,REG,00-0036415,V.Jefferson,PIT,40,24,276.0,2,2.069952699894425,0.05174881749736062,18,0.45,465.0,78.0,11.625,3.25,12.0,4,8,2
2024,REG,00-0036422,A.Trautman,DEN,22,13,188.0,2,5.873607747751534,0.26698217035234245,9,0.4090909090909091,125.0,98.0,5.681818181818182,7.538461538461538,8.0,2,5,2
2024,REG,00-0036425,D.Dallas,ARI,3,3,11.0,1,1.6203214058768936,0.5401071352922978,2,0.6666666666666666,-9.0,20.0,-3.0,6.666666666666667,1.0,0,1,1
2024,REG,00-0036427,T.Johnson,LA,41,26,291.0,1,-2.6642196009207795,-0.06498096587611657,18,0.43902439024390244,229.0,183.0,5.585365853658536,7.038461538461538,10.0,4,10,1
2024,REG,00-0036429,C.Woerner,ATL,12,7,46.0,0,-5.707397807738752,-0.4756164839782293,5,0.4166666666666667,35.0,21.0,2.9166666666666665,3.0,3.0,0,0,0
2024,REG,00-0036438,S.Sullivan,CAR,1,0,0.0,0,-0.532159550348297,-0.532159550348297,0,0.0,16.0,0.0,16.0,0.0,0.0,0,0,0
2024,REG,00-0036463,C.Blair,ATL,2,1,17.0,0,-3.7777424185769597,-1.8888712092884798,1,0.5,37.0,0.0,18.5,0.0,1.0,0,0,0
2024,REG,00-0036497,T.Jones,JAX,5,3,41.0,0,1.994194500613955,0.398838900122791,3,0.6,40.0,17.0,8.0,5.666666666666667,3.0,1,0,0
2024,REG,00-0036510,K.Yeboah,NYJ,8,5,47.0,1,2.718543706985658,0.33981796337320724,4,0.5,37.0,34.0,4.625,6.8,3.0,0,1,1
2024,REG,00-0036527,D.Turner,LV,29,16,158.0,1,-11.291553855403148,-0.38936392604838443,10,0.3448275862068966,255.0,83.0,8.793103448275861,5.1875,9.0,2,4,1
2024,REG,00-0036534,S.Zylstra,DET,1,1,22.0,0,1.24364188639447,1.24364188639447,1,1.0,9.0,13.0,9.0,13.0,1.0,1,0,0
2024,REG,00-0036550,R.Bateman,BAL,72,45,756.0,9,44.98197911099561,0.624749709874939,38,0.5277777777777778,973.0,184.0,13.51388888888889,4.088888888888889,35.0,11,9,6
2024,REG,00-0036554,N.Collins,HOU,99,68,1006.0,7,42.8328683307189,0.4326552356638273,54,0.5454545454545454,1083.0,365.0,10.93939393939394,5.367647058823529,48.0,14,13,5
2024,REG,00-0036555,C.Hubbard,CAR,54,43,171.0,1,-22.244035907264344,-0.4119265908752656,14,0.25925925925925924,-65.0,245.0,-1.2037037037037037,5.6976744186046515,10.0,1,11,1
2024,REG,00-0036556,B.Jordan,HOU,3,2,7.0,0,1.451204311568286,0.483734770522762,1,0.3333333333333333,1.0,3.0,0.3333333333333333,1.5,1.0,0,0,0
2024,REG,00-0036590,Q.Morris,BUF,8,5,36.0,1,1.33438812531836,0.166798515664795,4,0.5,74.0,22.0,9.25,4.4,3.0,0,1,1
2024,REG,00-0036613,J.Waddle,MIA,85,58,767.0,2,40.15584197024372,0.4724216702381614,48,0.5647058823529412,827.0,259.0,9.729411764705882,4.4655172413793105,38.0,12,13,1
2024,REG,00-0036620,D.Eskridge,MIA,3,3,44.0,0,3.129415470059029,1.0431384900196763,2,0.6666666666666666,15.0,29.0,5.0,9.666666666666666,2.0,1,0,0
2024,REG,00-0036626,D.Brown,WAS,40,30,308.0,1,1.8323590611617755,0.045808976529044386,16,0.4,293.0,218.0,7.325,7.266666666666667,13.0,5,4,0
2024,REG,00-0036628,J.Bates,WAS,13,8,84.0,0,-0.6506347095710154,-0.050048823813155036,6,0.46153846153846156,63.0,49.0,4.846153846153846,6.125,3.0,1,1,0
2024,REG,00-0036630,T.Wallace,BAL,12,11,193.0,1,12.686041927838229,1.0571701606531858,9,0.75,74.0,127.0,6.166666666666667,11.545454545454545,5.0,2,1,0
2024,REG,00-0036637,N.Gray,KC,49,40,437.0,5,23.176243287132813,0.4729845568802615,34,0.6938775510204082,309.0,210.0,6.3061224489795915,5.25,25.0,6,10,4
2024,REG,00-0036640,Z.Davidson,BUF,2,1,5.0,0,-0.7158418569015341,-0.35792092845076706,0,0.0,10.0,2.0,5.0,2.0,0.0,0,1,0
2024,REG,00-0036646,S.Fehoko,LAC,16,6,106.0,0,2.6842536491641633,0.1677658530727602,6,0.375,236.0,16.0,14.75,2.6666666666666665,6.0,2,2,0
2024,REG,00-0036670,J.Jefferson,DET,1,1,10.0,0,0.488208144903183,0.488208144903183,1,1.0,0.0,10.0,0.0,10.0,1.0,0,0,0
2024,REG,00-0036727,A.Prentice,NO,4,0,0.0,0,-2.76221706795447,-0.6905542669886175,0,0.0,4.0,0.0,1.0,0.0,0.0,0,0,0
2024,REG,00-0036741,J.Stoll,PHI,3,2,10.0,0,-0.642695738060865,-0.214231912686955,1,0.3333333333333333,12.0,2.0,4.0,1.0,0.0,0,0,0
2024,REG,00-0036754,B.Wright,DET,16,13,100.0,2,3.0795759983011486,0.1924734998938218,11,0.6875,81.0,75.0,5.0625,5.769230769230769,7.0,0,5,2
2024,REG,00-0036825,F.Franks,CAR,3,1,12.0,0,-2.8756259352667213,-0.9585419784222404,1,0.3333333333333333,49.0,0.0,16.333333333333332,0.0,1.0,0,0,0
2024,REG,00-0036841,A.Trammell,JAX,3,2,40.0,0,2.74440120303189,0.91480040101063,2,0.6666666666666666,44.0,9.0,14.666666666666666,4.5,2.0,1,0,0
2024,REG,00-0036849,T.Atwell,LA,62,42,562.0,0,18.690671786648995,0.301462448171758,37,0.5967741935483871,741.0,126.0,11.951612903225806,3.0,29.0,10,3,0
2024,REG,00-0036862,B.Skowronek,PIT,5,5,69.0,0,6.353159047546789,1.2706318095093578,4,0.8,40.0,29.0,8.0,5.8,4.0,1,0,0
2024,REG,00-0036875,R.Stevenson,NE,43,33,164.0,1,7.385687382501464,0.17176017168608057,21,0.4883720930232558,-41.0,233.0,-0.9534883720930233,7.0606060606060606,8.0,0,13,1
2024,REG,00-0036876,K.Granson,IND,31,14,182.0,0,-8.41804032411578,-0.2715496878747026,11,0.3548387096774194,352.0,109.0,11.35483870967742,7.785714285714286,8.0,3,6,0
2024,REG,00-0036877,J.Darden,CLE,1,1,6.0,0,0.736790606519207,0.736790606519207,1,1.0,-3.0,9.0,-3.0,9.0,1.0,0,0,0
2024,REG,00-0036887,L.Farrell,JAX,17,12,67.0,0,-4.639005192555488,-0.2728826583856169,7,0.4117647058823529,82.0,30.0,4.823529411764706,2.5,4.0,0,1,0
2024,REG,00-0036893,N.Harris,PIT,48,36,283.0,0,4.229929755616484,0.08812353657534343,23,0.4791666666666667,-70.0,329.0,-1.4583333333333333,9.13888888888889,13.0,4,4,0
2024,REG,00-0036894,P.Freiermuth,PIT,78,65,655.0,7,35.90123255502625,0.4602722122439262,45,0.5769230769230769,477.0,281.0,6.115384615384615,4.323076923076923,32.0,7,14,6
2024,REG,00-0036900,J.Chase,CIN,175,127,1708.0,17,77.0104412978267,0.44005966455900974,108,0.6171428571428571,1526.0,787.0,8.72,6.196850393700787,75.0,19,36,8
2024,REG,00-0036906,K.Herbert,CHI,3,2,4.0,0,-2.101625502240379,-0.7005418340801263,0,0.0,-2.0,6.0,-0.6666666666666666,3.0,0.0,0,1,0
2024,REG,00-0036906,K.Herbert,CIN,9,8,21.0,0,-2.836762782011644,-0.31519586466796046,2,0.2222222222222222,-21.0,38.0,-2.3333333333333335,4.75,0.0,0,3,0
2024,REG,00-0036912,D.Smith,PHI,90,68,833.0,8,56.79894755193608,0.6310994172437342,51,0.5666666666666667,809.0,299.0,8.988888888888889,4.397058823529412,42.0,14,13,3
2024,REG,00-0036913,K.Toney,CLE,1,0,0.0,0,-0.514176621800289,-0.514176621800289,0,0.0,-5.0,0.0,-5.0,0.0,0.0,0,0,0
2024,REG,00-0036919,K.Gainwell,PHI,22,16,116.0,0,2.349299094901659,0.10678632249552994,9,0.4090909090909091,23.0,108.0,1.0454545454545454,6.75,5.0,0,3,0
2024,REG,00-0036924,M.Carter,ARI,11,11,57.0,0,0.9578286347095821,0.08707533042814383,6,0.5454545454545454,-16.0,73.0,-1.4545454545454546,6.636363636363637,2.0,0,2,0
2024,REG,00-0036955,T.Marshall,LV,6,3,41.0,0,-0.519154131414969,-0.0865256885691615,3,0.5,52.0,4.0,8.666666666666666,1.3333333333333333,1.0,1,0,0
2024,REG,00-0036963,A.St. Brown,DET,141,115,1263.0,14,96.38150294092758,0.6835567584462948,96,0.6808510638297872,1081.0,412.0,7.666666666666667,3.582608695652174,75.0,17,32,9
2024,REG,00-0036970,K.Pitts,ATL,74,47,602.0,4,6.9435062256814675,0.09383116521191172,36,0.4864864864864865,623.0,272.0,8.41891891891892,5.787234042553192,21.0,7,13,2
2024,REG,00-0036973,T.Etienne,JAX,52,39,254.0,0,-4.942616414753464,-0.09505031566833584,20,0.38461538461538464,4.0,296.0,0.07692307692307693,7.589743589743589,13.0,2,6,0
2024,REG,00-0036980,E.Moore,CLE,102,61,538.0,1,-36.910975736523866,-0.3618723111423908,36,0.35294117647058826,950.0,133.0,9.313725490196079,2.180327868852459,25.0,5,7,0
2024,REG,00-0036984,T.Sermon,IND,19,16,99.0,0,-5.47003173385129,-0.28789640704480474,6,0.3157894736842105,6.0,99.0,0.3157894736842105,6.1875,3.0,0,3,0
2024,REG,00-0036988,J.Palmer,LAC,67,39,575.0,1,27.325709030051936,0.407846403433611,36,0.5373134328358209,991.0,92.0,14.791044776119403,2.358974358974359,28.0,10,9,0
2024,REG,00-0036990,D.Deablo,LV,1,1,34.0,0,4.33391802990809,4.33391802990809,1,1.0,4.0,30.0,4.0,30.0,1.0,1,0,0
2024,REG,00-0036997,J.Williams,DEN,70,52,346.0,0,-5.536315441112963,-0.07909022058732805,25,0.35714285714285715,-29.0,395.0,-0.4142857142857143,7.596153846153846,14.0,3,4,0
2024,REG,00-0037004,H.Long,LA,9,7,60.0,0,2.259597072144966,0.25106634134944067,6,0.6666666666666666,31.0,30.0,3.4444444444444446,4.285714285714286,2.0,0,0,0
2024,REG,00-0037005,T.Tremble,CAR,32,23,234.0,2,4.989202184179922,0.15591256825562255,16,0.5,182.0,125.0,5.6875,5.434782608695652,12.0,2,4,2
2024,REG,00-0037085,T.Badie,DEN,3,3,-2.0,0,-5.940982915170027,-1.980327638390009,0,0.0,-6.0,4.0,-2.0,1.3333333333333333,0.0,0,1,0
2024,REG,00-0037086,G.Calcaterra,PHI,30,24,298.0,1,15.894599471706902,0.5298199823902301,20,0.6666666666666666,220.0,126.0,7.333333333333333,5.25,15.0,6,2,1
2024,REG,00-0037091,B.Melton,GB,17,8,91.0,0,-1.1558007349667605,-0.0679882785274565,7,0.4117647058823529,303.0,7.0,17.823529411764707,0.875,5.0,1,1,0
2024,REG,00-0037093,D.Young,SEA,1,0,0.0,0,-1.76345443446689,-1.76345443446689,0,0.0,9.0,0.0,9.0,0.0,0.0,0,0,0
2024,REG,00-0037120,T.Goodson,IND,15,11,61.0,1,1.303773328021639,0.08691822186810927,6,0.4,19.0,67.0,1.2666666666666666,6.090909090909091,3.0,1,2,1
2024,REG,00-0037132,B.Covey,PHI,8,7,34.0,0,-0.04388599260709891,-0.005485749075887364,3,0.375,9.0,28.0,1.125,4.0,2.0,0,2,0
2024,REG,00-0037156,I.Charles,NYJ,1,0,0.0,0,-0.40983277419582,-0.40983277419582,0,0.0,3.0,0.0,3.0,0.0,0.0,0,1,0
2024,REG,00-0037197,I.Pacheco,KC,16,12,79.0,0,-1.8505314201552112,-0.1156582137597007,6,0.375,-22.0,119.0,-1.375,9.916666666666666,4.0,1,1,0
2024,REG,00-0037207,M.Caliendo,KC,1,1,5.0,0,0.788040928076953,0.788040928076953,1,1.0,2.0,3.0,2.0,3.0,1.0,0,0,0
2024,REG,00-0037216,J.Ross,KC,1,0,0.0,0,-1.216528201635,-1.216528201635,0,0.0,10.0,0.0,10.0,0.0,0.0,0,1,0
2024,REG,00-0037228,J.Warren,PIT,47,38,310.0,0,1.6996221386777415,0.0361621731633562,22,0.46808510638297873,-4.0,315.0,-0.0851063829787234,8.289473684210526,16.0,3,7,0
2024,REG,00-0037231,K.Austin,NO,22,11,151.0,0,2.351451850205174,0.10688417500932611,10,0.45454545454545453,259.0,37.0,11.772727272727273,3.3636363636363638,10.0,2,0,0
2024,REG,00-0037238,D.London,ATL,159,100,1271.0,9,36.73072831476386,0.23101086990417521,90,0.5660377358490566,1723.0,327.0,10.836477987421384,3.27,67.0,12,27,7
2024,REG,00-0037239,C.Olave,NO,44,32,400.0,1,1.4877366393345062,0.03381219634851151,27,0.6136363636363636,455.0,121.0,10.340909090909092,3.78125,22.0,4,6,1
2024,REG,00-0037240,J.Williams,DET,55,34,621.0,4,25.928489191746785,0.4714270762135779,28,0.509090909090909,725.0,310.0,13.181818181818182,9.117647058823529,24.0,12,7,0
2024,REG,00-0037240,Ja.Williams,DET,36,24,330.0,2,11.688747226763635,0.3246874229656565,19,0.5277777777777778,312.0,137.0,8.666666666666666,5.708333333333333,16.0,4,4,1
2024,REG,00-0037243,T.Smith,DAL,1,1,0.0,0,-0.987753627588972,-0.987753627588972,0,0.0,-6.0,6.0,-6.0,6.0,0.0,0,0,0
2024,REG,00-0037247,G.Pickens,PIT,103,59,900.0,3,27.917632006099662,0.27104497093300645,43,0.4174757281553398,1411.0,215.0,13.699029126213592,3.6440677966101696,37.0,17,16,3
2024,REG,00-0037248,J.Cook,BUF,38,32,258.0,2,12.760446237138234,0.33580121676679564,19,0.5,37.0,260.0,0.9736842105263158,8.125,14.0,3,5,2
2024,REG,00-0037252,G.Dulcich,DEN,12,5,28.0,0,-7.6045741482521425,-0.6337145123543452,1,0.08333333333333333,71.0,15.0,5.916666666666667,3.0,0.0,0,1,0
2024,REG,00-0037253,M.Jones,NE,1,1,18.0,0,1.65872559970012,1.65872559970012,1,1.0,-7.0,25.0,-7.0,25.0,1.0,0,0,0
2024,REG,00-0037256,R.White,TB,57,51,393.0,6,11.230088003091897,0.19701908777354205,29,0.5087719298245614,-109.0,516.0,-1.912280701754386,10.117647058823529,18.0,3,11,5
2024,REG,00-0037257,D.Bell,CLE,3,3,27.0,0,3.214173211832534,1.0713910706108447,2,0.6666666666666666,19.0,8.0,6.333333333333333,2.6666666666666665,1.0,0,1,0
2024,REG,00-0037258,D.Pierce,HOU,4,2,2.0,0,-2.172000300022774,-0.5430000750056935,0,0.0,-5.0,5.0,-1.25,2.5,0.0,0,1,0
2024,REG,00-0037261,K.Shakir,BUF,100,76,821.0,4,44.17583134297299,0.44175831342972993,57,0.57,548.0,597.0,5.48,7.855263157894737,35.0,9,10,2
2024,REG,00-0037263,T.Allgeier,ATL,13,13,88.0,0,3.4304914103946214,0.2638839546457401,7,0.5384615384615384,-5.0,93.0,-0.38461538461538464,7.153846153846154,2.0,0,1,0
2024,REG,00-0037267,J.Ford,CLE,43,37,225.0,0,-4.887466751863965,-0.11366201748520849,15,0.3488372093023256,-15.0,294.0,-0.3488372093023256,7.945945945945946,10.0,3,1,0
2024,REG,00-0037276,T.Chandler,MIN,6,6,42.0,0,2.10261043993523,0.3504350733225383,4,0.6666666666666666,-11.0,53.0,-1.8333333333333333,8.833333333333334,2.0,0,1,0
2024,REG,00-0037287,V.Lowe,NE,1,1,4.0,1,1.42774722713511,1.42774722713511,1,1.0,4.0,0.0,4.0,0.0,1.0,0,1,1
2024,REG,00-0037291,J.Nailor,MIN,42,28,414.0,6,24.56312599459513,0.5848363332046459,26,0.6190476190476191,487.0,106.0,11.595238095238095,3.7857142857142856,22.0,8,7,4
2024,REG,00-0037292,A.Ogletree,IND,14,9,109.0,1,1.291763301269392,0.09226880723352801,6,0.42857142857142855,150.0,50.0,10.714285714285714,5.555555555555555,6.0,3,3,1
2024,REG,00-0037300,M.Woods,CLE,17,7,65.0,0,-9.09170924811041,-0.5348064263594359,4,0.23529411764705882,187.0,35.0,11.0,5.0,4.0,0,3,0
2024,REG,00-0037304,Co.Heyward,PIT,9,6,40.0,1,-0.791974603736777,-0.08799717819297521,4,0.4444444444444444,67.0,7.0,7.444444444444445,1.1666666666666667,3.0,0,2,1
2024,REG,00-0037306,J.FitzPatrick,GB,1,1,2.0,0,-0.520785233471543,-0.520785233471543,0,0.0,2.0,0.0,2.0,0.0,0.0,0,0,0
2024,REG,00-0037348,T.Conner,MIA,4,3,16.0,0,-0.835798830899875,-0.20894970772496874,0,0.0,46.0,5.0,11.5,1.6666666666666667,1.0,0,1,0
2024,REG,00-0037382,B.Johnson,PIT,1,1,9.0,0,0.703277167282067,0.703277167282067,1,1.0,5.0,4.0,5.0,4.0,0.0,0,0,0
2024,REG,00-0037422,K.Pryor,CIN,1,1,9.0,0,0.680167773389258,0.680167773389258,1,1.0,9.0,0.0,9.0,0.0,0.0,0,0,0
2024,REG,00-0037475,S.Smartt,LAC,19,16,208.0,0,7.436341436754436,0.3913863914081282,12,0.631578947368421,192.0,66.0,10.105263157894736,4.125,11.0,4,1,0
2024,REG,00-0037487,D.Thompkins,CAR,4,4,20.0,0,-0.12848315184237502,-0.032120787960593755,2,0.5,-8.0,28.0,-2.0,7.0,2.0,0,1,0
2024,REG,00-0037509,S.McCormick,LV,7,6,29.0,0,-0.8935149537283001,-0.12764499338975716,3,0.42857142857142855,3.0,29.0,0.42857142857142855,4.833333333333333,2.0,0,1,0
2024,REG,00-0037524,T.Martin,TEN,2,1,49.0,1,5.368295000516811,2.6841475002584056,1,0.5,63.0,5.0,31.5,5.0,1.0,1,0,0
2024,REG,00-0037525,J.Mason,SF,14,11,90.0,0,4.628490873175908,0.33060649094113626,8,0.5714285714285714,52.0,58.0,3.7142857142857144,5.2727272727272725,5.0,1,3,0
2024,REG,00-0037539,L.Krull,DEN,23,19,152.0,0,4.494407331047105,0.1954090143933524,12,0.5217391304347826,118.0,67.0,5.130434782608695,3.526315789473684,7.0,1,0,0
2024,REG,00-0037545,R.Shaheed,NO,41,20,349.0,3,-5.933859090629705,-0.14472827050316353,17,0.4146341463414634,721.0,106.0,17.585365853658537,5.3,12.0,5,4,0
2024,REG,00-0037557,R.Rivers,LA,6,5,34.0,0,-0.510779338132124,-0.08512988968868733,3,0.5,-26.0,58.0,-4.333333333333333,11.6,1.0,0,0,0
2024,REG,00-0037569,P.Hendershot,KC,5,5,51.0,0,2.6760362922796057,0.5352072584559211,4,0.8,19.0,32.0,3.8,6.4,2.0,0,1,0
2024,REG,00-0037578,J.Thomas,DAL,1,1,4.0,0,-2.70970632729586,-2.70970632729586,0,0.0,4.0,0.0,4.0,0.0,0.0,0,0,0
2024,REG,00-0037594,J.Chestnut,TEN,3,2,11.0,0,-4.590231376874721,-1.530077125624907,1,0.3333333333333333,1.0,14.0,0.3333333333333333,7.0,0.0,0,0,0
2024,REG,00-0037614,J.Metchie,HOU,37,24,254.0,1,3.067952397133282,0.08291763235495356,18,0.4864864864864865,333.0,69.0,9.0,2.875,11.0,3,9,1
2024,REG,00-0037617,H.Haskins,LAC,3,3,49.0,1,5.056516458338593,1.6855054861128644,2,0.6666666666666666,7.0,42.0,2.3333333333333335,14.0,2.0,1,0,0
2024,REG,00-0037654,T.Fisk,LAC,8,7,39.0,0,0.7500955034338449,0.09376193792923061,5,0.625,20.0,21.0,2.5,3.0,1.0,0,1,0
2024,REG,00-0037664,A.Pierce,IND,69,37,824.0,7,40.30308590596194,0.5841026942893035,36,0.5217391304347826,1500.0,118.0,21.73913043478261,3.189189189189189,32.0,13,6,4
2024,REG,00-0037666,J.Tolbert,DAL,79,49,610.0,7,25.219016282343446,0.31922805420687905,40,0.5063291139240507,906.0,166.0,11.468354430379748,3.3877551020408165,29.0,8,13,7
2024,REG,00-0037740,G.Wilson,NYJ,154,101,1104.0,7,22.767572484015364,0.14784137976633355,81,0.525974025974026,1378.0,442.0,8.948051948051948,4.376237623762377,60.0,16,25,4
2024,REG,00-0037741,J.Dotson,PHI,33,19,216.0,0,-1.1443664636740742,-0.0346777716264871,14,0.42424242424242425,327.0,72.0,9.909090909090908,3.789473684210526,12.0,2,1,0
2024,REG,00-0037742,T.Burks,TEN,8,4,34.0,0,0.17075724701862516,0.021344655877328145,3,0.375,135.0,5.0,16.875,1.25,3.0,0,0,0
2024,REG,00-0037744,T.McBride,ARI,147,111,1146.0,2,49.07139341937153,0.3338190028528676,92,0.6258503401360545,902.0,513.0,6.136054421768708,4.621621621621622,63.0,10,22,2
2024,REG,00-0037745,V.Jones,CHI,1,1,8.0,0,0.564905805396847,0.564905805396847,1,1.0,-5.0,13.0,-5.0,13.0,0.0,0,0,0
2024,REG,00-0037746,B.Robinson,WAS,25,20,159.0,0,-2.825956794258685,-0.1130382717703474,11,0.44,-23.0,179.0,-0.92,8.95,4.0,1,4,0
2024,REG,00-0037801,K.Turpin,DAL,52,31,420.0,2,9.198658747604782,0.17689728360778426,23,0.4423076923076923,439.0,260.0,8.442307692307692,8.387096774193548,18.0,6,7,1
2024,REG,00-0037805,J.Ruckert,NYJ,28,18,105.0,0,-1.5691975609755646,-0.056042770034841594,10,0.35714285714285715,96.0,84.0,3.4285714285714284,4.666666666666667,6.0,0,3,0
2024,REG,00-0037809,C.Okonkwo,TEN,71,52,483.0,2,-7.335308787033017,-0.10331420826807067,36,0.5070422535211268,415.0,253.0,5.845070422535211,4.865384615384615,19.0,4,6,1
2024,REG,00-0037816,R.Doubs,GB,73,46,601.0,4,29.733581252598107,0.4073093322273713,43,0.589041095890411,886.0,135.0,12.136986301369863,2.9347826086956523,33.0,8,12,3
2024,REG,00-0037837,C.Austin,PIT,58,36,548.0,4,24.14119531667546,0.4162275054599217,28,0.4827586206896552,718.0,152.0,12.379310344827585,4.222222222222222,18.0,10,5,0
2024,REG,00-0037838,I.Likely,BAL,58,42,477.0,6,27.70649973336767,0.47769827126495984,37,0.6379310344827587,467.0,256.0,8.051724137931034,6.095238095238095,26.0,4,13,5
2024,REG,00-0037840,K.Williams,LA,40,34,182.0,2,-2.922344909516294,-0.07305862273790735,20,0.5,-32.0,195.0,-0.8,5.735294117647059,6.0,1,9,2
2024,REG,00-0038040,Z.White,LV,8,6,30.0,0,-2.249145094273538,-0.2811431367841922,2,0.25,-25.0,50.0,-3.125,8.333333333333334,2.0,0,0,0
2024,REG,00-0038041,J.Ferguson,DAL,86,59,494.0,0,-12.711065217071743,-0.1478030839194389,32,0.37209302325581395,360.0,309.0,4.186046511627907,5.237288135593221,18.0,6,6,0
2024,REG,00-0038046,C.Kolar,BAL,11,9,131.0,1,8.187531020754244,0.7443210018867495,7,0.6363636363636364,66.0,76.0,6.0,8.444444444444445,4.0,2,1,1
2024,REG,00-0038090,S.Moore,KC,3,0,0.0,0,-2.919757997267879,-0.9732526657559597,0,0.0,18.0,0.0,6.0,0.0,0.0,0,0,0
2024,REG,00-0038092,E.Ezukanma,MIA,2,0,0.0,0,-2.419144907034935,-1.2095724535174674,0,0.0,59.0,0.0,29.5,0.0,0.0,0,0,0
2024,REG,00-0038098,P.Strong,CLE,22,14,104.0,0,-2.7492397301271727,-0.12496544227850785,6,0.2727272727272727,6.0,123.0,0.2727272727272727,8.785714285714286,3.0,2,1,0
2024,REG,00-0038104,T.Thornton,NE,8,4,47.0,0,-4.848294645722489,-0.6060368307153111,3,0.375,126.0,24.0,15.75,6.0,2.0,0,1,0
2024,REG,00-0038115,D.Bellinger,NYG,17,14,125.0,0,5.347587408788967,0.31456396522288044,10,0.5882352941176471,69.0,53.0,4.0588235294117645,3.7857142857142856,8.0,0,1,0
2024,REG,00-0038117,W.Robinson,NYG,140,93,699.0,3,-24.23951619052107,-0.17313940136086478,59,0.42142857142857143,656.0,361.0,4.685714285714286,3.881720430107527,36.0,4,18,3
2024,REG,00-0038120,B.Hall,NYJ,76,57,483.0,3,-1.4884487913530835,-0.01958485251780373,31,0.40789473684210525,19.0,496.0,0.25,8.701754385964913,15.0,5,9,1
2024,REG,00-0038124,C.Watson,GB,54,29,620.0,2,19.81396203147799,0.36692522280514794,24,0.4444444444444444,944.0,149.0,17.48148148148148,5.137931034482759,21.0,12,9,1
2024,REG,00-0038129,C.Otton,TB,87,59,600.0,4,12.532692278894617,0.14405393424016802,40,0.45977011494252873,471.0,311.0,5.413793103448276,5.271186440677966,31.0,7,16,4
2024,REG,00-0038134,K.Walker,SEA,53,46,299.0,1,4.876565078512856,0.09201066185873313,27,0.5094339622641509,-63.0,363.0,-1.1886792452830188,7.891304347826087,19.0,1,10,1
2024,REG,00-0038359,X.Smith,LA,2,2,6.0,0,-0.09944640588946996,-0.04972320294473498,1,0.5,1.0,5.0,0.5,2.5,1.0,0,0,0
2024,REG,00-0038393,D.Wicks,GB,76,39,415.0,5,-7.758796026708153,-0.10208942140405465,33,0.4342105263157895,880.0,139.0,11.578947368421053,3.5641025641025643,25.0,4,14,4
2024,REG,00-0038394,W.Mallory,IND,8,4,29.0,0,-5.917482824093887,-0.7396853530117359,2,0.25,83.0,4.0,10.375,1.0,1.0,0,0,0
2024,REG,00-0038396,E.Gray,NYG,11,10,82.0,0,3.8017864558751833,0.34561695053410757,7,0.6363636363636364,-22.0,103.0,-2.0,10.3,3.0,0,2,0
2024,REG,00-0038454,K.Mitchell,BAL,1,1,28.0,0,1.14997715229401,1.14997715229401,1,1.0,-5.0,33.0,-5.0,33.0,1.0,1,0,0
2024,REG,00-0038465,M.Heath,GB,13,10,97.0,2,8.319539334159352,0.6399645641661039,9,0.6923076923076923,84.0,23.0,6.461538461538462,2.3,5.0,1,2,2
2024,REG,00-0038489,B.VanSumeren,PHI,1,1,0.0,0,-0.48021248326404,-0.48021248326404,0,0.0,0.0,0.0,0.0,0.0,0.0,0,1,0
2024,REG,00-0038496,X.Gipson,NYJ,11,6,39.0,1,-2.657958191368271,-0.241632562851661,3,0.2727272727272727,112.0,22.0,10.181818181818182,3.6666666666666665,3.0,0,2,1
2024,REG,00-0038498,E.Jenkins,PHI,2,1,7.0,1,0.7996061170706491,0.39980305853532455,1,0.5,9.0,3.0,4.5,3.0,1.0,0,2,1
2024,REG,00-0038507,G.DuBose,MIA,4,2,11.0,0,-4.104269569506876,-1.026067392376719,1,0.25,47.0,3.0,11.75,1.5,1.0,0,0,0
2024,REG,00-0038519,N.Remigio,KC,6,2,48.0,0,-0.4014542973600361,-0.06690904956000603,2,0.3333333333333333,64.0,14.0,10.666666666666666,7.0,2.0,2,0,0
2024,REG,00-0038542,B.Robinson,ATL,72,61,431.0,1,7.648418742303215,0.10622803808754465,34,0.4722222222222222,-21.0,531.0,-0.2916666666666667,8.704918032786885,20.0,3,7,1
2024,REG,00-0038543,J.Smith-Njigba,SEA,138,100,1130.0,6,48.44434049367874,0.35104594560636765,77,0.5579710144927537,1186.0,477.0,8.594202898550725,4.77,57.0,15,16,5
2024,REG,00-0038544,Q.Johnston,LAC,91,55,711.0,8,34.90808236158112,0.3836053006767156,46,0.5054945054945055,986.0,306.0,10.835164835164836,5.5636363636363635,32.0,12,12,4
2024,REG,00-0038547,L.Schoonmaker,DAL,36,27,241.0,1,9.405915061652179,0.2612754183792272,21,0.5833333333333334,199.0,97.0,5.527777777777778,3.5925925925925926,11.0,3,1,0
2024,REG,00-0038551,K.Miller,NO,8,5,33.0,0,-0.583767805423117,-0.07297097567788963,4,0.5,3.0,33.0,0.375,6.6,2.0,0,0,0
2024,REG,00-0038555,T.Bigsby,JAX,12,7,54.0,0,-2.8495445835869804,-0.23746204863224837,3,0.25,-13.0,64.0,-1.0833333333333333,9.142857142857142,1.0,1,0,0
2024,REG,00-0038558,D.Washington,PIT,25,19,200.0,1,8.605247256637092,0.3442098902654837,15,0.6,108.0,126.0,4.32,6.631578947368421,9.0,3,2,1
2024,REG,00-0038559,Mi.Wilson,ARI,71,47,548.0,4,10.12356175346462,0.14258537680936084,36,0.5070422535211268,805.0,130.0,11.338028169014084,2.765957446808511,27.0,10,8,3
2024,REG,00-0038563,T.Tucker,LV,81,47,539.0,3,12.273494750107789,0.1515246265445406,33,0.4074074074074074,1017.0,208.0,12.555555555555555,4.425531914893617,24.0,6,5,2
2024,REG,00-0038573,D.Davis,LAC,17,13,112.0,2,5.4259320616838576,0.3191724742166975,9,0.5294117647058824,65.0,119.0,3.823529411764706,9.153846153846153,5.0,1,2,1
2024,REG,00-0038576,C.Jones,CIN,1,1,5.0,0,0.163901908614207,0.163901908614207,1,1.0,5.0,0.0,5.0,0.0,0.0,0,0,0
2024,REG,00-0038589,J.Whyle,TEN,38,28,248.0,1,9.017634692963659,0.2373061761306226,19,0.5,209.0,143.0,5.5,5.107142857142857,14.0,3,5,1
2024,REG,00-0038597,C.Brown,CIN,65,54,360.0,4,9.818895294484077,0.15105992760744735,29,0.4461538461538462,53.0,326.0,0.8153846153846154,6.037037037037037,23.0,2,14,4
2024,REG,00-0038606,P.Washington,JAX,53,32,390.0,3,13.440562373751662,0.2535955164858804,27,0.5094339622641509,601.0,108.0,11.339622641509434,3.375,19.0,6,9,2
2024,REG,00-0038608,K.Boutte,NE,69,43,589.0,3,20.73652543412517,0.3005293541177561,37,0.5362318840579711,1011.0,150.0,14.652173913043478,3.488372093023256,25.0,11,5,0
2024,REG,00-0038611,C.Rodriguez,WAS,1,1,12.0,0,1.13839163765078,1.13839163765078,1,1.0,1.0,11.0,1.0,11.0,1.0,0,0,0
2024,REG,00-0038614,S.Matlock,LAC,5,4,28.0,0,1.0718020538333821,0.21436041076667642,3,0.6,7.0,23.0,1.4,5.75,1.0,0,0,0
2024,REG,00-0038618,X.Hutchinson,HOU,26,12,117.0,0,-7.808886946424391,-0.3003418056317073,10,0.38461538461538464,264.0,37.0,10.153846153846153,3.0833333333333335,6.0,0,2,0
2024,REG,00-0038619,A.Iosivas,CIN,61,36,479.0,6,23.963512064683748,0.39284446007678275,31,0.5081967213114754,692.0,67.0,11.344262295081966,1.8611111111111112,26.0,7,10,6
2024,REG,00-0038621,D.Douglas,NE,87,66,621.0,3,20.82534351814232,0.23937176457634848,47,0.5402298850574713,531.0,359.0,6.103448275862069,5.4393939393939394,31.0,8,6,1
2024,REG,00-0038622,D.Vaughn,DAL,5,3,18.0,0,-1.9020850348752,-0.38041700697504,1,0.2,0.0,13.0,0.0,4.333333333333333,0.0,0,0,0
2024,REG,00-0038636,K.McIntosh,SEA,4,3,22.0,0,-0.40405713935615517,-0.10101428483903879,1,0.25,5.0,17.0,1.25,5.666666666666667,1.0,0,0,0
2024,REG,00-0038640,J.Brooks,DAL,30,12,177.0,1,-17.67517785263064,-0.5891725950876879,10,0.3333333333333333,409.0,37.0,13.633333333333333,3.0833333333333335,8.0,2,4,1
2024,REG,00-0038643,B.Willis,SF,2,0,0.0,0,-1.4461409822688438,-0.7230704911344219,0,0.0,11.0,0.0,5.5,0.0,0.0,0,0,0
2024,REG,00-0038647,R.Bell,SF,6,2,22.0,0,-4.306386332027607,-0.7177310553379345,1,0.16666666666666666,65.0,2.0,10.833333333333334,1.0,2.0,1,1,0
2024,REG,00-0038678,J.Mims,NO,18,12,71.0,0,-7.658328520142434,-0.42546269556346855,2,0.1111111111111111,3.0,80.0,0.16666666666666666,6.666666666666667,4.0,1,1,0
2024,REG,00-0038679,T.Shavers,BUF,1,1,69.0,1,7.09404285252094,7.09404285252094,1,1.0,-2.0,71.0,-2.0,71.0,1.0,1,0,0
2024,REG,00-0038685,C.Brooks,GB,13,11,69.0,0,-3.788488999606898,-0.29142223073899215,4,0.3076923076923077,-22.0,95.0,-1.6923076923076923,8.636363636363637,2.0,0,3,0
2024,REG,00-0038705,E.Demercado,ARI,20,16,104.0,0,-3.3487944310360294,-0.16743972155180148,6,0.3,26.0,95.0,1.3,5.9375,3.0,1,4,0
2024,REG,00-0038710,B.Whiteheart,CLE,9,6,51.0,1,-3.756575509789398,-0.41739727886548866,4,0.4444444444444444,81.0,10.0,9.0,1.6666666666666667,2.0,1,2,1
2024,REG,00-0038720,J.Hill,MIA,20,12,100.0,0,3.3079151660641672,0.16539575830320835,11,0.55,120.0,58.0,6.0,4.833333333333333,5.0,0,6,0
2024,REG,00-0038738,H.Luepke,DAL,16,12,111.0,0,4.598201807206475,0.2873876129504047,8,0.5,39.0,84.0,2.4375,7.0,5.0,1,0,0
2024,REG,00-0038752,J.Bobo,SEA,18,13,107.0,1,3.863579474491545,0.21464330413841914,11,0.6111111111111112,138.0,27.0,7.666666666666667,2.076923076923077,8.0,0,3,1
2024,REG,00-0038783,N.Adkins,DEN,15,14,115.0,3,9.08091498515569,0.6053943323437126,11,0.7333333333333333,62.0,76.0,4.133333333333334,5.428571428571429,6.0,0,4,3
2024,REG,00-0038794,J.McLaughlin,DEN,27,24,76.0,2,-11.264630737914478,-0.4172085458486844,8,0.2962962962962963,-109.0,167.0,-4.037037037037037,6.958333333333333,3.0,0,3,2
2024,REG,00-0038797,Em.Wilson,GB,14,11,48.0,1,-3.511170355715292,-0.25079788255109225,2,0.14285714285714285,-63.0,99.0,-4.5,9.0,3.0,1,2,0
2024,REG,00-0038809,B.Sims,GB,5,4,42.0,0,2.154267674020958,0.43085353480419164,2,0.4,40.0,16.0,8.0,4.0,1.0,1,2,0
2024,REG,00-0038821,R.Jarrett,TB,11,9,124.0,0,7.414585556128572,0.6740532323753248,7,0.6363636363636364,127.0,18.0,11.545454545454545,2.0,5.0,2,2,0
2024,REG,00-0038824,R.Miller,TB,20,12,128.0,2,4.847865950537895,0.24239329752689476,10,0.5,195.0,55.0,9.75,4.583333333333333,7.0,2,3,2
2024,REG,00-0038840,B.Tremayne,WAS,1,1,-2.0,0,-1.39147220214363,-1.39147220214363,0,0.0,-2.0,0.0,-2.0,0.0,0.0,0,0,0
2024,REG,00-0038920,J.Shenker,LV,1,1,7.0,0,0.374102335888892,0.374102335888892,1,1.0,4.0,3.0,4.0,3.0,0.0,0,0,0
2024,REG,00-0038933,D.Kincaid,BUF,75,44,448.0,2,14.806048939535449,0.19741398586047265,36,0.48,573.0,274.0,7.64,6.2272727272727275,23.0,5,10,2
2024,REG,00-0038935,B.Strange,JAX,53,40,411.0,2,18.94721385889737,0.3574946011112711,31,0.5849056603773585,341.0,183.0,6.433962264150943,4.575,21.0,7,6,2
2024,REG,00-0038938,J.Hyatt,NYG,19,8,62.0,0,-6.5876022924785484,-0.34671591013044994,6,0.3157894736842105,363.0,6.0,19.105263157894736,0.75,3.0,0,0,0
2024,REG,00-0038941,T.Scott,CHI,1,1,5.0,0,-0.072181174706202,-0.072181174706202,0,0.0,-2.0,7.0,-2.0,7.0,0.0,0,0,0
2024,REG,00-0038951,S.Tucker,TB,12,9,109.0,1,7.420048496831443,0.6183373747359536,8,0.6666666666666666,12.0,105.0,1.0,11.666666666666666,6.0,1,0,0
2024,REG,00-0038976,M.Mims,DEN,53,39,501.0,6,22.412460302063213,0.4228766094728908,23,0.4339622641509434,384.0,475.0,7.245283018867925,12.179487179487179,14.0,7,6,2
2024,REG,00-0038977,T.Dell,HOU,81,51,667.0,3,21.898456696416936,0.2703513172397153,41,0.5061728395061729,1016.0,164.0,12.54320987654321,3.215686274509804,35.0,9,9,2
2024,REG,00-0038979,C.Tillman,CLE,51,29,339.0,3,-1.2665879018350688,-0.024835056898726837,23,0.45098039215686275,552.0,104.0,10.823529411764707,3.586206896551724,15.0,6,7,1
2024,REG,00-0038981,W.Morris,KC,1,1,1.0,1,0.700560969533399,0.700560969533399,1,1.0,1.0,0.0,1.0,0.0,1.0,0,1,1
2024,REG,00-0038994,J.Addison,MIN,100,63,875.0,9,35.26180866758613,0.3526180866758613,50,0.5,1284.0,213.0,12.84,3.380952380952381,39.0,13,19,6
2024,REG,00-0038996,T.Kraft,GB,71,50,707.0,7,37.24902736084563,0.5246341881809243,43,0.6056338028169014,374.0,456.0,5.267605633802817,9.12,30.0,11,16,6
2024,REG,00-0038997,J.Downs,IND,107,72,803.0,5,25.5972637405167,0.2392267639300626,57,0.5327102803738317,734.0,396.0,6.859813084112149,5.5,40.0,10,14,2
2024,REG,00-0039021,R.Johnson,CHI,20,16,104.0,0,6.610261247697043,0.3305130623848521,9,0.45,11.0,96.0,0.55,6.0,6.0,0,2,0
2024,REG,00-0039032,T.Spears,TEN,35,30,224.0,1,-1.5182532323947822,-0.04337866378270806,13,0.37142857142857144,-31.0,255.0,-0.8857142857142857,8.5,9.0,2,3,1
2024,REG,00-0039040,D.Achane,MIA,87,78,592.0,6,23.8639774751283,0.2742985916681414,48,0.5517241379310345,-35.0,665.0,-0.40229885057471265,8.525641025641026,30.0,3,14,6
2024,REG,00-0039041,E.Higgins,ARI,24,20,172.0,2,9.530997933354234,0.39712491388975973,16,0.6666666666666666,108.0,90.0,4.5,4.5,10.0,1,3,2
2024,REG,00-0039050,P.Durham,TB,14,11,115.0,2,10.396651401650157,0.7426179572607255,10,0.7142857142857143,124.0,24.0,8.857142857142858,2.1818181818181817,5.0,2,2,2
2024,REG,00-0039052,T.Palmer,TB,22,12,172.0,1,5.945010595227354,0.2702277543285161,9,0.4090909090909091,315.0,42.0,14.318181818181818,3.5,7.0,2,2,1
2024,REG,00-0039062,J.Mingo,CAR,26,12,121.0,0,-5.578916613493859,-0.21457371590360996,8,0.3076923076923077,241.0,64.0,9.26923076923077,5.333333333333333,4.0,2,0,0
2024,REG,00-0039062,J.Mingo,DAL,16,5,46.0,0,-7.786368425237015,-0.48664802657731343,4,0.25,221.0,3.0,13.8125,0.6,2.0,0,1,0
2024,REG,00-0039064,Z.Flowers,BAL,117,74,1059.0,4,44.65668916783793,0.3816811039986148,62,0.5299145299145299,1207.0,463.0,10.316239316239317,6.256756756756757,48.0,19,8,3
2024,REG,00-0039065,S.LaPorta,DET,83,60,726.0,7,31.423356847606563,0.3785946608145369,46,0.5542168674698795,580.0,343.0,6.9879518072289155,5.716666666666667,39.0,11,20,5
2024,REG,00-0039066,M.Mayer,LV,32,21,156.0,0,-0.014009829477824975,-0.0004378071711820305,14,0.4375,197.0,61.0,6.15625,2.9047619047619047,8.0,1,6,0
2024,REG,00-0039067,R.Rice,KC,29,24,288.0,2,16.47327220853187,0.5680438692597197,19,0.6551724137931034,151.0,186.0,5.206896551724138,7.75,15.0,3,2,1
2024,REG,00-0039074,D.Allen,LA,13,6,39.0,0,-3.9936565516815095,-0.3072043501293469,4,0.3076923076923077,50.0,21.0,3.8461538461538463,3.5,2.0,0,5,0
2024,REG,00-0039075,P.Nacua,LA,107,79,990.0,3,52.34528992362698,0.4892083170432428,65,0.6074766355140186,839.0,518.0,7.841121495327103,6.556962025316456,47.0,11,14,3
2024,REG,00-0039139,J.Gibbs,DET,63,52,476.0,3,14.96773078588377,0.23758302834736142,34,0.5396825396825397,-11.0,552.0,-0.1746031746031746,10.615384615384615,24.0,4,13,3
2024,REG,00-0039144,L.Musgrave,GB,10,7,45.0,0,-4.797618536302841,-0.4797618536302841,3,0.3,66.0,18.0,6.6,2.5714285714285716,2.0,0,1,0
2024,REG,00-0039146,J.Reed,GB,76,55,857.0,6,41.13044120435864,0.5411900158468242,41,0.5394736842105263,680.0,380.0,8.947368421052632,6.909090909090909,29.0,15,12,5
2024,REG,00-0039163,C.Stroud,HOU,1,0,0.0,0,-0.726145962660667,-0.726145962660667,0,0.0,10.0,0.0,10.0,0.0,0.0,0,1,0
2024,REG,00-0039164,A.Richardson,IND,1,1,-1.0,0,-1.05584947846364,-1.05584947846364,0,0.0,-8.0,7.0,-8.0,7.0,0.0,0,0,0
2024,REG,00-0039165,Z.Charbonnet,SEA,52,42,292.0,1,-7.442102621267638,-0.14311735810130075,19,0.36538461538461536,-54.0,329.0,-1.0384615384615385,7.833333333333333,6.0,3,1,0
2024,REG,00-0039236,J.Wilson,PHI,15,5,38.0,1,-1.1541087210465746,-0.07694058140310497,5,0.3333333333333333,147.0,15.0,9.8,3.0,3.0,0,3,1
2024,REG,00-0039244,C.Collier,LV,2,1,-4.0,0,-1.5981849671807111,-0.7990924835903556,0,0.0,-5.0,1.0,-2.5,1.0,0.0,0,0,0
2024,REG,00-0039299,G.Holani,SEA,1,1,-1.0,0,-0.408696800936013,-0.408696800936013,0,0.0,-1.0,0.0,-1.0,0.0,0.0,0,0,0
2024,REG,00-0039316,B.Cupp,KC,1,0,0.0,0,-0.678179833921604,-0.678179833921604,0,0.0,0.0,0.0,0.0,0.0,0.0,0,0,0
2024,REG,00-0039325,C.Steele,KC,11,7,26.0,0,-2.9024881075602025,-0.26386255523274565,2,0.18181818181818182,-17.0,43.0,-1.5454545454545454,6.142857142857143,0.0,0,2,0
2024,REG,00-0039337,M.Nabers,NYG,172,109,1204.0,7,45.6944160882511,0.26566520981541336,82,0.47674418604651164,1609.0,462.0,9.354651162790697,4.238532110091743,55.0,16,17,3
2024,REG,00-0039338,B.Bowers,LV,153,112,1194.0,5,27.105581405535162,0.17716066278127557,87,0.5686274509803921,923.0,596.0,6.032679738562091,5.321428571428571,61.0,15,16,1
2024,REG,00-0039342,X.Legette,CAR,85,49,497.0,4,4.517763540836093,0.05315015930395403,34,0.4,1030.0,112.0,12.117647058823529,2.2857142857142856,27.0,7,13,4
2024,REG,00-0039344,J.Brooks,CAR,3,3,23.0,0,1.456625814549628,0.48554193818320934,2,0.6666666666666666,-8.0,31.0,-2.6666666666666665,10.333333333333334,2.0,0,2,0
2024,REG,00-0039355,L.McCaffrey,WAS,25,18,168.0,0,3.36310601115406,0.1345242404461624,11,0.44,170.0,97.0,6.8,5.388888888888889,8.0,2,4,0
2024,REG,00-0039356,J.Sanders,CAR,43,33,342.0,1,11.650561878045883,0.2709432994894391,21,0.4883720930232558,268.0,190.0,6.232558139534884,5.757575757575758,13.0,6,6,1
2024,REG,00-0039359,C.Stover,HOU,22,15,133.0,1,4.623336181743072,0.2101516446246851,8,0.36363636363636365,118.0,94.0,5.363636363636363,6.266666666666667,5.0,1,3,1
2024,REG,00-0039361,B.Irving,TB,53,47,392.0,0,14.571046194164776,0.27492539988990145,30,0.5660377358490566,-159.0,528.0,-3.0,11.23404255319149,16.0,3,9,0
2024,REG,00-0039363,I.Guerendo,SF,16,15,152.0,0,6.534524605667695,0.40840778785423093,9,0.5625,50.0,107.0,3.125,7.133333333333334,7.0,3,0,0
2024,REG,00-0039364,S.Vaki,DET,3,3,37.0,0,4.233941710204823,1.4113139034016076,3,1.0,17.0,20.0,5.666666666666667,6.666666666666667,2.0,0,0,0
2024,REG,00-0039365,J.Cowing,SF,6,4,80.0,0,4.255271233851084,0.709211872308514,4,0.6666666666666666,86.0,26.0,14.333333333333334,6.5,3.0,1,3,0
2024,REG,00-0039373,A.Estime,DEN,5,5,27.0,0,-0.7653279736405314,-0.15306559472810627,2,0.4,-10.0,37.0,-2.0,7.4,2.0,0,0,0
2024,REG,00-0039379,J.Thrash,CLE,7,3,22.0,0,-2.1402778712799755,-0.3057539816114251,2,0.2857142857142857,51.0,14.0,7.285714285714286,4.666666666666667,2.0,0,0,0
2024,REG,00-0039384,T.Tracy,NYG,54,38,284.0,1,-5.869650759108367,-0.10869723627978457,22,0.4074074074074074,18.0,281.0,0.3333333333333333,7.394736842105263,13.0,0,6,1
2024,REG,00-0039386,B.Means,NO,15,9,118.0,1,3.358492489263882,0.22389949928425879,8,0.5333333333333333,170.0,20.0,11.333333333333334,2.2222222222222223,7.0,1,1,1
2024,REG,00-0039391,K.Vidal,LAC,9,5,62.0,1,1.761646518367347,0.19573850204081633,3,0.3333333333333333,48.0,37.0,5.333333333333333,7.4,2.0,1,0,0
2024,REG,00-0039392,J.Jackson,TEN,3,1,8.0,0,-1.848490768985354,-0.6161635896617846,1,0.3333333333333333,78.0,2.0,26.0,2.0,1.0,0,0,0
2024,REG,00-0039394,Cas.Washington,ATL,2,1,14.0,0,0.950796763063412,0.475398381531706,1,0.5,36.0,11.0,18.0,11.0,1.0,0,0,0
2024,REG,00-0039410,R.Flournoy,DAL,14,10,102.0,0,-2.8049568743444953,-0.20035406245317824,5,0.35714285714285715,115.0,34.0,8.214285714285714,3.4,5.0,1,0,0
2024,REG,00-0039420,J.Bell,NE,3,2,20.0,0,-0.005124380171767973,-0.0017081267239226576,1,0.3333333333333333,23.0,5.0,7.666666666666667,2.5,1.0,0,0,0
2024,REG,00-0039424,D.Vele,DEN,55,41,475.0,3,35.08660535645321,0.6379382792082402,33,0.6,461.0,127.0,8.381818181818181,3.097560975609756,26.0,7,7,3
2024,REG,00-0039451,I.Williams,DET,3,2,6.0,0,-2.347091557923706,-0.7823638526412354,0,0.0,15.0,7.0,5.0,3.5,0.0,0,0,0
2024,REG,00-0039458,B.Bates,CLE,1,0,0.0,0,-0.801100357901305,-0.801100357901305,0,0.0,-2.0,0.0,-2.0,0.0,0.0,0,0,0
2024,REG,00-0039491,J.Coker,CAR,46,32,478.0,2,29.074603088482576,0.632056588880056,27,0.5869565217391305,516.0,171.0,11.217391304347826,5.34375,23.0,6,7,1
2024,REG,00-0039521,X.Weaver,ARI,2,0,0.0,0,-1.6448100185267411,-0.8224050092633706,0,0.0,39.0,0.0,19.5,0.0,0.0,0,0,0
2024,REG,00-0039530,B.Spann-Ford,DAL,14,9,88.0,0,1.3320561994914963,0.09514687139224974,8,0.5714285714285714,82.0,53.0,5.857142857142857,5.888888888888889,6.0,0,2,0
2024,REG,00-0039543,R.Keyton,LV,3,1,7.0,0,0.062585995416157,0.020861998472052334,1,0.3333333333333333,30.0,0.0,10.0,0.0,1.0,0,1,0
2024,REG,00-0039573,B.Watson,DEN,2,1,13.0,0,0.2514132558717399,0.12570662793586995,1,0.5,-4.0,18.0,-2.0,18.0,0.0,0,1,0
2024,REG,00-0039589,K.Johnson,TB,1,0,0.0,0,-1.64784452304462,-1.64784452304462,0,0.0,3.0,0.0,3.0,0.0,0.0,0,1,0
2024,REG,00-0039613,D.Holker,NO,4,3,21.0,0,-0.944589482736772,-0.236147370684193,1,0.25,36.0,13.0,9.0,4.333333333333333,1.0,0,0,0
2024,REG,00-0039617,J.Kibodi,CLE,3,1,15.0,0,-4.44747729733354,-1.4824924324445135,1,0.3333333333333333,9.0,11.0,3.0,11.0,1.0,0,2,0
2024,REG,00-0039623,M.Tipton,NO,26,14,99.0,0,-10.480804391489032,-0.40310786121111664,8,0.3076923076923077,326.0,27.0,12.538461538461538,1.9285714285714286,2.0,0,1,0
2024,REG,00-0039631,C.Grandy,CIN,5,5,28.0,0,2.778743164963088,0.5557486329926176,3,0.6,12.0,16.0,2.4,3.2,1.0,0,2,0
2024,REG,00-0039648,D.Martin-Robinson,TEN,2,1,6.0,0,0.26910917542409096,0.13455458771204548,1,0.5,0.0,6.0,0.0,6.0,1.0,0,0,0
2024,REG,00-0039650,B.Oliver,TEN,9,6,95.0,0,4.337509178032629,0.4819454642258477,5,0.5555555555555556,95.0,26.0,10.555555555555555,4.333333333333333,4.0,1,1,0
2024,REG,00-0039703,C.Schrader,LA,1,1,6.0,0,0.397277344600298,0.397277344600298,1,1.0,0.0,6.0,0.0,6.0,0.0,0,0,0
2024,REG,00-0039731,J.Latham,TEN,1,1,0.0,0,-1.70453689270653,-1.70453689270653,0,0.0,-4.0,4.0,-4.0,4.0,0.0,0,0,0
2024,REG,00-0039732,B.Nix,DEN,1,1,2.0,1,3.87989441974787,3.87989441974787,1,1.0,2.0,0.0,2.0,0.0,1.0,0,1,1
2024,REG,00-0039737,T.Reiman,ARI,7,6,37.0,0,0.4128676811233154,0.05898109730333077,3,0.42857142857142855,12.0,29.0,1.7142857142857142,4.833333333333333,1.0,0,0,0
2024,REG,00-0039738,B.Corum,LA,8,7,58.0,0,2.6341044609434907,0.32926305761793634,6,0.75,-5.0,65.0,-0.625,9.285714285714286,5.0,0,0,0
2024,REG,00-0039746,W.Shipley,PHI,4,4,35.0,0,2.2993972059159096,0.5748493014789774,3,0.75,7.0,28.0,1.75,7.0,2.0,0,1,0
2024,REG,00-0039747,A.Smith,PHI,9,7,41.0,1,-0.6391997685423068,-0.07102219650470075,4,0.4444444444444444,38.0,23.0,4.222222222222222,3.2857142857142856,1.0,0,1,1
2024,REG,00-0039751,J.Whittington,LA,28,22,293.0,0,16.511881302401893,0.5897100465143533,22,0.7857142857142857,151.0,203.0,5.392857142857143,9.227272727272727,14.0,4,2,0
2024,REG,00-0039754,D.Culp,TB,6,5,88.0,0,7.849543182837843,1.3082571971396406,4,0.6666666666666666,73.0,31.0,12.166666666666666,6.2,4.0,2,2,0
2024,REG,00-0039757,T.Jennings,NE,1,0,0.0,0,-0.752186933532357,-0.752186933532357,0,0.0,29.0,0.0,29.0,0.0,0.0,0,0,0
2024,REG,00-0039792,D.Walker,BAL,3,1,21.0,1,1.2227359302341891,0.4075786434113964,1,0.3333333333333333,84.0,0.0,28.0,0.0,1.0,1,0,0
2024,REG,00-0039793,A.Barner,SEA,38,30,245.0,4,11.08664151391714,0.2917537240504511,22,0.5789473684210527,136.0,164.0,3.5789473684210527,5.466666666666667,18.0,1,7,4
2024,REG,00-0039794,B.Allen,NYJ,27,19,148.0,1,4.739825129858208,0.17554907888363736,13,0.48148148148148145,-5.0,163.0,-0.18518518518518517,8.578947368421053,8.0,0,1,1
2024,REG,00-0039796,R.Ali,BAL,2,0,0.0,0,-0.7961300523020329,-0.39806502615101647,0,0.0,-5.0,0.0,-2.5,0.0,0.0,0,0,0
2024,REG,00-0039798,I.Davis,NYJ,12,9,75.0,1,5.28145296504269,0.4401210804202242,7,0.5833333333333334,16.0,75.0,1.3333333333333333,8.333333333333334,4.0,1,3,1
2024,REG,00-0039810,J.Burton,CIN,14,4,107.0,0,-4.540557391491656,-0.3243255279636897,4,0.2857142857142857,296.0,22.0,21.142857142857142,5.5,4.0,2,4,0
2024,REG,00-0039811,M.Lloyd,GB,1,1,3.0,0,-0.234166648471728,-0.234166648471728,0,0.0,-5.0,8.0,-5.0,8.0,0.0,0,0,0
2024,REG,00-0039814,E.All,CIN,22,20,158.0,0,5.248246454517347,0.23855665702351578,11,0.5,72.0,87.0,3.272727272727273,4.35,8.0,1,2,0
2024,REG,00-0039816,A.Gould,IND,1,1,23.0,0,1.88861330680083,1.88861330680083,1,1.0,18.0,5.0,18.0,5.0,1.0,1,0,0
2024,REG,00-0039824,J.Wiley,KC,1,1,7.0,0,-0.145088373683393,-0.145088373683393,0,0.0,4.0,3.0,4.0,3.0,0.0,0,0,0
2024,REG,00-0039847,T.Johnson,NYG,43,29,331.0,1,4.542643655178829,0.10564287570183324,23,0.5348837209302325,288.0,149.0,6.6976744186046515,5.137931034482759,16.0,4,1,0
2024,REG,00-0039849,M.Harrison,ARI,116,62,885.0,8,27.308877169188367,0.23542135490679628,58,0.5,1566.0,148.0,13.5,2.3870967741935485,43.0,14,14,5
2024,REG,00-0039853,J.Baker,NE,4,1,12.0,0,-0.841275895363649,-0.21031897384091225,1,0.25,50.0,0.0,12.5,0.0,1.0,0,0,0
2024,REG,00-0039855,J.McMillan,TB,58,37,461.0,8,10.131911177256267,0.1746881237457977,31,0.5344827586206896,704.0,133.0,12.137931034482758,3.5945945945945947,23.0,8,8,4
2024,REG,00-0039868,T.Franklin,DEN,53,28,263.0,2,-18.429685633488536,-0.3477299176129912,18,0.33962264150943394,690.0,163.0,13.018867924528301,5.821428571428571,11.0,5,8,2
2024,REG,00-0039874,J.Wright,MIA,6,3,8.0,0,-2.8675909311304872,-0.4779318218550812,1,0.16666666666666666,-6.0,8.0,-1.0,2.6666666666666665,1.0,0,1,0
2024,REG,00-0039875,R.Davis,BUF,19,17,189.0,3,14.878928111167623,0.7831014795351381,12,0.631578947368421,16.0,164.0,0.8421052631578947,9.647058823529411,8.0,2,2,2
2024,REG,00-0039880,M.Washington,MIA,36,26,223.0,0,7.022316479822619,0.1950643466617394,19,0.5277777777777778,195.0,123.0,5.416666666666667,4.730769230769231,13.0,2,2,0
2024,REG,00-0039890,A.Mitchell,IND,55,23,312.0,0,-4.951546875899221,-0.09002812501634948,20,0.36363636363636365,775.0,101.0,14.090909090909092,4.391304347826087,16.0,4,7,0
2024,REG,00-0039893,B.Thomas,JAX,135,87,1282.0,10,54.242993103261114,0.40179994891304527,72,0.5333333333333333,1542.0,562.0,11.422222222222222,6.459770114942529,53.0,18,18,8
2024,REG,00-0039894,X.Worthy,KC,99,59,638.0,6,19.35543148920302,0.19550940898184868,52,0.5252525252525253,904.0,407.0,9.131313131313131,6.898305084745763,36.0,4,19,4
2024,REG,00-0039901,K.Coleman,BUF,58,29,556.0,4,25.269145955794286,0.4356749302723153,28,0.4827586206896552,864.0,215.0,14.89655172413793,7.413793103448276,22.0,12,12,2
2024,REG,00-0039907,J.Polk,NE,34,12,87.0,2,-20.747774255443733,-0.6102286545718745,9,0.2647058823529412,395.0,13.0,11.617647058823529,1.0833333333333333,4.0,1,5,2
2024,REG,00-0039912,B.Sinnott,WAS,5,5,28.0,1,1.449486682133287,0.2898973364266574,2,0.4,9.0,19.0,1.8,3.8,2.0,0,1,1
2024,REG,00-0039915,L.McConkey,LAC,113,82,1155.0,7,65.70744334692657,0.5814817995303236,67,0.5929203539823009,1114.0,396.0,9.858407079646017,4.829268292682927,52.0,15,10,5
2024,REG,00-0039916,R.Pearsall,SF,47,31,400.0,3,7.521673774945377,0.16003561223288038,24,0.5106382978723404,528.0,114.0,11.23404255319149,3.6774193548387095,19.0,5,8,2
2024,REG,00-0039919,R.Odunze,CHI,101,54,734.0,3,16.061161296314506,0.15902139897341094,45,0.44554455445544555,1398.0,253.0,13.841584158415841,4.685185185185185,37.0,8,17,3
2024,REG,00-0039920,M.Corley,NYJ,6,3,16.0,0,-3.643815412768165,-0.6073025687946941,2,0.3333333333333333,50.0,5.0,8.333333333333334,1.6666666666666667,1.0,0,2,0
2024,REG,00-0039921,T.Benson,ARI,6,6,59.0,0,3.1038311732700117,0.517305195545002,4,0.6666666666666666,-19.0,78.0,-3.1666666666666665,13.0,3.0,0,0,0
2025,REG,00-0023459,A.Rodgers,PIT,1,1,-9.0,0,-1.5339853016194,-1.5339853016194,0,0.0,-9.0,0.0,-9.0,0.0,0.0,0,0,0
2025,REG,00-0029892,K.Juszczyk,SF,24,21,194.0,1,8.866693503572609,0.3694455626488587,19,0.7916666666666666,107.0,103.0,4.458333333333333,4.904761904761905,9.0,3,4,1
2025,REG,00-0030035,A.Thielen,MIN,19,8,69.0,0,1.9581305200555295,0.10305950105555418,9,0.47368421052631576,145.0,10.0,7.631578947368421,1.25,6.0,0,2,0
2025,REG,00-0030035,A.Thielen,PIT,6,6,60.0,0,5.255955133703538,0.875992522283923,6,1.0,44.0,16.0,7.333333333333333,2.6666666666666665,3.0,0,1,0
2025,REG,00-0030061,Z.Ertz,WAS,73,50,504.0,4,11.710295939606718,0.1604150128713249,37,0.5068493150684932,656.0,123.0,8.986301369863014,2.46,25.0,5,9,4
2025,REG,00-0030279,K.Allen,LAC,106,73,724.0,4,40.60998932904057,0.38311310687774125,62,0.5849056603773585,877.0,200.0,8.273584905660377,2.73972602739726,46.0,6,15,4
2025,REG,00-0030506,T.Kelce,KC,97,68,803.0,5,39.144284034719696,0.40354931994556387,61,0.6288659793814433,646.0,409.0,6.65979381443299,6.014705882352941,42.0,9,12,3
2025,REG,00-0030564,D.Hopkins,BAL,36,22,330.0,2,14.979574280891818,0.41609928558032827,19,0.5277777777777778,490.0,65.0,13.61111111111111,2.9545454545454546,15.0,5,2,0
2025,REG,00-0031236,B.Cooks,BUF,5,1,13.0,0,-0.1260119823273238,-0.02520239646546476,1,0.2,149.0,0.0,29.8,0.0,1.0,0,0,0
2025,REG,00-0031236,B.Cooks,NO,25,19,165.0,0,9.82774755986712,0.3931099023946848,15,0.6,231.0,37.0,9.24,1.9473684210526316,10.0,2,1,0
2025,REG,00-0031279,J.Matthews,ATL,1,0,0.0,0,-0.240465411858168,-0.240465411858168,0,0.0,1.0,0.0,1.0,0.0,0.0,0,1,0
2025,REG,00-0031381,D.Adams,LA,114,60,789.0,14,27.033441679594226,0.23713545332977393,59,0.5175438596491229,1444.0,117.0,12.666666666666666,1.95,51.0,14,32,12
2025,REG,00-0031408,M.Evans,TB,53,25,303.0,2,0.17703517794858925,0.0033402863763884764,24,0.4528301886792453,671.0,33.0,12.660377358490566,1.32,18.0,4,8,2
2025,REG,00-0031484,C.Manhertz,NYG,1,1,7.0,0,0.414854025293607,0.414854025293607,1,1.0,1.0,6.0,1.0,6.0,0.0,0,0,0
2025,REG,00-0031503,J.Winston,NYG,1,1,33.0,1,3.22335465252399,3.22335465252399,1,1.0,13.0,20.0,13.0,20.0,1.0,1,0,0
2025,REG,00-0031588,S.Diggs,NE,93,76,869.0,3,57.06959530156783,0.6136515623824498,60,0.6451612903225806,787.0,294.0,8.46236559139785,3.8684210526315788,45.0,13,11,3
2025,REG,00-0031610,D.Waller,MIA,32,23,283.0,6,30.126874204128512,0.941464818879016,21,0.65625,318.0,74.0,9.9375,3.217391304347826,19.0,5,8,6
2025,REG,00-0031687,R.Mostert,LV,12,12,70.0,0,1.4606742499163414,0.12172285415969512,4,0.3333333333333333,-16.0,86.0,-1.3333333333333333,7.166666666666667,6.0,0,1,0
2025,REG,00-0032104,A.Abdullah,IND,14,13,71.0,0,-1.8695219606743207,-0.1335372829053086,6,0.42857142857142855,-4.0,78.0,-0.2857142857142857,6.0,3.0,0,1,0
2025,REG,00-0032211,T.Lockett,LV,27,19,207.0,0,6.033766667490054,0.2234728395366687,14,0.5185185185185185,224.0,51.0,8.296296296296296,2.6842105263157894,10.0,2,2,0
2025,REG,00-0032211,T.Lockett,TEN,21,10,70.0,0,-10.712304061011205,-0.5101097171910097,6,0.2857142857142857,160.0,28.0,7.619047619047619,2.8,3.0,0,0,0
2025,REG,00-0032385,S.Shepard,TB,54,39,371.0,1,-2.826665500648353,-0.052345657419413945,25,0.46296296296296297,453.0,149.0,8.38888888888889,3.8205128205128207,18.0,5,8,1
2025,REG,00-0032392,A.Hooper,NE,23,18,247.0,1,15.490353094763108,0.6734936128157873,16,0.6956521739130435,218.0,81.0,9.478260869565217,4.5,12.0,6,3,1
2025,REG,00-0032398,C.Moore,WAS,22,10,192.0,1,9.904983995081308,0.45022654523096856,11,0.5,324.0,46.0,14.727272727272727,4.6,9.0,3,2,0
2025,REG,00-0032464,K.Raymond,DET,25,20,232.0,1,14.388824807754599,0.575552992310184,17,0.68,152.0,116.0,6.08,5.8,12.0,3,2,0
2025,REG,00-0032688,R.Chosen,WAS,9,5,53.0,0,-0.2711158771417099,-0.030123986349078882,3,0.3333333333333333,131.0,5.0,14.555555555555555,1.0,2.0,0,0,0
2025,REG,00-0032764,D.Henry,BAL,20,15,150.0,0,-2.064232012955472,-0.1032116006477736,11,0.55,20.0,135.0,1.0,9.0,4.0,1,2,0
2025,REG,00-0032775,D.Robinson,SF,30,17,222.0,1,3.743745772142267,0.12479152573807557,16,0.5333333333333333,413.0,25.0,13.766666666666667,1.4705882352941178,12.0,4,4,0
2025,REG,00-0032918,C.Ham,MIN,1,1,5.0,0,0.0849601831287146,0.0849601831287146,1,1.0,4.0,1.0,4.0,1.0,0.0,0,0,0
2025,REG,00-0033040,T.Hill,MIA,29,21,265.0,1,19.834595010732308,0.6839515520942175,19,0.6551724137931034,399.0,57.0,13.758620689655173,2.7142857142857144,17.0,4,2,1
2025,REG,00-0033090,H.Henry,NE,79,52,663.0,6,30.4165592443076,0.38501973726971644,50,0.6329113924050633,664.0,276.0,8.405063291139241,5.3076923076923075,37.0,9,19,4
2025,REG,00-0033110,T.Higbee,LA,30,20,190.0,2,1.2893049233138658,0.04297683077712886,16,0.5333333333333333,36.0,129.0,1.2,6.45,12.0,3,7,2
2025,REG,00-0033217,M.Alie-Cox,IND,13,7,75.0,0,-5.781554867979144,-0.44473498984454957,7,0.5384615384615384,67.0,59.0,5.153846153846154,8.428571428571429,2.0,1,4,0
2025,REG,00-0033246,J.Mundt,JAX,17,8,95.0,0,3.66550058254506,0.21561768132618,8,0.47058823529411764,74.0,66.0,4.352941176470588,8.25,5.0,1,1,0
2025,REG,00-0033280,C.McCaffrey,SF,116,92,829.0,7,43.09749776005388,0.37153015310391274,65,0.5603448275862069,305.0,648.0,2.6293103448275863,7.043478260869565,45.0,6,24,7
2025,REG,00-0033282,C.Samuel,BUF,9,7,81.0,1,8.805984938517204,0.978442770946356,7,0.7777777777777778,145.0,27.0,16.11111111111111,3.857142857142857,5.0,2,1,1
2025,REG,00-0033288,G.Kittle,SF,62,52,599.0,7,47.67949685897393,0.7690241428866762,43,0.6935483870967742,431.0,236.0,6.951612903225806,4.538461538461538,35.0,8,13,6
2025,REG,00-0033293,A.Jones,MIN,37,25,189.0,1,-4.627727362797666,-0.12507371250804503,15,0.40540540540540543,-27.0,216.0,-0.7297297297297297,8.64,9.0,1,5,0
2025,REG,00-0033307,K.Bourne,SF,51,36,526.0,0,20.096955555160687,0.39405795206197425,33,0.6470588235294118,556.0,160.0,10.901960784313726,4.444444444444445,26.0,4,2,0
2025,REG,00-0033357,T.Hill,NO,13,8,59.0,0,-2.089070585094667,-0.1606977373149744,4,0.3076923076923077,51.0,57.0,3.923076923076923,7.125,1.0,0,0,0
2025,REG,00-0033375,T.Patrick,JAX,22,14,183.0,3,6.890545304853434,0.3132066047660652,13,0.5909090909090909,244.0,51.0,11.090909090909092,3.642857142857143,10.0,4,8,2
2025,REG,00-0033376,P.Ricard,BAL,1,0,0.0,0,-0.69710745359771,-0.69710745359771,0,0.0,0.0,0.0,0.0,0.0,0.0,0,0,0
2025,REG,00-0033439,P.Brown,ARI,2,2,1.0,0,-0.885376922233263,-0.4426884611166315,0,0.0,1.0,0.0,0.5,0.0,0.0,0,1,0
2025,REG,00-0033455,A.Firkser,DET,6,6,51.0,0,3.693480554968126,0.6155800924946877,4,0.6666666666666666,40.0,11.0,6.666666666666667,1.8333333333333333,4.0,0,2,0
2025,REG,00-0033526,S.Perine,CIN,16,13,69.0,0,-1.8366816765617309,-0.11479260478510818,7,0.4375,-26.0,88.0,-1.625,6.769230769230769,4.0,0,1,0
2025,REG,00-0033538,G.Bolles,DEN,1,0,0.0,0,-0.82037357360241,-0.82037357360241,0,0.0,2.0,0.0,2.0,0.0,0.0,0,1,0
2025,REG,00-0033553,J.Conner,ARI,9,8,38.0,1,2.234454803401603,0.24827275593351145,4,0.4444444444444444,-9.0,68.0,-1.0,8.5,4.0,0,1,1
2025,REG,00-0033555,M.Hollins,NE,65,46,550.0,2,27.200591899066648,0.41847064460102534,41,0.6307692307692307,851.0,108.0,13.092307692307692,2.347826086956522,28.0,8,5,2
2025,REG,00-0033576,E.Saubert,SEA,3,2,21.0,0,3.520991877289026,1.173663959096342,3,1.0,10.0,11.0,3.3333333333333335,5.5,1.0,0,2,0
2025,REG,00-0033589,D.Moore,CAR,1,1,5.0,0,-0.3032329112757,-0.3032329112757,0,0.0,5.0,0.0,5.0,0.0,0.0,0,0,0
2025,REG,00-0033591,N.Brown,WAS,10,5,83.0,0,2.284025734901663,0.2284025734901663,5,0.5,145.0,11.0,14.5,2.2,3.0,1,2,0
2025,REG,00-0033699,A.Ekeler,WAS,7,5,38.0,0,0.22969329675153138,0.03281332810736163,2,0.2857142857142857,12.0,49.0,1.7142857142857142,9.8,2.0,0,0,0
2025,REG,00-0033757,R.Tonyan,KC,1,1,1.0,0,-0.518533631926402,-0.518533631926402,0,0.0,1.0,0.0,1.0,0.0,0.0,0,0,0
2025,REG,00-0033854,D.Ogunbowale,HOU,11,9,70.0,0,-6.7524074876881945,-0.6138552261534722,3,0.2727272727272727,26.0,53.0,2.3636363636363638,5.888888888888889,3.0,0,3,0
2025,REG,00-0033857,J.Smith-Schuster,KC,40,28,316.0,1,2.4038545771889384,0.06009636442972346,25,0.625,222.0,184.0,5.55,6.571428571428571,18.0,3,9,1
2025,REG,00-0033858,J.Smith,PIT,48,32,202.0,2,1.8665413275143017,0.03888627765654795,23,0.4791666666666667,196.0,169.0,4.083333333333333,5.28125,9.0,1,7,2
2025,REG,00-0033873,P.Mahomes,KC,1,1,-10.0,0,-2.5388513491489,-2.5388513491489,0,0.0,-8.0,-2.0,-8.0,-2.0,0.0,0,0,0
2025,REG,00-0033881,E.Engram,DEN,69,43,395.0,1,3.349626960905722,0.04854531827399597,27,0.391304347826087,294.0,266.0,4.260869565217392,6.186046511627907,18.0,3,9,1
2025,REG,00-0033885,D.Njoku,CLE,48,33,293.0,4,-3.614772343487771,-0.07530775715599523,23,0.4791666666666667,253.0,160.0,5.270833333333333,4.848484848484849,11.0,2,9,4
2025,REG,00-0033891,Z.Jones,ARI,18,12,183.0,0,5.602521057240649,0.3112511698467027,10,0.5555555555555556,241.0,36.0,13.38888888888889,3.0,7.0,4,2,0
2025,REG,00-0033906,A.Kamara,NO,39,33,186.0,0,-11.671730328886452,-0.29927513663811417,13,0.3333333333333333,33.0,202.0,0.8461538461538461,6.121212121212121,7.0,2,5,0
2025,REG,00-0033908,C.Kupp,SEA,65,44,558.0,2,7.915767711868777,0.12178104172105811,38,0.5846153846153846,488.0,280.0,7.507692307692308,6.363636363636363,23.0,7,11,2
2025,REG,00-0033921,C.Godwin,TB,43,25,244.0,1,5.355883454499399,0.12455542917440464,23,0.5348837209302325,321.0,124.0,7.465116279069767,4.96,15.0,4,7,1
2025,REG,00-0033923,K.Hunt,KC,21,15,122.0,1,3.4310656157817854,0.16338407694198978,10,0.47619047619047616,4.0,132.0,0.19047619047619047,8.8,8.0,1,5,1
2025,REG,00-0033943,J.Reynolds,NYJ,22,11,101.0,0,-2.4222081790648,-0.11010037177567272,10,0.45454545454545453,276.0,14.0,12.545454545454545,1.2727272727272727,4.0,0,2,0
2025,REG,00-0033955,J.McNichols,WAS,28,21,176.0,0,-0.7882455426485757,-0.028151626523163418,13,0.4642857142857143,-27.0,206.0,-0.9642857142857143,9.80952380952381,10.0,1,2,0
2025,REG,00-0034073,R.Dwelley,DET,5,2,7.0,0,-2.56429580663098,-0.5128591613261959,0,0.0,1.0,7.0,0.2,3.5,0.0,0,3,0
2025,REG,00-0034159,W.Dissly,LAC,9,8,72.0,0,2.898714720038698,0.3220794133376331,5,0.5555555555555556,34.0,47.0,3.7777777777777777,5.875,4.0,0,0,0
2025,REG,00-0034270,T.Conklin,LAC,9,6,95.0,0,-3.7900402548468706,-0.42111558387187453,3,0.3333333333333333,41.0,55.0,4.555555555555555,9.166666666666666,3.0,2,0,0
2025,REG,00-0034272,M.Valdes-Scantling,PIT,5,2,25.0,1,1.581192731857302,0.3162385463714604,2,0.4,104.0,0.0,20.8,0.0,2.0,0,1,1
2025,REG,00-0034272,M.Valdes-Scantling,SF,8,4,40.0,0,-0.9958343941985519,-0.12447929927481899,3,0.375,88.0,4.0,11.0,1.0,1.0,0,0,0
2025,REG,00-0034348,C.Sutton,DEN,113,69,972.0,7,49.27631090497355,0.43607354783162433,64,0.5663716814159292,1426.0,205.0,12.619469026548673,2.971014492753623,49.0,16,17,4
2025,REG,00-0034351,D.Goedert,PHI,76,57,583.0,10,38.418945413597896,0.505512439652604,47,0.618421052631579,557.0,228.0,7.328947368421052,4.0,33.0,7,12,9
2025,REG,00-0034365,I.Thomas,LV,13,13,114.0,0,5.073345937766123,0.39025737982816333,10,0.7692307692307693,42.0,72.0,3.230769230769231,5.538461538461538,5.0,1,0,0
2025,REG,00-0034383,D.Schultz,HOU,99,75,685.0,3,33.68002998389754,0.34020232306967213,58,0.5858585858585859,622.0,302.0,6.282828282828283,4.026666666666666,36.0,4,12,3
2025,REG,00-0034386,J.Watson,HOU,4,3,30.0,0,1.3515022930677967,0.33787557326694917,2,0.5,33.0,14.0,8.25,4.666666666666667,1.0,0,2,0
2025,REG,00-0034407,R.McCloud,ATL,14,6,64.0,0,-9.628493273751756,-0.6877495195536969,4,0.2857142857142857,79.0,46.0,5.642857142857143,7.666666666666667,4.0,1,1,0
2025,REG,00-0034407,R.McCloud,NYG,1,1,5.0,0,0.176517076790333,0.176517076790333,1,1.0,5.0,0.0,5.0,0.0,0.0,0,0,0
2025,REG,00-0034418,C.Wilson,MIA,5,4,36.0,0,3.121761295886252,0.6243522591772505,3,0.6,46.0,22.0,9.2,5.5,3.0,0,1,0
2025,REG,00-0034419,B.Berrios,HOU,8,6,37.0,0,2.359640075010241,0.2949550093762801,4,0.5,24.0,18.0,3.0,3.0,3.0,0,2,0
2025,REG,00-0034487,T.Sherfield,ARI,1,0,0.0,0,-0.472705512598623,-0.472705512598623,0,0.0,6.0,0.0,6.0,0.0,0.0,0,1,0
2025,REG,00-0034487,T.Sherfield,DEN,4,3,21.0,0,-0.38196908356621906,-0.09549227089155476,1,0.25,39.0,14.0,9.75,4.666666666666667,1.0,0,1,0
2025,REG,00-0034521,A.Lazard,NYJ,18,10,70.0,1,-9.657388184568859,-0.536521565809381,7,0.3888888888888889,142.0,33.0,7.888888888888889,3.3,4.0,0,6,1
2025,REG,00-0034613,T.Hudson,CIN,22,17,137.0,2,-4.169009599554982,-0.18950043634340827,11,0.5,115.0,56.0,5.2272727272727275,3.2941176470588234,6.0,1,6,2
2025,REG,00-0034678,A.Cappa,LV,1,0,0.0,0,-0.339787038916256,-0.339787038916256,0,0.0,2.0,0.0,2.0,0.0,0.0,0,1,0
2025,REG,00-0034753,M.Andrews,BAL,63,42,380.0,5,-0.036456688146832894,-0.0005786775896322681,31,0.49206349206349204,475.0,92.0,7.5396825396825395,2.1904761904761907,23.0,3,14,4
2025,REG,00-0034775,C.Kirk,HOU,46,25,241.0,1,-13.522308958885855,-0.293963238236649,17,0.3695652173913043,354.0,111.0,7.695652173913044,4.44,11.0,3,7,1
2025,REG,00-0034791,N.Chubb,HOU,20,13,67.0,0,-2.4318653126247245,-0.12159326563123622,8,0.4,15.0,63.0,0.75,4.846153846153846,1.0,1,2,0
2025,REG,00-0034798,D.Smythe,CHI,5,3,14.0,0,-1.254745413549245,-0.250949082709849,1,0.2,20.0,8.0,4.0,2.6666666666666665,0.0,0,0,0
2025,REG,00-0034827,D.Moore,CHI,78,48,649.0,6,20.404214452528134,0.2615924929811299,37,0.47435897435897434,919.0,192.0,11.782051282051283,4.0,31.0,12,10,3
2025,REG,00-0034829,M.Gesicki,CIN,38,24,247.0,2,-1.9205025948758778,-0.05053954197041784,20,0.5263157894736842,372.0,49.0,9.789473684210526,2.0416666666666665,15.0,1,7,2
2025,REG,00-0034837,C.Ridley,TEN,36,17,303.0,0,12.221225031865295,0.3394784731073693,15,0.4166666666666667,453.0,84.0,12.583333333333334,4.9411764705882355,13.0,7,2,0
2025,REG,00-0034844,S.Barkley,PHI,51,37,273.0,2,-4.971302645470021,-0.09747652246019649,19,0.37254901960784315,31.0,296.0,0.6078431372549019,8.0,11.0,2,8,1
2025,REG,00-0034854,K.Hodge,ATL,10,3,31.0,0,-2.792162029421749,-0.27921620294217486,4,0.4,150.0,9.0,15.0,3.0,2.0,0,0,0
2025,REG,00-0034860,D.Pettis,NO,2,1,14.0,0,-3.05030402855473,-1.525152014277365,0,0.0,38.0,0.0,19.0,0.0,0.0,0,0,0
2025,REG,00-0034867,M.Turner,SF,1,0,0.0,0,-0.565274677006528,-0.565274677006528,0,0.0,-5.0,0.0,-5.0,0.0,0.0,0,0,0
2025,REG,00-0034928,S.Sims,ARI,1,0,0.0,0,-0.555991165339947,-0.555991165339947,0,0.0,2.0,0.0,2.0,0.0,0.0,0,0,0
2025,REG,00-0034959,A.Beck,NYJ,7,5,43.0,1,-0.5515096440794921,-0.07878709201135602,5,0.7142857142857143,38.0,20.0,5.428571428571429,4.0,3.0,0,1,1
2025,REG,00-0034960,J.Meyers,JAX,46,31,400.0,3,14.907293004113699,0.32407158704594996,29,0.6304347826086957,431.0,118.0,9.369565217391305,3.806451612903226,23.0,5,8,3
2025,REG,00-0034960,J.Meyers,LV,49,33,352.0,0,-3.3079422423352014,-0.06750902535377962,28,0.5714285714285714,436.0,153.0,8.89795918367347,4.636363636363637,15.0,5,6,0
2025,REG,00-0034975,J.Hill,BAL,27,21,169.0,1,0.42149716021957273,0.01561100593405825,11,0.4074074074074074,-6.0,184.0,-0.2222222222222222,8.761904761904763,6.0,1,1,1
2025,REG,00-0034981,F.Moreau,NO,10,7,59.0,0,-3.73570500547067,-0.373570500547067,6,0.6,10.0,44.0,1.0,6.285714285714286,2.0,0,1,0
2025,REG,00-0034983,H.Renfrow,CAR,26,15,89.0,2,-2.002839822307883,-0.07703230085799549,10,0.38461538461538464,194.0,24.0,7.461538461538462,1.6,8.0,0,6,2
2025,REG,00-0035021,A.Dulin,IND,8,5,106.0,0,6.951571413257638,0.8689464266572048,4,0.5,105.0,53.0,13.125,10.6,4.0,3,1,0
2025,REG,00-0035125,A.Ingold,MIA,9,7,49.0,0,0.5555758462287463,0.06173064958097182,3,0.3333333333333333,22.0,45.0,2.4444444444444446,6.428571428571429,4.0,1,0,0
2025,REG,00-0035140,M.Hardman,BUF,1,0,0.0,0,-0.508363496046513,-0.508363496046513,0,0.0,46.0,0.0,46.0,0.0,0.0,0,0,0
2025,REG,00-0035208,O.Zaccheaus,CHI,66,39,313.0,2,-3.7957926920527405,-0.05751201048564758,29,0.4393939393939394,462.0,138.0,7.0,3.5384615384615383,15.0,1,13,2
2025,REG,00-0035229,T.Hockenson,MIN,66,51,438.0,3,14.095465457870558,0.2135676584525842,33,0.5,329.0,219.0,4.984848484848484,4.294117647058823,22.0,3,11,3
2025,REG,00-0035243,M.Sanders,DAL,8,8,30.0,0,-1.514869269983565,-0.18935865874794564,3,0.375,-14.0,44.0,-1.75,5.5,0.0,0,1,0
2025,REG,00-0035249,J.Oliver,MIN,16,12,123.0,4,8.011001578343105,0.5006875986464441,9,0.5625,48.0,76.0,3.0,6.333333333333333,6.0,1,7,3
2025,REG,00-0035250,D.Singletary,NYG,15,14,126.0,0,1.5745528442770715,0.10497018961847143,7,0.4666666666666667,1.0,124.0,0.06666666666666667,8.857142857142858,3.0,2,2,0
2025,REG,00-0035261,T.Pollard,TEN,36,28,179.0,0,-12.799916359459353,-0.35555323220720425,14,0.3888888888888889,24.0,164.0,0.6666666666666666,5.857142857142857,9.0,1,0,0
2025,REG,00-0035291,T.Williams,CLE,6,6,42.0,0,1.2429393763003997,0.2071565627167333,3,0.5,-24.0,66.0,-4.0,11.0,2.0,1,2,0
2025,REG,00-0035291,T.Williams,LAC,1,1,0.0,0,-2.7549481280148,-2.7549481280148,0,0.0,-1.0,1.0,-1.0,1.0,0.0,0,0,0
2025,REG,00-0035298,S.Miller,PIT,5,4,28.0,0,4.368578426450341,0.8737156852900683,3,0.6,21.0,15.0,4.2,3.75,2.0,0,2,0
2025,REG,00-0035359,D.Sills,ATL,31,14,143.0,2,-2.421936700353402,-0.07812699033398071,12,0.3870967741935484,355.0,43.0,11.451612903225806,3.0714285714285716,7.0,2,6,2
2025,REG,00-0035406,L.Humphrey,DEN,10,7,78.0,1,8.298145700449824,0.8298145700449824,7,0.7,92.0,19.0,9.2,2.7142857142857144,6.0,1,1,1
2025,REG,00-0035406,L.Humphrey,NYG,10,4,55.0,0,1.2524704267270879,0.12524704267270878,3,0.3,146.0,2.0,14.6,0.5,2.0,1,2,0
2025,REG,00-0035500,G.Dortch,ARI,33,29,206.0,3,4.251081109633544,0.12882063968586496,13,0.3939393939393939,58.0,194.0,1.7575757575757576,6.689655172413793,10.0,1,7,2
2025,REG,00-0035535,D.Slayton,NYG,52,31,468.0,1,13.66600027397715,0.26280769757648365,26,0.5,764.0,176.0,14.692307692307692,5.67741935483871,18.0,6,4,0
2025,REG,00-0035537,Ty.Johnson,BUF,27,19,199.0,1,7.647814680356528,0.2832523955687603,13,0.48148148148148145,-36.0,235.0,-1.3333333333333333,12.368421052631579,9.0,2,3,0
2025,REG,00-0035544,T.Kennedy,DET,4,4,36.0,0,4.502742598298944,1.125685649574736,2,0.5,32.0,4.0,8.0,1.0,2.0,1,0,0
2025,REG,00-0035602,A.Bachman,LV,3,2,12.0,0,1.065028983575763,0.35500966119192096,2,0.6666666666666666,14.0,2.0,4.666666666666667,1.0,2.0,0,0,0
2025,REG,00-0035631,D.Sample,CIN,16,11,81.0,1,0.8488810873241275,0.05305506795775797,4,0.25,-1.0,78.0,-0.0625,7.090909090909091,4.0,1,1,1
2025,REG,00-0035640,D.Metcalf,PIT,99,59,850.0,6,32.925839313528186,0.3325842354901837,50,0.5050505050505051,1044.0,414.0,10.545454545454545,7.016949152542373,37.0,15,13,3
2025,REG,00-0035643,J.Simmons,TEN,1,1,1.0,1,0.563946080277674,0.563946080277674,1,1.0,1.0,0.0,1.0,0.0,1.0,0,1,1
2025,REG,00-0035644,N.Fant,CIN,39,33,283.0,3,-2.488081856081031,-0.06379697066874439,23,0.5897435897435898,141.0,168.0,3.6153846153846154,5.090909090909091,13.0,3,3,2
2025,REG,00-0035645,G.Olszewski,NYG,3,1,24.0,1,2.184645415768532,0.7282151385895107,1,0.3333333333333333,51.0,1.0,17.0,1.0,1.0,1,2,0
2025,REG,00-0035659,T.McLaurin,WAS,49,29,462.0,3,19.93809182857577,0.40689983323624024,29,0.5918367346938775,715.0,75.0,14.591836734693878,2.586206896551724,25.0,6,8,2
2025,REG,00-0035662,M.Brown,KC,65,45,516.0,5,25.62796091112602,0.39427632170963106,39,0.6,668.0,162.0,10.276923076923078,3.6,27.0,6,10,5
2025,REG,00-0035676,A.Brown,PHI,114,73,935.0,7,29.213423691456413,0.2562581025566352,60,0.5263157894736842,1332.0,260.0,11.68421052631579,3.5616438356164384,44.0,13,12,3
2025,REG,00-0035685,D.Montgomery,DET,26,21,164.0,0,1.9346037310927438,0.07440783581125937,13,0.5,17.0,166.0,0.6538461538461539,7.904761904761905,9.0,1,2,0
2025,REG,00-0035689,D.Knox,BUF,43,29,363.0,3,13.512250621875994,0.31423838655525566,28,0.6511627906976745,289.0,169.0,6.72093023255814,5.827586206896552,19.0,5,11,3
2025,REG,00-0035700,J.Jacobs,GB,43,35,282.0,1,12.728165163626903,0.29600384101457916,22,0.5116279069767442,-36.0,301.0,-0.8372093023255814,8.6,8.0,4,5,1
2025,REG,00-0035719,D.Samuel,WAS,91,68,639.0,5,21.05095380107433,0.23132916264916845,51,0.5604395604395604,492.0,384.0,5.406593406593407,5.647058823529412,29.0,8,13,4
2025,REG,00-0035876,A.Baccellia,ARI,4,2,8.0,0,-1.8098246662411834,-0.45245616656029586,0,0.0,7.0,7.0,1.75,3.5,0.0,0,2,0
2025,REG,00-0035891,C.White,SEA,4,3,90.0,1,4.842319958377631,1.2105799895944078,3,0.75,39.0,58.0,9.75,19.333333333333332,2.0,2,0,0
2025,REG,00-0036040,J.Johnson,NO,93,70,733.0,3,27.01256858936779,0.29045772676739556,52,0.5591397849462365,637.0,320.0,6.849462365591398,4.571428571428571,36.0,7,8,2
2025,REG,00-0036133,J.Proche,TEN,6,4,55.0,0,3.769468301616148,0.6282447169360247,4,0.6666666666666666,64.0,2.0,10.666666666666666,0.5,2.0,1,0,0
2025,REG,00-0036139,R.Dowdle,CAR,43,34,273.0,1,0.9558747609676526,0.022229645603898895,18,0.4186046511627907,-22.0,309.0,-0.5116279069767442,9.088235294117647,13.0,2,5,0
2025,REG,00-0036158,J.Dobbins,DEN,14,11,37.0,0,-4.985711282643027,-0.356122234474502,4,0.2857142857142857,-30.0,56.0,-2.142857142857143,5.090909090909091,0.0,0,0,0
2025,REG,00-0036165,I.Hodgins,NYG,15,9,107.0,1,7.58477665198735,0.5056517767991566,7,0.4666666666666667,162.0,9.0,10.8,1.0,6.0,2,2,1
2025,REG,00-0036176,M.Kinsey,TEN,3,1,14.0,0,1.2201938092475741,0.4067312697491914,1,0.3333333333333333,59.0,2.0,19.666666666666668,2.0,1.0,0,0,0
2025,REG,00-0036182,N.Westbrook-Ikhine,MIA,20,11,89.0,0,1.1621395405381842,0.058106977026909215,9,0.45,110.0,28.0,5.5,2.5454545454545454,8.0,0,2,0
2025,REG,00-0036187,R.Gilliam,BUF,2,1,2.0,0,-1.378208768161014,-0.689104384080507,0,0.0,1.0,1.0,0.5,1.0,0.0,0,1,0
2025,REG,00-0036196,G.Davis,BUF,10,7,88.0,0,5.372026051452843,0.5372026051452843,6,0.6,101.0,19.0,10.1,2.7142857142857144,5.0,2,3,0
2025,REG,00-0036223,J.Taylor,IND,48,41,351.0,2,11.05249823712812,0.23026037994016915,24,0.5,-33.0,407.0,-0.6875,9.926829268292684,14.0,3,5,2
2025,REG,00-0036232,H.Bryant,HOU,6,2,7.0,0,-3.3358658562647223,-0.5559776427107871,1,0.16666666666666666,58.0,0.0,9.666666666666666,0.0,1.0,0,0,0
2025,REG,00-0036244,C.Parkinson,LA,42,33,319.0,6,7.26191328523489,0.17290269726749738,27,0.6428571428571429,150.0,219.0,3.5714285714285716,6.636363636363637,21.0,3,19,5
2025,REG,00-0036252,M.Pittman,IND,107,76,757.0,7,24.567130659727702,0.22959935196007197,61,0.5700934579439252,850.0,255.0,7.94392523364486,3.3552631578947367,45.0,5,15,5
2025,REG,00-0036259,J.Jennings,SF,83,49,566.0,8,4.6730651377859065,0.05630198961187839,42,0.5060240963855421,831.0,156.0,10.012048192771084,3.183673469387755,33.0,8,21,7
2025,REG,00-0036265,A.Dillon,PHI,2,2,18.0,0,-4.046990365139209,-2.0234951825696044,1,0.5,9.0,9.0,4.5,4.5,0.0,0,0,0
2025,REG,00-0036275,D.Swift,CHI,43,31,266.0,1,-0.762826231680592,-0.017740144922804468,15,0.3488372093023256,-33.0,333.0,-0.7674418604651163,10.741935483870968,10.0,3,1,0
2025,REG,00-0036290,C.Kmet,CHI,42,26,315.0,2,9.685113599349284,0.23059794284164964,20,0.47619047619047616,400.0,122.0,9.523809523809524,4.6923076923076925,15.0,5,6,1
2025,REG,00-0036309,D.Mooney,ATL,62,27,388.0,1,0.06042257118144101,0.0009745575997006614,23,0.3709677419354839,879.0,70.0,14.17741935483871,2.5925925925925926,22.0,4,6,0
2025,REG,00-0036322,J.Jefferson,MIN,126,72,917.0,2,-18.926773996596612,-0.15021249203648104,60,0.47619047619047616,1349.0,385.0,10.706349206349206,5.347222222222222,41.0,12,17,2
2025,REG,00-0036328,A.Gibson,NE,3,2,6.0,0,-1.235023250570521,-0.4116744168568403,0,0.0,-6.0,16.0,-2.0,8.0,0.0,0,0,0
2025,REG,00-0036331,D.Duvernay,CHI,4,2,26.0,0,-0.03409906733250212,-0.00852476683312553,2,0.5,72.0,0.0,18.0,0.0,1.0,1,1,0
2025,REG,00-0036332,J.Deguara,ARI,3,1,6.0,0,-0.948794143390842,-0.316264714463614,1,0.3333333333333333,12.0,1.0,4.0,1.0,0.0,0,0,0
2025,REG,00-0036358,C.Lamb,DAL,106,69,1027.0,3,29.802703881671505,0.2811575837893538,59,0.5566037735849056,1237.0,309.0,11.669811320754716,4.478260869565218,40.0,15,17,2
2025,REG,00-0036360,C.Edwards-Helaire,KC,2,2,9.0,0,1.5574801142211108,0.7787400571105554,2,1.0,-4.0,13.0,-2.0,6.5,0.0,0,0,0
2025,REG,00-0036406,T.Wirfs,TB,1,1,2.0,1,2.98821846296778,2.98821846296778,1,1.0,1.0,1.0,1.0,1.0,1.0,0,1,1
2025,REG,00-0036407,J.Jeudy,CLE,93,43,531.0,2,-29.473562423245955,-0.3169200260564081,33,0.3548387096774194,1121.0,157.0,12.053763440860216,3.6511627906976742,26.0,6,9,0
2025,REG,00-0036410,T.Higgins,CIN,85,49,720.0,10,38.2562879062029,0.4500739753670929,46,0.5411764705882353,1117.0,152.0,13.141176470588235,3.1020408163265305,35.0,12,12,3
2025,REG,00-0036414,C.Akers,MIN,1,0,0.0,0,-1.43015986331739,-1.43015986331739,0,0.0,-6.0,0.0,-6.0,0.0,0.0,0,0,0
2025,REG,00-0036415,V.Jefferson,TEN,49,26,304.0,1,5.099163169698984,0.10406455448365273,23,0.46938775510204084,583.0,77.0,11.89795918367347,2.9615384615384617,15.0,5,3,1
2025,REG,00-0036422,A.Trautman,DEN,21,18,171.0,1,8.470827416575034,0.40337273412262065,13,0.6190476190476191,85.0,101.0,4.0476190476190474,5.611111111111111,9.0,3,1,1
2025,REG,00-0036423,A.Okwuegbunam,LV,6,5,36.0,0,1.6165097025805175,0.2694182837634196,3,0.5,18.0,34.0,3.0,6.8,2.0,0,1,0
2025,REG,00-0036427,T.Johnson,NYJ,17,11,194.0,1,12.994005252219905,0.7643532501305826,8,0.47058823529411764,207.0,64.0,12.176470588235293,5.818181818181818,8.0,5,2,1
2025,REG,00-0036429,C.Woerner,ATL,9,8,48.0,0,-0.2022059477749269,-0.022467327530547435,3,0.3333333333333333,12.0,35.0,1.3333333333333333,4.375,2.0,0,1,0
2025,REG,00-0036497,T.Jones,JAX,1,1,15.0,0,1.07519215316279,1.07519215316279,1,1.0,4.0,11.0,4.0,11.0,1.0,0,0,0
2025,REG,00-0036534,S.Zylstra,DET,5,3,20.0,0,-1.8361170820426198,-0.36722341640852396,1,0.2,37.0,2.0,7.4,0.6666666666666666,1.0,0,1,0
2025,REG,00-0036550,R.Bateman,BAL,38,18,217.0,2,-2.107306624478083,-0.05545543748626534,17,0.4473684210526316,464.0,36.0,12.210526315789474,2.0,12.0,3,8,2
2025,REG,00-0036554,N.Collins,HOU,117,68,1060.0,6,35.008366265797065,0.2992168056905732,56,0.47863247863247865,1472.0,303.0,12.581196581196581,4.455882352941177,45.0,17,19,3
2025,REG,00-0036555,C.Hubbard,CAR,34,25,210.0,3,7.4303077369693735,0.2185384628520404,14,0.4117647058823529,-24.0,262.0,-0.7058823529411765,10.48,11.0,3,6,1
2025,REG,00-0036567,E.Mitchell,KC,1,0,0.0,0,-3.36506548570469,-3.36506548570469,0,0.0,16.0,0.0,16.0,0.0,0.0,0,0,0
2025,REG,00-0036590,Q.Morris,JAX,8,5,50.0,0,-2.451035817095543,-0.30637947713694286,5,0.625,43.0,18.0,5.375,3.6,3.0,0,1,0
2025,REG,00-0036613,J.Waddle,MIA,99,64,910.0,6,35.34466171091541,0.3570167849587415,56,0.5656565656565656,1291.0,228.0,13.04040404040404,3.5625,48.0,14,11,3
2025,REG,00-0036620,D.Eskridge,MIA,7,4,62.0,0,3.045865970780142,0.43512371011144885,4,0.5714285714285714,98.0,9.0,14.0,2.25,3.0,1,0,0
2025,REG,00-0036626,D.Brown,JAX,36,19,219.0,1,-3.9278818469690826,-0.10910782908247452,14,0.3888888888888889,510.0,31.0,14.166666666666666,1.631578947368421,12.0,2,8,1
2025,REG,00-0036628,J.Bates,WAS,14,9,90.0,0,4.67513261886778,0.3339380442048414,8,0.5714285714285714,50.0,53.0,3.5714285714285716,5.888888888888889,4.0,1,1,0
2025,REG,00-0036630,T.Wallace,BAL,8,4,45.0,1,1.5113781204127783,0.1889222650515973,3,0.375,107.0,17.0,13.375,4.25,3.0,0,2,1
2025,REG,00-0036637,N.Gray,KC,32,17,146.0,0,-6.843178038354867,-0.2138493136985896,11,0.34375,214.0,92.0,6.6875,5.411764705882353,7.0,1,3,0
2025,REG,00-0036727,A.Prentice,DEN,8,6,53.0,0,1.7344127474352717,0.21680159342940897,5,0.625,9.0,43.0,1.125,7.166666666666667,3.0,0,2,0
2025,REG,00-0036741,J.Stoll,NO,11,6,46.0,1,-5.034133054548882,-0.45764845950444377,6,0.5454545454545454,34.0,17.0,3.090909090909091,2.8333333333333335,2.0,0,1,1
2025,REG,00-0036754,B.Wright,DET,22,14,108.0,2,-1.9290250019694268,-0.08768295463497394,11,0.5,22.0,86.0,1.0,6.142857142857143,7.0,1,2,2
2025,REG,00-0036841,A.Trammell,JAX,10,3,46.0,0,-4.970840585587138,-0.4970840585587138,3,0.3,130.0,2.0,13.0,0.6666666666666666,2.0,0,1,0
2025,REG,00-0036849,T.Atwell,LA,11,5,173.0,1,3.580338410054182,0.32548531000492564,4,0.36363636363636365,196.0,61.0,17.818181818181817,12.2,3.0,3,1,0
2025,REG,00-0036862,B.Skowronek,PIT,6,4,69.0,1,5.408946100738834,0.9014910167898057,4,0.6666666666666666,61.0,23.0,10.166666666666666,5.75,4.0,2,1,0
2025,REG,00-0036875,R.Stevenson,NE,31,25,268.0,0,5.173281612649307,0.16688005202094539,14,0.45161290322580644,122.0,223.0,3.935483870967742,8.92,7.0,4,5,0
2025,REG,00-0036876,K.Granson,PHI,4,3,10.0,0,-1.368069243617359,-0.34201731090433973,2,0.5,37.0,4.0,9.25,1.3333333333333333,2.0,0,0,0
2025,REG,00-0036887,L.Farrell,SF,14,11,85.0,2,3.545898243552083,0.2532784459680059,8,0.5714285714285714,41.0,52.0,2.9285714285714284,4.7272727272727275,6.0,0,4,2
2025,REG,00-0036893,N.Harris,LAC,3,3,25.0,0,1.3118299120105803,0.4372766373368601,2,0.6666666666666666,10.0,15.0,3.3333333333333335,5.0,1.0,0,0,0
2025,REG,00-0036894,P.Freiermuth,PIT,44,35,372.0,4,17.47214547824116,0.3970942154145718,24,0.5454545454545454,236.0,209.0,5.363636363636363,5.9714285714285715,15.0,3,8,3
2025,REG,00-0036900,J.Chase,CIN,166,110,1256.0,5,28.615225473972117,0.17238087634922963,86,0.5180722891566265,1437.0,549.0,8.656626506024097,4.990909090909091,62.0,12,19,4
2025,REG,00-0036906,K.Herbert,NYJ,1,0,0.0,0,-0.424744484364055,-0.424744484364055,0,0.0,-4.0,0.0,-4.0,0.0,0.0,0,0,0
2025,REG,00-0036912,D.Smith,PHI,105,72,931.0,4,52.687106839067,0.5017819698958762,56,0.5333333333333333,1217.0,276.0,11.59047619047619,3.8333333333333335,40.0,13,12,2
2025,REG,00-0036919,K.Gainwell,PIT,72,62,410.0,3,2.8780393916820297,0.03997276932891708,27,0.375,-4.0,441.0,-0.05555555555555555,7.112903225806452,17.0,3,16,2
2025,REG,00-0036924,M.Carter,ARI,38,28,232.0,0,1.2560218216443835,0.033053205832746936,20,0.5263157894736842,71.0,221.0,1.868421052631579,7.892857142857143,11.0,0,7,0
2025,REG,00-0036945,J.Fields,NYJ,1,0,0.0,0,-0.818771343037952,-0.818771343037952,0,0.0,6.0,0.0,6.0,0.0,0.0,0,1,0
2025,REG,00-0036959,M.Bandy,DEN,2,2,36.0,1,5.321089270524681,2.6605446352623403,2,1.0,13.0,23.0,6.5,11.5,2.0,1,1,1
2025,REG,00-0036963,A.St. Brown,DET,144,98,1194.0,11,50.085595774872196,0.3478166373255014,78,0.5416666666666666,1153.0,509.0,8.006944444444445,5.1938775510204085,58.0,17,31,10
2025,REG,00-0036970,K.Pitts,ATL,107,80,854.0,5,25.728992345090365,0.2404578723840221,58,0.5420560747663551,800.0,373.0,7.4766355140186915,4.6625,44.0,12,11,5
2025,REG,00-0036973,T.Etienne,JAX,48,33,270.0,6,8.034812433761559,0.1673919257033658,20,0.4166666666666667,-69.0,318.0,-1.4375,9.636363636363637,12.0,2,10,5
2025,REG,00-0036980,E.Moore,BUF,17,9,112.0,0,-3.8895232510403717,-0.228795485355316,5,0.29411764705882354,142.0,58.0,8.352941176470589,6.444444444444445,4.0,3,0,0
2025,REG,00-0036988,J.Palmer,BUF,32,20,290.0,0,8.88930094794887,0.2777906546234022,15,0.46875,398.0,51.0,12.4375,2.55,13.0,5,4,0
2025,REG,00-0036997,J.Williams,DAL,49,35,137.0,2,-20.003638216916002,-0.4082375146309388,13,0.2653061224489796,-68.0,206.0,-1.3877551020408163,5.885714285714286,7.0,0,12,2
2025,REG,00-0037004,H.Long,JAX,17,12,85.0,2,7.768738388316708,0.45698461107745336,10,0.5882352941176471,66.0,31.0,3.8823529411764706,2.5833333333333335,5.0,0,4,2
2025,REG,00-0037005,T.Tremble,CAR,32,23,205.0,1,3.975187597828961,0.12422461243215503,17,0.53125,135.0,147.0,4.21875,6.391304347826087,7.0,1,4,1
2025,REG,00-0037085,T.Badie,DEN,29,17,113.0,0,-3.385842046288473,-0.11675317400994734,9,0.3103448275862069,-31.0,169.0,-1.0689655172413792,9.941176470588236,7.0,0,4,0
2025,REG,00-0037086,G.Calcaterra,PHI,9,6,52.0,0,0.9292374721262627,0.10324860801402919,5,0.5555555555555556,58.0,28.0,6.444444444444445,4.666666666666667,3.0,0,0,0
2025,REG,00-0037091,B.Melton,GB,9,3,73.0,1,1.0717659299843934,0.11908510333159926,3,0.3333333333333333,172.0,2.0,19.11111111111111,0.6666666666666666,3.0,1,0,0
2025,REG,00-0037093,D.Young,SEA,2,2,48.0,0,3.386090107145715,1.6930450535728574,2,1.0,48.0,0.0,24.0,0.0,2.0,1,0,0
2025,REG,00-0037112,J.Tonges,SF,37,27,233.0,4,10.754109947229185,0.2906516201953834,21,0.5675675675675675,178.0,129.0,4.8108108108108105,4.777777777777778,15.0,2,6,3
2025,REG,00-0037120,T.Goodson,IND,3,2,8.0,0,-0.9459662016597576,-0.31532206721991923,1,0.3333333333333333,-3.0,10.0,-1.0,5.0,0.0,0,1,0
2025,REG,00-0037157,Z.Knight,ARI,31,22,160.0,1,1.4046673619304895,0.045311850384854496,14,0.45161290322580644,37.0,151.0,1.1935483870967742,6.863636363636363,10.0,1,6,1
2025,REG,00-0037197,I.Pacheco,KC,26,19,101.0,1,-4.677933279447896,-0.179920510747996,8,0.3076923076923077,-27.0,121.0,-1.0384615384615385,6.368421052631579,4.0,1,4,1
2025,REG,00-0037228,J.Warren,PIT,40,35,300.0,2,8.254990347863954,0.20637475869659885,19,0.475,-90.0,383.0,-2.25,10.942857142857143,12.0,2,4,1
2025,REG,00-0037231,K.Austin,NO,9,5,51.0,0,-0.6869931151159141,-0.07633256834621267,3,0.3333333333333333,75.0,16.0,8.333333333333334,3.2,3.0,0,1,0
2025,REG,00-0037238,D.London,ATL,103,63,837.0,6,20.93470330210845,0.20324954662241212,56,0.5436893203883495,1080.0,220.0,10.485436893203884,3.492063492063492,41.0,12,14,6
2025,REG,00-0037239,C.Olave,NO,145,92,1044.0,8,26.08188497028503,0.17987506876058643,71,0.4896551724137931,1726.0,233.0,11.903448275862068,2.532608695652174,48.0,10,13,4
2025,REG,00-0037240,J.Williams,DET,91,57,998.0,7,48.56242307790511,0.5336530008561001,49,0.5384615384615384,1221.0,384.0,13.417582417582418,6.7368421052631575,44.0,21,8,1
2025,REG,00-0037241,T.Penning,LAC,1,0,0.0,0,-0.996737723995466,-0.996737723995466,0,0.0,5.0,0.0,5.0,0.0,0.0,0,1,0
2025,REG,00-0037247,G.Pickens,DAL,130,88,1342.0,9,85.51615699208051,0.6578165922467731,83,0.6384615384615384,1493.0,426.0,11.484615384615385,4.840909090909091,69.0,21,22,4
2025,REG,00-0037248,J.Cook,BUF,36,32,288.0,2,11.180617830570547,0.31057271751584853,17,0.4722222222222222,22.0,271.0,0.6111111111111112,8.46875,11.0,4,3,1
2025,REG,00-0037252,G.Dulcich,MIA,24,18,246.0,0,9.284384829472536,0.386849367894689,14,0.5833333333333334,116.0,145.0,4.833333333333333,8.055555555555555,10.0,5,4,0
2025,REG,00-0037256,R.White,TB,41,36,193.0,0,-3.6335879169038874,-0.08862409553424115,15,0.36585365853658536,-87.0,289.0,-2.1219512195121952,8.027777777777779,9.0,0,9,0
2025,REG,00-0037258,D.Pierce,HOU,1,0,0.0,0,-0.631294521968812,-0.631294521968812,0,0.0,-4.0,0.0,-4.0,0.0,0.0,0,0,0
2025,REG,00-0037261,K.Shakir,BUF,89,66,651.0,4,9.269605334622678,0.1041528689283447,39,0.43820224719101125,343.0,482.0,3.853932584269663,7.303030303030303,27.0,7,13,2
2025,REG,00-0037263,T.Allgeier,ATL,14,13,93.0,0,3.71570958616212,0.26540782758300857,7,0.5,-25.0,113.0,-1.7857142857142858,8.692307692307692,3.0,2,1,0
2025,REG,00-0037267,J.Ford,CLE,32,26,103.0,0,-5.587545501081006,-0.17461079690878142,8,0.25,-49.0,154.0,-1.53125,5.923076923076923,4.0,0,6,0
2025,REG,00-0037282,J.Mitchell,CAR,3,3,28.0,0,2.244154987856745,0.748051662618915,3,1.0,7.0,21.0,2.3333333333333335,7.0,2.0,0,0,0
2025,REG,00-0037291,J.Nailor,MIN,50,26,395.0,4,9.367882523491993,0.18735765046983985,25,0.5,619.0,98.0,12.38,3.769230769230769,21.0,8,13,4
2025,REG,00-0037292,A.Ogletree,IND,6,4,27.0,1,1.3111727959476407,0.21852879932460678,3,0.5,42.0,9.0,7.0,2.25,2.0,0,2,1
2025,REG,00-0037304,Co.Heyward,PIT,3,2,18.0,1,1.5062167900614427,0.5020722633538143,2,0.6666666666666666,27.0,1.0,9.0,0.5,1.0,0,2,1
2025,REG,00-0037306,J.FitzPatrick,GB,15,12,72.0,1,3.7618108466267626,0.2507873897751175,8,0.5333333333333333,24.0,57.0,1.6,4.75,4.0,0,4,1
2025,REG,00-0037329,B.Brown,CHI,1,0,0.0,0,-0.166052983433474,-0.166052983433474,0,0.0,4.0,0.0,4.0,0.0,0.0,0,0,0
2025,REG,00-0037340,Z.Mitchell-Paden,BAL,2,1,3.0,0,-0.43846606236184,-0.21923303118092,0,0.0,4.0,0.0,2.0,0.0,0.0,0,1,0
2025,REG,00-0037340,Z.Mitchell-Paden,NO,1,1,14.0,0,1.58398449560627,1.58398449560627,1,1.0,9.0,5.0,9.0,5.0,1.0,0,0,0
2025,REG,00-0037348,T.Conner,MIA,15,9,91.0,0,-6.5083502657944265,-0.43389001771962843,6,0.4,119.0,39.0,7.933333333333334,4.333333333333333,3.0,1,3,0
2025,REG,00-0037475,S.Smartt,NYJ,6,5,34.0,0,0.09233556553954059,0.015389260923256765,2,0.3333333333333333,31.0,19.0,5.166666666666667,3.8,1.0,0,0,0
2025,REG,00-0037487,D.Thompkins,ATL,3,3,27.0,0,0.9335535314166922,0.3111845104722307,2,0.6666666666666666,7.0,20.0,2.3333333333333335,6.666666666666667,1.0,0,0,0
2025,REG,00-0037524,T.Martin,WAS,2,2,23.0,0,2.532494917628359,1.2662474588141794,2,1.0,18.0,5.0,9.0,2.5,1.0,0,0,0
2025,REG,00-0037525,J.Mason,MIN,16,14,51.0,0,-4.607733096369534,-0.2879833185230959,5,0.3125,-52.0,102.0,-3.25,7.285714285714286,1.0,0,1,0
2025,REG,00-0037539,L.Krull,DEN,4,2,15.0,0,-2.383333942154417,-0.5958334855386043,2,0.5,20.0,4.0,5.0,2.0,0.0,0,0,0
2025,REG,00-0037545,R.Shaheed,NO,66,44,499.0,2,-0.7122870918326658,-0.0107922286641313,29,0.4393939393939394,748.0,144.0,11.333333333333334,3.272727272727273,22.0,3,7,1
2025,REG,00-0037545,R.Shaheed,SEA,24,13,178.0,0,-3.7426932286507792,-0.15594555119378248,12,0.5,297.0,31.0,12.375,2.3846153846153846,7.0,3,2,0
2025,REG,00-0037563,M.Davis,DAL,3,2,16.0,0,-4.139927386655473,-1.3799757955518244,0,0.0,13.0,6.0,4.333333333333333,3.0,0.0,0,0,0
2025,REG,00-0037594,J.Chestnut,TEN,2,0,0.0,0,-1.451850987737998,-0.725925493868999,0,0.0,22.0,0.0,11.0,0.0,0.0,0,0,0
2025,REG,00-0037614,J.Metchie,NYJ,37,23,195.0,2,-5.62277060898763,-0.1519667732158819,14,0.3783783783783784,229.0,96.0,6.1891891891891895,4.173913043478261,10.0,1,5,1
2025,REG,00-0037614,J.Metchie,PHI,4,4,18.0,0,0.07071512204129199,0.017678780510322997,3,0.75,6.0,12.0,1.5,3.0,2.0,0,0,0
2025,REG,00-0037617,H.Haskins,LAC,4,4,13.0,0,-1.513439311645922,-0.3783598279114805,1,0.25,-3.0,16.0,-0.75,4.0,0.0,0,0,0
2025,REG,00-0037654,T.Fisk,LAC,4,2,19.0,0,-0.889272824453655,-0.22231820611341374,1,0.25,22.0,21.0,5.5,10.5,1.0,0,0,0
2025,REG,00-0037664,A.Pierce,IND,72,43,871.0,4,50.207903883451635,0.6973319983812727,42,0.5833333333333334,1362.0,142.0,18.916666666666668,3.302325581395349,38.0,15,7,3
2025,REG,00-0037666,J.Tolbert,DAL,26,14,172.0,1,3.726754550982272,0.14333671349931815,11,0.4230769230769231,308.0,35.0,11.846153846153847,2.5,9.0,2,4,0
2025,REG,00-0037740,G.Wilson,NYJ,60,36,395.0,4,-2.065128048153616,-0.03441880080256026,24,0.4,535.0,100.0,8.916666666666666,2.7777777777777777,18.0,4,5,2
2025,REG,00-0037741,J.Dotson,PHI,27,15,222.0,1,-9.913240475698997,-0.3671570546555184,9,0.3333333333333333,379.0,47.0,14.037037037037036,3.1333333333333333,8.0,4,3,0
2025,REG,00-0037742,T.Burks,WAS,16,7,107.0,1,-7.964147049652681,-0.49775919060329255,7,0.4375,241.0,20.0,15.0625,2.857142857142857,5.0,2,2,1
2025,REG,00-0037744,T.McBride,ARI,149,109,1098.0,10,68.16050588378216,0.4574530596226991,91,0.610738255033557,990.0,513.0,6.644295302013423,4.706422018348624,58.0,11,32,10
2025,REG,00-0037746,B.Robinson,SF,11,7,19.0,0,-4.774114771222232,-0.4340104337474756,1,0.09090909090909091,6.0,23.0,0.5454545454545454,3.2857142857142856,0.0,0,3,0
2025,REG,00-0037755,J.Woods,NYJ,2,0,0.0,0,-2.635324622271578,-1.317662311135789,0,0.0,3.0,0.0,1.5,0.0,0.0,0,1,0
2025,REG,00-0037757,B.Raimann,IND,1,0,0.0,0,-0.36578686919529,-0.36578686919529,0,0.0,2.0,0.0,2.0,0.0,0.0,0,1,0
2025,REG,00-0037801,K.Turpin,DAL,36,25,310.0,1,9.34378430779547,0.25954956410542973,19,0.5277777777777778,264.0,168.0,7.333333333333333,6.72,15.0,4,5,1
2025,REG,00-0037805,J.Ruckert,NYJ,26,22,166.0,1,8.442082339548506,0.32469547459801945,13,0.5,98.0,88.0,3.769230769230769,4.0,8.0,1,2,1
2025,REG,00-0037809,C.Okonkwo,TEN,67,51,503.0,1,12.911770266844607,0.1927129890573822,33,0.4925373134328358,293.0,296.0,4.373134328358209,5.803921568627451,23.0,5,5,1
2025,REG,00-0037816,R.Doubs,GB,83,52,662.0,6,29.04577045906392,0.3499490416754689,45,0.5421686746987951,1036.0,150.0,12.481927710843374,2.8846153846153846,38.0,11,18,5
2025,REG,00-0037837,C.Austin,PIT,48,28,317.0,2,-6.591255789351801,-0.1373178289448292,21,0.4375,496.0,118.0,10.333333333333334,4.214285714285714,12.0,4,3,2
2025,REG,00-0037838,I.Likely,BAL,31,22,248.0,1,-0.34911056389869,-0.01126163109350613,14,0.45161290322580644,246.0,99.0,7.935483870967742,4.5,8.0,3,6,1
2025,REG,00-0037840,K.Williams,LA,42,30,222.0,3,7.059493791030758,0.16808318550073234,17,0.40476190476190477,98.0,117.0,2.3333333333333335,3.9,9.0,1,9,3
2025,REG,00-0038040,Z.White,LV,5,3,19.0,0,-1.870514624074632,-0.3741029248149264,1,0.2,0.0,16.0,0.0,5.333333333333333,0.0,0,0,0
2025,REG,00-0038041,J.Ferguson,DAL,99,80,589.0,7,18.14215296629332,0.1832540703665992,48,0.48484848484848486,460.0,306.0,4.646464646464646,3.825,29.0,2,22,6
2025,REG,00-0038046,C.Kolar,BAL,14,10,142.0,2,5.749638038367277,0.4106884313119484,10,0.7142857142857143,101.0,52.0,7.214285714285714,5.2,9.0,2,3,2
2025,REG,00-0038090,S.Moore,SF,7,5,87.0,0,4.717117530817635,0.6738739329739479,5,0.7142857142857143,110.0,29.0,15.714285714285714,5.8,5.0,2,0,0
2025,REG,00-0038104,T.Thornton,KC,37,19,438.0,3,26.24813281281211,0.7094089949408678,18,0.4864864864864865,995.0,59.0,26.89189189189189,3.1052631578947367,15.0,11,4,2
2025,REG,00-0038115,D.Bellinger,NYG,21,15,237.0,1,17.47439799256974,0.8321141901223686,15,0.7142857142857143,228.0,87.0,10.857142857142858,5.8,12.0,3,5,0
2025,REG,00-0038117,W.Robinson,NYG,127,81,901.0,4,15.16646026426809,0.11942094696274087,55,0.4330708661417323,1110.0,343.0,8.740157480314961,4.234567901234568,34.0,13,11,1
2025,REG,00-0038120,B.Hall,NYJ,45,34,332.0,1,8.948346878097878,0.1988521528466195,26,0.5777777777777777,24.0,299.0,0.5333333333333333,8.794117647058824,12.0,3,7,0
2025,REG,00-0038124,C.Watson,GB,49,30,498.0,5,24.02481650995771,0.49030237775423896,29,0.5918367346938775,884.0,94.0,18.040816326530614,3.1333333333333333,23.0,8,6,2
2025,REG,00-0038129,C.Otton,TB,69,48,445.0,0,-2.542485706704558,-0.03684761893774722,31,0.4492753623188406,355.0,240.0,5.144927536231884,5.0,19.0,5,5,0
2025,REG,00-0038134,K.Walker,SEA,30,25,240.0,0,6.018337331622154,0.20061124438740513,13,0.43333333333333335,-19.0,275.0,-0.6333333333333333,11.0,10.0,4,3,0
2025,REG,00-0038359,X.Smith,LA,16,13,230.0,0,15.888817269937137,0.9930510793710711,12,0.75,258.0,67.0,16.125,5.153846153846154,7.0,4,2,0
2025,REG,00-0038393,D.Wicks,GB,45,29,325.0,2,13.838586322563012,0.30752414050140026,25,0.5555555555555556,511.0,66.0,11.355555555555556,2.2758620689655173,21.0,3,4,1
2025,REG,00-0038397,E.Hull,NO,1,1,6.0,0,0.151240378152579,0.151240378152579,1,1.0,-4.0,10.0,-4.0,10.0,0.0,0,0,0
2025,REG,00-0038440,Z.Scott,MIN,15,13,90.0,1,-1.7188563663512437,-0.11459042442341624,6,0.4,17.0,97.0,1.1333333333333333,7.461538461538462,6.0,1,2,1
2025,REG,00-0038454,K.Mitchell,BAL,10,7,56.0,0,-5.479442290554286,-0.5479442290554286,5,0.5,-21.0,71.0,-2.1,10.142857142857142,2.0,0,0,0
2025,REG,00-0038465,M.Heath,GB,7,6,86.0,0,6.949825530622258,0.9928322186603226,6,0.8571428571428571,65.0,29.0,9.285714285714286,4.833333333333333,4.0,1,0,0
2025,REG,00-0038488,B.Russell,SEA,1,0,0.0,0,-0.447156252805144,-0.447156252805144,0,0.0,0.0,0.0,0.0,0.0,0.0,0,0,0
2025,REG,00-0038492,J.Brownlee,KC,1,0,0.0,0,-0.713425388044558,-0.713425388044558,0,0.0,9.0,0.0,9.0,0.0,0.0,0,1,0
2025,REG,00-0038496,X.Gipson,PHI,2,2,6.0,0,-0.613713318947702,-0.306856659473851,0,0.0,-9.0,15.0,-4.5,7.5,0.0,0,1,0
2025,REG,00-0038519,N.Remigio,KC,1,1,21.0,0,2.17666199797532,2.17666199797532,1,1.0,18.0,3.0,18.0,3.0,1.0,1,0,0
2025,REG,00-0038542,B.Robinson,ATL,92,71,776.0,3,25.970145950367996,0.2822841951126956,50,0.5434782608695652,106.0,788.0,1.1521739130434783,11.098591549295774,31.0,10,12,2
2025,REG,00-0038543,J.Smith-Njigba,SEA,143,104,1637.0,10,83.19975453026774,0.5818164652466276,89,0.6223776223776224,1638.0,490.0,11.454545454545455,4.711538461538462,71.0,27,16,6
2025,REG,00-0038544,Q.Johnston,LAC,76,46,637.0,8,17.673518530206064,0.2325462964500798,33,0.4342105263157895,824.0,209.0,10.842105263157896,4.543478260869565,23.0,12,13,4
2025,REG,00-0038547,L.Schoonmaker,DAL,20,11,105.0,0,1.7736592867877277,0.08868296433938638,7,0.35,159.0,61.0,7.95,5.545454545454546,5.0,1,2,0
2025,REG,00-0038551,K.Miller,NO,5,5,30.0,0,-0.36688589118421044,-0.07337717823684209,3,0.6,-5.0,35.0,-1.0,7.0,1.0,0,0,0
2025,REG,00-0038555,T.Bigsby,PHI,2,1,-1.0,0,-2.197981281206014,-1.098990640603007,0,0.0,-6.0,6.0,-3.0,6.0,0.0,0,0,0
2025,REG,00-0038558,D.Washington,PIT,42,29,349.0,1,11.035658618100694,0.2627537766214451,25,0.5952380952380952,238.0,218.0,5.666666666666667,7.517241379310345,16.0,3,9,1
2025,REG,00-0038559,M.Wilson,ARI,49,27,359.0,4,-6.618286826161036,-0.1350670780849191,23,0.46938775510204084,606.0,63.0,12.36734693877551,2.3333333333333335,19.0,5,9,3
2025,REG,00-0038559,Mi.Wilson,ARI,60,41,459.0,1,23.19024841557504,0.386504140259584,32,0.5333333333333333,649.0,130.0,10.816666666666666,3.1707317073170733,24.0,5,6,1
2025,REG,00-0038563,T.Tucker,LV,80,50,617.0,5,20.336772883607082,0.2542096610450885,37,0.4625,814.0,260.0,10.175,5.2,29.0,8,8,3
2025,REG,00-0038573,D.Davis,LAC,2,1,3.0,0,-0.7452238549012691,-0.37261192745063454,0,0.0,27.0,7.0,13.5,7.0,0.0,0,0,0
2025,REG,00-0038576,C.Jones,CIN,1,0,0.0,0,-0.533708999399096,-0.533708999399096,0,0.0,42.0,0.0,42.0,0.0,0.0,0,0,0
2025,REG,00-0038589,J.Whyle,GB,4,3,24.0,1,1.726034223554403,0.43150855588860076,2,0.5,19.0,13.0,4.75,4.333333333333333,2.0,1,1,1
2025,REG,00-0038597,C.Brown,CIN,80,62,362.0,4,-9.548144129501832,-0.1193518016187729,34,0.425,56.0,355.0,0.7,5.725806451612903,16.0,2,11,4
2025,REG,00-0038606,P.Washington,JAX,78,45,645.0,4,22.290266889198175,0.2857726524256176,41,0.5256410256410257,941.0,209.0,12.064102564102564,4.644444444444445,30.0,11,14,4
2025,REG,00-0038608,K.Boutte,NE,42,31,527.0,6,37.36854176517221,0.8897271848850526,31,0.7380952380952381,706.0,34.0,16.80952380952381,1.096774193548387,25.0,10,4,2
2025,REG,00-0038609,L.Wypler,CLE,1,0,0.0,0,-0.247140138468239,-0.247140138468239,0,0.0,1.0,0.0,1.0,0.0,0.0,0,1,0
2025,REG,00-0038611,C.Rodriguez,WAS,3,2,12.0,0,-4.92228179780068,-1.6407605992668932,2,0.6666666666666666,15.0,9.0,5.0,4.5,0.0,0,1,0
2025,REG,00-0038614,S.Matlock,LAC,4,4,12.0,1,0.7844509934075155,0.19611274835187886,3,0.75,0.0,12.0,0.0,3.0,1.0,0,1,1
2025,REG,00-0038618,X.Hutchinson,HOU,45,28,323.0,3,10.242998348540642,0.22762218552312538,24,0.5333333333333333,477.0,95.0,10.6,3.392857142857143,15.0,5,6,2
2025,REG,00-0038619,A.Iosivas,CIN,49,27,384.0,2,10.642326983235685,0.21719034659664666,23,0.46938775510204084,526.0,93.0,10.73469387755102,3.4444444444444446,19.0,7,6,1
2025,REG,00-0038621,D.Douglas,NE,41,28,408.0,3,26.357047393130212,0.6428548144665905,23,0.5609756097560976,378.0,170.0,9.21951219512195,6.071428571428571,16.0,6,7,2
2025,REG,00-0038640,J.Brooks,ARI,6,3,51.0,0,1.8382254684111121,0.306370911401852,3,0.5,68.0,19.0,11.333333333333334,6.333333333333333,3.0,1,0,0
2025,REG,00-0038643,B.Willis,SF,1,0,0.0,0,-0.729447938269004,-0.729447938269004,0,0.0,2.0,0.0,2.0,0.0,0.0,0,0,0
2025,REG,00-0038645,S.Anderson,PIT,1,1,4.0,0,-0.0077902199700474,-0.0077902199700474,0,0.0,0.0,4.0,0.0,4.0,0.0,0,0,0
2025,REG,00-0038679,T.Shavers,BUF,20,13,209.0,1,7.183360063994773,0.35916800319973863,12,0.6,266.0,65.0,13.3,5.0,9.0,5,0,0
2025,REG,00-0038685,C.Brooks,GB,15,12,80.0,0,-1.1822217598113651,-0.07881478398742434,7,0.4666666666666667,8.0,89.0,0.5333333333333333,7.416666666666667,2.0,0,2,0
2025,REG,00-0038705,E.Demercado,ARI,16,10,64.0,1,-3.494381583884528,-0.218398848992783,5,0.3125,-13.0,71.0,-0.8125,7.1,2.0,1,4,1
2025,REG,00-0038710,B.Whiteheart,CLE,4,2,4.0,0,-3.257792825112117,-0.8144482062780293,0,0.0,33.0,1.0,8.25,0.5,0.0,0,0,0
2025,REG,00-0038720,J.Hill,MIA,18,13,116.0,0,-1.6089002915180266,-0.08938334952877926,9,0.5,57.0,94.0,3.1666666666666665,7.230769230769231,5.0,1,4,0
2025,REG,00-0038728,J.Wayne,HOU,2,2,20.0,0,0.5945223955204701,0.2972611977602351,1,0.5,17.0,3.0,8.5,1.5,1.0,0,0,0
2025,REG,00-0038738,H.Luepke,DAL,13,11,91.0,1,5.451648492644767,0.41935757635728976,7,0.5384615384615384,-3.0,101.0,-0.23076923076923078,9.181818181818182,6.0,0,3,1
2025,REG,00-0038752,J.Bobo,SEA,2,2,20.0,0,1.135261930408888,0.567630965204444,1,0.5,14.0,6.0,7.0,3.0,1.0,0,0,0
2025,REG,00-0038783,N.Adkins,DEN,11,6,48.0,1,-0.6282122216070958,-0.05711020196428143,4,0.36363636363636365,35.0,26.0,3.1818181818181817,4.333333333333333,3.0,0,2,1
2025,REG,00-0038794,J.McLaughlin,DEN,4,3,10.0,0,-2.564691105159,-0.64117277628975,1,0.25,-12.0,17.0,-3.0,5.666666666666667,1.0,0,0,0
2025,REG,00-0038797,E.Wilson,GB,16,13,87.0,0,1.513307763986869,0.09458173524917932,8,0.5,-29.0,118.0,-1.8125,9.076923076923077,4.0,1,3,0
2025,REG,00-0038809,B.Sims,MIN,1,1,9.0,0,0.989481216296554,0.989481216296554,1,1.0,4.0,5.0,4.0,5.0,1.0,0,0,0
2025,REG,00-0038824,R.Miller,TB,4,2,34.0,1,-0.7049306242245372,-0.1762326560561343,1,0.25,70.0,0.0,17.5,0.0,1.0,1,1,1
2025,REG,00-0038839,M.Tinsley,CIN,24,8,116.0,2,2.628396723910409,0.10951653016293371,8,0.3333333333333333,354.0,16.0,14.75,2.0,6.0,1,5,2
2025,REG,00-0038840,B.Tremayne,CAR,15,12,133.0,0,7.913545167148822,0.5275696778099215,11,0.7333333333333333,128.0,46.0,8.533333333333333,3.8333333333333335,6.0,2,1,0
2025,REG,00-0038891,S.Jackson,LV,1,1,25.0,1,3.36324320256244,3.36324320256244,1,1.0,25.0,0.0,25.0,0.0,1.0,1,0,0
2025,REG,00-0038933,D.Kincaid,BUF,47,36,523.0,5,36.9753701559696,0.7867100033185022,29,0.6170212765957447,434.0,242.0,9.23404255319149,6.722222222222222,25.0,12,9,3
2025,REG,00-0038935,B.Strange,JAX,49,37,434.0,2,22.04047441471515,0.44980560030030914,30,0.6122448979591837,369.0,184.0,7.530612244897959,4.972972972972973,21.0,8,8,1
2025,REG,00-0038938,J.Hyatt,NYG,14,5,35.0,0,-9.08406589558581,-0.6488618496847007,4,0.2857142857142857,280.0,2.0,20.0,0.4,2.0,0,1,0
2025,REG,00-0038951,S.Tucker,TB,10,8,34.0,1,-2.177582861622797,-0.21775828616227969,2,0.2,-14.0,49.0,-1.4,6.125,1.0,1,2,0
2025,REG,00-0038953,D.Drummond,ATL,12,7,42.0,0,-7.062778018525147,-0.5885648348770957,4,0.3333333333333333,85.0,14.0,7.083333333333333,2.0,2.0,0,4,0
2025,REG,00-0038976,M.Mims,DEN,44,32,302.0,1,4.313604440544157,0.09803646455782176,18,0.4090909090909091,475.0,191.0,10.795454545454545,5.96875,13.0,6,1,0
2025,REG,00-0038979,C.Tillman,CLE,36,19,205.0,2,1.5543158345149761,0.043175439847638226,14,0.3888888888888889,409.0,40.0,11.36111111111111,2.1052631578947367,11.0,4,4,2
2025,REG,00-0038994,J.Addison,MIN,75,41,602.0,3,14.749668359609068,0.19666224479478756,37,0.49333333333333335,1028.0,139.0,13.706666666666667,3.3902439024390243,26.0,11,12,3
2025,REG,00-0038996,T.Kraft,GB,44,32,489.0,6,39.12387683053387,0.8891790188757697,28,0.6363636363636364,201.0,344.0,4.568181818181818,10.75,22.0,6,12,5
2025,REG,00-0038997,J.Downs,IND,79,52,464.0,4,16.332910606091087,0.20674570387457072,40,0.5063291139240507,563.0,122.0,7.1265822784810124,2.3461538461538463,32.0,2,14,4
2025,REG,00-0039032,T.Spears,TEN,41,37,256.0,0,5.128765941962445,0.12509185224298647,17,0.4146341463414634,-55.0,312.0,-1.3414634146341464,8.432432432432432,9.0,3,7,0
2025,REG,00-0039040,D.Achane,MIA,82,64,452.0,4,-10.980293626132031,-0.13390601983087844,33,0.4024390243902439,35.0,516.0,0.4268292682926829,8.0625,22.0,3,10,3
2025,REG,00-0039041,E.Higgins,ARI,33,27,273.0,0,-0.8818915676092667,-0.026723986897250505,16,0.48484848484848486,119.0,199.0,3.606060606060606,7.37037037037037,12.0,4,5,0
2025,REG,00-0039050,P.Durham,TB,3,1,11.0,0,-0.73066934151575,-0.24355644717191668,1,0.3333333333333333,3.0,11.0,1.0,11.0,1.0,0,0,0
2025,REG,00-0039062,J.Mingo,DAL,3,1,25.0,0,-2.206286214699505,-0.7354287382331682,1,0.3333333333333333,74.0,4.0,24.666666666666668,4.0,1.0,1,0,0
2025,REG,00-0039064,Z.Flowers,BAL,108,78,1043.0,2,32.07693840593446,0.29700868894383764,62,0.5740740740740741,1085.0,384.0,10.046296296296296,4.923076923076923,42.0,17,9,0
2025,REG,00-0039065,S.LaPorta,DET,49,40,489.0,3,36.42784231275091,0.7434253533214472,33,0.673469387755102,277.0,274.0,5.653061224489796,6.85,23.0,6,6,2
2025,REG,00-0039066,M.Mayer,LV,35,23,192.0,1,-9.2963381540164,-0.2656096615433257,16,0.45714285714285713,170.0,127.0,4.857142857142857,5.521739130434782,12.0,1,4,1
2025,REG,00-0039067,R.Rice,KC,79,53,571.0,5,16.01944806103319,0.20277782355738216,41,0.5189873417721519,338.0,414.0,4.2784810126582276,7.811320754716981,28.0,9,19,4
2025,REG,00-0039074,D.Allen,LA,32,24,208.0,3,5.845023364061498,0.1826569801269218,18,0.5625,111.0,137.0,3.46875,5.708333333333333,12.0,2,7,3
2025,REG,00-0039075,P.Nacua,LA,145,114,1592.0,8,104.38750338990563,0.7199138164821078,101,0.696551724137931,1403.0,611.0,9.675862068965516,5.359649122807017,73.0,27,13,3
2025,REG,00-0039139,J.Gibbs,DET,86,72,557.0,4,15.846697154327725,0.1842639203991596,42,0.4883720930232558,41.0,568.0,0.47674418604651164,7.888888888888889,25.0,7,13,4
2025,REG,00-0039144,L.Musgrave,GB,31,24,252.0,0,10.139169549453074,0.3270699854662282,18,0.5806451612903226,266.0,69.0,8.580645161290322,2.875,11.0,5,1,0
2025,REG,00-0039146,J.Reed,GB,18,15,166.0,1,8.060736439215702,0.447818691067539,9,0.5,148.0,75.0,8.222222222222221,5.0,7.0,3,4,1
2025,REG,00-0039164,A.Richardson,IND,1,1,9.0,0,0.457541021518409,0.457541021518409,1,1.0,2.0,7.0,2.0,7.0,1.0,0,0,0
2025,REG,00-0039165,Z.Charbonnet,SEA,18,15,109.0,0,-0.18294045672868361,-0.01016335870714909,7,0.3888888888888889,30.0,87.0,1.6666666666666667,5.8,5.0,1,2,0
2025,REG,00-0039299,G.Holani,SEA,2,2,15.0,0,-0.14054189715534404,-0.07027094857767202,1,0.5,-1.0,16.0,-0.5,8.0,1.0,0,0,0
2025,REG,00-0039305,J.Westover,NE,1,0,0.0,0,-0.534751997562125,-0.534751997562125,0,0.0,2.0,0.0,2.0,0.0,0.0,0,0,0
2025,REG,00-0039337,M.Nabers,NYG,35,18,271.0,2,2.308888526029298,0.06596824360083708,16,0.45714285714285713,555.0,52.0,15.857142857142858,2.888888888888889,11.0,5,4,0
2025,REG,00-0039338,B.Bowers,LV,87,64,680.0,7,23.34749065319068,0.26836196153092734,49,0.5632183908045977,560.0,305.0,6.436781609195402,4.765625,36.0,8,18,6
2025,REG,00-0039342,X.Legette,CAR,59,31,338.0,3,-4.544155145092946,-0.07701957873038891,21,0.3559322033898305,589.0,75.0,9.983050847457626,2.4193548387096775,16.0,7,11,2
2025,REG,00-0039355,L.McCaffrey,WAS,16,11,203.0,3,9.451310370947795,0.5907068981842372,11,0.6875,218.0,69.0,13.625,6.2727272727272725,6.0,3,3,1
2025,REG,00-0039356,J.Sanders,CAR,34,29,190.0,1,4.416994806361564,0.1299116119518107,16,0.47058823529411764,164.0,86.0,4.823529411764706,2.9655172413793105,8.0,0,10,1
2025,REG,00-0039359,C.Stover,HOU,14,11,67.0,0,1.7556719401618461,0.12540513858298902,7,0.5,29.0,45.0,2.0714285714285716,4.090909090909091,4.0,0,3,0
2025,REG,00-0039361,B.Irving,TB,27,24,250.0,3,12.665974214265589,0.4691101560839107,12,0.4444444444444444,-47.0,314.0,-1.7407407407407407,13.083333333333334,10.0,5,4,1
2025,REG,00-0039373,A.Estime,NO,7,6,56.0,0,0.8737010632175939,0.12481443760251341,4,0.5714285714285714,-11.0,70.0,-1.5714285714285714,11.666666666666666,2.0,0,0,0
2025,REG,00-0039376,S.Rattler,NO,2,1,0.0,0,-5.09249894681853,-2.546249473409265,0,0.0,4.0,0.0,2.0,0.0,0.0,0,1,0
2025,REG,00-0039379,J.Thrash,CLE,15,10,107.0,0,2.3507991609221857,0.15671994406147904,6,0.4,102.0,39.0,6.8,3.9,5.0,3,1,0
2025,REG,00-0039384,T.Tracy,NYG,37,27,237.0,1,1.52251535221541,0.04114906357338946,14,0.3783783783783784,-11.0,254.0,-0.2972972972972973,9.407407407407407,10.0,4,1,1
2025,REG,00-0039391,K.Vidal,LAC,21,15,138.0,1,3.018674703069725,0.14374641443189168,9,0.42857142857142855,-11.0,169.0,-0.5238095238095238,11.266666666666667,6.0,1,6,1
2025,REG,00-0039394,C.Washington,ATL,5,2,42.0,0,-0.07429630507249896,-0.014859261014499792,2,0.4,88.0,8.0,17.6,4.0,2.0,1,0,0
2025,REG,00-0039394,Cas.Washington,ATL,9,4,52.0,0,3.803174803324516,0.42257497814716843,4,0.4444444444444444,174.0,4.0,19.333333333333332,1.0,4.0,0,0,0
2025,REG,00-0039405,J.Jordan,HOU,7,7,34.0,0,0.3334045857191089,0.04762922653130127,4,0.5714285714285714,-6.0,40.0,-0.8571428571428571,5.714285714285714,2.0,0,0,0
2025,REG,00-0039407,D.Laube,LV,4,3,18.0,0,-0.789867783081718,-0.1974669457704295,1,0.25,-6.0,24.0,-1.5,8.0,1.0,0,0,0
2025,REG,00-0039410,R.Flournoy,DAL,49,35,407.0,4,24.71026963985814,0.5042912171399621,29,0.5918367346938775,419.0,165.0,8.551020408163266,4.714285714285714,26.0,4,7,3
2025,REG,00-0039424,D.Vele,NO,40,25,293.0,2,16.811545222313825,0.4202886305578456,24,0.6,432.0,34.0,10.8,1.36,19.0,0,5,2
2025,REG,00-0039451,I.Williams,NYJ,24,17,139.0,0,4.628511142426666,0.1928546309344444,12,0.5,78.0,95.0,3.25,5.588235294117647,8.0,1,1,0
2025,REG,00-0039458,B.Bates,CLE,1,0,0.0,0,-1.01142155315029,-1.01142155315029,0,0.0,1.0,0.0,1.0,0.0,0.0,0,1,0
2025,REG,00-0039458,B.Bates,HOU,2,2,23.0,0,2.6126588345505297,1.3063294172752649,2,1.0,23.0,0.0,11.5,0.0,2.0,0,0,0
2025,REG,00-0039491,J.Coker,CAR,36,25,331.0,2,20.3086241760468,0.5641284493346332,24,0.6666666666666666,378.0,85.0,10.5,3.4,19.0,6,4,0
2025,REG,00-0039521,X.Weaver,ARI,10,5,43.0,0,-1.7861618695305488,-0.17861618695305487,3,0.3,144.0,11.0,14.4,2.2,1.0,0,2,0
2025,REG,00-0039530,B.Spann-Ford,DAL,8,6,29.0,1,0.07114202587399776,0.00889275323424972,4,0.5,49.0,14.0,6.125,2.3333333333333335,1.0,0,2,1
2025,REG,00-0039589,K.Johnson,TB,7,4,64.0,1,0.5218187012884723,0.07454552875549604,4,0.5714285714285714,88.0,20.0,12.571428571428571,5.0,3.0,1,0,0
2025,REG,00-0039623,M.Tipton,NO,17,11,76.0,0,-7.460746831760803,-0.43886746069181193,7,0.4117647058823529,149.0,37.0,8.764705882352942,3.3636363636363638,4.0,0,2,0
2025,REG,00-0039631,C.Grandy,CIN,2,2,7.0,0,-0.351621002424508,-0.175810501212254,1,0.5,-6.0,13.0,-3.0,6.5,0.0,0,0,0
2025,REG,00-0039648,D.Martin-Robinson,TEN,2,2,7.0,1,0.895186022447888,0.447593011223944,2,1.0,1.0,6.0,0.5,3.0,2.0,0,1,1
2025,REG,00-0039650,B.Oliver,TEN,1,1,8.0,0,0.517880074912682,0.517880074912682,1,1.0,6.0,2.0,6.0,2.0,0.0,0,0,0
2025,REG,00-0039686,C.Yankoff,WAS,3,2,18.0,0,2.841570207849146,0.9471900692830486,2,0.6666666666666666,18.0,4.0,6.0,2.0,2.0,0,0,0
2025,REG,00-0039732,B.Nix,DEN,1,0,0.0,0,-0.45860766939586,-0.45860766939586,0,0.0,2.0,0.0,2.0,0.0,0.0,0,1,0
2025,REG,00-0039737,T.Reiman,ARI,5,3,18.0,0,0.006676648568822996,0.0013353297137645992,2,0.4,26.0,7.0,5.2,2.3333333333333335,1.0,0,0,0
2025,REG,00-0039738,B.Corum,LA,13,7,26.0,0,-6.296763779886532,-0.4843664446066563,3,0.23076923076923078,22.0,30.0,1.6923076923076923,4.285714285714286,1.0,0,1,0
2025,REG,00-0039739,R.Wilson,PIT,21,12,166.0,2,4.069125154677612,0.1937678645084577,7,0.3333333333333333,277.0,66.0,13.19047619047619,5.5,7.0,3,1,0
2025,REG,00-0039746,W.Shipley,PHI,9,7,45.0,0,-4.076377463876272,-0.45293082931958584,1,0.1111111111111111,-4.0,42.0,-0.4444444444444444,6.0,1.0,0,0,0
2025,REG,00-0039751,J.Whittington,LA,25,18,171.0,0,2.56362948475666,0.10254517939026639,13,0.52,171.0,88.0,6.84,4.888888888888889,7.0,2,1,0
2025,REG,00-0039754,D.Culp,TB,1,1,6.0,1,1.71396795928013,1.71396795928013,1,1.0,6.0,0.0,6.0,0.0,1.0,0,1,1
2025,REG,00-0039757,T.Jennings,NE,1,1,9.0,0,0.656292526517063,0.656292526517063,1,1.0,2.0,7.0,2.0,7.0,0.0,0,0,0
2025,REG,00-0039792,D.Walker,BAL,6,4,90.0,2,10.917466761195106,1.8195777935325177,4,0.6666666666666666,171.0,2.0,28.5,0.5,4.0,3,1,1
2025,REG,00-0039793,A.Barner,SEA,62,47,462.0,5,22.63273945771721,0.3650441848018905,40,0.6451612903225806,278.0,228.0,4.483870967741935,4.851063829787234,23.0,3,11,4
2025,REG,00-0039794,B.Allen,NYJ,3,2,17.0,0,-0.21452642627991708,-0.07150880875997236,2,0.6666666666666666,8.0,9.0,2.6666666666666665,4.5,1.0,0,2,0
2025,REG,00-0039796,R.Ali,BAL,8,7,60.0,1,0.568380460903076,0.0710475576128845,4,0.5,-7.0,80.0,-0.875,11.428571428571429,2.0,1,1,0
2025,REG,00-0039798,I.Davis,NYJ,28,20,177.0,0,5.528484167162122,0.19744586311293294,12,0.42857142857142855,37.0,175.0,1.3214285714285714,8.75,8.0,2,2,0
2025,REG,00-0039816,A.Gould,IND,2,2,6.0,0,-0.989829525526148,-0.494914762763074,0,0.0,-2.0,8.0,-1.0,4.0,0.0,0,0,0
2025,REG,00-0039824,J.Wiley,KC,1,1,4.0,0,2.56564583489671,2.56564583489671,1,1.0,-4.0,8.0,-4.0,8.0,1.0,0,0,0
2025,REG,00-0039847,T.Johnson,NYG,74,45,528.0,5,8.832371162803238,0.11935636706490863,30,0.40540540540540543,616.0,187.0,8.324324324324325,4.155555555555556,25.0,8,14,4
2025,REG,00-0039849,M.Harrison,ARI,73,41,608.0,4,32.15853600880433,0.4405278905315662,41,0.5616438356164384,935.0,119.0,12.808219178082192,2.902439024390244,30.0,9,11,4
2025,REG,00-0039851,D.Maye,NE,1,1,2.0,0,-1.32933220104314,-1.32933220104314,0,0.0,-8.0,10.0,-8.0,10.0,0.0,0,0,0
2025,REG,00-0039855,J.McMillan,TB,5,4,53.0,0,3.8672800089698303,0.773456001793966,3,0.6,46.0,11.0,9.2,2.75,3.0,0,1,0
2025,REG,00-0039868,T.Franklin,DEN,102,61,692.0,6,9.87037541849742,0.09676838645585707,48,0.47058823529411764,1304.0,274.0,12.784313725490197,4.491803278688525,30.0,9,19,4
2025,REG,00-0039874,J.Wright,MIA,7,3,27.0,0,-2.8671582923561774,-0.40959404176516817,2,0.2857142857142857,-26.0,35.0,-3.7142857142857144,11.666666666666666,1.0,0,0,0
2025,REG,00-0039875,R.Davis,BUF,10,7,51.0,1,1.6420639903517569,0.1642063990351757,5,0.5,7.0,58.0,0.7,8.285714285714286,4.0,0,3,1
2025,REG,00-0039880,M.Washington,MIA,58,42,307.0,2,-5.408612718295879,-0.09325194341889448,25,0.43103448275862066,254.0,248.0,4.379310344827586,5.904761904761905,15.0,2,9,2
2025,REG,00-0039884,T.Washington,MIA,2,1,11.0,0,-6.17330251971726,-3.08665125985863,0,0.0,56.0,6.0,28.0,6.0,0.0,0,0,0
2025,REG,00-0039890,A.Mitchell,IND,16,9,152.0,0,-7.869997459474292,-0.49187484121714325,6,0.375,258.0,51.0,16.125,5.666666666666667,2.0,1,0,0
2025,REG,00-0039890,A.Mitchell,NYJ,46,21,279.0,2,1.7952107733255962,0.03902632115925209,19,0.41304347826086957,697.0,28.0,15.152173913043478,1.3333333333333333,13.0,5,7,1
2025,REG,00-0039893,B.Thomas,JAX,79,41,619.0,2,13.60833139630819,0.1722573594469391,38,0.4810126582278481,1125.0,143.0,14.240506329113924,3.4878048780487805,28.0,10,7,1
2025,REG,00-0039894,X.Worthy,KC,70,42,532.0,1,17.844383766836632,0.2549197680976662,34,0.4857142857142857,906.0,193.0,12.942857142857143,4.595238095238095,22.0,9,6,1
2025,REG,00-0039901,K.Coleman,BUF,57,36,355.0,4,10.502683584258431,0.18425760674137598,33,0.5789473684210527,612.0,70.0,10.736842105263158,1.9444444444444444,24.0,4,9,3
2025,REG,00-0039912,B.Sinnott,WAS,7,6,82.0,1,4.411057264718694,0.6301510378169562,5,0.7142857142857143,59.0,48.0,8.428571428571429,8.0,3.0,2,1,1
2025,REG,00-0039915,L.McConkey,LAC,104,65,758.0,6,5.805460979909785,0.05582174019144025,51,0.49038461538461536,1012.0,308.0,9.73076923076923,4.7384615384615385,34.0,7,14,4
2025,REG,00-0039916,R.Pearsall,SF,45,31,443.0,0,17.486866999787896,0.38859704443973103,28,0.6222222222222222,648.0,57.0,14.4,1.8387096774193548,24.0,8,4,0
2025,REG,00-0039918,C.Williams,CHI,2,2,22.0,1,5.2770096756285,2.63850483781425,2,1.0,-3.0,25.0,-1.5,12.5,2.0,1,1,1
2025,REG,00-0039919,R.Odunze,CHI,91,44,661.0,6,20.892721082810443,0.22959034156934552,42,0.46153846153846156,1252.0,214.0,13.758241758241759,4.863636363636363,37.0,13,13,3
2025,REG,00-0039920,M.Corley,CLE,11,8,55.0,0,-4.475058193551374,-0.406823472141034,4,0.36363636363636365,-12.0,49.0,-1.0909090909090908,6.125,4.0,1,0,0
2025,REG,00-0039921,T.Benson,ARI,16,13,64.0,0,-8.07334305129022,-0.5045839407056387,5,0.3125,-22.0,73.0,-1.375,5.615384615384615,2.0,0,2,0
2025,REG,00-0040009,S.Williams,GB,10,10,78.0,1,4.62500496424036,0.462500496424036,5,0.5,17.0,61.0,1.7,6.1,3.0,1,4,1
2025,REG,00-0040024,D.Cooper,PHI,5,5,55.0,0,2.744704631564666,0.5489409263129332,3,0.6,38.0,17.0,7.6,3.4,3.0,0,0,0
2025,REG,00-0040039,A.Johnson,LAC,1,0,0.0,0,-0.741847567493096,-0.741847567493096,0,0.0,-2.0,0.0,-2.0,0.0,0.0,0,0,0
2025,REG,00-0040058,N.Kallerup,SEA,1,0,0.0,0,-0.555433336994611,-0.555433336994611,0,0.0,8.0,0.0,8.0,0.0,0.0,0,1,0
2025,REG,00-0040078,B.Smith,KC,27,20,165.0,0,2.322963856160647,0.08603569837632026,13,0.48148148148148145,-23.0,208.0,-0.8518518518518519,10.4,6.0,0,6,0
2025,REG,00-0040122,A.Jeanty,LV,66,50,326.0,5,-10.02650214075663,-0.15191669910237318,25,0.3787878787878788,-98.0,428.0,-1.4848484848484849,8.56,12.0,3,10,4
2025,REG,00-0040124,T.McMillan,CAR,112,65,924.0,7,32.18967542348355,0.2874078162811031,57,0.5089285714285714,1272.0,257.0,11.357142857142858,3.953846153846154,51.0,16,14,4
2025,REG,00-0040126,C.Loveland,CHI,59,42,528.0,4,37.88539941642035,0.642125413837633,36,0.6101694915254238,543.0,208.0,9.203389830508474,4.9523809523809526,27.0,7,10,3
2025,REG,00-0040128,T.Warren,IND,101,66,748.0,4,16.68545494405968,0.16520252419861067,49,0.48514851485148514,542.0,441.0,5.366336633663367,6.681818181818182,36.0,10,21,4
2025,REG,00-0040129,E.Egbuka,TB,120,59,910.0,6,16.63467724961189,0.13862231041343243,51,0.425,1483.0,314.0,12.358333333333333,5.322033898305085,34.0,20,14,2
2025,REG,00-0040130,J.Higgins,HOU,60,37,414.0,4,15.432130283195983,0.25720217138659973,31,0.5166666666666667,726.0,82.0,12.1,2.2162162162162162,24.0,4,8,3
2025,REG,00-0040131,K.Williams,NE,16,7,189.0,3,9.138481099071212,0.5711550686919508,7,0.4375,334.0,76.0,20.875,10.857142857142858,5.0,3,0,0
2025,REG,00-0040134,P.Bryant,DEN,44,27,347.0,1,12.64170036860382,0.2873113720137232,25,0.5681818181818182,391.0,130.0,8.886363636363637,4.814814814814815,20.0,4,7,0
2025,REG,00-0040138,J.Noel,HOU,30,22,225.0,1,10.83180239377541,0.3610600797925137,14,0.4666666666666667,255.0,86.0,8.5,3.909090909090909,11.0,5,5,1
2025,REG,00-0040142,K.Johnson,PIT,2,1,9.0,0,0.24488592892885203,0.12244296446442601,1,0.5,-8.0,14.0,-4.0,14.0,0.0,0,0,0
2025,REG,00-0040154,T.Felton,MIN,3,3,25.0,0,1.381983248516919,0.460661082838973,2,0.6666666666666666,11.0,14.0,3.6666666666666665,4.666666666666667,2.0,0,0,0
2025,REG,00-0040162,D.Sampson,CLE,34,28,259.0,2,8.858638509263983,0.2605481914489407,19,0.5588235294117647,-42.0,285.0,-1.2352941176470589,10.178571428571429,8.0,2,6,1
2025,REG,00-0040164,J.Lane,WAS,32,16,225.0,0,-5.651687835667199,-0.17661524486459998,13,0.40625,427.0,39.0,13.34375,2.4375,10.0,3,2,0
2025,REG,00-0040170,E.Ayomanor,TEN,72,34,428.0,3,-3.9859489465866873,-0.05536040203592621,30,0.4166666666666667,934.0,99.0,12.972222222222221,2.911764705882353,24.0,7,6,3
2025,REG,00-0040172,J.Watkins,SF,3,2,26.0,0,0.9922397133777823,0.3307465711259274,1,0.3333333333333333,43.0,1.0,14.333333333333334,0.5,1.0,0,0,0
2025,REG,00-0040179,D.Giddens,IND,2,0,0.0,0,-1.657732485312681,-0.8288662426563405,0,0.0,-6.0,0.0,-3.0,0.0,0.0,0,1,0
2025,REG,00-0040184,K.Lambert-Smith,LAC,6,3,27.0,1,3.700174603669436,0.6166957672782393,2,0.3333333333333333,115.0,9.0,19.166666666666668,3.0,2.0,0,2,1
2025,REG,00-0040187,M.Evans,CAR,21,17,161.0,2,5.355566071550126,0.25502695578810125,15,0.7142857142857143,88.0,92.0,4.190476190476191,5.411764705882353,9.0,2,4,2
2025,REG,00-0040189,O.Gadsden,LAC,61,44,609.0,2,19.782783468285242,0.3243079257095941,40,0.6557377049180327,551.0,203.0,9.032786885245901,4.613636363636363,25.0,10,12,2
2025,REG,00-0040194,J.Hawes,BUF,18,15,187.0,3,15.549123918288393,0.8638402176826885,14,0.7777777777777778,139.0,91.0,7.722222222222222,6.066666666666666,13.0,2,3,2
2025,REG,00-0040198,O.Gordon,MIA,8,6,30.0,1,-2.8310301935416664,-0.3538787741927083,1,0.125,-16.0,46.0,-2.0,7.666666666666667,1.0,1,2,1
2025,REG,00-0040202,D.Neal,NO,19,17,104.0,0,-2.227445090147001,-0.11723395211300004,7,0.3684210526315789,-38.0,138.0,-2.0,8.117647058823529,4.0,0,1,0
2025,REG,00-0040208,T.Brooks,CIN,1,0,0.0,0,-8.66052680043504,-8.66052680043504,0,0.0,-3.0,0.0,-3.0,0.0,0.0,0,0,0
2025,REG,00-0040218,Ji.Horn,CAR,12,8,84.0,0,2.91284181669572,0.24273681805797667,5,0.4166666666666667,84.0,53.0,7.0,6.625,3.0,1,2,0
2025,REG,00-0040236,K.Monangai,CHI,25,14,140.0,0,-7.435655951023865,-0.2974262380409546,9,0.36,-1.0,139.0,-0.04,9.928571428571429,6.0,2,1,0
2025,REG,00-0040237,T.Johnson,TB,41,25,286.0,5,13.92841151659146,0.33971735406320636,20,0.4878048780487805,486.0,104.0,11.853658536585366,4.16,14.0,3,7,3
2025,REG,00-0040238,L.Allen,JAX,11,10,54.0,0,-3.8607995413576734,-0.35098177648706125,2,0.18181818181818182,-15.0,61.0,-1.3636363636363635,6.1,0.0,0,2,0
2025,REG,00-0040242,J.Croskey-Merritt,WAS,13,9,68.0,0,1.0342133147642032,0.07955487036647717,6,0.46153846153846156,-19.0,77.0,-1.4615384615384615,8.555555555555555,3.0,1,1,0
2025,REG,00-0040245,C.Colby,SF,1,1,-1.0,0,-1.21485274131992,-1.21485274131992,0,0.0,-6.0,5.0,-6.0,5.0,0.0,0,0,0
2025,REG,00-0040259,G.Larvadain,CLE,15,7,71.0,0,-4.781514537156795,-0.31876763581045303,6,0.4,125.0,28.0,8.333333333333334,4.0,3.0,0,1,0
2025,REG,00-0040277,J.Walker,CHI,3,2,21.0,1,4.903492646059016,1.6344975486863387,2,0.6666666666666666,44.0,0.0,14.666666666666666,0.0,2.0,0,1,1
2025,REG,00-0040311,T.Wease,MIA,4,2,32.0,0,-2.839391678106044,-0.709847919526511,2,0.5,57.0,10.0,14.25,5.0,2.0,0,0,0
2025,REG,00-0040317,Ja.Jones,WAS,1,1,25.0,0,1.56264380965149,1.56264380965149,1,1.0,3.0,22.0,3.0,22.0,1.0,1,0,0
2025,REG,00-0040352,C.Owen,IND,1,0,0.0,0,-3.25976615422405,-3.25976615422405,0,0.0,2.0,0.0,2.0,0.0,0.0,0,0,0
2025,REG,00-0040363,K.Latu,BUF,1,1,4.0,0,-0.440488452790305,-0.440488452790305,0,0.0,4.0,0.0,4.0,0.0,0.0,0,0,0
2025,REG,00-0040432,B.Collins,NYG,6,2,25.0,0,-5.744555426470473,-0.9574259044117456,2,0.3333333333333333,73.0,6.0,12.166666666666666,3.0,1.0,0,1,0
2025,REG,00-0040466,R.Sanders,CLE,1,1,4.0,0,-0.145578439114615,-0.145578439114615,0,0.0,3.0,1.0,3.0,1.0,0.0,0,0,0
2025,REG,00-0040488,C.Runyon,LV,1,1,3.0,0,-0.223862133920193,-0.223862133920193,0,0.0,-3.0,6.0,-3.0,6.0,0.0,0,0,0
2025,REG,00-0040509,B.Yurosek,MIN,2,1,5.0,0,-0.725763258989901,-0.3628816294949505,0,0.0,6.0,5.0,3.0,5.0,0.0,0,0,0
2025,REG,00-0040522,X.Restrepo,TEN,7,3,41.0,0,3.0452236733108338,0.4350319533301191,3,0.42857142857142855,77.0,9.0,11.0,3.0,3.0,0,1,0
2025,REG,00-0040581,D.Thornton,LV,25,8,123.0,0,-12.938614652830644,-0.5175445861132257,7,0.28,397.0,35.0,15.88,4.375,6.0,3,1,0
2025,REG,00-0040582,A.Smith,NYJ,13,6,47.0,0,-5.410048174613615,-0.416157551893355,4,0.3076923076923077,215.0,20.0,16.53846153846154,3.3333333333333335,4.0,1,0,0
2025,REG,00-0040583,W.Marks,HOU,31,21,204.0,3,11.181643037089867,0.3606981624867699,14,0.45161290322580644,51.0,215.0,1.6451612903225807,10.238095238095237,7.0,3,7,3
2025,REG,00-0040584,G.Helm,TEN,53,43,356.0,2,4.540863957731238,0.08567667844775921,25,0.4716981132075472,304.0,155.0,5.735849056603773,3.604651162790698,17.0,2,8,1
2025,REG,00-0040586,J.Blue,DAL,1,1,5.0,0,-0.119361729361117,-0.119361729361117,0,0.0,-5.0,10.0,-5.0,10.0,0.0,0,0,0
2025,REG,00-0040590,K.Mumpfield,LA,17,8,82.0,1,0.8366297085005877,0.04921351226474045,8,0.47058823529411764,222.0,25.0,13.058823529411764,3.125,7.0,0,2,1
2025,REG,00-0040644,T.Etienne,CAR,3,3,13.0,0,-0.5817596112610768,-0.19391987042035894,1,0.3333333333333333,2.0,11.0,0.6666666666666666,3.6666666666666665,1.0,0,0,0
2025,REG,00-0040648,T.Horton,SEA,22,13,161.0,5,10.245775616387828,0.465717073472174,12,0.5454545454545454,337.0,33.0,15.318181818181818,2.5384615384615383,7.0,3,4,2
2025,REG,00-0040663,H.Fannin,CLE,106,70,701.0,5,-0.2541940926748464,-0.0023980574780645887,44,0.41509433962264153,617.0,351.0,5.820754716981132,5.014285714285714,31.0,7,11,4
2025,REG,00-0040666,O.Hampton,LAC,27,24,161.0,1,2.735572552308443,0.10131750193734973,14,0.5185185185185185,-28.0,188.0,-1.037037037037037,7.833333333333333,6.0,1,1,1
2025,REG,00-0040667,M.Golden,GB,38,27,341.0,0,18.416753467821145,0.48465140704792486,21,0.5526315789473685,486.0,92.0,12.789473684210526,3.4074074074074074,15.0,7,2,0
2025,REG,00-0040669,I.TeSlaa,DET,22,12,172.0,5,9.902017694720115,0.4500917133963689,11,0.5,277.0,29.0,12.590909090909092,2.4166666666666665,10.0,2,10,5
2025,REG,00-0040705,C.Dike,TEN,65,41,341.0,4,-0.3790221963321259,-0.005831110712801937,26,0.4,519.0,195.0,7.984615384615385,4.7560975609756095,17.0,4,14,3
2025,REG,00-0040715,C.Skattebo,NYG,32,24,207.0,2,3.3481657442753012,0.10463017950860316,16,0.5,-5.0,209.0,-0.15625,8.708333333333334,11.0,1,4,2
2025,REG,00-0040718,T.Hunter,JAX,45,28,298.0,1,-2.3070901150441308,-0.0512686692232029,20,0.4444444444444444,354.0,140.0,7.866666666666666,5.0,12.0,5,5,0
2025,REG,00-0040719,B.Tuten,JAX,14,10,79.0,2,5.495415985467851,0.39252971324770364,8,0.5714285714285714,8.0,80.0,0.5714285714285714,8.0,3.0,1,2,2
2025,REG,00-0040727,T.Harris,LAC,36,27,288.0,1,13.01591883417348,0.3615533009492633,23,0.6388888888888888,291.0,121.0,8.083333333333334,4.481481481481482,15.0,3,4,1
2025,REG,00-0040729,J.Bech,LV,27,20,224.0,0,4.901494499311067,0.18153683330781728,14,0.5185185185185185,218.0,68.0,8.074074074074074,3.4,11.0,2,4,0
2025,REG,00-0040730,R.Harvey,DEN,48,41,318.0,4,18.55315693607783,0.3865241028349548,25,0.5208333333333334,35.0,317.0,0.7291666666666666,7.7317073170731705,16.0,2,8,3
2025,REG,00-0040734,T.Henderson,NE,42,35,221.0,1,2.6789682244892328,0.06378495772593411,20,0.47619047619047616,-1.0,244.0,-0.023809523809523808,6.9714285714285715,7.0,0,4,1
2025,REG,00-0040735,L.Burden,CHI,47,36,479.0,1,16.19601003415302,0.3445959581734685,25,0.5319148936170213,360.0,252.0,7.659574468085107,7.0,18.0,7,4,0
2025,REG,00-0040736,M.Taylor,NYJ,66,44,369.0,1,9.69605073142167,0.14690985956699498,38,0.5757575757575758,375.0,133.0,5.681818181818182,3.022727272727273,23.0,2,9,1
2025,REG,00-0040737,T.Ferguson,LA,21,9,177.0,2,8.90900316926658,0.4242382461555514,7,0.3333333333333333,394.0,40.0,18.761904761904763,4.444444444444445,7.0,5,3,1
2025,REG,00-0040739,E.Arroyo,SEA,26,15,179.0,1,-16.238906289037494,-0.6245733188091344,11,0.4230769230769231,220.0,78.0,8.461538461538462,5.2,7.0,4,5,0
2025,REG,00-0040782,I.Bond,CLE,41,16,288.0,0,-3.1191622812728634,-0.07607712881153325,12,0.2926829268292683,688.0,57.0,16.78048780487805,3.5625,9.0,5,4,0
2025,REG,00-0040784,Q.Judkins,CLE,36,26,171.0,0,-7.29197703843236,-0.2025549177342322,10,0.2777777777777778,-15.0,194.0,-0.4166666666666667,7.461538461538462,7.0,1,1,0
